trade_id,b,direction,momentum_status,roc_atr_3_new,alignment_status,alignment_new,structure_status,origin_dist_atr_new,context_status,weekday_new,structure_replay_matches_signal
L00000,1,LONG,UNAVAILABLE,,UNAVAILABLE,,UNAVAILABLE,,AVAILABLE,Monday,True
L00001,17,SHORT,AVAILABLE,0.9607147511874307,UNAVAILABLE,,AVAILABLE,1.1713381095821478,AVAILABLE,Monday,True
L00002,35,SHORT,AVAILABLE,0.2763443955987913,UNAVAILABLE,,AVAILABLE,1.4898648249336126,AVAILABLE,Monday,True
L00003,76,SHORT,AVAILABLE,1.545367622782584,UNAVAILABLE,,AVAILABLE,1.7976694915284046,AVAILABLE,Tuesday,True
L00004,112,SHORT,AVAILABLE,1.9749170183941998,UNAVAILABLE,,AVAILABLE,1.6807621421886056,AVAILABLE,Tuesday,True
L00005,194,LONG,AVAILABLE,1.448349130844808,UNAVAILABLE,,AVAILABLE,1.556277107878863,AVAILABLE,Tuesday,True
L00006,198,SHORT,AVAILABLE,1.1142492721582309,UNAVAILABLE,,AVAILABLE,1.9509909201531352,AVAILABLE,Tuesday,True
L00007,202,LONG,AVAILABLE,0.25593070354391245,UNAVAILABLE,,AVAILABLE,1.717199562937164,AVAILABLE,Tuesday,True
L00008,210,SHORT,AVAILABLE,1.108951230847576,UNAVAILABLE,,AVAILABLE,1.4089240385441029,AVAILABLE,Tuesday,True
L00009,218,LONG,AVAILABLE,0.6658907701598891,UNAVAILABLE,,AVAILABLE,1.5880478884252536,AVAILABLE,Tuesday,True
L00010,230,SHORT,AVAILABLE,0.8669182991892995,UNAVAILABLE,,AVAILABLE,1.539498947070662,AVAILABLE,Tuesday,True
L00011,282,SHORT,AVAILABLE,2.327956699818575,UNAVAILABLE,,AVAILABLE,1.7310942162642786,AVAILABLE,Tuesday,True
L00012,293,SHORT,AVAILABLE,2.418782547400491,UNAVAILABLE,,AVAILABLE,2.16252817954447,AVAILABLE,Tuesday,True
L00013,324,SHORT,AVAILABLE,1.40650608127358,UNAVAILABLE,,AVAILABLE,2.847660198691151,AVAILABLE,Tuesday,True
L00014,325,LONG,AVAILABLE,2.5835391292261214,UNAVAILABLE,,AVAILABLE,4.37785873497273,AVAILABLE,Tuesday,True
L00015,343,SHORT,AVAILABLE,1.0090711730352622,UNAVAILABLE,,AVAILABLE,2.042185946184904,AVAILABLE,Wednesday,True
L00016,358,SHORT,AVAILABLE,0.6244812363840624,UNAVAILABLE,,AVAILABLE,1.298772133175709,AVAILABLE,Wednesday,True
L00017,378,SHORT,AVAILABLE,1.6605897014182958,UNAVAILABLE,,AVAILABLE,2.1241658480415087,AVAILABLE,Wednesday,True
L00018,398,SHORT,AVAILABLE,0.27715107821827384,UNAVAILABLE,,AVAILABLE,1.2704219952078768,AVAILABLE,Wednesday,True
L00019,406,SHORT,AVAILABLE,0.4334122096720905,UNAVAILABLE,,AVAILABLE,1.6802181417876003,AVAILABLE,Wednesday,True
L00020,427,SHORT,AVAILABLE,1.8956081842140076,UNAVAILABLE,,AVAILABLE,2.7618970825741327,AVAILABLE,Wednesday,True
L00021,466,LONG,AVAILABLE,1.945260951285151,UNAVAILABLE,,AVAILABLE,1.7401101686663132,AVAILABLE,Wednesday,True
L00022,477,SHORT,AVAILABLE,0.40777876650809786,UNAVAILABLE,,AVAILABLE,2.1053119623097594,AVAILABLE,Wednesday,True
L00023,500,SHORT,AVAILABLE,0.21945942982244449,UNAVAILABLE,,AVAILABLE,1.8476685297014437,AVAILABLE,Wednesday,True
L00024,526,SHORT,AVAILABLE,2.283456790279456,UNAVAILABLE,,AVAILABLE,1.691528339192632,AVAILABLE,Wednesday,True
L00025,562,SHORT,AVAILABLE,0.5331365418312012,UNAVAILABLE,,AVAILABLE,1.3915405020087512,AVAILABLE,Wednesday,True
L00026,591,SHORT,AVAILABLE,0.6122868988010659,UNAVAILABLE,,AVAILABLE,2.6781399920175493,AVAILABLE,Wednesday,True
L00027,614,LONG,AVAILABLE,0.05439519474553593,AVAILABLE,ALIGNED_CONFIRMED,AVAILABLE,1.2158642300745506,AVAILABLE,Thursday,True
L00028,629,LONG,AVAILABLE,1.1594097953961082,AVAILABLE,ALIGNED_CONFIRMED,AVAILABLE,2.518130065566136,AVAILABLE,Thursday,True
L00029,694,LONG,AVAILABLE,1.5185732666219736,AVAILABLE,ALIGNED_CONFIRMED,AVAILABLE,2.1476601032839433,AVAILABLE,Thursday,True
L00030,707,LONG,AVAILABLE,1.6085237955670635,AVAILABLE,ALIGNED_CONFIRMED,AVAILABLE,1.9022870796935456,AVAILABLE,Thursday,True
L00031,739,SHORT,AVAILABLE,0.8926598526102216,AVAILABLE,AGAINST_CONFIRMED,AVAILABLE,1.432819755771331,AVAILABLE,Thursday,True
L00032,745,LONG,AVAILABLE,1.3386886899495754,AVAILABLE,ALIGNED_CONFIRMED,AVAILABLE,1.238108262740716,AVAILABLE,Thursday,True
L00033,750,SHORT,AVAILABLE,0.5546782971555059,AVAILABLE,AGAINST_CONFIRMED,AVAILABLE,3.092335242057401,AVAILABLE,Thursday,True
L00034,784,LONG,AVAILABLE,1.8021419075038776,AVAILABLE,ALIGNED_CONFIRMED,AVAILABLE,2.3202886647783836,AVAILABLE,Thursday,True
L00035,915,SHORT,AVAILABLE,1.0225259776353457,AVAILABLE,AGAINST_SINGLE,AVAILABLE,1.0973549726779661,AVAILABLE,Monday,True
L00036,968,SHORT,AVAILABLE,0.942672789396165,AVAILABLE,AGAINST_SINGLE,AVAILABLE,1.0873682349974318,AVAILABLE,Monday,True
L00037,994,SHORT,AVAILABLE,1.0788053571089677,AVAILABLE,AGAINST_SINGLE,AVAILABLE,1.356685096632682,AVAILABLE,Monday,True
L00038,1003,SHORT,AVAILABLE,0.8863221306661776,AVAILABLE,AGAINST_SINGLE,AVAILABLE,1.1675154849425018,AVAILABLE,Monday,True
L00039,1014,LONG,AVAILABLE,1.277828582973609,AVAILABLE,ALIGNED_SINGLE,AVAILABLE,1.662749137322445,AVAILABLE,Monday,True
L00040,1025,SHORT,AVAILABLE,0.926482755895771,AVAILABLE,AGAINST_SINGLE,AVAILABLE,1.79421307442389,AVAILABLE,Monday,True
L00041,1039,SHORT,AVAILABLE,2.007755084333955,AVAILABLE,AGAINST_SINGLE,AVAILABLE,2.309310415444551,AVAILABLE,Monday,True
L00042,1052,SHORT,AVAILABLE,0.6531915198794587,AVAILABLE,AGAINST_SINGLE,AVAILABLE,1.32314458653197,AVAILABLE,Monday,True
L00043,1110,SHORT,AVAILABLE,1.9652795027862136,AVAILABLE,AGAINST_SINGLE,AVAILABLE,1.6226970644248364,AVAILABLE,Monday,True
L00044,1142,SHORT,AVAILABLE,0.5747640309977632,AVAILABLE,AGAINST_SINGLE,AVAILABLE,1.9631092852688106,AVAILABLE,Monday,True
L00045,1150,SHORT,AVAILABLE,1.1619027706580811,AVAILABLE,AGAINST_SINGLE,AVAILABLE,1.9978601577016508,AVAILABLE,Monday,True
L00046,1157,LONG,AVAILABLE,2.1728225522133835,AVAILABLE,ALIGNED_SINGLE,AVAILABLE,2.9568146094792893,AVAILABLE,Tuesday,True
L00047,1178,SHORT,AVAILABLE,1.526362565859418,AVAILABLE,AGAINST_SINGLE,AVAILABLE,1.7541127226327493,AVAILABLE,Tuesday,True
L00048,1203,SHORT,AVAILABLE,1.119627488628841,AVAILABLE,AGAINST_SINGLE,AVAILABLE,2.11650156041659,AVAILABLE,Tuesday,True
L00049,1229,SHORT,AVAILABLE,1.2737969089638872,AVAILABLE,AGAINST_SINGLE,AVAILABLE,1.9257172510276745,AVAILABLE,Tuesday,True
L00050,1294,LONG,AVAILABLE,1.0599642255465938,AVAILABLE,ALIGNED_SINGLE,AVAILABLE,1.2918955108916281,AVAILABLE,Tuesday,True
L00051,1298,SHORT,AVAILABLE,0.6966526217124678,AVAILABLE,AGAINST_SINGLE,AVAILABLE,1.149931206579698,AVAILABLE,Tuesday,True
L00052,1301,SHORT,AVAILABLE,0.37603041422903344,AVAILABLE,AGAINST_SINGLE,AVAILABLE,1.1838706155770795,AVAILABLE,Tuesday,True
L00053,1311,LONG,AVAILABLE,1.5091895478168849,AVAILABLE,ALIGNED_SINGLE,AVAILABLE,2.664675149006789,AVAILABLE,Tuesday,True
L00054,1321,LONG,AVAILABLE,0.9001111537526294,AVAILABLE,ALIGNED_SINGLE,AVAILABLE,2.0881507054730295,AVAILABLE,Tuesday,True
L00055,1359,LONG,AVAILABLE,0.3815456466851728,AVAILABLE,ALIGNED_SINGLE,AVAILABLE,2.4093289057261242,AVAILABLE,Tuesday,True
L00056,1393,LONG,AVAILABLE,1.351952314833308,AVAILABLE,ALIGNED_SINGLE,AVAILABLE,1.7739996931168243,AVAILABLE,Tuesday,True
L00057,1418,LONG,AVAILABLE,1.5939462840469587,AVAILABLE,ALIGNED_SINGLE,AVAILABLE,2.356772254445884,AVAILABLE,Tuesday,True
L00058,1447,SHORT,AVAILABLE,1.5198145132733771,AVAILABLE,AGAINST_SINGLE,AVAILABLE,2.2381796902647757,AVAILABLE,Wednesday,True
L00059,1454,SHORT,AVAILABLE,1.465326361242976,AVAILABLE,AGAINST_SINGLE,AVAILABLE,1.5973605405176938,AVAILABLE,Wednesday,True
L00060,1519,LONG,AVAILABLE,0.7325025631140931,AVAILABLE,ALIGNED_SINGLE,AVAILABLE,2.77540171531847,AVAILABLE,Wednesday,True
L00061,1571,SHORT,AVAILABLE,1.7734172071254037,AVAILABLE,AGAINST_SINGLE,AVAILABLE,1.4026779344084208,AVAILABLE,Wednesday,True
L00062,1577,LONG,AVAILABLE,1.7878978849813045,AVAILABLE,ALIGNED_SINGLE,AVAILABLE,2.2290435131067907,AVAILABLE,Wednesday,True
L00063,1605,LONG,AVAILABLE,1.4430253243590618,AVAILABLE,ALIGNED_SINGLE,AVAILABLE,2.2714972466034506,AVAILABLE,Wednesday,True
L00064,1727,SHORT,AVAILABLE,2.248781042038676,AVAILABLE,ALIGNED_SINGLE,AVAILABLE,2.418186508070537,AVAILABLE,Thursday,True
L00065,1848,SHORT,AVAILABLE,0.182636135465243,AVAILABLE,ALIGNED_SINGLE,AVAILABLE,1.7565473348072649,AVAILABLE,Thursday,True
L00066,1860,SHORT,AVAILABLE,0.5539795688069176,AVAILABLE,ALIGNED_SINGLE,AVAILABLE,1.4884214852950692,AVAILABLE,Thursday,True
L00067,1878,LONG,AVAILABLE,0.8143973184418961,AVAILABLE,AGAINST_SINGLE,AVAILABLE,1.8684015776813425,AVAILABLE,Thursday,True
L00068,1946,SHORT,AVAILABLE,2.8218016729054325,AVAILABLE,ALIGNED_SINGLE,AVAILABLE,2.5524049617685836,AVAILABLE,Thursday,True
L00069,1968,SHORT,AVAILABLE,-0.04370279892441302,AVAILABLE,ALIGNED_SINGLE,AVAILABLE,2.630354007464979,AVAILABLE,Thursday,True
L00070,1978,LONG,AVAILABLE,1.0796614512152352,AVAILABLE,NEUTRAL,AVAILABLE,1.4364543826467255,AVAILABLE,Friday,True
L00071,2003,LONG,AVAILABLE,1.4892376590173841,AVAILABLE,NEUTRAL,AVAILABLE,1.5982451163700533,AVAILABLE,Friday,True
L00072,2055,LONG,AVAILABLE,0.8310273171874101,AVAILABLE,NEUTRAL,AVAILABLE,2.0495032287194457,AVAILABLE,Friday,True
L00073,2114,LONG,AVAILABLE,0.04976486677150697,AVAILABLE,NEUTRAL,AVAILABLE,1.0936394312158464,AVAILABLE,Friday,True
L00074,2116,SHORT,AVAILABLE,0.5525757776138903,AVAILABLE,NEUTRAL,AVAILABLE,0.4930056839888267,AVAILABLE,Friday,True
L00075,2121,LONG,AVAILABLE,1.326215970610391,AVAILABLE,NEUTRAL,AVAILABLE,1.959570133637623,AVAILABLE,Friday,True
L00076,2142,LONG,AVAILABLE,1.721318952299331,AVAILABLE,NEUTRAL,AVAILABLE,2.2067074628997894,AVAILABLE,Friday,True
L00077,2234,SHORT,AVAILABLE,3.275851372199956,AVAILABLE,NEUTRAL,AVAILABLE,3.20821309850689,AVAILABLE,Sunday,True
L00078,2252,LONG,AVAILABLE,1.2584289774843977,AVAILABLE,NEUTRAL,AVAILABLE,1.6836076169509082,AVAILABLE,Monday,True
L00079,2284,LONG,AVAILABLE,0.9493645207256461,AVAILABLE,NEUTRAL,AVAILABLE,2.042001341896529,AVAILABLE,Monday,True
L00080,2406,SHORT,AVAILABLE,1.3160710694035243,AVAILABLE,NEUTRAL,AVAILABLE,1.5227526621432936,AVAILABLE,Monday,True
L00081,2411,LONG,AVAILABLE,1.3407413317083292,AVAILABLE,NEUTRAL,AVAILABLE,3.240543388805858,AVAILABLE,Monday,True
L00082,2439,SHORT,AVAILABLE,1.5945608645211948,AVAILABLE,NEUTRAL,AVAILABLE,2.0976086048106817,AVAILABLE,Monday,True
L00083,2459,SHORT,AVAILABLE,0.7677528236329031,AVAILABLE,NEUTRAL,AVAILABLE,1.1284492904937242,AVAILABLE,Monday,True
L00084,2466,SHORT,AVAILABLE,0.7239909745532325,AVAILABLE,NEUTRAL,AVAILABLE,0.9984318737652047,AVAILABLE,Monday,True
L00085,2487,SHORT,AVAILABLE,0.32412816945548256,AVAILABLE,NEUTRAL,AVAILABLE,1.1197813814473263,AVAILABLE,Monday,True
L00086,2495,SHORT,AVAILABLE,0.6464801880592838,AVAILABLE,NEUTRAL,AVAILABLE,1.2545561449237506,AVAILABLE,Monday,True
L00087,2516,LONG,AVAILABLE,1.5917727476299453,AVAILABLE,NEUTRAL,AVAILABLE,2.005529353742687,AVAILABLE,Monday,True
L00088,2544,LONG,AVAILABLE,1.1326164592292687,AVAILABLE,NEUTRAL,AVAILABLE,2.020152376341884,AVAILABLE,Tuesday,True
L00089,2554,LONG,AVAILABLE,1.12379984262995,AVAILABLE,NEUTRAL,AVAILABLE,1.567464800720892,AVAILABLE,Tuesday,True
L00090,2576,LONG,AVAILABLE,1.080972421965993,AVAILABLE,NEUTRAL,AVAILABLE,1.937676550301469,AVAILABLE,Tuesday,True
L00091,2594,LONG,AVAILABLE,1.585844494134145,AVAILABLE,NEUTRAL,AVAILABLE,1.5616807161461694,AVAILABLE,Tuesday,True
L00092,2668,SHORT,AVAILABLE,0.28381955755086685,AVAILABLE,NEUTRAL,AVAILABLE,0.9709781866735219,AVAILABLE,Tuesday,True
L00093,2677,LONG,AVAILABLE,0.39680387372621806,AVAILABLE,NEUTRAL,AVAILABLE,2.620838368439914,AVAILABLE,Tuesday,True
L00094,2692,SHORT,AVAILABLE,1.0525609115528218,AVAILABLE,NEUTRAL,AVAILABLE,1.4216438905891384,AVAILABLE,Tuesday,True
L00095,2700,LONG,AVAILABLE,0.9639834788612475,AVAILABLE,NEUTRAL,AVAILABLE,1.7990753568012419,AVAILABLE,Tuesday,True
L00096,2736,SHORT,AVAILABLE,1.012672954099159,AVAILABLE,NEUTRAL,AVAILABLE,1.8334149163433682,AVAILABLE,Tuesday,True
L00097,2781,LONG,AVAILABLE,2.176319537109,AVAILABLE,NEUTRAL,AVAILABLE,1.071108425117666,AVAILABLE,Tuesday,True
L00098,2784,SHORT,AVAILABLE,1.2871393231785342,AVAILABLE,NEUTRAL,AVAILABLE,1.505592004797926,AVAILABLE,Tuesday,True
L00099,2789,LONG,AVAILABLE,0.23411421916151792,AVAILABLE,NEUTRAL,AVAILABLE,1.1570482290686406,AVAILABLE,Tuesday,True
L00100,2798,LONG,AVAILABLE,0.9523888529206975,AVAILABLE,NEUTRAL,AVAILABLE,2.2160470994041295,AVAILABLE,Tuesday,True
L00101,2808,SHORT,AVAILABLE,1.2554713334321919,AVAILABLE,NEUTRAL,AVAILABLE,2.7627650209107015,AVAILABLE,Wednesday,True
L00102,2818,LONG,AVAILABLE,0.8202883815138313,AVAILABLE,NEUTRAL,AVAILABLE,2.000403041658068,AVAILABLE,Wednesday,True
L00103,2842,LONG,AVAILABLE,0.9857417235659272,AVAILABLE,NEUTRAL,AVAILABLE,1.2638316185309348,AVAILABLE,Wednesday,True
L00104,2860,LONG,AVAILABLE,1.0872281504637826,AVAILABLE,NEUTRAL,AVAILABLE,1.3052301667778394,AVAILABLE,Wednesday,True
L00105,2919,LONG,AVAILABLE,1.3159783983114635,AVAILABLE,NEUTRAL,AVAILABLE,1.8942112871370915,AVAILABLE,Wednesday,True
L00106,2930,LONG,AVAILABLE,1.217006439188317,AVAILABLE,NEUTRAL,AVAILABLE,1.6862831917663819,AVAILABLE,Wednesday,True
L00107,2937,LONG,AVAILABLE,0.4779973761852628,AVAILABLE,NEUTRAL,AVAILABLE,1.9968579726102094,AVAILABLE,Wednesday,True
L00108,2950,LONG,AVAILABLE,0.7784237701864146,AVAILABLE,NEUTRAL,AVAILABLE,1.9780013124217741,AVAILABLE,Wednesday,True
L00109,2972,SHORT,AVAILABLE,1.1892573557161232,AVAILABLE,NEUTRAL,AVAILABLE,1.8580626981427006,AVAILABLE,Wednesday,True
L00110,3069,LONG,AVAILABLE,0.4043458486326335,AVAILABLE,NEUTRAL,AVAILABLE,1.6959080910805475,AVAILABLE,Wednesday,True
L00111,3097,LONG,AVAILABLE,0.7864621224550298,AVAILABLE,AGAINST_SINGLE,AVAILABLE,2.0140013693018863,AVAILABLE,Thursday,True
L00112,3107,LONG,AVAILABLE,0.7496509440805945,AVAILABLE,AGAINST_SINGLE,AVAILABLE,1.4047852822229652,AVAILABLE,Thursday,True
L00113,3137,LONG,AVAILABLE,0.7306592836073813,AVAILABLE,AGAINST_SINGLE,AVAILABLE,1.5290658017706114,AVAILABLE,Thursday,True
L00114,3206,LONG,AVAILABLE,1.7559113450881128,AVAILABLE,AGAINST_SINGLE,AVAILABLE,1.8914244345187754,AVAILABLE,Thursday,True
L00115,3217,SHORT,AVAILABLE,0.16298488635097352,AVAILABLE,ALIGNED_SINGLE,AVAILABLE,1.2400040574260374,AVAILABLE,Thursday,True
L00116,3228,LONG,AVAILABLE,2.223487331441625,AVAILABLE,AGAINST_SINGLE,AVAILABLE,2.304300171435246,AVAILABLE,Thursday,True
L00117,3237,SHORT,AVAILABLE,1.7762286971539534,AVAILABLE,ALIGNED_SINGLE,AVAILABLE,2.099783077348972,AVAILABLE,Thursday,True
L00118,3245,SHORT,AVAILABLE,0.26403993555135086,AVAILABLE,ALIGNED_SINGLE,AVAILABLE,1.3416206956557453,AVAILABLE,Thursday,True
L00119,3338,SHORT,AVAILABLE,0.9781827286941237,AVAILABLE,ALIGNED_CONFIRMED,AVAILABLE,2.2442110235228827,AVAILABLE,Thursday,True
L00120,3363,SHORT,AVAILABLE,1.2111197557764835,AVAILABLE,ALIGNED_CONFIRMED,AVAILABLE,1.4619143539007091,AVAILABLE,Friday,True
L00121,3370,LONG,AVAILABLE,1.3034876973082807,AVAILABLE,AGAINST_CONFIRMED,AVAILABLE,2.343350509717781,AVAILABLE,Friday,True
L00122,3410,SHORT,AVAILABLE,1.0501805713497292,AVAILABLE,ALIGNED_CONFIRMED,AVAILABLE,1.5273062971895233,AVAILABLE,Friday,True
L00123,3435,SHORT,AVAILABLE,2.4374344935265992,AVAILABLE,ALIGNED_CONFIRMED,AVAILABLE,2.081486957597262,AVAILABLE,Friday,True
L00124,3453,SHORT,AVAILABLE,0.08192645172981358,AVAILABLE,ALIGNED_CONFIRMED,AVAILABLE,1.5892784123086374,AVAILABLE,Friday,True
L00125,3477,SHORT,AVAILABLE,1.3039412803978112,AVAILABLE,ALIGNED_CONFIRMED,AVAILABLE,1.4403356332874289,AVAILABLE,Friday,True
L00126,3498,SHORT,AVAILABLE,1.1504222617318571,AVAILABLE,ALIGNED_CONFIRMED,AVAILABLE,1.681750749081865,AVAILABLE,Friday,True
L00127,3516,LONG,AVAILABLE,2.493467296656849,AVAILABLE,AGAINST_CONFIRMED,AVAILABLE,2.4114943134186397,AVAILABLE,Friday,True
L00128,3562,LONG,AVAILABLE,1.3621051579858676,AVAILABLE,AGAINST_CONFIRMED,AVAILABLE,1.577542240704642,AVAILABLE,Friday,True
L00129,3617,SHORT,AVAILABLE,0.8270524586332988,AVAILABLE,NEUTRAL,AVAILABLE,1.4185410381305674,AVAILABLE,Sunday,True
L00130,3631,SHORT,AVAILABLE,1.185048067012323,AVAILABLE,NEUTRAL,AVAILABLE,2.0416055429991933,AVAILABLE,Monday,True
L00131,3657,SHORT,AVAILABLE,0.8888529670339468,AVAILABLE,NEUTRAL,AVAILABLE,2.09345667874104,AVAILABLE,Monday,True
L00132,3668,SHORT,AVAILABLE,1.0298992203352322,AVAILABLE,NEUTRAL,AVAILABLE,1.3295134876556858,AVAILABLE,Monday,True
L00133,3769,SHORT,AVAILABLE,1.1053470066857574,AVAILABLE,NEUTRAL,AVAILABLE,0.8808095532519584,AVAILABLE,Monday,True
L00134,3787,SHORT,AVAILABLE,0.9999140753574631,AVAILABLE,NEUTRAL,AVAILABLE,1.2321374395518025,AVAILABLE,Monday,True
L00135,3801,SHORT,AVAILABLE,-0.15527648774582656,AVAILABLE,NEUTRAL,AVAILABLE,2.4310283426048764,AVAILABLE,Monday,True
L00136,3829,LONG,AVAILABLE,0.7598081750313403,AVAILABLE,NEUTRAL,AVAILABLE,1.3151115669610594,AVAILABLE,Monday,True
L00137,3870,SHORT,AVAILABLE,1.8481550037060877,AVAILABLE,NEUTRAL,AVAILABLE,2.368569188113619,AVAILABLE,Monday,True
L00138,3884,SHORT,AVAILABLE,0.9991562246978568,AVAILABLE,NEUTRAL,AVAILABLE,2.184385834500987,AVAILABLE,Monday,True
L00139,3918,LONG,AVAILABLE,0.8646475371451829,AVAILABLE,NEUTRAL,AVAILABLE,1.7244334853765497,AVAILABLE,Tuesday,True
L00140,3938,SHORT,AVAILABLE,1.222655898673775,AVAILABLE,NEUTRAL,AVAILABLE,1.7279563720861009,AVAILABLE,Tuesday,True
L00141,4044,SHORT,AVAILABLE,0.26121486170883235,AVAILABLE,NEUTRAL,AVAILABLE,1.2155553879611645,AVAILABLE,Tuesday,True
L00142,4050,LONG,AVAILABLE,1.4328314366173134,AVAILABLE,NEUTRAL,AVAILABLE,1.6846147639201914,AVAILABLE,Tuesday,True
L00143,4057,LONG,AVAILABLE,2.5277335626473967,AVAILABLE,NEUTRAL,AVAILABLE,1.3948590501712348,AVAILABLE,Tuesday,True
L00144,4070,SHORT,AVAILABLE,1.7833990522980596,AVAILABLE,NEUTRAL,AVAILABLE,1.5253460156031335,AVAILABLE,Tuesday,True
L00145,4078,SHORT,AVAILABLE,0.46684782966955707,AVAILABLE,NEUTRAL,AVAILABLE,1.0163716857528071,AVAILABLE,Tuesday,True
L00146,4097,SHORT,AVAILABLE,0.6049001102202298,AVAILABLE,NEUTRAL,AVAILABLE,1.4223758779773816,AVAILABLE,Tuesday,True
L00147,4123,SHORT,AVAILABLE,1.2004409693294336,AVAILABLE,NEUTRAL,AVAILABLE,1.38870579144971,AVAILABLE,Tuesday,True
L00148,4151,SHORT,AVAILABLE,1.9680782532719452,AVAILABLE,NEUTRAL,AVAILABLE,1.6746290722496526,AVAILABLE,Tuesday,True
L00149,4173,LONG,AVAILABLE,1.618535467435769,AVAILABLE,ALIGNED_SINGLE,AVAILABLE,2.139039148838502,AVAILABLE,Tuesday,True
L00150,4197,LONG,AVAILABLE,0.07324500692992947,AVAILABLE,ALIGNED_CONFIRMED,AVAILABLE,2.142315350998369,AVAILABLE,Wednesday,True
L00151,4203,LONG,AVAILABLE,1.069856360430714,AVAILABLE,ALIGNED_CONFIRMED,AVAILABLE,1.6147642915746094,AVAILABLE,Wednesday,True
L00152,4323,LONG,AVAILABLE,0.36992529079751996,AVAILABLE,ALIGNED_CONFIRMED,AVAILABLE,0.8453190233001869,AVAILABLE,Wednesday,True
L00153,4332,SHORT,AVAILABLE,1.7481124856557761,AVAILABLE,AGAINST_CONFIRMED,AVAILABLE,1.4481792119047094,AVAILABLE,Wednesday,True
L00154,4346,LONG,AVAILABLE,1.345214019086552,AVAILABLE,ALIGNED_CONFIRMED,AVAILABLE,1.6599617208912452,AVAILABLE,Wednesday,True
L00155,4351,SHORT,AVAILABLE,1.1338810087800666,AVAILABLE,AGAINST_CONFIRMED,AVAILABLE,1.4571437574390025,AVAILABLE,Wednesday,True
L00156,4358,LONG,AVAILABLE,0.6613148875771677,AVAILABLE,ALIGNED_CONFIRMED,AVAILABLE,2.3871880833255577,AVAILABLE,Wednesday,True
L00157,4435,LONG,AVAILABLE,1.2726387391580916,AVAILABLE,ALIGNED_SINGLE,AVAILABLE,1.2115886323802991,AVAILABLE,Wednesday,True
L00158,4436,SHORT,AVAILABLE,-0.644692473605705,AVAILABLE,AGAINST_SINGLE,AVAILABLE,0.813566379527834,AVAILABLE,Wednesday,True
L00159,4470,SHORT,AVAILABLE,0.5828404849612138,AVAILABLE,NEUTRAL,AVAILABLE,1.6498972071488576,AVAILABLE,Thursday,True
L00160,4492,SHORT,AVAILABLE,1.6477283512370033,AVAILABLE,NEUTRAL,AVAILABLE,1.8918120298466203,AVAILABLE,Thursday,True
L00161,4545,LONG,AVAILABLE,1.1554577990983914,AVAILABLE,NEUTRAL,AVAILABLE,2.305671302038273,AVAILABLE,Thursday,True
L00162,4625,SHORT,AVAILABLE,1.1495173710713746,AVAILABLE,NEUTRAL,AVAILABLE,1.803787260293304,AVAILABLE,Thursday,True
L00163,4628,LONG,AVAILABLE,0.16442044862035687,AVAILABLE,NEUTRAL,AVAILABLE,3.7128973570482144,AVAILABLE,Thursday,True
L00164,4674,LONG,AVAILABLE,0.9771589528995734,AVAILABLE,NEUTRAL,AVAILABLE,1.5035539858616565,AVAILABLE,Thursday,True
L00165,4695,LONG,AVAILABLE,2.3876993412151695,AVAILABLE,NEUTRAL,AVAILABLE,2.942001640387184,AVAILABLE,Thursday,True
L00166,4725,SHORT,AVAILABLE,1.959596894943295,AVAILABLE,NEUTRAL,AVAILABLE,1.721821888446444,AVAILABLE,Thursday,True
L00167,4765,LONG,AVAILABLE,1.1899733383815851,AVAILABLE,AGAINST_SINGLE,AVAILABLE,2.289173395376009,AVAILABLE,Friday,True
L00168,4801,SHORT,AVAILABLE,2.4440355667965874,AVAILABLE,ALIGNED_SINGLE,AVAILABLE,2.3373128652643995,AVAILABLE,Friday,True
L00169,4824,SHORT,AVAILABLE,1.042432749522564,AVAILABLE,ALIGNED_SINGLE,AVAILABLE,1.871253189163086,AVAILABLE,Friday,True
L00170,4873,SHORT,AVAILABLE,0.9681317176637851,AVAILABLE,ALIGNED_SINGLE,AVAILABLE,2.58566766058068,AVAILABLE,Friday,True
L00171,4901,SHORT,AVAILABLE,0.8826371955017849,AVAILABLE,ALIGNED_SINGLE,AVAILABLE,1.458033434159167,AVAILABLE,Friday,True
L00172,4907,LONG,AVAILABLE,1.582012012863707,AVAILABLE,AGAINST_SINGLE,AVAILABLE,2.2914933983082273,AVAILABLE,Friday,True
L00173,4931,SHORT,AVAILABLE,1.0271090710728856,AVAILABLE,ALIGNED_SINGLE,AVAILABLE,1.1995276715015277,AVAILABLE,Friday,True
L00174,5003,LONG,AVAILABLE,1.5517624168823334,AVAILABLE,AGAINST_SINGLE,AVAILABLE,2.3411560843908314,AVAILABLE,Sunday,True
L00175,5030,LONG,AVAILABLE,1.4108044984227988,AVAILABLE,AGAINST_SINGLE,AVAILABLE,1.8855420020367164,AVAILABLE,Monday,True
L00176,5113,LONG,AVAILABLE,1.4108392994242207,AVAILABLE,AGAINST_SINGLE,AVAILABLE,1.8686971506317667,AVAILABLE,Monday,True
L00177,5142,LONG,AVAILABLE,0.8554575092921973,AVAILABLE,AGAINST_SINGLE,AVAILABLE,1.3364152616852736,AVAILABLE,Monday,True
L00178,5149,SHORT,AVAILABLE,1.6718064149824743,AVAILABLE,ALIGNED_SINGLE,AVAILABLE,1.1359156039965217,AVAILABLE,Monday,True
L00179,5156,SHORT,AVAILABLE,0.7383941457996538,AVAILABLE,ALIGNED_SINGLE,AVAILABLE,1.6666185697312887,AVAILABLE,Monday,True
L00180,5172,SHORT,AVAILABLE,1.2314949626577976,AVAILABLE,ALIGNED_SINGLE,AVAILABLE,2.319419493934748,AVAILABLE,Monday,True
L00181,5178,SHORT,AVAILABLE,1.8827133259977151,AVAILABLE,ALIGNED_SINGLE,AVAILABLE,1.7482271485535794,AVAILABLE,Monday,True
L00182,5263,SHORT,AVAILABLE,-0.06259854227786603,AVAILABLE,ALIGNED_SINGLE,AVAILABLE,2.559898955755465,AVAILABLE,Monday,True
L00183,5290,SHORT,AVAILABLE,1.5730739848875466,AVAILABLE,ALIGNED_CONFIRMED,AVAILABLE,1.82739710380461,AVAILABLE,Tuesday,True
L00184,5312,LONG,AVAILABLE,0.6952919675746424,AVAILABLE,AGAINST_CONFIRMED,AVAILABLE,2.7010446170125766,AVAILABLE,Tuesday,True
L00185,5355,SHORT,AVAILABLE,1.5149332059274374,AVAILABLE,ALIGNED_CONFIRMED,AVAILABLE,2.5249246624736004,AVAILABLE,Tuesday,True
L00186,5374,SHORT,AVAILABLE,0.914823462296652,AVAILABLE,ALIGNED_CONFIRMED,AVAILABLE,1.9072687801616217,AVAILABLE,Tuesday,True
L00187,5426,SHORT,AVAILABLE,0.32165065169355794,AVAILABLE,ALIGNED_CONFIRMED,AVAILABLE,1.1608742173953523,AVAILABLE,Tuesday,True
L00188,5438,LONG,AVAILABLE,1.6121213509807049,AVAILABLE,AGAINST_CONFIRMED,AVAILABLE,1.8318647139378095,AVAILABLE,Tuesday,True
L00189,5447,LONG,AVAILABLE,0.26383211519613453,AVAILABLE,AGAINST_CONFIRMED,AVAILABLE,1.6955457669265985,AVAILABLE,Tuesday,True
L00190,5457,LONG,AVAILABLE,1.6293550717507823,AVAILABLE,AGAINST_CONFIRMED,AVAILABLE,2.1254323822464163,AVAILABLE,Tuesday,True
L00191,5539,SHORT,AVAILABLE,0.5522820337175504,AVAILABLE,ALIGNED_SINGLE,AVAILABLE,0.8832978627416196,AVAILABLE,Tuesday,True
L00192,5557,SHORT,AVAILABLE,1.3720281075552245,AVAILABLE,ALIGNED_SINGLE,AVAILABLE,1.8982012441039282,AVAILABLE,Tuesday,True
L00193,5578,LONG,AVAILABLE,1.4126916526099975,AVAILABLE,NEUTRAL,AVAILABLE,1.7400433296007214,AVAILABLE,Wednesday,True
L00194,5616,LONG,AVAILABLE,1.6100624924085165,AVAILABLE,NEUTRAL,AVAILABLE,1.6680745778482553,AVAILABLE,Wednesday,True
L00195,5623,LONG,AVAILABLE,0.7245553894931478,AVAILABLE,NEUTRAL,AVAILABLE,1.4803715624913756,AVAILABLE,Wednesday,True
L00196,5701,SHORT,AVAILABLE,1.4407578276039672,AVAILABLE,NEUTRAL,AVAILABLE,1.3913640920048211,AVAILABLE,Wednesday,True
L00197,5727,LONG,AVAILABLE,0.05159150019227709,AVAILABLE,NEUTRAL,AVAILABLE,2.458873703992309,AVAILABLE,Wednesday,True
L00198,5763,LONG,AVAILABLE,0.22264486743377968,AVAILABLE,NEUTRAL,AVAILABLE,2.0233627227912936,AVAILABLE,Wednesday,True
L00199,5794,LONG,AVAILABLE,1.1199969387528,AVAILABLE,NEUTRAL,AVAILABLE,2.2466176868555454,AVAILABLE,Wednesday,True
L00200,5824,SHORT,AVAILABLE,0.15885084516584014,AVAILABLE,NEUTRAL,AVAILABLE,0.9990538908296287,AVAILABLE,Wednesday,True
L00201,5829,SHORT,AVAILABLE,-0.07520541489090256,AVAILABLE,NEUTRAL,AVAILABLE,1.4561622414673245,AVAILABLE,Wednesday,True
L00202,5838,SHORT,AVAILABLE,1.7517837256399724,AVAILABLE,NEUTRAL,AVAILABLE,1.36766720732888,AVAILABLE,Thursday,True
L00203,5853,SHORT,AVAILABLE,1.8562103672580885,AVAILABLE,NEUTRAL,AVAILABLE,2.4276180910976892,AVAILABLE,Thursday,True
L00204,5914,LONG,AVAILABLE,0.8933164925088194,AVAILABLE,NEUTRAL,AVAILABLE,2.358323077443235,AVAILABLE,Thursday,True
L00205,5978,LONG,AVAILABLE,0.01979503773965881,AVAILABLE,NEUTRAL,AVAILABLE,0.9143212283348608,AVAILABLE,Thursday,True
L00206,5991,SHORT,AVAILABLE,1.270315483098357,AVAILABLE,NEUTRAL,AVAILABLE,1.5495257182719928,AVAILABLE,Thursday,True
L00207,6002,SHORT,AVAILABLE,0.2738822059832092,AVAILABLE,NEUTRAL,AVAILABLE,1.7289626842307395,AVAILABLE,Thursday,True
L00208,6048,SHORT,AVAILABLE,1.4309253540442048,AVAILABLE,NEUTRAL,AVAILABLE,1.9995577029094675,AVAILABLE,Thursday,True
L00209,6102,SHORT,AVAILABLE,2.009835671289058,AVAILABLE,ALIGNED_SINGLE,AVAILABLE,1.8471046152377737,AVAILABLE,Thursday,True
L00210,6124,LONG,AVAILABLE,2.170992109783488,AVAILABLE,AGAINST_SINGLE,AVAILABLE,1.5331092310310988,AVAILABLE,Friday,True
L00211,6141,LONG,AVAILABLE,-0.023866815910344407,AVAILABLE,AGAINST_SINGLE,AVAILABLE,2.0430108406570704,AVAILABLE,Friday,True
L00212,6162,LONG,AVAILABLE,0.7961284932714755,AVAILABLE,AGAINST_SINGLE,AVAILABLE,1.5979594939737742,AVAILABLE,Friday,True
L00213,6206,LONG,AVAILABLE,1.3516324632212096,AVAILABLE,AGAINST_SINGLE,AVAILABLE,1.8473892621314025,AVAILABLE,Friday,True
L00214,6217,LONG,AVAILABLE,1.3477087463026194,AVAILABLE,AGAINST_SINGLE,AVAILABLE,2.63237959222956,AVAILABLE,Friday,True
L00215,6262,LONG,AVAILABLE,2.1607494357692087,AVAILABLE,AGAINST_SINGLE,AVAILABLE,2.205076015547674,AVAILABLE,Friday,True
L00216,6272,SHORT,AVAILABLE,0.1005002193760492,AVAILABLE,ALIGNED_SINGLE,AVAILABLE,1.457873583901402,AVAILABLE,Friday,True
L00217,6285,SHORT,AVAILABLE,1.1017056745376148,AVAILABLE,ALIGNED_SINGLE,AVAILABLE,1.2850878454623929,AVAILABLE,Friday,True
L00218,6321,SHORT,AVAILABLE,0.8679582814261265,AVAILABLE,ALIGNED_SINGLE,AVAILABLE,1.8080025880133723,AVAILABLE,Friday,True
L00219,6353,SHORT,AVAILABLE,1.181629772578609,AVAILABLE,ALIGNED_SINGLE,AVAILABLE,1.2609327040934764,AVAILABLE,Friday,True
L00220,6359,SHORT,AVAILABLE,1.433341561706152,AVAILABLE,ALIGNED_SINGLE,AVAILABLE,2.367852935570136,AVAILABLE,Friday,True
L00221,6384,SHORT,AVAILABLE,1.634371283253584,AVAILABLE,NEUTRAL,AVAILABLE,1.5861746575229778,AVAILABLE,Sunday,True
L00222,6389,LONG,AVAILABLE,1.8665813491858416,AVAILABLE,NEUTRAL,AVAILABLE,5.026589043178184,AVAILABLE,Monday,True
L00223,6442,LONG,AVAILABLE,1.0560664089395573,AVAILABLE,NEUTRAL,AVAILABLE,2.1306606445967144,AVAILABLE,Monday,True
L00224,6526,SHORT,AVAILABLE,0.6469890947230782,AVAILABLE,NEUTRAL,AVAILABLE,0.8543759501307582,AVAILABLE,Monday,True
L00225,6527,LONG,AVAILABLE,-0.04892206217575712,AVAILABLE,NEUTRAL,AVAILABLE,0.20495574838250885,AVAILABLE,Monday,True
L00226,6533,SHORT,AVAILABLE,0.5366987483257638,AVAILABLE,NEUTRAL,AVAILABLE,1.7414052149908463,AVAILABLE,Monday,True
L00227,6540,LONG,AVAILABLE,0.8790217302614808,AVAILABLE,NEUTRAL,AVAILABLE,1.215471241513787,AVAILABLE,Monday,True
L00228,6547,LONG,AVAILABLE,2.2119049450983055,AVAILABLE,NEUTRAL,AVAILABLE,2.318987331616533,AVAILABLE,Monday,True
L00229,6561,LONG,AVAILABLE,1.871764331520864,AVAILABLE,NEUTRAL,AVAILABLE,2.046687244460276,AVAILABLE,Monday,True
L00230,6665,LONG,AVAILABLE,0.2900362108260064,AVAILABLE,NEUTRAL,AVAILABLE,1.9658753505654842,AVAILABLE,Tuesday,True
L00231,6673,LONG,AVAILABLE,0.5898820994132868,AVAILABLE,NEUTRAL,AVAILABLE,1.9849441402262256,AVAILABLE,Tuesday,True
L00232,6681,SHORT,AVAILABLE,1.192395747103114,AVAILABLE,NEUTRAL,AVAILABLE,1.8047844883878696,AVAILABLE,Tuesday,True
L00233,6687,SHORT,AVAILABLE,2.426413191714907,AVAILABLE,NEUTRAL,AVAILABLE,1.8258171596656934,AVAILABLE,Tuesday,True
L00234,6704,LONG,AVAILABLE,1.2574798891930494,AVAILABLE,NEUTRAL,AVAILABLE,1.891731193493511,AVAILABLE,Tuesday,True
L00235,6786,SHORT,AVAILABLE,0.4843939046098793,AVAILABLE,NEUTRAL,AVAILABLE,1.6616728115798594,AVAILABLE,Tuesday,True
L00236,6810,SHORT,AVAILABLE,0.423394808468043,AVAILABLE,NEUTRAL,AVAILABLE,1.1896351281309423,AVAILABLE,Tuesday,True
L00237,6814,LONG,AVAILABLE,1.8445648276136366,AVAILABLE,NEUTRAL,AVAILABLE,1.605561771171442,AVAILABLE,Tuesday,True
L00238,6820,SHORT,AVAILABLE,0.8956814321129312,AVAILABLE,NEUTRAL,AVAILABLE,2.1971345462760206,AVAILABLE,Tuesday,True
L00239,6827,LONG,AVAILABLE,1.4034011494382987,AVAILABLE,NEUTRAL,AVAILABLE,1.7449233469274579,AVAILABLE,Tuesday,True
L00240,6846,SHORT,AVAILABLE,1.2690024040674435,AVAILABLE,NEUTRAL,AVAILABLE,1.7935915985364537,AVAILABLE,Tuesday,True
L00241,6884,SHORT,AVAILABLE,0.4428314542560291,AVAILABLE,NEUTRAL,AVAILABLE,1.0981837187348171,AVAILABLE,Tuesday,True
L00242,6910,SHORT,AVAILABLE,2.403823005027856,AVAILABLE,NEUTRAL,AVAILABLE,1.5061249406216384,AVAILABLE,Tuesday,True
L00243,6923,SHORT,AVAILABLE,2.085778472650883,AVAILABLE,NEUTRAL,AVAILABLE,2.987508217905814,AVAILABLE,Tuesday,True
L00244,6955,SHORT,AVAILABLE,1.3286346708099466,AVAILABLE,NEUTRAL,AVAILABLE,3.443642949355547,AVAILABLE,Wednesday,True
L00245,7025,SHORT,AVAILABLE,0.2749317910312807,AVAILABLE,NEUTRAL,AVAILABLE,1.142166785576677,AVAILABLE,Wednesday,True
L00246,7078,LONG,AVAILABLE,0.9459458503389857,AVAILABLE,NEUTRAL,AVAILABLE,0.6912546593899074,AVAILABLE,Wednesday,True
L00247,7079,SHORT,AVAILABLE,0.8201228487472995,AVAILABLE,NEUTRAL,AVAILABLE,0.32018786831869384,AVAILABLE,Wednesday,True
L00248,7083,LONG,AVAILABLE,0.6500607330616529,AVAILABLE,NEUTRAL,AVAILABLE,1.3499411030308726,AVAILABLE,Wednesday,True
L00249,7095,LONG,AVAILABLE,1.1227473337690688,AVAILABLE,NEUTRAL,AVAILABLE,2.7550351609153827,AVAILABLE,Wednesday,True
L00250,7138,SHORT,AVAILABLE,0.8245674844322488,AVAILABLE,NEUTRAL,AVAILABLE,1.2053624722259602,AVAILABLE,Wednesday,True
L00251,7167,SHORT,AVAILABLE,0.47348588364457045,AVAILABLE,NEUTRAL,AVAILABLE,0.8957860578948076,AVAILABLE,Wednesday,True
L00252,7179,SHORT,AVAILABLE,0.9055073499909503,AVAILABLE,NEUTRAL,AVAILABLE,1.5035225532437009,AVAILABLE,Wednesday,True
L00253,7199,SHORT,AVAILABLE,0.7467374760002636,AVAILABLE,NEUTRAL,AVAILABLE,1.111840736150771,AVAILABLE,Wednesday,True
L00254,7215,SHORT,AVAILABLE,1.1679917027463822,AVAILABLE,NEUTRAL,AVAILABLE,1.21897894870437,AVAILABLE,Wednesday,True
L00255,7221,SHORT,AVAILABLE,1.2740058884960568,AVAILABLE,AGAINST_SINGLE,AVAILABLE,1.6345495523781466,AVAILABLE,Thursday,True
L00256,7246,SHORT,AVAILABLE,0.8762097045114909,AVAILABLE,AGAINST_SINGLE,AVAILABLE,1.5594023453450776,AVAILABLE,Thursday,True
L00257,7258,SHORT,AVAILABLE,0.7566165899411484,AVAILABLE,AGAINST_SINGLE,AVAILABLE,1.3767652385745341,AVAILABLE,Thursday,True
L00258,7355,LONG,AVAILABLE,1.0822047415349094,AVAILABLE,ALIGNED_SINGLE,AVAILABLE,0.811639710185034,AVAILABLE,Thursday,True
L00259,7368,SHORT,AVAILABLE,0.8979839158383385,AVAILABLE,AGAINST_SINGLE,AVAILABLE,1.7242440190972106,AVAILABLE,Thursday,True
L00260,7380,SHORT,AVAILABLE,1.3957151617822452,AVAILABLE,AGAINST_SINGLE,AVAILABLE,1.261556724570443,AVAILABLE,Thursday,True
L00261,7390,LONG,AVAILABLE,1.1906772094764928,AVAILABLE,ALIGNED_SINGLE,AVAILABLE,2.8889373859215937,AVAILABLE,Thursday,True
L00262,7588,SHORT,AVAILABLE,0.7496384695188939,AVAILABLE,NEUTRAL,AVAILABLE,1.52626080526433,AVAILABLE,Friday,True
L00263,7631,SHORT,AVAILABLE,0.12818595869155877,AVAILABLE,NEUTRAL,AVAILABLE,1.514051145868794,AVAILABLE,Friday,True
L00264,7633,LONG,AVAILABLE,0.9116978346236256,AVAILABLE,NEUTRAL,AVAILABLE,1.246189601324752,AVAILABLE,Friday,True
L00265,7652,SHORT,AVAILABLE,1.106195492518781,AVAILABLE,NEUTRAL,AVAILABLE,1.7786755583142346,AVAILABLE,Friday,True
L00266,7662,LONG,AVAILABLE,0.3807860708286216,AVAILABLE,NEUTRAL,AVAILABLE,3.262945772560177,AVAILABLE,Friday,True
L00267,7889,LONG,AVAILABLE,1.0584790457302782,AVAILABLE,NEUTRAL,AVAILABLE,2.4497541524264275,AVAILABLE,Monday,True
L00268,7941,SHORT,AVAILABLE,0.8397782637628564,AVAILABLE,NEUTRAL,AVAILABLE,1.5641723260228175,AVAILABLE,Monday,True
L00269,7976,SHORT,AVAILABLE,0.6744149474704361,AVAILABLE,NEUTRAL,AVAILABLE,1.6951536375372729,AVAILABLE,Monday,True
L00270,8006,SHORT,AVAILABLE,0.36528178673104517,AVAILABLE,NEUTRAL,AVAILABLE,1.5165360270167048,AVAILABLE,Monday,True
L00271,8011,LONG,AVAILABLE,1.236596950167467,AVAILABLE,NEUTRAL,AVAILABLE,2.4172379417333096,AVAILABLE,Tuesday,True
L00272,8035,LONG,AVAILABLE,1.5361403778041163,AVAILABLE,NEUTRAL,AVAILABLE,2.1135392666872317,AVAILABLE,Tuesday,True
L00273,8106,LONG,AVAILABLE,0.15267702475870507,AVAILABLE,NEUTRAL,AVAILABLE,2.357657292524839,AVAILABLE,Tuesday,True
L00274,8134,LONG,AVAILABLE,0.06504400238715488,AVAILABLE,NEUTRAL,AVAILABLE,1.850790631695958,AVAILABLE,Tuesday,True
L00275,8155,LONG,AVAILABLE,0.478520853545841,AVAILABLE,NEUTRAL,AVAILABLE,1.1977980245637196,AVAILABLE,Tuesday,True
L00276,8164,SHORT,AVAILABLE,0.33397129960257493,AVAILABLE,NEUTRAL,AVAILABLE,1.2669915464374666,AVAILABLE,Tuesday,True
L00277,8176,SHORT,AVAILABLE,0.8600059712708013,AVAILABLE,NEUTRAL,AVAILABLE,1.8737056436024915,AVAILABLE,Tuesday,True
L00278,8180,LONG,AVAILABLE,0.5989388099683396,AVAILABLE,NEUTRAL,AVAILABLE,2.5118330646168916,AVAILABLE,Tuesday,True
L00279,8249,SHORT,AVAILABLE,1.6671735722622687,AVAILABLE,NEUTRAL,AVAILABLE,1.8251650027621573,AVAILABLE,Tuesday,True
L00280,8264,SHORT,AVAILABLE,-1.8716317135704086,AVAILABLE,NEUTRAL,AVAILABLE,1.1627122564976966,AVAILABLE,Tuesday,True
L00281,8272,SHORT,AVAILABLE,0.6514026822301893,AVAILABLE,NEUTRAL,AVAILABLE,0.9555162674384499,AVAILABLE,Tuesday,True
L00282,8296,SHORT,AVAILABLE,2.061905372602842,AVAILABLE,NEUTRAL,AVAILABLE,1.8453002481400267,AVAILABLE,Wednesday,True
L00283,8311,LONG,AVAILABLE,1.1343996777124972,AVAILABLE,NEUTRAL,AVAILABLE,2.115860517371965,AVAILABLE,Wednesday,True
L00284,8341,LONG,AVAILABLE,1.0283315246884184,AVAILABLE,NEUTRAL,AVAILABLE,1.8607596627130236,AVAILABLE,Wednesday,True
L00285,8388,SHORT,AVAILABLE,0.9941853554999556,AVAILABLE,NEUTRAL,AVAILABLE,1.6832650074467619,AVAILABLE,Wednesday,True
L00286,8408,SHORT,AVAILABLE,1.8234491012013079,AVAILABLE,NEUTRAL,AVAILABLE,1.2346129609424115,AVAILABLE,Wednesday,True
L00287,8435,LONG,AVAILABLE,0.516648189333429,AVAILABLE,NEUTRAL,AVAILABLE,1.7500526838833441,AVAILABLE,Wednesday,True
L00288,8443,SHORT,AVAILABLE,0.7994727645228078,AVAILABLE,NEUTRAL,AVAILABLE,1.525809651909342,AVAILABLE,Wednesday,True
L00289,8454,LONG,AVAILABLE,0.8136825453468411,AVAILABLE,NEUTRAL,AVAILABLE,2.2898775925705026,AVAILABLE,Wednesday,True
L00290,8480,LONG,AVAILABLE,0.38411313529213814,AVAILABLE,NEUTRAL,AVAILABLE,1.4439206903802115,AVAILABLE,Wednesday,True
L00291,8492,LONG,AVAILABLE,0.9257342456171445,AVAILABLE,NEUTRAL,AVAILABLE,1.9912714329823837,AVAILABLE,Wednesday,True
L00292,8569,LONG,AVAILABLE,0.9949697912141123,AVAILABLE,AGAINST_CONFIRMED,AVAILABLE,2.2507694631770985,AVAILABLE,Thursday,True
L00293,8583,LONG,AVAILABLE,1.4870531372847848,AVAILABLE,AGAINST_CONFIRMED,AVAILABLE,1.734058307562621,AVAILABLE,Thursday,True
L00294,8705,SHORT,AVAILABLE,0.5209805756729609,AVAILABLE,ALIGNED_CONFIRMED,AVAILABLE,1.8490001025024285,AVAILABLE,Thursday,True
L00295,8726,SHORT,AVAILABLE,1.534060318460309,AVAILABLE,ALIGNED_CONFIRMED,AVAILABLE,2.028303749939557,AVAILABLE,Thursday,True
L00296,8764,SHORT,AVAILABLE,0.6287038247124493,AVAILABLE,ALIGNED_CONFIRMED,AVAILABLE,2.282018597175836,AVAILABLE,Thursday,True
L00297,8815,SHORT,AVAILABLE,1.2634123234753107,AVAILABLE,ALIGNED_SINGLE,AVAILABLE,2.3467510194628507,AVAILABLE,Thursday,True
L00298,8836,LONG,AVAILABLE,0.3219438443949032,AVAILABLE,AGAINST_SINGLE,AVAILABLE,1.2629431858962528,AVAILABLE,Thursday,True
L00299,8851,LONG,AVAILABLE,1.4690805738771653,AVAILABLE,NEUTRAL,AVAILABLE,1.7404335690307755,AVAILABLE,Friday,True
L00300,8856,SHORT,AVAILABLE,1.6565700254575886,AVAILABLE,NEUTRAL,AVAILABLE,2.465225350154605,AVAILABLE,Friday,True
L00301,8875,LONG,AVAILABLE,1.438098364385229,AVAILABLE,NEUTRAL,AVAILABLE,1.7936861860451552,AVAILABLE,Friday,True
L00302,8895,LONG,AVAILABLE,0.24819963644175663,AVAILABLE,NEUTRAL,AVAILABLE,1.1798811483160019,AVAILABLE,Friday,True
L00303,8902,LONG,AVAILABLE,1.11441881829684,AVAILABLE,NEUTRAL,AVAILABLE,1.468047213143612,AVAILABLE,Friday,True
L00304,8926,LONG,AVAILABLE,0.7083927956210417,AVAILABLE,NEUTRAL,AVAILABLE,2.272158881119722,AVAILABLE,Friday,True
L00305,8984,LONG,AVAILABLE,1.8909098389476853,AVAILABLE,NEUTRAL,AVAILABLE,1.1852865466213471,AVAILABLE,Friday,True
L00306,8997,SHORT,AVAILABLE,1.3155154304685959,AVAILABLE,NEUTRAL,AVAILABLE,1.4389953230646533,AVAILABLE,Friday,True
L00307,9017,LONG,AVAILABLE,0.7183204544592754,AVAILABLE,NEUTRAL,AVAILABLE,1.937692745186761,AVAILABLE,Friday,True
L00308,9111,SHORT,AVAILABLE,0.5249055517827143,AVAILABLE,NEUTRAL,AVAILABLE,2.2833637249793353,AVAILABLE,Sunday,True
L00309,9215,SHORT,AVAILABLE,0.6473874063555427,AVAILABLE,NEUTRAL,AVAILABLE,1.8325554657291652,AVAILABLE,Monday,True
L00310,9267,SHORT,AVAILABLE,1.747633661653082,AVAILABLE,NEUTRAL,AVAILABLE,1.4424594152258658,AVAILABLE,Monday,True
L00311,9276,LONG,AVAILABLE,1.0144752957002527,AVAILABLE,NEUTRAL,AVAILABLE,2.111155312848401,AVAILABLE,Monday,True
L00312,9295,SHORT,AVAILABLE,0.3331516152219329,AVAILABLE,NEUTRAL,AVAILABLE,1.0270575454553803,AVAILABLE,Monday,True
L00313,9307,SHORT,AVAILABLE,0.4585131617782497,AVAILABLE,NEUTRAL,AVAILABLE,1.2401351539898162,AVAILABLE,Monday,True
L00314,9358,SHORT,AVAILABLE,0.08200989729561098,AVAILABLE,NEUTRAL,AVAILABLE,1.1154781788892554,AVAILABLE,Monday,True
L00315,9382,SHORT,AVAILABLE,1.5343499848691755,AVAILABLE,NEUTRAL,AVAILABLE,1.532479213018818,AVAILABLE,Monday,True
L00316,9388,LONG,AVAILABLE,0.34453793758213774,AVAILABLE,NEUTRAL,AVAILABLE,1.7062341675246384,AVAILABLE,Monday,True
L00317,9409,LONG,AVAILABLE,1.23740057390516,AVAILABLE,NEUTRAL,AVAILABLE,2.3112097174600565,AVAILABLE,Tuesday,True
L00318,9446,LONG,AVAILABLE,0.6102952331011282,AVAILABLE,NEUTRAL,AVAILABLE,1.269028829456527,AVAILABLE,Tuesday,True
L00319,9458,LONG,AVAILABLE,2.09271445586061,AVAILABLE,NEUTRAL,AVAILABLE,1.8217940980964016,AVAILABLE,Tuesday,True
L00320,9476,LONG,AVAILABLE,0.6498558003994079,AVAILABLE,NEUTRAL,AVAILABLE,1.7654787406650536,AVAILABLE,Tuesday,True
L00321,9533,SHORT,AVAILABLE,1.3616211869021833,AVAILABLE,NEUTRAL,AVAILABLE,1.303081128239705,AVAILABLE,Tuesday,True
L00322,9540,LONG,AVAILABLE,1.9918525278790662,AVAILABLE,NEUTRAL,AVAILABLE,2.3218810226057056,AVAILABLE,Tuesday,True
L00323,9550,SHORT,AVAILABLE,0.20566365997438135,AVAILABLE,NEUTRAL,AVAILABLE,1.2075063117786056,AVAILABLE,Tuesday,True
L00324,9562,LONG,AVAILABLE,1.6015937975055863,AVAILABLE,NEUTRAL,AVAILABLE,2.6708835112300027,AVAILABLE,Tuesday,True
L00325,9660,SHORT,AVAILABLE,0.8235907812639643,AVAILABLE,AGAINST_SINGLE,AVAILABLE,2.6223106507558636,AVAILABLE,Tuesday,True
L00326,9668,LONG,AVAILABLE,1.1805275386210878,AVAILABLE,ALIGNED_SINGLE,AVAILABLE,2.6139973712634146,AVAILABLE,Wednesday,True
L00327,9677,LONG,AVAILABLE,0.36982514678607314,AVAILABLE,ALIGNED_SINGLE,AVAILABLE,1.5027836158014047,AVAILABLE,Wednesday,True
L00328,9695,SHORT,AVAILABLE,1.357261285422511,AVAILABLE,AGAINST_SINGLE,AVAILABLE,1.6109522347930596,AVAILABLE,Wednesday,True
L00329,9699,LONG,AVAILABLE,0.5938430441857732,AVAILABLE,ALIGNED_SINGLE,AVAILABLE,7.388301176194169,AVAILABLE,Wednesday,True
L00330,9810,LONG,AVAILABLE,0.46879831036678093,AVAILABLE,ALIGNED_SINGLE,AVAILABLE,1.8493746667496995,AVAILABLE,Wednesday,True
L00331,9814,SHORT,AVAILABLE,-0.4338247988468496,AVAILABLE,AGAINST_SINGLE,AVAILABLE,1.580540904831829,AVAILABLE,Wednesday,True
L00332,9827,SHORT,AVAILABLE,1.091049030182887,AVAILABLE,AGAINST_SINGLE,AVAILABLE,1.4976263262196599,AVAILABLE,Wednesday,True
L00333,9847,SHORT,AVAILABLE,1.0504359793996938,AVAILABLE,AGAINST_SINGLE,AVAILABLE,2.404842449429998,AVAILABLE,Wednesday,True
L00334,10013,LONG,AVAILABLE,0.7732498723422783,AVAILABLE,NEUTRAL,AVAILABLE,1.5812803924012124,AVAILABLE,Thursday,True
L00335,10078,SHORT,AVAILABLE,2.140967065630359,AVAILABLE,NEUTRAL,AVAILABLE,0.4941146637775824,AVAILABLE,Thursday,True
L00336,10086,LONG,AVAILABLE,0.6063114278467648,AVAILABLE,NEUTRAL,AVAILABLE,1.0850778475197356,AVAILABLE,Thursday,True
L00337,10091,LONG,AVAILABLE,1.1721187569472857,AVAILABLE,NEUTRAL,AVAILABLE,1.7699408672102255,AVAILABLE,Thursday,True
L00338,10103,LONG,AVAILABLE,0.23186512263832157,AVAILABLE,NEUTRAL,AVAILABLE,2.2204706137396126,AVAILABLE,Thursday,True
L00339,10112,LONG,AVAILABLE,1.017260412453983,AVAILABLE,NEUTRAL,AVAILABLE,2.087141439875844,AVAILABLE,Thursday,True
L00340,10142,LONG,AVAILABLE,0.9053515882940405,AVAILABLE,NEUTRAL,AVAILABLE,2.2544806638294093,AVAILABLE,Thursday,True
L00341,10211,SHORT,AVAILABLE,0.4438122831221593,AVAILABLE,NEUTRAL,AVAILABLE,2.3706550245932303,AVAILABLE,Thursday,True
L00342,10224,SHORT,AVAILABLE,0.7535583877434536,AVAILABLE,NEUTRAL,AVAILABLE,1.0168016408574885,AVAILABLE,Friday,True
L00343,10236,SHORT,AVAILABLE,1.3506161025946237,AVAILABLE,NEUTRAL,AVAILABLE,2.1392246285679897,AVAILABLE,Friday,True
L00344,10280,SHORT,AVAILABLE,1.0502742898501083,AVAILABLE,NEUTRAL,AVAILABLE,1.4196957820873357,AVAILABLE,Friday,True
L00345,10312,LONG,AVAILABLE,0.12841364040356767,AVAILABLE,NEUTRAL,AVAILABLE,2.045968389226136,AVAILABLE,Friday,True
L00346,10341,LONG,AVAILABLE,0.33093372996983034,AVAILABLE,NEUTRAL,AVAILABLE,2.010204086772576,AVAILABLE,Friday,True
L00347,10358,SHORT,AVAILABLE,1.4278363348590446,AVAILABLE,NEUTRAL,AVAILABLE,1.280948433926325,AVAILABLE,Friday,True
L00348,10366,LONG,AVAILABLE,0.9087666670156669,AVAILABLE,NEUTRAL,AVAILABLE,1.1434368348537154,AVAILABLE,Friday,True
L00349,10370,LONG,AVAILABLE,0.41199523494110113,AVAILABLE,NEUTRAL,AVAILABLE,2.8391513129481782,AVAILABLE,Friday,True
L00350,10402,LONG,AVAILABLE,1.2344982679873264,AVAILABLE,NEUTRAL,AVAILABLE,2.3657887484412017,AVAILABLE,Friday,True
L00351,10441,LONG,AVAILABLE,1.2377073392020568,AVAILABLE,NEUTRAL,AVAILABLE,2.051716094555371,AVAILABLE,Friday,True
L00352,10463,LONG,AVAILABLE,0.9126781553018276,AVAILABLE,NEUTRAL,AVAILABLE,2.110402984683786,AVAILABLE,Friday,True
L00353,10476,SHORT,AVAILABLE,2.2453832848559694,AVAILABLE,NEUTRAL,AVAILABLE,2.297311437775822,AVAILABLE,Sunday,True
L00354,10507,LONG,AVAILABLE,0.020328564463843183,AVAILABLE,NEUTRAL,AVAILABLE,2.388035643327184,AVAILABLE,Monday,True
L00355,10520,LONG,AVAILABLE,1.7159657402851438,AVAILABLE,NEUTRAL,AVAILABLE,2.133397836326239,AVAILABLE,Monday,True
L00356,10583,SHORT,AVAILABLE,2.03773656033833,AVAILABLE,NEUTRAL,AVAILABLE,2.2491201929064624,AVAILABLE,Monday,True
L00357,10634,SHORT,AVAILABLE,2.4893616533226837,AVAILABLE,NEUTRAL,AVAILABLE,1.550550029801233,AVAILABLE,Monday,True
L00358,10641,LONG,AVAILABLE,0.9699135395444645,AVAILABLE,NEUTRAL,AVAILABLE,1.2757821816671813,AVAILABLE,Monday,True
L00359,10645,SHORT,AVAILABLE,1.4684396951968883,AVAILABLE,NEUTRAL,AVAILABLE,1.5595571385561395,AVAILABLE,Monday,True
L00360,10654,LONG,AVAILABLE,0.658738356098495,AVAILABLE,NEUTRAL,AVAILABLE,1.7100250152137113,AVAILABLE,Monday,True
L00361,10666,SHORT,AVAILABLE,1.1261885024566427,AVAILABLE,NEUTRAL,AVAILABLE,1.7841796679546087,AVAILABLE,Monday,True
L00362,10699,SHORT,AVAILABLE,0.8304586842667141,AVAILABLE,NEUTRAL,AVAILABLE,1.6488485986259331,AVAILABLE,Monday,True
L00363,10756,LONG,AVAILABLE,0.9247033171566801,AVAILABLE,AGAINST_SINGLE,AVAILABLE,1.6303603811919962,AVAILABLE,Monday,True
L00364,10768,SHORT,AVAILABLE,2.3468766000223344,AVAILABLE,ALIGNED_SINGLE,AVAILABLE,1.4647608541227435,AVAILABLE,Tuesday,True
L00365,10801,LONG,AVAILABLE,0.7745386206583698,AVAILABLE,AGAINST_SINGLE,AVAILABLE,1.4213756610051367,AVAILABLE,Tuesday,True
L00366,10856,SHORT,AVAILABLE,1.4112671618008292,AVAILABLE,ALIGNED_SINGLE,AVAILABLE,1.888860946252306,AVAILABLE,Tuesday,True
L00367,10869,SHORT,AVAILABLE,0.9118933723311939,AVAILABLE,ALIGNED_SINGLE,AVAILABLE,1.6244331226603081,AVAILABLE,Tuesday,True
L00368,10909,SHORT,AVAILABLE,1.4903190388081173,AVAILABLE,ALIGNED_SINGLE,AVAILABLE,2.10516946708632,AVAILABLE,Tuesday,True
L00369,10916,LONG,AVAILABLE,1.1499801981068059,AVAILABLE,AGAINST_SINGLE,AVAILABLE,2.171836895468162,AVAILABLE,Tuesday,True
L00370,10936,SHORT,AVAILABLE,1.5808302662797675,AVAILABLE,ALIGNED_SINGLE,AVAILABLE,1.7825242898505227,AVAILABLE,Tuesday,True
L00371,10958,LONG,AVAILABLE,0.5874766064354331,AVAILABLE,AGAINST_SINGLE,AVAILABLE,1.1599278651112865,AVAILABLE,Tuesday,True
L00372,10973,LONG,AVAILABLE,1.1342681492720588,AVAILABLE,AGAINST_SINGLE,AVAILABLE,1.1989804444027776,AVAILABLE,Tuesday,True
L00373,10996,LONG,AVAILABLE,0.45171927254311783,AVAILABLE,AGAINST_SINGLE,AVAILABLE,1.573309821441527,AVAILABLE,Tuesday,True
L00374,11027,LONG,AVAILABLE,0.8022367599787509,AVAILABLE,NEUTRAL,AVAILABLE,1.3881082141112688,AVAILABLE,Tuesday,True
L00375,11032,SHORT,AVAILABLE,0.7124571869682036,AVAILABLE,NEUTRAL,AVAILABLE,1.6970179696665575,AVAILABLE,Tuesday,True
L00376,11039,LONG,AVAILABLE,1.728219208813586,AVAILABLE,NEUTRAL,AVAILABLE,2.8212033025744625,AVAILABLE,Tuesday,True
L00377,11056,SHORT,AVAILABLE,1.121173833670479,AVAILABLE,NEUTRAL,AVAILABLE,1.573766529987669,AVAILABLE,Wednesday,True
L00378,11065,SHORT,AVAILABLE,1.3177597220639985,AVAILABLE,NEUTRAL,AVAILABLE,1.5655190516433681,AVAILABLE,Wednesday,True
L00379,11092,SHORT,AVAILABLE,0.9436928209019808,AVAILABLE,NEUTRAL,AVAILABLE,1.311028281637225,AVAILABLE,Wednesday,True
L00380,11098,SHORT,AVAILABLE,0.3463560415449536,AVAILABLE,NEUTRAL,AVAILABLE,1.3649607689606298,AVAILABLE,Wednesday,True
L00381,11106,SHORT,AVAILABLE,0.7975608319960544,AVAILABLE,NEUTRAL,AVAILABLE,1.03743926605339,AVAILABLE,Wednesday,True
L00382,11152,SHORT,AVAILABLE,1.7987785115086559,AVAILABLE,NEUTRAL,AVAILABLE,1.8807838043635696,AVAILABLE,Wednesday,True
L00383,11181,LONG,AVAILABLE,0.6852328046620068,AVAILABLE,NEUTRAL,AVAILABLE,0.41904141067080075,AVAILABLE,Wednesday,True
L00384,11188,SHORT,AVAILABLE,1.3995060604471021,AVAILABLE,NEUTRAL,AVAILABLE,1.1276633848550317,AVAILABLE,Wednesday,True
L00385,11198,SHORT,AVAILABLE,2.7772452366774876,AVAILABLE,NEUTRAL,AVAILABLE,3.2038832185698625,AVAILABLE,Wednesday,True
L00386,11260,LONG,AVAILABLE,2.933156516455587,AVAILABLE,NEUTRAL,AVAILABLE,2.0356689586606382,AVAILABLE,Wednesday,True
L00387,11313,SHORT,AVAILABLE,0.7051914276845562,AVAILABLE,AGAINST_SINGLE,AVAILABLE,2.5753454500818753,AVAILABLE,Wednesday,True
L00388,11340,SHORT,AVAILABLE,1.6776046556403255,AVAILABLE,AGAINST_SINGLE,AVAILABLE,1.6607751380215465,AVAILABLE,Thursday,True
L00389,11356,SHORT,AVAILABLE,0.5769116186046108,AVAILABLE,AGAINST_SINGLE,AVAILABLE,1.1601532740154525,AVAILABLE,Thursday,True
L00390,11419,LONG,AVAILABLE,1.1782666497237682,AVAILABLE,ALIGNED_SINGLE,AVAILABLE,3.3540955490402813,AVAILABLE,Thursday,True
L00391,11457,SHORT,AVAILABLE,1.0732091491947706,AVAILABLE,AGAINST_SINGLE,AVAILABLE,0.8105414492366548,AVAILABLE,Thursday,True
L00392,11463,LONG,AVAILABLE,0.6279947037454046,AVAILABLE,ALIGNED_SINGLE,AVAILABLE,1.5261192170853197,AVAILABLE,Thursday,True
L00393,11478,SHORT,AVAILABLE,1.0139097771660022,AVAILABLE,AGAINST_SINGLE,AVAILABLE,1.5990628728890337,AVAILABLE,Thursday,True
L00394,11490,SHORT,AVAILABLE,0.8767346817039137,AVAILABLE,AGAINST_SINGLE,AVAILABLE,1.7833531748115403,AVAILABLE,Thursday,True
L00395,11581,LONG,AVAILABLE,1.5351276754837455,AVAILABLE,ALIGNED_SINGLE,AVAILABLE,2.0122601378265865,AVAILABLE,Thursday,True
L00396,11634,SHORT,AVAILABLE,1.9514349398470698,AVAILABLE,AGAINST_CONFIRMED,AVAILABLE,1.6835769311611293,AVAILABLE,Friday,True
L00397,11762,SHORT,AVAILABLE,2.3752023423888207,AVAILABLE,AGAINST_CONFIRMED,AVAILABLE,1.926065426825241,AVAILABLE,Friday,True
L00398,11769,LONG,AVAILABLE,1.2740117891190834,AVAILABLE,ALIGNED_CONFIRMED,AVAILABLE,3.353291341219561,AVAILABLE,Friday,True
L00399,11951,LONG,AVAILABLE,0.9687489883198,AVAILABLE,ALIGNED_SINGLE,AVAILABLE,1.7575105071917339,AVAILABLE,Monday,True
L00400,11962,LONG,AVAILABLE,0.5145066600713207,AVAILABLE,ALIGNED_SINGLE,AVAILABLE,1.5625010313120924,AVAILABLE,Monday,True
L00401,12009,SHORT,AVAILABLE,0.8694729250500614,AVAILABLE,AGAINST_SINGLE,AVAILABLE,1.3720508221034087,AVAILABLE,Monday,True
L00402,12016,LONG,AVAILABLE,0.6043529641840631,AVAILABLE,ALIGNED_SINGLE,AVAILABLE,2.125079956996362,AVAILABLE,Monday,True
L00403,12032,LONG,AVAILABLE,0.42093661131377924,AVAILABLE,ALIGNED_SINGLE,AVAILABLE,2.58355078637974,AVAILABLE,Monday,True
L00404,12048,LONG,AVAILABLE,0.6352376973506371,AVAILABLE,ALIGNED_SINGLE,AVAILABLE,2.5827777170730606,AVAILABLE,Monday,True
L00405,12194,LONG,AVAILABLE,0.3657263678130127,AVAILABLE,ALIGNED_SINGLE,AVAILABLE,3.6244354635893816,AVAILABLE,Tuesday,True
L00406,12325,LONG,AVAILABLE,2.3100642985661564,AVAILABLE,ALIGNED_SINGLE,AVAILABLE,3.1325189034028194,AVAILABLE,Tuesday,True
L00407,12484,SHORT,AVAILABLE,0.9485758572623824,AVAILABLE,ALIGNED_SINGLE,AVAILABLE,2.485527909354007,AVAILABLE,Wednesday,True
L00408,12563,SHORT,AVAILABLE,1.7437687176122159,AVAILABLE,ALIGNED_SINGLE,AVAILABLE,1.8594572169892256,AVAILABLE,Wednesday,True
L00409,12577,SHORT,AVAILABLE,0.44173312141543913,AVAILABLE,ALIGNED_SINGLE,AVAILABLE,1.26888489308314,AVAILABLE,Wednesday,True
L00410,12591,SHORT,AVAILABLE,0.4390389425067323,AVAILABLE,ALIGNED_SINGLE,AVAILABLE,1.7896187468730531,AVAILABLE,Wednesday,True
L00411,12597,LONG,AVAILABLE,1.2237627830754512,AVAILABLE,AGAINST_SINGLE,AVAILABLE,2.9351546555200727,AVAILABLE,Wednesday,True
L00412,12672,LONG,AVAILABLE,0.7342510051894006,AVAILABLE,AGAINST_SINGLE,AVAILABLE,1.2750250644560606,AVAILABLE,Wednesday,True
L00413,12690,SHORT,AVAILABLE,0.5015542615241358,AVAILABLE,ALIGNED_CONFIRMED,AVAILABLE,2.141942089942933,AVAILABLE,Wednesday,True
L00414,12714,SHORT,AVAILABLE,1.8284084829719744,AVAILABLE,ALIGNED_CONFIRMED,AVAILABLE,2.635927020949814,AVAILABLE,Thursday,True
L00415,12745,LONG,AVAILABLE,0.035399652013778746,AVAILABLE,AGAINST_CONFIRMED,AVAILABLE,2.127766347486904,AVAILABLE,Thursday,True
L00416,12780,LONG,AVAILABLE,1.4449590392896117,AVAILABLE,AGAINST_CONFIRMED,AVAILABLE,2.1242244648083455,AVAILABLE,Thursday,True
L00417,12836,LONG,AVAILABLE,0.3675140236165436,AVAILABLE,AGAINST_CONFIRMED,AVAILABLE,0.7401698134783538,AVAILABLE,Thursday,True
L00418,12849,LONG,AVAILABLE,1.4834230796757435,AVAILABLE,AGAINST_CONFIRMED,AVAILABLE,2.1751224994704303,AVAILABLE,Thursday,True
L00419,12863,LONG,AVAILABLE,1.5693753882882853,AVAILABLE,AGAINST_CONFIRMED,AVAILABLE,1.6867557748073003,AVAILABLE,Thursday,True
L00420,12920,LONG,AVAILABLE,0.42290603163108503,AVAILABLE,AGAINST_CONFIRMED,AVAILABLE,1.696121750582641,AVAILABLE,Thursday,True
L00421,12924,SHORT,AVAILABLE,0.4232467584431018,AVAILABLE,ALIGNED_CONFIRMED,AVAILABLE,1.6075643227933778,AVAILABLE,Thursday,True
L00422,12951,LONG,AVAILABLE,0.9376194501044387,AVAILABLE,AGAINST_CONFIRMED,AVAILABLE,2.1053884987122933,AVAILABLE,Friday,True
L00423,12971,LONG,AVAILABLE,1.7693965814475012,AVAILABLE,AGAINST_CONFIRMED,AVAILABLE,2.2586224838492956,AVAILABLE,Friday,True
L00424,13012,LONG,AVAILABLE,0.5715613550059306,AVAILABLE,AGAINST_CONFIRMED,AVAILABLE,1.6925381266654052,AVAILABLE,Friday,True
L00425,13069,LONG,AVAILABLE,1.2615373407217134,AVAILABLE,AGAINST_CONFIRMED,AVAILABLE,1.6858865312257307,AVAILABLE,Friday,True
L00426,13078,LONG,AVAILABLE,1.4521573600195083,AVAILABLE,AGAINST_CONFIRMED,AVAILABLE,1.6193866960292223,AVAILABLE,Friday,True
L00427,13087,LONG,AVAILABLE,1.2827306755639865,AVAILABLE,AGAINST_CONFIRMED,AVAILABLE,1.687181760643061,AVAILABLE,Friday,True
L00428,13105,SHORT,AVAILABLE,0.11884024132709456,AVAILABLE,ALIGNED_CONFIRMED,AVAILABLE,2.365541462637357,AVAILABLE,Friday,True
L00429,13193,SHORT,AVAILABLE,1.4204965786651138,AVAILABLE,ALIGNED_SINGLE,AVAILABLE,2.853598873425788,AVAILABLE,Sunday,True
L00430,13217,LONG,AVAILABLE,0.6715777330127406,AVAILABLE,AGAINST_SINGLE,AVAILABLE,2.134626371418975,AVAILABLE,Monday,True
L00431,13230,LONG,AVAILABLE,1.042333296526763,AVAILABLE,AGAINST_SINGLE,AVAILABLE,1.9156728737194764,AVAILABLE,Monday,True
L00432,13274,LONG,AVAILABLE,1.6834910312066442,AVAILABLE,AGAINST_SINGLE,AVAILABLE,3.3132094023496843,AVAILABLE,Monday,True
L00433,13350,SHORT,AVAILABLE,1.8957545924839454,AVAILABLE,ALIGNED_SINGLE,AVAILABLE,2.201986513387305,AVAILABLE,Monday,True
L00434,13362,LONG,AVAILABLE,0.7216291992610567,AVAILABLE,AGAINST_SINGLE,AVAILABLE,2.4894333727250064,AVAILABLE,Monday,True
L00435,13374,SHORT,AVAILABLE,2.6909479025458647,AVAILABLE,ALIGNED_SINGLE,AVAILABLE,2.7633670042896634,AVAILABLE,Monday,True
L00436,13404,SHORT,AVAILABLE,0.998368128833497,AVAILABLE,ALIGNED_SINGLE,AVAILABLE,1.5073814084430972,AVAILABLE,Monday,True
L00437,13484,LONG,AVAILABLE,2.2175210530327947,AVAILABLE,NEUTRAL,AVAILABLE,2.711000747485921,AVAILABLE,Tuesday,True
L00438,13571,LONG,AVAILABLE,1.6316223501243892,AVAILABLE,NEUTRAL,AVAILABLE,1.8263409734172218,AVAILABLE,Tuesday,True
L00439,13618,SHORT,AVAILABLE,0.5341656084618649,AVAILABLE,NEUTRAL,AVAILABLE,1.1555813631967262,AVAILABLE,Tuesday,True
L00440,13635,LONG,AVAILABLE,1.6684123192342293,AVAILABLE,NEUTRAL,AVAILABLE,2.4779274031754897,AVAILABLE,Tuesday,True
L00441,13650,LONG,AVAILABLE,1.1169022833668798,AVAILABLE,NEUTRAL,AVAILABLE,2.0119823457230424,AVAILABLE,Tuesday,True
L00442,13734,SHORT,AVAILABLE,0.11618800390081666,AVAILABLE,NEUTRAL,AVAILABLE,1.0269531085418815,AVAILABLE,Tuesday,True
L00443,13742,LONG,AVAILABLE,0.0698238811877131,AVAILABLE,NEUTRAL,AVAILABLE,0.8600487377290378,AVAILABLE,Tuesday,True
L00444,13745,LONG,AVAILABLE,0.12823598086145846,AVAILABLE,NEUTRAL,AVAILABLE,0.9906341192738493,AVAILABLE,Tuesday,True
L00445,13765,SHORT,AVAILABLE,2.0668557078471435,AVAILABLE,ALIGNED_SINGLE,AVAILABLE,2.540708376019518,AVAILABLE,Wednesday,True
L00446,13783,SHORT,AVAILABLE,1.5057387119467756,AVAILABLE,ALIGNED_SINGLE,AVAILABLE,1.6059772755510282,AVAILABLE,Wednesday,True
L00447,13851,SHORT,AVAILABLE,0.7648578223140364,AVAILABLE,ALIGNED_SINGLE,AVAILABLE,1.9714731320382943,AVAILABLE,Wednesday,True
L00448,13894,SHORT,AVAILABLE,1.775124367734496,AVAILABLE,ALIGNED_SINGLE,AVAILABLE,1.1231059618875399,AVAILABLE,Wednesday,True
L00449,13902,LONG,AVAILABLE,0.213902954849241,AVAILABLE,AGAINST_SINGLE,AVAILABLE,1.1646866622918277,AVAILABLE,Wednesday,True
L00450,13907,SHORT,AVAILABLE,0.7327028174921919,AVAILABLE,ALIGNED_SINGLE,AVAILABLE,1.4640530867400343,AVAILABLE,Wednesday,True
L00451,13925,LONG,AVAILABLE,1.0101207057028658,AVAILABLE,AGAINST_SINGLE,AVAILABLE,1.4096850793603577,AVAILABLE,Wednesday,True
L00452,13965,SHORT,AVAILABLE,1.5411406169366317,AVAILABLE,ALIGNED_SINGLE,AVAILABLE,1.5717683369337878,AVAILABLE,Wednesday,True
L00453,13995,SHORT,AVAILABLE,1.415005697043808,AVAILABLE,ALIGNED_SINGLE,AVAILABLE,1.8836535795765297,AVAILABLE,Wednesday,True
L00454,14033,SHORT,AVAILABLE,1.3821375056236966,AVAILABLE,NEUTRAL,AVAILABLE,1.77792912461324,AVAILABLE,Thursday,True
L00455,14059,LONG,AVAILABLE,0.7788836907686041,AVAILABLE,NEUTRAL,AVAILABLE,1.229963436721052,AVAILABLE,Thursday,True
L00456,14074,SHORT,AVAILABLE,1.1883581669507297,AVAILABLE,NEUTRAL,AVAILABLE,1.9201794405200099,AVAILABLE,Thursday,True
L00457,14141,SHORT,AVAILABLE,1.316564242107599,AVAILABLE,NEUTRAL,AVAILABLE,1.8474253696855458,AVAILABLE,Thursday,True
L00458,14181,LONG,AVAILABLE,0.563998988620458,AVAILABLE,NEUTRAL,AVAILABLE,1.9907268022423794,AVAILABLE,Thursday,True
L00459,14183,SHORT,AVAILABLE,0.31532823784367775,AVAILABLE,NEUTRAL,AVAILABLE,2.371999999366581,AVAILABLE,Thursday,True
L00460,14198,LONG,AVAILABLE,2.239950131257807,AVAILABLE,NEUTRAL,AVAILABLE,2.2922974127777658,AVAILABLE,Thursday,True
L00461,14298,LONG,AVAILABLE,0.5583062083635264,AVAILABLE,NEUTRAL,AVAILABLE,2.2610234105051052,AVAILABLE,Thursday,True
L00462,14319,LONG,AVAILABLE,1.895742566977217,AVAILABLE,NEUTRAL,AVAILABLE,1.4806576733139563,AVAILABLE,Friday,True
L00463,14364,LONG,AVAILABLE,0.61362439850604,AVAILABLE,NEUTRAL,AVAILABLE,1.9714173567346127,AVAILABLE,Friday,True
L00464,14372,LONG,AVAILABLE,0.5374677348753449,AVAILABLE,NEUTRAL,AVAILABLE,2.0768532130452484,AVAILABLE,Friday,True
L00465,14392,LONG,AVAILABLE,1.8003604793147847,AVAILABLE,NEUTRAL,AVAILABLE,1.6740156029678008,AVAILABLE,Friday,True
L00466,14413,LONG,AVAILABLE,1.30449044745448,AVAILABLE,NEUTRAL,AVAILABLE,1.2144225096790062,AVAILABLE,Friday,True
L00467,14441,LONG,AVAILABLE,1.606136714052391,AVAILABLE,NEUTRAL,AVAILABLE,2.1535992511784086,AVAILABLE,Friday,True
L00468,14457,LONG,AVAILABLE,1.4208185305618422,AVAILABLE,NEUTRAL,AVAILABLE,1.7708838696885394,AVAILABLE,Friday,True
L00469,14473,LONG,AVAILABLE,1.7612545446533394,AVAILABLE,NEUTRAL,AVAILABLE,1.7852985550077776,AVAILABLE,Friday,True
L00470,14568,LONG,AVAILABLE,3.8380733469259463,AVAILABLE,NEUTRAL,AVAILABLE,4.230229986638738,AVAILABLE,Sunday,True
L00471,14623,SHORT,AVAILABLE,0.35237246914837106,AVAILABLE,NEUTRAL,AVAILABLE,1.3328088331348973,AVAILABLE,Monday,True
L00472,14676,SHORT,AVAILABLE,0.5124032021202949,AVAILABLE,NEUTRAL,AVAILABLE,1.1781810614259736,AVAILABLE,Monday,True
L00473,14728,LONG,AVAILABLE,1.4550084579820453,AVAILABLE,NEUTRAL,AVAILABLE,2.081820203720555,AVAILABLE,Monday,True
L00474,14738,SHORT,AVAILABLE,1.6396288295989714,AVAILABLE,NEUTRAL,AVAILABLE,1.6536195933345605,AVAILABLE,Monday,True
L00475,14766,SHORT,AVAILABLE,0.9473423828073634,AVAILABLE,NEUTRAL,AVAILABLE,1.2734395355938437,AVAILABLE,Monday,True
L00476,14773,SHORT,AVAILABLE,0.13701354506510977,AVAILABLE,NEUTRAL,AVAILABLE,1.2988501790207025,AVAILABLE,Monday,True
L00477,14794,SHORT,AVAILABLE,0.5545905899296854,AVAILABLE,NEUTRAL,AVAILABLE,1.6035729506138945,AVAILABLE,Monday,True
L00478,14830,SHORT,AVAILABLE,1.2902311695888096,AVAILABLE,NEUTRAL,AVAILABLE,1.652127603305617,AVAILABLE,Monday,True
L00479,14839,LONG,AVAILABLE,0.9831114021373355,AVAILABLE,AGAINST_SINGLE,AVAILABLE,1.2496929024218,AVAILABLE,Monday,True
L00480,14853,SHORT,AVAILABLE,1.2032197414304209,AVAILABLE,ALIGNED_SINGLE,AVAILABLE,2.551961341247343,AVAILABLE,Monday,True
L00481,14882,SHORT,AVAILABLE,0.4779631588616602,AVAILABLE,ALIGNED_SINGLE,AVAILABLE,1.4248816701893263,AVAILABLE,Tuesday,True
L00482,14909,SHORT,AVAILABLE,0.738708409587866,AVAILABLE,ALIGNED_SINGLE,AVAILABLE,1.4241133727087545,AVAILABLE,Tuesday,True
L00483,14934,SHORT,AVAILABLE,0.3788951991890698,AVAILABLE,ALIGNED_SINGLE,AVAILABLE,2.2167085099573938,AVAILABLE,Tuesday,True
L00484,14964,SHORT,AVAILABLE,0.3101174679859559,AVAILABLE,ALIGNED_SINGLE,AVAILABLE,1.3895158692767222,AVAILABLE,Tuesday,True
L00485,14987,SHORT,AVAILABLE,1.035908031449566,AVAILABLE,ALIGNED_SINGLE,AVAILABLE,1.3378293728377364,AVAILABLE,Tuesday,True
L00486,14999,SHORT,AVAILABLE,1.343659764977688,AVAILABLE,ALIGNED_SINGLE,AVAILABLE,1.5598580120111387,AVAILABLE,Tuesday,True
L00487,15016,SHORT,AVAILABLE,0.6795118443644426,AVAILABLE,ALIGNED_SINGLE,AVAILABLE,1.585976052797647,AVAILABLE,Tuesday,True
L00488,15026,LONG,AVAILABLE,0.8671598684779073,AVAILABLE,AGAINST_SINGLE,AVAILABLE,1.3993955165840146,AVAILABLE,Tuesday,True
L00489,15058,LONG,AVAILABLE,0.2055035859619977,AVAILABLE,AGAINST_SINGLE,AVAILABLE,1.367407101147404,AVAILABLE,Tuesday,True
L00490,15089,LONG,AVAILABLE,0.33640406878858203,AVAILABLE,AGAINST_SINGLE,AVAILABLE,0.8344778785665447,AVAILABLE,Tuesday,True
L00491,15104,LONG,AVAILABLE,0.9021161388903853,AVAILABLE,AGAINST_SINGLE,AVAILABLE,0.9385946247162292,AVAILABLE,Tuesday,True
L00492,15113,SHORT,AVAILABLE,0.8161412935722288,AVAILABLE,NEUTRAL,AVAILABLE,0.8380757908066845,AVAILABLE,Tuesday,True
L00493,15124,SHORT,AVAILABLE,2.793672516997228,AVAILABLE,NEUTRAL,AVAILABLE,1.7217060962639152,AVAILABLE,Tuesday,True
L00494,15137,LONG,AVAILABLE,1.5824226523828988,AVAILABLE,ALIGNED_SINGLE,AVAILABLE,2.1021274654738913,AVAILABLE,Wednesday,True
L00495,15141,SHORT,AVAILABLE,1.657355228045204,AVAILABLE,AGAINST_SINGLE,AVAILABLE,1.9361545704319578,AVAILABLE,Wednesday,True
L00496,15167,LONG,AVAILABLE,0.5393255012372167,AVAILABLE,ALIGNED_SINGLE,AVAILABLE,1.4331430533638554,AVAILABLE,Wednesday,True
L00497,15229,LONG,AVAILABLE,2.8036941802725974,AVAILABLE,ALIGNED_SINGLE,AVAILABLE,1.4801997554888828,AVAILABLE,Wednesday,True
L00498,15271,SHORT,AVAILABLE,2.2020083005556947,AVAILABLE,AGAINST_SINGLE,AVAILABLE,1.9753470201907732,AVAILABLE,Wednesday,True
L00499,15283,LONG,AVAILABLE,1.710453907811786,AVAILABLE,ALIGNED_SINGLE,AVAILABLE,1.5976491435196445,AVAILABLE,Wednesday,True
L00500,15292,SHORT,AVAILABLE,1.9810561918782597,AVAILABLE,AGAINST_SINGLE,AVAILABLE,1.5585357246828617,AVAILABLE,Wednesday,True
L00501,15311,LONG,AVAILABLE,0.42526750880518255,AVAILABLE,ALIGNED_SINGLE,AVAILABLE,1.4875143194177292,AVAILABLE,Wednesday,True
L00502,15384,SHORT,AVAILABLE,1.768601441557844,AVAILABLE,AGAINST_SINGLE,AVAILABLE,1.8562469114261695,AVAILABLE,Wednesday,True
L00503,15400,SHORT,AVAILABLE,1.9235463037835172,AVAILABLE,AGAINST_CONFIRMED,AVAILABLE,2.324000802680092,AVAILABLE,Wednesday,True
L00504,15426,LONG,AVAILABLE,0.48585379177754734,AVAILABLE,ALIGNED_CONFIRMED,AVAILABLE,1.628746303772847,AVAILABLE,Thursday,True
L00505,15558,LONG,AVAILABLE,0.7012734313107074,AVAILABLE,ALIGNED_CONFIRMED,AVAILABLE,1.5642696306964055,AVAILABLE,Thursday,True
L00506,15562,SHORT,AVAILABLE,5.745948636591278,AVAILABLE,AGAINST_CONFIRMED,AVAILABLE,1.908881856763022,AVAILABLE,Thursday,True
L00507,15572,LONG,AVAILABLE,1.090969644147654,AVAILABLE,ALIGNED_CONFIRMED,AVAILABLE,3.555766346615829,AVAILABLE,Thursday,True
L00508,15933,LONG,AVAILABLE,1.2169939376117238,AVAILABLE,NEUTRAL,AVAILABLE,3.199791853130234,AVAILABLE,Monday,True
L00509,15949,LONG,AVAILABLE,1.5170994822567552,AVAILABLE,NEUTRAL,AVAILABLE,1.722767544082501,AVAILABLE,Monday,True
L00510,15973,LONG,AVAILABLE,1.4839963322911935,AVAILABLE,NEUTRAL,AVAILABLE,1.4808609772063328,AVAILABLE,Monday,True
L00511,16010,LONG,AVAILABLE,1.756324763845682,AVAILABLE,NEUTRAL,AVAILABLE,2.0536331057783155,AVAILABLE,Monday,True
L00512,16045,LONG,AVAILABLE,0.7269180514718204,AVAILABLE,NEUTRAL,AVAILABLE,2.5453949693225493,AVAILABLE,Monday,True
L00513,16128,SHORT,AVAILABLE,0.8604314795460278,AVAILABLE,NEUTRAL,AVAILABLE,2.151118410410843,AVAILABLE,Monday,True
L00514,16151,SHORT,AVAILABLE,1.5110197217458117,AVAILABLE,NEUTRAL,AVAILABLE,1.6215698239013985,AVAILABLE,Monday,True
L00515,16172,SHORT,AVAILABLE,1.2829232478246502,AVAILABLE,NEUTRAL,AVAILABLE,2.7942591254555342,AVAILABLE,Monday,True
L00516,16197,LONG,AVAILABLE,0.9094998316804578,AVAILABLE,NEUTRAL,AVAILABLE,1.3900651156178867,AVAILABLE,Tuesday,True
L00517,16205,LONG,AVAILABLE,1.0302772522429897,AVAILABLE,NEUTRAL,AVAILABLE,1.5305059412507824,AVAILABLE,Tuesday,True
L00518,16237,LONG,AVAILABLE,0.22657029540349644,AVAILABLE,NEUTRAL,AVAILABLE,1.1832743910222079,AVAILABLE,Tuesday,True
L00519,16248,LONG,AVAILABLE,1.8171364059868018,AVAILABLE,NEUTRAL,AVAILABLE,1.7854026801722584,AVAILABLE,Tuesday,True
L00520,16303,LONG,AVAILABLE,0.08832105672493896,AVAILABLE,NEUTRAL,AVAILABLE,1.6136307444103157,AVAILABLE,Tuesday,True
L00521,16314,LONG,AVAILABLE,0.894802463500788,AVAILABLE,NEUTRAL,AVAILABLE,1.4812240114045312,AVAILABLE,Tuesday,True
L00522,16325,SHORT,AVAILABLE,-0.30978173765591027,AVAILABLE,NEUTRAL,AVAILABLE,0.9979152094156278,AVAILABLE,Tuesday,True
L00523,16331,LONG,AVAILABLE,1.6755108860797616,AVAILABLE,NEUTRAL,AVAILABLE,1.6188155427988709,AVAILABLE,Tuesday,True
L00524,16340,SHORT,AVAILABLE,0.4193151766322751,AVAILABLE,NEUTRAL,AVAILABLE,1.275805443527097,AVAILABLE,Tuesday,True
L00525,16349,LONG,AVAILABLE,1.196043354392267,AVAILABLE,NEUTRAL,AVAILABLE,2.2889623918177393,AVAILABLE,Tuesday,True
L00526,16376,LONG,AVAILABLE,0.13931074680037195,AVAILABLE,NEUTRAL,AVAILABLE,2.5644626852553256,AVAILABLE,Tuesday,True
L00527,16443,SHORT,AVAILABLE,1.2923515382816877,AVAILABLE,NEUTRAL,AVAILABLE,1.1184339304874171,AVAILABLE,Tuesday,True
L00528,16463,LONG,AVAILABLE,2.1171677321545417,AVAILABLE,NEUTRAL,AVAILABLE,2.156061843129481,AVAILABLE,Tuesday,True
L00529,16477,SHORT,AVAILABLE,0.7785657672811013,AVAILABLE,NEUTRAL,AVAILABLE,1.4299937581111561,AVAILABLE,Wednesday,True
L00530,16508,LONG,AVAILABLE,0.3051074007171426,AVAILABLE,NEUTRAL,AVAILABLE,2.663653959281203,AVAILABLE,Wednesday,True
L00531,16569,LONG,AVAILABLE,1.2906482735819096,AVAILABLE,NEUTRAL,AVAILABLE,2.0627697298752423,AVAILABLE,Wednesday,True
L00532,16609,LONG,AVAILABLE,2.1530495068806554,AVAILABLE,NEUTRAL,AVAILABLE,2.1789592847865897,AVAILABLE,Wednesday,True
L00533,16627,SHORT,AVAILABLE,1.2513404559010548,AVAILABLE,NEUTRAL,AVAILABLE,1.427000502565725,AVAILABLE,Wednesday,True
L00534,16645,SHORT,AVAILABLE,1.1662296000598116,AVAILABLE,NEUTRAL,AVAILABLE,1.435016600474218,AVAILABLE,Wednesday,True
L00535,16668,SHORT,AVAILABLE,1.139265385437849,AVAILABLE,NEUTRAL,AVAILABLE,1.0571831663351463,AVAILABLE,Wednesday,True
L00536,16674,SHORT,AVAILABLE,0.5271722827835075,AVAILABLE,NEUTRAL,AVAILABLE,1.3186810803780482,AVAILABLE,Wednesday,True
L00537,16701,SHORT,AVAILABLE,0.46658887039329405,AVAILABLE,NEUTRAL,AVAILABLE,1.3048167038176646,AVAILABLE,Wednesday,True
L00538,16728,SHORT,AVAILABLE,1.3189114454316486,AVAILABLE,NEUTRAL,AVAILABLE,1.623418597372687,AVAILABLE,Wednesday,True
L00539,16750,SHORT,AVAILABLE,1.3402815347449748,AVAILABLE,NEUTRAL,AVAILABLE,1.6923228486105102,AVAILABLE,Thursday,True
L00540,16763,SHORT,AVAILABLE,1.0935092561591486,AVAILABLE,NEUTRAL,AVAILABLE,2.099192214752782,AVAILABLE,Thursday,True
L00541,16831,SHORT,AVAILABLE,0.7931422512251655,AVAILABLE,NEUTRAL,AVAILABLE,1.9544710481362486,AVAILABLE,Thursday,True
L00542,16853,SHORT,AVAILABLE,0.8467618869818588,AVAILABLE,NEUTRAL,AVAILABLE,1.631587748385596,AVAILABLE,Thursday,True
L00543,16879,SHORT,AVAILABLE,0.9688762297516272,AVAILABLE,NEUTRAL,AVAILABLE,0.9965907552072317,AVAILABLE,Thursday,True
L00544,16891,LONG,AVAILABLE,0.7935752729853921,AVAILABLE,NEUTRAL,AVAILABLE,1.7498653790852206,AVAILABLE,Thursday,True
L00545,16901,SHORT,AVAILABLE,1.1280779931936524,AVAILABLE,NEUTRAL,AVAILABLE,1.721550727219205,AVAILABLE,Thursday,True
L00546,16917,LONG,AVAILABLE,0.9565998040106412,AVAILABLE,NEUTRAL,AVAILABLE,2.0903825148318584,AVAILABLE,Thursday,True
L00547,16995,SHORT,AVAILABLE,1.9410453387691442,AVAILABLE,NEUTRAL,AVAILABLE,1.634353273242592,AVAILABLE,Thursday,True
L00548,17005,LONG,AVAILABLE,1.538881942312959,AVAILABLE,NEUTRAL,AVAILABLE,1.5557599042496189,AVAILABLE,Thursday,True
L00549,17028,SHORT,AVAILABLE,2.4149495898738285,AVAILABLE,AGAINST_SINGLE,AVAILABLE,2.3970107338542626,AVAILABLE,Friday,True
L00550,17084,SHORT,AVAILABLE,2.6787274744736695,AVAILABLE,AGAINST_SINGLE,AVAILABLE,3.192841226831846,AVAILABLE,Friday,True
L00551,17097,SHORT,AVAILABLE,2.6253768527996786,AVAILABLE,AGAINST_SINGLE,AVAILABLE,2.340383911510783,AVAILABLE,Friday,True
L00552,17151,SHORT,AVAILABLE,0.3743113841214155,AVAILABLE,AGAINST_SINGLE,AVAILABLE,1.4985894404531621,AVAILABLE,Friday,True
L00553,17162,SHORT,AVAILABLE,1.0112023100175678,AVAILABLE,AGAINST_SINGLE,AVAILABLE,1.3660287809608342,AVAILABLE,Friday,True
L00554,17176,SHORT,AVAILABLE,1.9324858783505574,AVAILABLE,AGAINST_SINGLE,AVAILABLE,1.4141882723409052,AVAILABLE,Friday,True
L00555,17180,SHORT,AVAILABLE,0.00024774595727440374,AVAILABLE,AGAINST_SINGLE,AVAILABLE,1.0597226734836163,AVAILABLE,Friday,True
L00556,17203,SHORT,AVAILABLE,1.4807535439396684,AVAILABLE,AGAINST_SINGLE,AVAILABLE,1.8404353024042126,AVAILABLE,Friday,True
L00557,17283,SHORT,AVAILABLE,1.3453881377086636,AVAILABLE,AGAINST_SINGLE,AVAILABLE,1.805279918466424,AVAILABLE,Sunday,True
L00558,17320,LONG,AVAILABLE,1.2786933915512806,AVAILABLE,ALIGNED_SINGLE,AVAILABLE,1.49265716077889,AVAILABLE,Monday,True
L00559,17325,LONG,AVAILABLE,0.9754217492673934,AVAILABLE,ALIGNED_SINGLE,AVAILABLE,1.378388966740663,AVAILABLE,Monday,True
L00560,17358,LONG,AVAILABLE,0.9914826929255259,AVAILABLE,ALIGNED_SINGLE,AVAILABLE,1.9373223922637255,AVAILABLE,Monday,True
L00561,17391,SHORT,AVAILABLE,0.5656245586013199,AVAILABLE,AGAINST_SINGLE,AVAILABLE,1.73542381353005,AVAILABLE,Monday,True
L00562,17430,LONG,AVAILABLE,0.3490343586030842,AVAILABLE,ALIGNED_SINGLE,AVAILABLE,1.1838884616534824,AVAILABLE,Monday,True
L00563,17452,LONG,AVAILABLE,0.738844784663982,AVAILABLE,ALIGNED_SINGLE,AVAILABLE,2.2115838301083723,AVAILABLE,Monday,True
L00564,17472,LONG,AVAILABLE,1.7849859323080952,AVAILABLE,ALIGNED_SINGLE,AVAILABLE,1.7825547354063316,AVAILABLE,Monday,True
L00565,17638,SHORT,AVAILABLE,1.2470930513698801,AVAILABLE,AGAINST_SINGLE,AVAILABLE,1.4279566464445688,AVAILABLE,Tuesday,True
L00566,17666,SHORT,AVAILABLE,2.2675940722649366,AVAILABLE,AGAINST_SINGLE,AVAILABLE,1.540145858825411,AVAILABLE,Tuesday,True
L00567,17692,SHORT,AVAILABLE,0.7761413519307392,AVAILABLE,AGAINST_SINGLE,AVAILABLE,1.3167100632050208,AVAILABLE,Tuesday,True
L00568,17720,LONG,AVAILABLE,0.22713096089046328,AVAILABLE,ALIGNED_SINGLE,AVAILABLE,2.088704512827244,AVAILABLE,Tuesday,True
L00569,17733,LONG,AVAILABLE,1.8363468517574224,AVAILABLE,ALIGNED_SINGLE,AVAILABLE,2.2427733350735553,AVAILABLE,Tuesday,True
L00570,17768,LONG,AVAILABLE,1.0810931047478032,AVAILABLE,ALIGNED_SINGLE,AVAILABLE,2.3156776578203964,AVAILABLE,Tuesday,True
L00571,17863,SHORT,AVAILABLE,0.8683589266791973,AVAILABLE,ALIGNED_SINGLE,AVAILABLE,1.5114939976697463,AVAILABLE,Wednesday,True
L00572,17895,SHORT,AVAILABLE,0.49526595606262686,AVAILABLE,ALIGNED_SINGLE,AVAILABLE,1.2568604256847813,AVAILABLE,Wednesday,True
L00573,17910,SHORT,AVAILABLE,1.2883008990428795,AVAILABLE,ALIGNED_SINGLE,AVAILABLE,1.3752843726724147,AVAILABLE,Wednesday,True
L00574,17924,SHORT,AVAILABLE,1.1627347106073431,AVAILABLE,ALIGNED_SINGLE,AVAILABLE,1.2745302040520137,AVAILABLE,Wednesday,True
L00575,17953,SHORT,AVAILABLE,1.0608500564317784,AVAILABLE,ALIGNED_SINGLE,AVAILABLE,1.4009735001559178,AVAILABLE,Wednesday,True
L00576,17981,LONG,AVAILABLE,1.0724072710666077,AVAILABLE,AGAINST_SINGLE,AVAILABLE,1.5110297998458009,AVAILABLE,Wednesday,True
L00577,17990,SHORT,AVAILABLE,1.294552045113347,AVAILABLE,ALIGNED_SINGLE,AVAILABLE,1.6907104125590502,AVAILABLE,Wednesday,True
L00578,17993,LONG,AVAILABLE,0.7925831579312066,AVAILABLE,AGAINST_SINGLE,AVAILABLE,1.531975933758897,AVAILABLE,Wednesday,True
L00579,17999,LONG,AVAILABLE,1.6539148389227294,AVAILABLE,AGAINST_SINGLE,AVAILABLE,1.5428766080515266,AVAILABLE,Wednesday,True
L00580,18015,LONG,AVAILABLE,0.9613894805010766,AVAILABLE,AGAINST_SINGLE,AVAILABLE,1.6109940752948142,AVAILABLE,Wednesday,True
L00581,18020,LONG,AVAILABLE,1.4085844355637274,AVAILABLE,AGAINST_SINGLE,AVAILABLE,1.6970636175049878,AVAILABLE,Wednesday,True
L00582,18034,SHORT,AVAILABLE,1.8430706883850745,AVAILABLE,ALIGNED_SINGLE,AVAILABLE,2.516528604850523,AVAILABLE,Wednesday,True
L00583,18201,LONG,AVAILABLE,1.6253770918308363,AVAILABLE,NEUTRAL,AVAILABLE,2.1814870374522695,AVAILABLE,Thursday,True
L00584,18217,LONG,AVAILABLE,1.487840007794588,AVAILABLE,NEUTRAL,AVAILABLE,1.6070151392322722,AVAILABLE,Thursday,True
L00585,18244,LONG,AVAILABLE,0.8902672337157779,AVAILABLE,NEUTRAL,AVAILABLE,1.6558156549876124,AVAILABLE,Thursday,True
L00586,18265,LONG,AVAILABLE,0.4201246202199269,AVAILABLE,NEUTRAL,AVAILABLE,1.312119983505251,AVAILABLE,Thursday,True
L00587,18269,SHORT,AVAILABLE,2.0361139850001972,AVAILABLE,NEUTRAL,AVAILABLE,1.3205780225457722,AVAILABLE,Thursday,True
L00588,18278,LONG,AVAILABLE,1.6385583598756173,AVAILABLE,NEUTRAL,AVAILABLE,2.0105203937082456,AVAILABLE,Thursday,True
L00589,18318,SHORT,AVAILABLE,0.8502184154733573,AVAILABLE,NEUTRAL,AVAILABLE,1.1497418996625794,AVAILABLE,Thursday,True
L00590,18329,SHORT,AVAILABLE,0.5624621036374658,AVAILABLE,NEUTRAL,AVAILABLE,1.0733480857560609,AVAILABLE,Thursday,True
L00591,18374,SHORT,AVAILABLE,2.2933716207970787,AVAILABLE,NEUTRAL,AVAILABLE,2.2450826923069456,AVAILABLE,Thursday,True
L00592,18386,SHORT,AVAILABLE,1.142824480987541,AVAILABLE,NEUTRAL,AVAILABLE,1.512954291679903,AVAILABLE,Thursday,True
L00593,18406,LONG,AVAILABLE,0.9256522814799463,AVAILABLE,NEUTRAL,AVAILABLE,1.2828245219649796,AVAILABLE,Friday,True
L00594,18417,LONG,AVAILABLE,0.9197282142343249,AVAILABLE,NEUTRAL,AVAILABLE,1.3236049610332759,AVAILABLE,Friday,True
L00595,18425,SHORT,AVAILABLE,1.3791944944975607,AVAILABLE,NEUTRAL,AVAILABLE,1.7473836466670274,AVAILABLE,Friday,True
L00596,18444,LONG,AVAILABLE,-0.02664582992507989,AVAILABLE,NEUTRAL,AVAILABLE,1.3838368405292507,AVAILABLE,Friday,True
L00597,18469,LONG,AVAILABLE,1.8931982698365424,AVAILABLE,NEUTRAL,AVAILABLE,1.9134596486753865,AVAILABLE,Friday,True
L00598,18494,SHORT,AVAILABLE,1.7260041452015742,AVAILABLE,NEUTRAL,AVAILABLE,1.888986811780399,AVAILABLE,Friday,True
L00599,18515,SHORT,AVAILABLE,1.767025008211208,AVAILABLE,NEUTRAL,AVAILABLE,1.6971301965434884,AVAILABLE,Friday,True
L00600,18551,SHORT,AVAILABLE,0.39491981390380587,AVAILABLE,NEUTRAL,AVAILABLE,1.2729043850657205,AVAILABLE,Friday,True
L00601,18569,LONG,AVAILABLE,0.8030742387145382,AVAILABLE,NEUTRAL,AVAILABLE,1.604846014421161,AVAILABLE,Friday,True
L00602,18610,LONG,AVAILABLE,0.48125207711111395,AVAILABLE,NEUTRAL,AVAILABLE,1.0489645584083234,AVAILABLE,Friday,True
L00603,18615,LONG,AVAILABLE,0.6091045423974808,AVAILABLE,NEUTRAL,AVAILABLE,1.0390811419394297,AVAILABLE,Friday,True
L00604,18637,LONG,AVAILABLE,1.4059806446737715,AVAILABLE,NEUTRAL,AVAILABLE,1.558998477093901,AVAILABLE,Friday,True
L00605,18666,LONG,AVAILABLE,0.31799784994894176,AVAILABLE,NEUTRAL,AVAILABLE,1.4892025877700017,AVAILABLE,Sunday,True
L00606,18694,SHORT,AVAILABLE,0.9431595409909037,AVAILABLE,NEUTRAL,AVAILABLE,1.5222678112550723,AVAILABLE,Monday,True
L00607,18756,SHORT,AVAILABLE,0.088971506403279,AVAILABLE,NEUTRAL,AVAILABLE,1.1525269161762843,AVAILABLE,Monday,True
L00608,18852,SHORT,AVAILABLE,1.3995815270580065,AVAILABLE,NEUTRAL,AVAILABLE,1.5825025597386895,AVAILABLE,Monday,True
L00609,18931,SHORT,AVAILABLE,0.8191965178229953,AVAILABLE,AGAINST_SINGLE,AVAILABLE,1.5714312625414881,AVAILABLE,Monday,True
L00610,18940,SHORT,AVAILABLE,0.5981432571257744,AVAILABLE,AGAINST_SINGLE,AVAILABLE,1.2735152085624666,AVAILABLE,Monday,True
L00611,18951,LONG,AVAILABLE,1.6337508639315317,AVAILABLE,ALIGNED_SINGLE,AVAILABLE,2.076654957448483,AVAILABLE,Tuesday,True
L00612,18974,LONG,AVAILABLE,1.6571621594977213,AVAILABLE,ALIGNED_SINGLE,AVAILABLE,1.8402509361380026,AVAILABLE,Tuesday,True
L00613,19021,LONG,AVAILABLE,0.1039632025237642,AVAILABLE,ALIGNED_SINGLE,AVAILABLE,1.4608928276539108,AVAILABLE,Tuesday,True
L00614,19036,LONG,AVAILABLE,0.6350031346481202,AVAILABLE,ALIGNED_SINGLE,AVAILABLE,1.0834274253206697,AVAILABLE,Tuesday,True
L00615,19067,LONG,AVAILABLE,0.6745861545401393,AVAILABLE,ALIGNED_SINGLE,AVAILABLE,2.5336519005301725,AVAILABLE,Tuesday,True
L00616,19113,SHORT,AVAILABLE,1.226865983197719,AVAILABLE,AGAINST_SINGLE,AVAILABLE,2.2071419010544746,AVAILABLE,Tuesday,True
L00617,19116,LONG,AVAILABLE,0.9178226830137841,AVAILABLE,ALIGNED_SINGLE,AVAILABLE,6.85089228740716,AVAILABLE,Tuesday,True
L00618,19428,LONG,AVAILABLE,0.625599020810137,AVAILABLE,ALIGNED_CONFIRMED,AVAILABLE,1.979263077964553,AVAILABLE,Wednesday,True
L00619,19526,LONG,AVAILABLE,0.2897743596320156,AVAILABLE,NEUTRAL,AVAILABLE,2.375488802946983,AVAILABLE,Thursday,True
L00620,19540,LONG,AVAILABLE,1.1854048531008017,AVAILABLE,NEUTRAL,AVAILABLE,2.435298907784965,AVAILABLE,Thursday,True
L00621,19580,LONG,AVAILABLE,0.06318288111223494,AVAILABLE,NEUTRAL,AVAILABLE,2.2191431360126965,AVAILABLE,Thursday,True
L00622,19598,LONG,AVAILABLE,1.655971466027555,AVAILABLE,NEUTRAL,AVAILABLE,1.6896513116251999,AVAILABLE,Thursday,True
L00623,19622,LONG,AVAILABLE,0.8468188113936436,AVAILABLE,NEUTRAL,AVAILABLE,1.0369009019316349,AVAILABLE,Thursday,True
L00624,19637,LONG,AVAILABLE,0.6810582321888012,AVAILABLE,NEUTRAL,AVAILABLE,1.5556550717690203,AVAILABLE,Thursday,True
L00625,19643,LONG,AVAILABLE,0.4474184843011746,AVAILABLE,NEUTRAL,AVAILABLE,2.357271257250603,AVAILABLE,Thursday,True
L00626,19659,LONG,AVAILABLE,0.32025214478858494,AVAILABLE,NEUTRAL,AVAILABLE,2.1765209595975348,AVAILABLE,Thursday,True
L00627,19678,SHORT,AVAILABLE,0.9033344924937797,AVAILABLE,NEUTRAL,AVAILABLE,1.4564659444331745,AVAILABLE,Thursday,True
L00628,19751,SHORT,AVAILABLE,0.03538855283104451,AVAILABLE,NEUTRAL,AVAILABLE,0.9122302598574588,AVAILABLE,Thursday,True
L00629,19761,LONG,AVAILABLE,1.662488614325098,AVAILABLE,NEUTRAL,AVAILABLE,1.9063981749523833,AVAILABLE,Thursday,True
L00630,19767,SHORT,AVAILABLE,1.9080059098243383,AVAILABLE,NEUTRAL,AVAILABLE,1.9244471563332741,AVAILABLE,Thursday,True
L00631,19787,SHORT,AVAILABLE,1.6845437972502622,AVAILABLE,ALIGNED_SINGLE,AVAILABLE,1.658367025915415,AVAILABLE,Friday,True
L00632,19822,LONG,AVAILABLE,0.3381548205012818,AVAILABLE,AGAINST_SINGLE,AVAILABLE,1.745899128318446,AVAILABLE,Friday,True
L00633,19833,LONG,AVAILABLE,1.4364945639598417,AVAILABLE,AGAINST_SINGLE,AVAILABLE,1.7704519081822807,AVAILABLE,Friday,True
L00634,19845,LONG,AVAILABLE,1.150836160017407,AVAILABLE,AGAINST_SINGLE,AVAILABLE,1.8235060190007362,AVAILABLE,Friday,True
L00635,19854,LONG,AVAILABLE,1.3495506951869927,AVAILABLE,AGAINST_SINGLE,AVAILABLE,1.361906090938721,AVAILABLE,Friday,True
L00636,19886,LONG,AVAILABLE,1.857328694591189,AVAILABLE,AGAINST_SINGLE,AVAILABLE,2.0284525007043364,AVAILABLE,Friday,True
L00637,19906,LONG,AVAILABLE,0.5221659776858509,AVAILABLE,AGAINST_SINGLE,AVAILABLE,1.842996441497136,AVAILABLE,Friday,True
L00638,19915,LONG,AVAILABLE,1.3704493087874914,AVAILABLE,AGAINST_SINGLE,AVAILABLE,1.6857241795042495,AVAILABLE,Friday,True
L00639,19929,LONG,AVAILABLE,0.08684383842196038,AVAILABLE,AGAINST_SINGLE,AVAILABLE,1.5958441405493116,AVAILABLE,Friday,True
L00640,19938,SHORT,AVAILABLE,0.6556399894002972,AVAILABLE,ALIGNED_SINGLE,AVAILABLE,1.8976079777510728,AVAILABLE,Friday,True
L00641,19969,LONG,AVAILABLE,0.6158112065269082,AVAILABLE,AGAINST_SINGLE,AVAILABLE,1.7037726631801937,AVAILABLE,Friday,True
L00642,20037,LONG,AVAILABLE,2.3463927208337667,AVAILABLE,AGAINST_SINGLE,AVAILABLE,2.880395260780518,AVAILABLE,Sunday,True
L00643,20102,SHORT,AVAILABLE,0.902908897753887,AVAILABLE,ALIGNED_SINGLE,AVAILABLE,1.8437117981420426,AVAILABLE,Monday,True
L00644,20125,SHORT,AVAILABLE,1.2226123435057021,AVAILABLE,ALIGNED_SINGLE,AVAILABLE,2.128331866460945,AVAILABLE,Monday,True
L00645,20189,LONG,AVAILABLE,0.6062291603916464,AVAILABLE,AGAINST_SINGLE,AVAILABLE,1.0054075144013461,AVAILABLE,Monday,True
L00646,20194,SHORT,AVAILABLE,0.43840852529194185,AVAILABLE,ALIGNED_SINGLE,AVAILABLE,1.0641076175022635,AVAILABLE,Monday,True
L00647,20208,LONG,AVAILABLE,0.1166618797760269,AVAILABLE,AGAINST_SINGLE,AVAILABLE,1.890437088376109,AVAILABLE,Monday,True
L00648,20225,LONG,AVAILABLE,0.22808509458838208,AVAILABLE,AGAINST_SINGLE,AVAILABLE,2.6234995370469414,AVAILABLE,Monday,True
L00649,20433,SHORT,AVAILABLE,1.1251890464259426,AVAILABLE,ALIGNED_CONFIRMED,AVAILABLE,1.8714607157187169,AVAILABLE,Tuesday,True
L00650,20470,LONG,AVAILABLE,1.5779251869666415,AVAILABLE,AGAINST_CONFIRMED,AVAILABLE,1.674474044949843,AVAILABLE,Tuesday,True
L00651,20482,SHORT,AVAILABLE,0.728054789554548,AVAILABLE,ALIGNED_CONFIRMED,AVAILABLE,1.1640966506724637,AVAILABLE,Tuesday,True
L00652,20489,LONG,AVAILABLE,-0.34807018985370203,AVAILABLE,AGAINST_CONFIRMED,AVAILABLE,2.1995312487439325,AVAILABLE,Tuesday,True
L00653,20496,LONG,AVAILABLE,1.4979539584078674,AVAILABLE,AGAINST_CONFIRMED,AVAILABLE,1.6341500771125652,AVAILABLE,Tuesday,True
L00654,20509,SHORT,AVAILABLE,1.3566129778183962,AVAILABLE,ALIGNED_CONFIRMED,AVAILABLE,2.069677574007815,AVAILABLE,Tuesday,True
L00655,20584,SHORT,AVAILABLE,0.6573043723784094,AVAILABLE,ALIGNED_SINGLE,AVAILABLE,1.514042435030495,AVAILABLE,Tuesday,True
L00656,20613,SHORT,AVAILABLE,1.7950370448973978,AVAILABLE,NEUTRAL,AVAILABLE,2.588642092482166,AVAILABLE,Wednesday,True
L00657,20625,LONG,AVAILABLE,2.096131656418024,AVAILABLE,NEUTRAL,AVAILABLE,2.030651619074273,AVAILABLE,Wednesday,True
L00658,20722,SHORT,AVAILABLE,0.9155999764140139,AVAILABLE,NEUTRAL,AVAILABLE,1.3797112859231795,AVAILABLE,Wednesday,True
L00659,20738,SHORT,AVAILABLE,-0.6733436954026004,AVAILABLE,NEUTRAL,AVAILABLE,0.9188873374893068,AVAILABLE,Wednesday,True
L00660,20743,LONG,AVAILABLE,1.0589973146042282,AVAILABLE,NEUTRAL,AVAILABLE,1.8315259098227175,AVAILABLE,Wednesday,True
L00661,20748,SHORT,AVAILABLE,1.5512950623608435,AVAILABLE,NEUTRAL,AVAILABLE,1.5807256951496274,AVAILABLE,Wednesday,True
L00662,20795,LONG,AVAILABLE,1.3928095669406677,AVAILABLE,NEUTRAL,AVAILABLE,1.8897711390463698,AVAILABLE,Wednesday,True
L00663,20842,LONG,AVAILABLE,0.542169409422798,AVAILABLE,NEUTRAL,AVAILABLE,1.5215355509830089,AVAILABLE,Wednesday,True
L00664,20894,SHORT,AVAILABLE,-0.06730535263939565,AVAILABLE,NEUTRAL,AVAILABLE,1.5180031299184689,AVAILABLE,Thursday,True
L00665,20907,SHORT,AVAILABLE,0.9692498459280009,AVAILABLE,NEUTRAL,AVAILABLE,1.515292786173315,AVAILABLE,Thursday,True
L00666,20920,SHORT,AVAILABLE,1.3370992903721683,AVAILABLE,NEUTRAL,AVAILABLE,1.5489101184339986,AVAILABLE,Thursday,True
L00667,20939,SHORT,AVAILABLE,1.0503459567500655,AVAILABLE,NEUTRAL,AVAILABLE,1.4328412409960467,AVAILABLE,Thursday,True
L00668,20957,SHORT,AVAILABLE,0.7276738478157888,AVAILABLE,NEUTRAL,AVAILABLE,1.7927573278104814,AVAILABLE,Thursday,True
L00669,20988,SHORT,AVAILABLE,0.4947075424183657,AVAILABLE,NEUTRAL,AVAILABLE,1.6880813856077796,AVAILABLE,Thursday,True
L00670,21033,SHORT,AVAILABLE,1.7079355705733024,AVAILABLE,NEUTRAL,AVAILABLE,1.4191441555073907,AVAILABLE,Thursday,True
L00671,21060,LONG,AVAILABLE,1.3304922994003465,AVAILABLE,NEUTRAL,AVAILABLE,1.6622632351576911,AVAILABLE,Thursday,True
L00672,21076,LONG,AVAILABLE,0.9609725648988298,AVAILABLE,NEUTRAL,AVAILABLE,1.3209550231282654,AVAILABLE,Thursday,True
L00673,21130,SHORT,AVAILABLE,-0.27839079683596296,AVAILABLE,NEUTRAL,AVAILABLE,0.7045243740956091,AVAILABLE,Thursday,True
L00674,21132,LONG,AVAILABLE,0.739476525299257,AVAILABLE,NEUTRAL,AVAILABLE,1.3151230717267297,AVAILABLE,Thursday,True
L00675,21141,SHORT,AVAILABLE,1.316708918744442,AVAILABLE,NEUTRAL,AVAILABLE,1.1645000959501992,AVAILABLE,Thursday,True
L00676,21146,LONG,AVAILABLE,1.0053222821553498,AVAILABLE,NEUTRAL,AVAILABLE,2.2717124101774315,AVAILABLE,Thursday,True
L00677,21160,LONG,AVAILABLE,0.8655628044950505,AVAILABLE,NEUTRAL,AVAILABLE,1.5950063989322214,AVAILABLE,Friday,True
L00678,21177,LONG,AVAILABLE,0.9094038515657682,AVAILABLE,NEUTRAL,AVAILABLE,2.3637833459046123,AVAILABLE,Friday,True
L00679,21196,SHORT,AVAILABLE,0.6540169987539678,AVAILABLE,NEUTRAL,AVAILABLE,2.2511760437718125,AVAILABLE,Friday,True
L00680,21227,SHORT,AVAILABLE,0.930614305379089,AVAILABLE,NEUTRAL,AVAILABLE,2.6870291292373114,AVAILABLE,Friday,True
L00681,21294,SHORT,AVAILABLE,1.136704945085136,AVAILABLE,NEUTRAL,AVAILABLE,1.1771534991026584,AVAILABLE,Friday,True
L00682,21318,SHORT,AVAILABLE,0.6755103237581159,AVAILABLE,NEUTRAL,AVAILABLE,1.99581344139682,AVAILABLE,Friday,True
L00683,21326,SHORT,AVAILABLE,0.5215292420109933,AVAILABLE,NEUTRAL,AVAILABLE,1.432631118844526,AVAILABLE,Friday,True
L00684,21406,SHORT,AVAILABLE,1.4173398965175432,AVAILABLE,NEUTRAL,AVAILABLE,1.6039864078461321,AVAILABLE,Sunday,True
L00685,21423,LONG,AVAILABLE,1.1101649431958318,AVAILABLE,NEUTRAL,AVAILABLE,1.7965325540171897,AVAILABLE,Sunday,True
L00686,21449,LONG,AVAILABLE,1.4928354317714037,AVAILABLE,NEUTRAL,AVAILABLE,2.2211956995297837,AVAILABLE,Monday,True
L00687,21574,SHORT,AVAILABLE,1.4790680991963754,AVAILABLE,NEUTRAL,AVAILABLE,2.0292025302066112,AVAILABLE,Monday,True
L00688,21581,LONG,AVAILABLE,1.423803256408209,AVAILABLE,NEUTRAL,AVAILABLE,1.7919384470516777,AVAILABLE,Monday,True
L00689,21598,SHORT,AVAILABLE,1.6725304769518774,AVAILABLE,NEUTRAL,AVAILABLE,2.143607806666574,AVAILABLE,Monday,True
L00690,21682,SHORT,AVAILABLE,-0.7440756621637588,AVAILABLE,AGAINST_SINGLE,AVAILABLE,1.2984690516301824,AVAILABLE,Monday,True
L00691,21703,SHORT,AVAILABLE,0.10175018018748566,AVAILABLE,AGAINST_SINGLE,AVAILABLE,1.8420185796880657,AVAILABLE,Monday,True
L00692,21720,SHORT,AVAILABLE,1.4301939682850575,AVAILABLE,AGAINST_CONFIRMED,AVAILABLE,1.819140643561976,AVAILABLE,Tuesday,True
L00693,21750,LONG,AVAILABLE,1.2164698392493933,AVAILABLE,ALIGNED_CONFIRMED,AVAILABLE,1.334588232542475,AVAILABLE,Tuesday,True
L00694,21771,LONG,AVAILABLE,1.250181242210457,AVAILABLE,ALIGNED_CONFIRMED,AVAILABLE,1.9589678142151565,AVAILABLE,Tuesday,True
L00695,21789,LONG,AVAILABLE,1.276929401200632,AVAILABLE,ALIGNED_CONFIRMED,AVAILABLE,1.55350375297826,AVAILABLE,Tuesday,True
L00696,21846,LONG,AVAILABLE,1.5026091861748332,AVAILABLE,ALIGNED_CONFIRMED,AVAILABLE,1.4334041869950018,AVAILABLE,Tuesday,True
L00697,21874,SHORT,AVAILABLE,0.26465168163552905,AVAILABLE,AGAINST_CONFIRMED,AVAILABLE,2.224441156860455,AVAILABLE,Tuesday,True
L00698,21890,SHORT,AVAILABLE,1.7180754509376202,AVAILABLE,AGAINST_CONFIRMED,AVAILABLE,1.3109378013449522,AVAILABLE,Tuesday,True
L00699,21898,SHORT,AVAILABLE,0.9289219747050869,AVAILABLE,AGAINST_CONFIRMED,AVAILABLE,1.259308248307764,AVAILABLE,Tuesday,True
L00700,21958,SHORT,AVAILABLE,0.7998909821292117,AVAILABLE,AGAINST_CONFIRMED,AVAILABLE,1.415353036041719,AVAILABLE,Tuesday,True
L00701,21964,LONG,AVAILABLE,0.6040029469146049,AVAILABLE,ALIGNED_CONFIRMED,AVAILABLE,1.2927379247054747,AVAILABLE,Tuesday,True
L00702,21988,SHORT,AVAILABLE,1.6088782912292718,AVAILABLE,AGAINST_CONFIRMED,AVAILABLE,1.6084770128692805,AVAILABLE,Wednesday,True
L00703,21999,LONG,AVAILABLE,1.7990289483138158,AVAILABLE,ALIGNED_CONFIRMED,AVAILABLE,2.3188889679722333,AVAILABLE,Wednesday,True
L00704,22010,LONG,AVAILABLE,1.012088162982414,AVAILABLE,ALIGNED_CONFIRMED,AVAILABLE,1.7681362087938892,AVAILABLE,Wednesday,True
L00705,22046,LONG,AVAILABLE,0.3856214774413541,AVAILABLE,ALIGNED_CONFIRMED,AVAILABLE,1.4874579702430524,AVAILABLE,Wednesday,True
L00706,22071,LONG,AVAILABLE,1.888625447800663,AVAILABLE,ALIGNED_CONFIRMED,AVAILABLE,2.1282649694820703,AVAILABLE,Wednesday,True
L00707,22102,LONG,AVAILABLE,1.8427509627417098,AVAILABLE,ALIGNED_CONFIRMED,AVAILABLE,1.9827146614534816,AVAILABLE,Wednesday,True
L00708,22122,SHORT,AVAILABLE,0.6138933262266347,AVAILABLE,AGAINST_CONFIRMED,AVAILABLE,1.314997064634433,AVAILABLE,Wednesday,True
L00709,22128,LONG,AVAILABLE,0.5275149260069053,AVAILABLE,ALIGNED_CONFIRMED,AVAILABLE,1.7781934226909624,AVAILABLE,Wednesday,True
L00710,22142,SHORT,AVAILABLE,1.385561508915822,AVAILABLE,AGAINST_CONFIRMED,AVAILABLE,1.427482559040253,AVAILABLE,Wednesday,True
L00711,22164,SHORT,AVAILABLE,1.0149836687288745,AVAILABLE,AGAINST_CONFIRMED,AVAILABLE,1.3216306549284627,AVAILABLE,Wednesday,True
L00712,22238,SHORT,AVAILABLE,0.366859224592088,AVAILABLE,AGAINST_SINGLE,AVAILABLE,2.5019176312285767,AVAILABLE,Wednesday,True
L00713,22258,LONG,AVAILABLE,-0.13546765304276473,AVAILABLE,NEUTRAL,AVAILABLE,2.1187885542311524,AVAILABLE,Thursday,True
L00714,22285,SHORT,AVAILABLE,1.2834638606653845,AVAILABLE,NEUTRAL,AVAILABLE,2.0307710153090444,AVAILABLE,Thursday,True
L00715,22352,SHORT,AVAILABLE,1.5700520954915405,AVAILABLE,NEUTRAL,AVAILABLE,1.9918645551432974,AVAILABLE,Thursday,True
L00716,22395,SHORT,AVAILABLE,1.306690637054977,AVAILABLE,NEUTRAL,AVAILABLE,1.641535917566301,AVAILABLE,Thursday,True
L00717,22409,SHORT,AVAILABLE,2.0469079450736065,AVAILABLE,NEUTRAL,AVAILABLE,2.4371447886402575,AVAILABLE,Thursday,True
L00718,22423,SHORT,AVAILABLE,1.4079091723071127,AVAILABLE,NEUTRAL,AVAILABLE,1.915388354574978,AVAILABLE,Thursday,True
L00719,22476,SHORT,AVAILABLE,1.6517571853607649,AVAILABLE,NEUTRAL,AVAILABLE,1.5919199448150367,AVAILABLE,Thursday,True
L00720,22505,SHORT,AVAILABLE,0.8635278114698872,AVAILABLE,NEUTRAL,AVAILABLE,1.2909300323420694,AVAILABLE,Thursday,True
L00721,22510,SHORT,AVAILABLE,0.44981376542244716,AVAILABLE,NEUTRAL,AVAILABLE,2.4467685351899937,AVAILABLE,Thursday,True
L00722,22558,LONG,AVAILABLE,1.237545185271086,AVAILABLE,NEUTRAL,AVAILABLE,1.3325537702998764,AVAILABLE,Friday,True
L00723,22670,LONG,AVAILABLE,1.3540695334249702,AVAILABLE,NEUTRAL,AVAILABLE,2.0244274978367924,AVAILABLE,Friday,True
L00724,22687,SHORT,AVAILABLE,1.8022440704417075,AVAILABLE,NEUTRAL,AVAILABLE,2.091627015095664,AVAILABLE,Friday,True
L00725,22748,LONG,AVAILABLE,0.15063266725296331,AVAILABLE,NEUTRAL,AVAILABLE,3.255646709749553,AVAILABLE,Friday,True
L00726,22829,LONG,AVAILABLE,1.549517202061867,AVAILABLE,ALIGNED_SINGLE,AVAILABLE,2.700955424706669,AVAILABLE,Monday,True
L00727,22907,LONG,AVAILABLE,1.0919383795901267,AVAILABLE,ALIGNED_SINGLE,AVAILABLE,1.3958499829394944,AVAILABLE,Monday,True
L00728,22919,LONG,AVAILABLE,1.0896956631231107,AVAILABLE,ALIGNED_SINGLE,AVAILABLE,1.851915317445191,AVAILABLE,Monday,True
L00729,22929,LONG,AVAILABLE,2.098464920432792,AVAILABLE,ALIGNED_SINGLE,AVAILABLE,1.6847323164020322,AVAILABLE,Monday,True
L00730,22950,LONG,AVAILABLE,0.5245189563656089,AVAILABLE,ALIGNED_SINGLE,AVAILABLE,1.5735504086975742,AVAILABLE,Monday,True
L00731,22958,LONG,AVAILABLE,-0.4682265749684197,AVAILABLE,ALIGNED_SINGLE,AVAILABLE,2.4684137591541244,AVAILABLE,Monday,True
L00732,22976,SHORT,AVAILABLE,1.2669167575550881,AVAILABLE,AGAINST_SINGLE,AVAILABLE,1.8061859377999574,AVAILABLE,Monday,True
L00733,22992,LONG,AVAILABLE,1.100263458530909,AVAILABLE,ALIGNED_SINGLE,AVAILABLE,2.1677291301504304,AVAILABLE,Monday,True
L00734,23018,LONG,AVAILABLE,3.883675113955673,AVAILABLE,ALIGNED_SINGLE,AVAILABLE,1.3747448204759316,AVAILABLE,Monday,True
L00735,23069,LONG,AVAILABLE,1.135206199894321,AVAILABLE,NEUTRAL,AVAILABLE,1.2828246491752555,AVAILABLE,Monday,True
L00736,23099,SHORT,AVAILABLE,1.7885607690159826,AVAILABLE,NEUTRAL,AVAILABLE,1.7566037909266177,AVAILABLE,Tuesday,True
L00737,23163,LONG,AVAILABLE,1.461005667933486,AVAILABLE,NEUTRAL,AVAILABLE,2.294646408881253,AVAILABLE,Tuesday,True
L00738,23182,SHORT,AVAILABLE,0.04952283448529269,AVAILABLE,NEUTRAL,AVAILABLE,1.928312667347826,AVAILABLE,Tuesday,True
L00739,23223,LONG,AVAILABLE,1.1646414505098286,AVAILABLE,NEUTRAL,AVAILABLE,2.8065249429935464,AVAILABLE,Tuesday,True
L00740,23240,SHORT,AVAILABLE,0.8471711452588798,AVAILABLE,NEUTRAL,AVAILABLE,1.9014227720273098,AVAILABLE,Tuesday,True
L00741,23263,LONG,AVAILABLE,1.618757630135269,AVAILABLE,NEUTRAL,AVAILABLE,1.4013691232626622,AVAILABLE,Tuesday,True
L00742,23277,SHORT,AVAILABLE,0.670308313065211,AVAILABLE,NEUTRAL,AVAILABLE,2.5652606936868128,AVAILABLE,Tuesday,True
L00743,23451,SHORT,AVAILABLE,1.0170788693924555,AVAILABLE,ALIGNED_SINGLE,AVAILABLE,1.4457960756868984,AVAILABLE,Wednesday,True
L00744,23483,SHORT,AVAILABLE,0.07473940687634814,AVAILABLE,ALIGNED_SINGLE,AVAILABLE,1.4924122054204432,AVAILABLE,Wednesday,True
L00745,23491,SHORT,AVAILABLE,1.0549441280401006,AVAILABLE,ALIGNED_SINGLE,AVAILABLE,1.013671414690418,AVAILABLE,Wednesday,True
L00746,23502,LONG,AVAILABLE,1.6188640344267777,AVAILABLE,AGAINST_SINGLE,AVAILABLE,1.2663055092974298,AVAILABLE,Wednesday,True
L00747,23504,SHORT,AVAILABLE,1.378361636393813,AVAILABLE,ALIGNED_SINGLE,AVAILABLE,1.2948384814640896,AVAILABLE,Wednesday,True
L00748,23507,LONG,AVAILABLE,1.528448586372582,AVAILABLE,AGAINST_SINGLE,AVAILABLE,1.6125072751398286,AVAILABLE,Wednesday,True
L00749,23512,LONG,AVAILABLE,0.7288151063846222,AVAILABLE,AGAINST_SINGLE,AVAILABLE,1.6177839838660777,AVAILABLE,Wednesday,True
L00750,23522,LONG,AVAILABLE,1.7172545289618846,AVAILABLE,AGAINST_SINGLE,AVAILABLE,1.3455850216799026,AVAILABLE,Wednesday,True
L00751,23535,SHORT,AVAILABLE,0.3142371516993489,AVAILABLE,ALIGNED_SINGLE,AVAILABLE,1.973369068343957,AVAILABLE,Wednesday,True
L00752,23582,LONG,AVAILABLE,1.2210244035646054,AVAILABLE,AGAINST_SINGLE,AVAILABLE,1.8361351156048722,AVAILABLE,Wednesday,True
L00753,23647,SHORT,AVAILABLE,1.5703372254031807,AVAILABLE,AGAINST_SINGLE,AVAILABLE,2.9079038181998142,AVAILABLE,Thursday,True
L00754,23682,LONG,AVAILABLE,1.4800341693882952,AVAILABLE,ALIGNED_SINGLE,AVAILABLE,1.9011427612204852,AVAILABLE,Thursday,True
L00755,23743,LONG,AVAILABLE,0.8639584287764994,AVAILABLE,ALIGNED_SINGLE,AVAILABLE,2.143495468867643,AVAILABLE,Thursday,True
L00756,23774,SHORT,AVAILABLE,0.07380799885706603,AVAILABLE,AGAINST_SINGLE,AVAILABLE,0.40153457856190183,AVAILABLE,Thursday,True
L00757,23781,SHORT,AVAILABLE,0.005989302646938917,AVAILABLE,AGAINST_SINGLE,AVAILABLE,1.3581854173705326,AVAILABLE,Thursday,True
L00758,23791,LONG,AVAILABLE,0.6488181166888249,AVAILABLE,ALIGNED_SINGLE,AVAILABLE,3.0473141491112097,AVAILABLE,Thursday,True
L00759,23807,LONG,AVAILABLE,1.9001828574102135,AVAILABLE,ALIGNED_SINGLE,AVAILABLE,2.3738413178161366,AVAILABLE,Thursday,True
L00760,23840,LONG,AVAILABLE,0.527774029761679,AVAILABLE,ALIGNED_SINGLE,AVAILABLE,1.6697172152887285,AVAILABLE,Thursday,True
L00761,23889,SHORT,AVAILABLE,-0.1265082570778999,AVAILABLE,AGAINST_SINGLE,AVAILABLE,1.4785792441400651,AVAILABLE,Thursday,True
L00762,23903,LONG,AVAILABLE,0.9637131387980161,AVAILABLE,ALIGNED_SINGLE,AVAILABLE,1.368209359556815,AVAILABLE,Thursday,True
L00763,23924,SHORT,AVAILABLE,1.2109814688310498,AVAILABLE,NEUTRAL,AVAILABLE,1.469725297346727,AVAILABLE,Friday,True
L00764,23939,SHORT,AVAILABLE,0.5418155133818757,AVAILABLE,NEUTRAL,AVAILABLE,1.3804401086747375,AVAILABLE,Friday,True
L00765,23969,SHORT,AVAILABLE,-0.04199519646530962,AVAILABLE,NEUTRAL,AVAILABLE,1.6692656889414985,AVAILABLE,Friday,True
L00766,23974,SHORT,AVAILABLE,2.2425334371744503,AVAILABLE,NEUTRAL,AVAILABLE,2.2469770676368013,AVAILABLE,Friday,True
L00767,24048,LONG,AVAILABLE,0.20447827270918187,AVAILABLE,NEUTRAL,AVAILABLE,0.7922960433210893,AVAILABLE,Friday,True
L00768,24055,SHORT,AVAILABLE,0.4422769253616207,AVAILABLE,NEUTRAL,AVAILABLE,1.3438706649220609,AVAILABLE,Friday,True
L00769,24062,LONG,AVAILABLE,1.11626322670103,AVAILABLE,NEUTRAL,AVAILABLE,2.4403498725862725,AVAILABLE,Friday,True
L00770,24079,LONG,AVAILABLE,0.6127161556833928,AVAILABLE,NEUTRAL,AVAILABLE,1.451171955796432,AVAILABLE,Friday,True
L00771,24187,LONG,AVAILABLE,1.8318820354546688,AVAILABLE,NEUTRAL,AVAILABLE,2.9358502886765643,AVAILABLE,Monday,True
L00772,24213,SHORT,AVAILABLE,1.052445334421991,AVAILABLE,NEUTRAL,AVAILABLE,1.6187304099785207,AVAILABLE,Monday,True
L00773,24233,SHORT,AVAILABLE,0.6114179292254638,AVAILABLE,NEUTRAL,AVAILABLE,2.5393055841023293,AVAILABLE,Monday,True
L00774,24249,SHORT,AVAILABLE,1.4266454557518344,AVAILABLE,NEUTRAL,AVAILABLE,2.298717583890531,AVAILABLE,Monday,True
L00775,24323,LONG,AVAILABLE,0.3975681160045837,AVAILABLE,NEUTRAL,AVAILABLE,0.42337816850613835,AVAILABLE,Monday,True
L00776,24324,SHORT,AVAILABLE,0.6237126895381945,AVAILABLE,NEUTRAL,AVAILABLE,0.3182558059705105,AVAILABLE,Monday,True
L00777,24332,LONG,AVAILABLE,1.0939541603263978,AVAILABLE,NEUTRAL,AVAILABLE,1.7307110838442383,AVAILABLE,Monday,True
L00778,24360,LONG,AVAILABLE,0.633319847564041,AVAILABLE,NEUTRAL,AVAILABLE,2.1259924946040076,AVAILABLE,Monday,True
L00779,24373,LONG,AVAILABLE,0.5654291236260011,AVAILABLE,NEUTRAL,AVAILABLE,1.1697881727834265,AVAILABLE,Monday,True
L00780,24385,LONG,AVAILABLE,1.073011741411122,AVAILABLE,NEUTRAL,AVAILABLE,0.938877031602391,AVAILABLE,Monday,True
L00781,24418,LONG,AVAILABLE,1.2655826265161894,AVAILABLE,NEUTRAL,AVAILABLE,1.3761120032384497,AVAILABLE,Monday,True
L00782,24440,SHORT,AVAILABLE,-0.3896850867848756,AVAILABLE,NEUTRAL,AVAILABLE,1.2980235540984053,AVAILABLE,Monday,True
L00783,24446,SHORT,AVAILABLE,0.5854010293960895,AVAILABLE,NEUTRAL,AVAILABLE,1.3115780987373913,AVAILABLE,Monday,True
L00784,24463,LONG,AVAILABLE,1.3166584448942729,AVAILABLE,NEUTRAL,AVAILABLE,3.946110043893832,AVAILABLE,Tuesday,True
L00785,24471,SHORT,AVAILABLE,1.4083493896335697,AVAILABLE,NEUTRAL,AVAILABLE,2.0444314656113853,AVAILABLE,Tuesday,True
L00786,24506,SHORT,AVAILABLE,1.4631952117085736,AVAILABLE,NEUTRAL,AVAILABLE,1.710435826508007,AVAILABLE,Tuesday,True
L00787,24558,SHORT,AVAILABLE,0.08304059330978616,AVAILABLE,NEUTRAL,AVAILABLE,1.4036147647114554,AVAILABLE,Tuesday,True
L00788,24597,SHORT,AVAILABLE,0.7572141936476698,AVAILABLE,NEUTRAL,AVAILABLE,1.7499704534085931,AVAILABLE,Tuesday,True
L00789,24624,LONG,AVAILABLE,2.1537942798092913,AVAILABLE,NEUTRAL,AVAILABLE,3.277144789203055,AVAILABLE,Tuesday,True
L00790,24674,LONG,AVAILABLE,1.7335720470122329,AVAILABLE,NEUTRAL,AVAILABLE,1.481386801564034,AVAILABLE,Tuesday,True
L00791,24747,LONG,AVAILABLE,1.9290529604711697,AVAILABLE,NEUTRAL,AVAILABLE,1.047528773603049,AVAILABLE,Wednesday,True
L00792,24753,LONG,AVAILABLE,0.509119872022746,AVAILABLE,NEUTRAL,AVAILABLE,1.3119946532638513,AVAILABLE,Wednesday,True
L00793,24757,LONG,AVAILABLE,0.08863650581779965,AVAILABLE,NEUTRAL,AVAILABLE,1.3043799029047225,AVAILABLE,Wednesday,True
L00794,24762,SHORT,AVAILABLE,1.0881419902176277,AVAILABLE,NEUTRAL,AVAILABLE,1.4173865556381766,AVAILABLE,Wednesday,True
L00795,24797,SHORT,AVAILABLE,1.1925461590527742,AVAILABLE,NEUTRAL,AVAILABLE,1.5353091154225385,AVAILABLE,Wednesday,True
L00796,24819,SHORT,AVAILABLE,0.37607221411893393,AVAILABLE,NEUTRAL,AVAILABLE,1.8167592757605706,AVAILABLE,Wednesday,True
L00797,24828,SHORT,AVAILABLE,1.8243235702495315,AVAILABLE,NEUTRAL,AVAILABLE,1.982803401052845,AVAILABLE,Wednesday,True
L00798,24868,SHORT,AVAILABLE,0.643539259675786,AVAILABLE,NEUTRAL,AVAILABLE,1.0776882859324812,AVAILABLE,Wednesday,True
L00799,24898,SHORT,AVAILABLE,1.00645458064572,AVAILABLE,NEUTRAL,AVAILABLE,2.155121846899172,AVAILABLE,Wednesday,True
L00800,24903,SHORT,AVAILABLE,0.5952906396770068,AVAILABLE,NEUTRAL,AVAILABLE,2.423163280234893,AVAILABLE,Wednesday,True
L00801,24918,SHORT,AVAILABLE,1.4907234904445155,AVAILABLE,NEUTRAL,AVAILABLE,1.811436823783635,AVAILABLE,Wednesday,True
L00802,24994,SHORT,AVAILABLE,2.171007170509061,AVAILABLE,NEUTRAL,AVAILABLE,2.2692841285331267,AVAILABLE,Wednesday,True
L00803,25028,LONG,AVAILABLE,1.2286606817565262,AVAILABLE,NEUTRAL,AVAILABLE,1.8774905979162146,AVAILABLE,Thursday,True
L00804,25047,LONG,AVAILABLE,0.8072210498675877,AVAILABLE,NEUTRAL,AVAILABLE,1.4641939433804778,AVAILABLE,Thursday,True
L00805,25077,LONG,AVAILABLE,0.6070417561917206,AVAILABLE,NEUTRAL,AVAILABLE,1.5366062437138055,AVAILABLE,Thursday,True
L00806,25093,LONG,AVAILABLE,1.4180342117678735,AVAILABLE,NEUTRAL,AVAILABLE,2.1024995617472952,AVAILABLE,Thursday,True
L00807,25153,LONG,AVAILABLE,1.0083588500233256,AVAILABLE,NEUTRAL,AVAILABLE,0.9959716249818973,AVAILABLE,Thursday,True
L00808,25179,SHORT,AVAILABLE,2.0104689553994275,AVAILABLE,NEUTRAL,AVAILABLE,1.4085669242828585,AVAILABLE,Thursday,True
L00809,25190,SHORT,AVAILABLE,0.6252940639366866,AVAILABLE,NEUTRAL,AVAILABLE,1.3663876695438395,AVAILABLE,Thursday,True
L00810,25267,SHORT,AVAILABLE,-0.21588932740522543,AVAILABLE,NEUTRAL,AVAILABLE,1.2343477750778469,AVAILABLE,Thursday,True
L00811,25276,SHORT,AVAILABLE,0.6358747111641571,AVAILABLE,NEUTRAL,AVAILABLE,1.1161302116536618,AVAILABLE,Thursday,True
L00812,25285,LONG,AVAILABLE,1.8976807194724097,AVAILABLE,NEUTRAL,AVAILABLE,1.5263552003350582,AVAILABLE,Thursday,True
L00813,25294,LONG,AVAILABLE,0.29960495734906595,AVAILABLE,NEUTRAL,AVAILABLE,2.2585796226179333,AVAILABLE,Friday,True
L00814,25332,LONG,AVAILABLE,0.8415177923587159,AVAILABLE,NEUTRAL,AVAILABLE,1.6008316743654745,AVAILABLE,Friday,True
L00815,25355,LONG,AVAILABLE,0.859642307709933,AVAILABLE,NEUTRAL,AVAILABLE,1.5054019460400712,AVAILABLE,Friday,True
L00816,25372,LONG,AVAILABLE,1.0109864055024338,AVAILABLE,NEUTRAL,AVAILABLE,1.5169823559001314,AVAILABLE,Friday,True
L00817,25391,LONG,AVAILABLE,0.2810926233834921,AVAILABLE,NEUTRAL,AVAILABLE,1.5758307639446605,AVAILABLE,Friday,True
L00818,25437,LONG,AVAILABLE,1.1938805002136759,AVAILABLE,NEUTRAL,AVAILABLE,2.079362276886631,AVAILABLE,Friday,True
L00819,25447,LONG,AVAILABLE,0.05265178015874707,AVAILABLE,NEUTRAL,AVAILABLE,1.8132983158253508,AVAILABLE,Friday,True
L00820,25478,SHORT,AVAILABLE,1.266594029996554,AVAILABLE,NEUTRAL,AVAILABLE,1.440042698375266,AVAILABLE,Friday,True
L00821,25554,LONG,AVAILABLE,0.37137105907348045,AVAILABLE,NEUTRAL,AVAILABLE,1.6687788293754047,AVAILABLE,Sunday,True
L00822,25565,SHORT,AVAILABLE,2.0669836973790736,AVAILABLE,NEUTRAL,AVAILABLE,2.0762950419559982,AVAILABLE,Monday,True
L00823,25577,LONG,AVAILABLE,1.2783489695445087,AVAILABLE,NEUTRAL,AVAILABLE,1.3558934425945395,AVAILABLE,Monday,True
L00824,25595,LONG,AVAILABLE,1.3428807858080498,AVAILABLE,NEUTRAL,AVAILABLE,1.6660616725324962,AVAILABLE,Monday,True
L00825,25710,SHORT,AVAILABLE,1.4623971377765843,AVAILABLE,NEUTRAL,AVAILABLE,1.7256093502496073,AVAILABLE,Monday,True
L00826,25727,LONG,AVAILABLE,0.6120832760593913,AVAILABLE,NEUTRAL,AVAILABLE,1.6921019553156882,AVAILABLE,Monday,True
L00827,25751,SHORT,AVAILABLE,0.40022605368061726,AVAILABLE,NEUTRAL,AVAILABLE,1.295565361488887,AVAILABLE,Monday,True
L00828,25818,SHORT,AVAILABLE,0.42183762948730213,AVAILABLE,NEUTRAL,AVAILABLE,1.2745529187424445,AVAILABLE,Monday,True
L00829,25826,LONG,AVAILABLE,0.6914505799534046,AVAILABLE,NEUTRAL,AVAILABLE,1.2607895408814973,AVAILABLE,Monday,True
L00830,25841,LONG,AVAILABLE,1.8685056986099882,AVAILABLE,NEUTRAL,AVAILABLE,2.2012279071145047,AVAILABLE,Tuesday,True
L00831,25854,SHORT,AVAILABLE,2.374158360608175,AVAILABLE,NEUTRAL,AVAILABLE,2.437459429866529,AVAILABLE,Tuesday,True
L00832,26036,SHORT,AVAILABLE,1.4153916803615771,AVAILABLE,NEUTRAL,AVAILABLE,2.429447261749126,AVAILABLE,Tuesday,True
L00833,26093,SHORT,AVAILABLE,0.43127749169868895,AVAILABLE,NEUTRAL,AVAILABLE,2.115998022626696,AVAILABLE,Tuesday,True
L00834,26095,SHORT,AVAILABLE,3.088276955739267,AVAILABLE,NEUTRAL,AVAILABLE,1.064971284081369,AVAILABLE,Tuesday,True
L00835,26099,LONG,AVAILABLE,1.8184503009995172,AVAILABLE,NEUTRAL,AVAILABLE,1.3041863993883682,AVAILABLE,Tuesday,True
L00836,26112,SHORT,AVAILABLE,1.821550309492935,AVAILABLE,NEUTRAL,AVAILABLE,1.5796568809784086,AVAILABLE,Tuesday,True
L00837,26122,SHORT,AVAILABLE,0.680989924757237,AVAILABLE,NEUTRAL,AVAILABLE,1.4540780183620934,AVAILABLE,Wednesday,True
L00838,26139,LONG,AVAILABLE,2.033895920553765,AVAILABLE,NEUTRAL,AVAILABLE,1.8295516998398247,AVAILABLE,Wednesday,True
L00839,26181,LONG,AVAILABLE,0.5195250672019408,AVAILABLE,NEUTRAL,AVAILABLE,1.6178396071210288,AVAILABLE,Wednesday,True
L00840,26208,LONG,AVAILABLE,1.133051868468704,AVAILABLE,NEUTRAL,AVAILABLE,1.495355280679326,AVAILABLE,Wednesday,True
L00841,26258,LONG,AVAILABLE,0.9212024821402613,AVAILABLE,NEUTRAL,AVAILABLE,1.3423080269191,AVAILABLE,Wednesday,True
L00842,26279,SHORT,AVAILABLE,2.2313836511067495,AVAILABLE,NEUTRAL,AVAILABLE,1.570514471795045,AVAILABLE,Wednesday,True
L00843,26306,SHORT,AVAILABLE,0.42798335790059083,AVAILABLE,NEUTRAL,AVAILABLE,1.5943579306349702,AVAILABLE,Wednesday,True
L00844,26331,SHORT,AVAILABLE,0.06347360380899726,AVAILABLE,NEUTRAL,AVAILABLE,1.9006879986824756,AVAILABLE,Wednesday,True
L00845,26390,SHORT,AVAILABLE,2.06875982448778,AVAILABLE,NEUTRAL,AVAILABLE,1.2146510469809522,AVAILABLE,Wednesday,True
L00846,26397,LONG,AVAILABLE,1.7124780703492222,AVAILABLE,ALIGNED_SINGLE,AVAILABLE,1.3582312637959575,AVAILABLE,Thursday,True
L00847,26424,LONG,AVAILABLE,0.2698933069974001,AVAILABLE,ALIGNED_SINGLE,AVAILABLE,1.242287828565908,AVAILABLE,Thursday,True
L00848,26443,LONG,AVAILABLE,-0.11083739713036309,AVAILABLE,ALIGNED_SINGLE,AVAILABLE,3.8846586511240107,AVAILABLE,Thursday,True
L00849,26506,SHORT,AVAILABLE,0.9820621160316443,AVAILABLE,AGAINST_SINGLE,AVAILABLE,1.274045320495821,AVAILABLE,Thursday,True
L00850,26543,SHORT,AVAILABLE,1.7336399905507625,AVAILABLE,AGAINST_SINGLE,AVAILABLE,1.4836197115706806,AVAILABLE,Thursday,True
L00851,26552,LONG,AVAILABLE,0.6120126190581834,AVAILABLE,ALIGNED_SINGLE,AVAILABLE,2.193586806383275,AVAILABLE,Thursday,True
L00852,26576,SHORT,AVAILABLE,0.9946484702100103,AVAILABLE,AGAINST_SINGLE,AVAILABLE,1.1755774091756444,AVAILABLE,Thursday,True
L00853,26602,SHORT,AVAILABLE,0.25428317323215605,AVAILABLE,AGAINST_SINGLE,AVAILABLE,1.473368343819858,AVAILABLE,Thursday,True
L00854,26618,SHORT,AVAILABLE,0.5638385854292577,AVAILABLE,AGAINST_SINGLE,AVAILABLE,0.7306248329675764,AVAILABLE,Thursday,True
L00855,26623,SHORT,AVAILABLE,1.0573902022147772,AVAILABLE,AGAINST_SINGLE,AVAILABLE,1.305128828298719,AVAILABLE,Thursday,True
L00856,26633,SHORT,AVAILABLE,0.3046258312212081,AVAILABLE,AGAINST_SINGLE,AVAILABLE,2.383898030279009,AVAILABLE,Thursday,True
L00857,26649,LONG,AVAILABLE,0.3375911290187868,AVAILABLE,ALIGNED_CONFIRMED,AVAILABLE,1.2020412599224881,AVAILABLE,Thursday,True
L00858,26656,LONG,AVAILABLE,0.6577440635030575,AVAILABLE,ALIGNED_CONFIRMED,AVAILABLE,1.3639324268602295,AVAILABLE,Thursday,True
L00859,26669,LONG,AVAILABLE,1.0327101214492458,AVAILABLE,ALIGNED_CONFIRMED,AVAILABLE,1.223757397774677,AVAILABLE,Friday,True
L00860,26693,LONG,AVAILABLE,1.0531568833948661,AVAILABLE,ALIGNED_CONFIRMED,AVAILABLE,1.9171998361624327,AVAILABLE,Friday,True
L00861,26735,LONG,AVAILABLE,1.6040827324681093,AVAILABLE,ALIGNED_CONFIRMED,AVAILABLE,1.433371769126646,AVAILABLE,Friday,True
L00862,26761,LONG,AVAILABLE,1.6331172683857151,AVAILABLE,ALIGNED_CONFIRMED,AVAILABLE,1.6381130933713675,AVAILABLE,Friday,True
L00863,26796,LONG,AVAILABLE,0.6995911366185922,AVAILABLE,ALIGNED_CONFIRMED,AVAILABLE,1.3786697983232619,AVAILABLE,Friday,True
L00864,26804,LONG,AVAILABLE,0.8706697096643499,AVAILABLE,ALIGNED_CONFIRMED,AVAILABLE,1.4579090496770346,AVAILABLE,Friday,True
L00865,26815,SHORT,AVAILABLE,1.3403637508774309,AVAILABLE,AGAINST_CONFIRMED,AVAILABLE,1.737105864233553,AVAILABLE,Friday,True
L00866,26863,SHORT,AVAILABLE,0.48032758833812855,AVAILABLE,AGAINST_CONFIRMED,AVAILABLE,1.479346592645893,AVAILABLE,Friday,True
L00867,26879,SHORT,AVAILABLE,1.0801371885056321,AVAILABLE,AGAINST_CONFIRMED,AVAILABLE,1.1967579358591651,AVAILABLE,Friday,True
L00868,26909,SHORT,AVAILABLE,1.2399808513820645,AVAILABLE,AGAINST_CONFIRMED,AVAILABLE,2.6105784309730757,AVAILABLE,Friday,True
L00869,26962,LONG,AVAILABLE,1.0250394114873473,AVAILABLE,ALIGNED_SINGLE,AVAILABLE,2.122449368095216,AVAILABLE,Monday,True
L00870,26985,SHORT,AVAILABLE,0.3799824788744473,AVAILABLE,AGAINST_SINGLE,AVAILABLE,2.914932140301053,AVAILABLE,Monday,True
L00871,27027,SHORT,AVAILABLE,2.531883882903141,AVAILABLE,AGAINST_SINGLE,AVAILABLE,1.8056811206241556,AVAILABLE,Monday,True
L00872,27084,SHORT,AVAILABLE,0.1750325659978248,AVAILABLE,AGAINST_SINGLE,AVAILABLE,1.1638826765114447,AVAILABLE,Monday,True
L00873,27088,LONG,AVAILABLE,1.293060624645024,AVAILABLE,ALIGNED_SINGLE,AVAILABLE,1.2769337237277272,AVAILABLE,Monday,True
L00874,27093,LONG,AVAILABLE,-0.08524201570124931,AVAILABLE,ALIGNED_SINGLE,AVAILABLE,1.0871638045039809,AVAILABLE,Monday,True
L00875,27111,SHORT,AVAILABLE,0.7712297222370669,AVAILABLE,AGAINST_SINGLE,AVAILABLE,1.41629582977883,AVAILABLE,Monday,True
L00876,27118,SHORT,AVAILABLE,0.9779655247978308,AVAILABLE,AGAINST_SINGLE,AVAILABLE,1.7490488132075057,AVAILABLE,Monday,True
L00877,27164,LONG,AVAILABLE,0.05053433631824784,AVAILABLE,ALIGNED_SINGLE,AVAILABLE,1.3027301770695545,AVAILABLE,Monday,True
L00878,27171,SHORT,AVAILABLE,0.6003929048590962,AVAILABLE,AGAINST_SINGLE,AVAILABLE,1.9307319299124701,AVAILABLE,Monday,True
L00879,27175,LONG,AVAILABLE,-0.11571237961572078,AVAILABLE,ALIGNED_SINGLE,AVAILABLE,1.2562822461704506,AVAILABLE,Monday,True
L00880,27195,SHORT,AVAILABLE,1.255921982069177,AVAILABLE,AGAINST_SINGLE,AVAILABLE,1.7705867266178006,AVAILABLE,Tuesday,True
L00881,27213,SHORT,AVAILABLE,0.8568404563063702,AVAILABLE,AGAINST_SINGLE,AVAILABLE,3.2784281647550624,AVAILABLE,Tuesday,True
L00882,27290,LONG,AVAILABLE,0.640803386287893,AVAILABLE,ALIGNED_SINGLE,AVAILABLE,2.4935226208676897,AVAILABLE,Tuesday,True
L00883,27326,LONG,AVAILABLE,0.4533264788408376,AVAILABLE,ALIGNED_SINGLE,AVAILABLE,1.3938737475846554,AVAILABLE,Tuesday,True
L00884,27334,SHORT,AVAILABLE,2.5301164753823566,AVAILABLE,AGAINST_SINGLE,AVAILABLE,2.3020248301401747,AVAILABLE,Tuesday,True
L00885,27341,LONG,AVAILABLE,2.370716391350602,AVAILABLE,ALIGNED_SINGLE,AVAILABLE,1.9339823672684346,AVAILABLE,Tuesday,True
L00886,27391,SHORT,AVAILABLE,0.6635876462218574,AVAILABLE,AGAINST_SINGLE,AVAILABLE,1.145268347813818,AVAILABLE,Tuesday,True
L00887,27398,SHORT,AVAILABLE,0.5442762700365775,AVAILABLE,AGAINST_SINGLE,AVAILABLE,1.344308833923353,AVAILABLE,Tuesday,True
L00888,27412,SHORT,AVAILABLE,1.41601065597208,AVAILABLE,AGAINST_SINGLE,AVAILABLE,1.3061496861295214,AVAILABLE,Tuesday,True
L00889,27425,SHORT,AVAILABLE,2.3677169076383104,AVAILABLE,AGAINST_SINGLE,AVAILABLE,1.7887023868499947,AVAILABLE,Tuesday,True
L00890,27460,LONG,AVAILABLE,0.6053521617827016,AVAILABLE,ALIGNED_SINGLE,AVAILABLE,1.5292175700079467,AVAILABLE,Tuesday,True
L00891,27463,SHORT,AVAILABLE,0.25794650124264895,AVAILABLE,AGAINST_CONFIRMED,AVAILABLE,2.8661599172096226,AVAILABLE,Wednesday,True
L00892,27474,SHORT,AVAILABLE,1.1729010795802013,AVAILABLE,AGAINST_CONFIRMED,AVAILABLE,2.781102178642529,AVAILABLE,Wednesday,True
L00893,27609,SHORT,AVAILABLE,0.6256779163496671,AVAILABLE,AGAINST_CONFIRMED,AVAILABLE,1.1796058805393748,AVAILABLE,Wednesday,True
L00894,27612,LONG,AVAILABLE,0.4325140523766086,AVAILABLE,ALIGNED_CONFIRMED,AVAILABLE,1.4110462699200206,AVAILABLE,Wednesday,True
L00895,27626,SHORT,AVAILABLE,0.6790199688070072,AVAILABLE,AGAINST_CONFIRMED,AVAILABLE,1.773769590646499,AVAILABLE,Wednesday,True
L00896,27641,SHORT,AVAILABLE,1.3276923067519408,AVAILABLE,AGAINST_CONFIRMED,AVAILABLE,1.5175279345248756,AVAILABLE,Wednesday,True
L00897,27684,SHORT,AVAILABLE,1.7605440016720348,AVAILABLE,AGAINST_CONFIRMED,AVAILABLE,1.651897825749393,AVAILABLE,Wednesday,True
L00898,27719,LONG,AVAILABLE,0.6941759062834174,AVAILABLE,ALIGNED_CONFIRMED,AVAILABLE,0.8221091849663459,AVAILABLE,Wednesday,True
L00899,27726,SHORT,AVAILABLE,0.3039402735487069,AVAILABLE,AGAINST_CONFIRMED,AVAILABLE,1.10170034932238,AVAILABLE,Wednesday,True
L00900,27738,LONG,AVAILABLE,0.8427828765023866,AVAILABLE,ALIGNED_CONFIRMED,AVAILABLE,1.976514013241378,AVAILABLE,Wednesday,True
L00901,27743,LONG,AVAILABLE,1.2061495807145972,AVAILABLE,ALIGNED_CONFIRMED,AVAILABLE,2.1857000459176756,AVAILABLE,Thursday,True
L00902,27787,LONG,AVAILABLE,0.8063718938626273,AVAILABLE,ALIGNED_CONFIRMED,AVAILABLE,4.195086654244794,AVAILABLE,Thursday,True
L00903,27889,SHORT,AVAILABLE,0.7240210167369382,AVAILABLE,AGAINST_CONFIRMED,AVAILABLE,2.5936047357885768,AVAILABLE,Thursday,True
L00904,27904,SHORT,AVAILABLE,1.9101093449918936,AVAILABLE,AGAINST_CONFIRMED,AVAILABLE,2.031863346746043,AVAILABLE,Thursday,True
L00905,27914,LONG,AVAILABLE,1.2219053812872536,AVAILABLE,ALIGNED_CONFIRMED,AVAILABLE,1.6114987101044536,AVAILABLE,Thursday,True
L00906,28006,LONG,AVAILABLE,1.1518833329614597,AVAILABLE,ALIGNED_SINGLE,AVAILABLE,1.4583844143030078,AVAILABLE,Thursday,True
L00907,28025,SHORT,AVAILABLE,0.6262932257201386,AVAILABLE,NEUTRAL,AVAILABLE,1.929487819544462,AVAILABLE,Friday,True
L00908,28069,SHORT,AVAILABLE,0.6031356611304025,AVAILABLE,NEUTRAL,AVAILABLE,1.1219034866976232,AVAILABLE,Friday,True
L00909,28077,SHORT,AVAILABLE,0.600595073567025,AVAILABLE,NEUTRAL,AVAILABLE,1.8464022946534706,AVAILABLE,Friday,True
L00910,28154,LONG,AVAILABLE,0.530677639019629,AVAILABLE,NEUTRAL,AVAILABLE,1.2312381095152467,AVAILABLE,Friday,True
L00911,28158,LONG,AVAILABLE,0.8624865936893329,AVAILABLE,NEUTRAL,AVAILABLE,1.5687245320771614,AVAILABLE,Friday,True
L00912,28187,SHORT,AVAILABLE,1.3238535558307358,AVAILABLE,NEUTRAL,AVAILABLE,1.7115812787207236,AVAILABLE,Friday,True
L00913,28214,SHORT,AVAILABLE,1.3174643266732855,AVAILABLE,NEUTRAL,AVAILABLE,1.1490861213096555,AVAILABLE,Friday,True
L00914,28273,SHORT,AVAILABLE,0.4589767896529315,AVAILABLE,NEUTRAL,AVAILABLE,1.7338587551601659,AVAILABLE,Sunday,True
L00915,28303,SHORT,AVAILABLE,1.3675762424615514,AVAILABLE,NEUTRAL,AVAILABLE,1.9781977303829672,AVAILABLE,Monday,True
L00916,28350,LONG,AVAILABLE,0.44893354775065397,AVAILABLE,NEUTRAL,AVAILABLE,1.6232623355567892,AVAILABLE,Monday,True
L00917,28396,SHORT,AVAILABLE,0.7148710102108558,AVAILABLE,NEUTRAL,AVAILABLE,2.0161320467182646,AVAILABLE,Monday,True
L00918,28419,SHORT,AVAILABLE,0.6087249677045937,AVAILABLE,NEUTRAL,AVAILABLE,2.306820558620598,AVAILABLE,Monday,True
L00919,28453,SHORT,AVAILABLE,0.353538870190938,AVAILABLE,NEUTRAL,AVAILABLE,2.2038759341471055,AVAILABLE,Monday,True
L00920,28462,SHORT,AVAILABLE,1.5301450534307377,AVAILABLE,NEUTRAL,AVAILABLE,1.5152161828277413,AVAILABLE,Monday,True
L00921,28475,SHORT,AVAILABLE,2.336523527301329,AVAILABLE,NEUTRAL,AVAILABLE,1.8505790005651597,AVAILABLE,Monday,True
L00922,28544,SHORT,AVAILABLE,0.7003935083579642,AVAILABLE,AGAINST_SINGLE,AVAILABLE,0.7248108791006613,AVAILABLE,Monday,True
L00923,28559,LONG,AVAILABLE,0.3642481927579204,AVAILABLE,ALIGNED_SINGLE,AVAILABLE,1.614697100186057,AVAILABLE,Monday,True
L00924,28579,SHORT,AVAILABLE,1.3124608028793143,AVAILABLE,AGAINST_SINGLE,AVAILABLE,1.6857467908758919,AVAILABLE,Tuesday,True
L00925,28600,SHORT,AVAILABLE,1.9548600385002068,AVAILABLE,AGAINST_SINGLE,AVAILABLE,1.4707511478880388,AVAILABLE,Tuesday,True
L00926,28629,SHORT,AVAILABLE,1.1355240490449345,AVAILABLE,AGAINST_SINGLE,AVAILABLE,1.5965754666886074,AVAILABLE,Tuesday,True
L00927,28637,SHORT,AVAILABLE,0.7050480944705587,AVAILABLE,AGAINST_SINGLE,AVAILABLE,1.4327714722049942,AVAILABLE,Tuesday,True
L00928,28703,LONG,AVAILABLE,-0.05107526542903326,AVAILABLE,ALIGNED_SINGLE,AVAILABLE,0.29357271041104244,AVAILABLE,Tuesday,True
L00929,28704,SHORT,AVAILABLE,0.6177149093207893,AVAILABLE,AGAINST_SINGLE,AVAILABLE,0.8715312025799702,AVAILABLE,Tuesday,True
L00930,28711,LONG,AVAILABLE,1.077456272488266,AVAILABLE,ALIGNED_SINGLE,AVAILABLE,1.893694630589289,AVAILABLE,Tuesday,True
L00931,28722,LONG,AVAILABLE,2.3013971438372764,AVAILABLE,ALIGNED_SINGLE,AVAILABLE,1.7483474196642237,AVAILABLE,Tuesday,True
L00932,28734,SHORT,AVAILABLE,1.267010391116787,AVAILABLE,AGAINST_SINGLE,AVAILABLE,1.5546979665942948,AVAILABLE,Tuesday,True
L00933,28754,LONG,AVAILABLE,0.5046882655902031,AVAILABLE,ALIGNED_SINGLE,AVAILABLE,2.525259307224596,AVAILABLE,Tuesday,True
L00934,28819,LONG,AVAILABLE,0.9470680007428864,AVAILABLE,ALIGNED_SINGLE,AVAILABLE,2.0378784872311573,AVAILABLE,Tuesday,True
L00935,28825,LONG,AVAILABLE,0.8308307390738716,AVAILABLE,ALIGNED_SINGLE,AVAILABLE,1.8825984045491275,AVAILABLE,Tuesday,True
L00936,28840,SHORT,AVAILABLE,0.7597968679884503,AVAILABLE,AGAINST_SINGLE,AVAILABLE,2.059048093917133,AVAILABLE,Tuesday,True
L00937,28856,LONG,AVAILABLE,0.8677990927765533,AVAILABLE,ALIGNED_SINGLE,AVAILABLE,1.6266805403990523,AVAILABLE,Wednesday,True
L00938,28860,LONG,AVAILABLE,0.5681778697603317,AVAILABLE,ALIGNED_SINGLE,AVAILABLE,1.4678404854828826,AVAILABLE,Wednesday,True
L00939,28908,SHORT,AVAILABLE,-0.2177584027043414,AVAILABLE,AGAINST_SINGLE,AVAILABLE,1.2213539474590307,AVAILABLE,Wednesday,True
L00940,28919,SHORT,AVAILABLE,1.128931269994335,AVAILABLE,AGAINST_SINGLE,AVAILABLE,1.718187158937519,AVAILABLE,Wednesday,True
L00941,28931,SHORT,AVAILABLE,1.3801500036280314,AVAILABLE,AGAINST_SINGLE,AVAILABLE,1.0949603275697632,AVAILABLE,Wednesday,True
L00942,28937,SHORT,AVAILABLE,0.3267345333544542,AVAILABLE,AGAINST_SINGLE,AVAILABLE,1.3256272138360317,AVAILABLE,Wednesday,True
L00943,28974,SHORT,AVAILABLE,2.3331707010563068,AVAILABLE,AGAINST_SINGLE,AVAILABLE,1.4818909855708415,AVAILABLE,Wednesday,True
L00944,28992,LONG,AVAILABLE,0.7819797168368251,AVAILABLE,ALIGNED_SINGLE,AVAILABLE,1.2105689711798204,AVAILABLE,Wednesday,True
L00945,28993,SHORT,AVAILABLE,-0.43279363902886436,AVAILABLE,AGAINST_SINGLE,AVAILABLE,2.200612381120877,AVAILABLE,Wednesday,True
L00946,29004,LONG,AVAILABLE,1.2054101066884333,AVAILABLE,ALIGNED_SINGLE,AVAILABLE,2.0367531869913784,AVAILABLE,Wednesday,True
L00947,29029,LONG,AVAILABLE,1.825095397152192,AVAILABLE,ALIGNED_SINGLE,AVAILABLE,2.2280242743862027,AVAILABLE,Wednesday,True
L00948,29080,LONG,AVAILABLE,1.9227495910284604,AVAILABLE,ALIGNED_SINGLE,AVAILABLE,2.961098696654596,AVAILABLE,Wednesday,True
L00949,29124,SHORT,AVAILABLE,0.6324077738467262,AVAILABLE,NEUTRAL,AVAILABLE,1.4617879607638273,AVAILABLE,Thursday,True
L00950,29137,SHORT,AVAILABLE,1.4898491607889959,AVAILABLE,NEUTRAL,AVAILABLE,1.6236090457897057,AVAILABLE,Thursday,True
L00951,29167,LONG,AVAILABLE,0.528327425170547,AVAILABLE,NEUTRAL,AVAILABLE,1.6640927504691372,AVAILABLE,Thursday,True
L00952,29185,LONG,AVAILABLE,1.209113761792451,AVAILABLE,NEUTRAL,AVAILABLE,2.93758987317546,AVAILABLE,Thursday,True
L00953,29191,LONG,AVAILABLE,2.1361427922795673,AVAILABLE,NEUTRAL,AVAILABLE,2.286279176429957,AVAILABLE,Thursday,True
L00954,29235,LONG,AVAILABLE,0.9141936362304226,AVAILABLE,NEUTRAL,AVAILABLE,2.584131267966288,AVAILABLE,Thursday,True
L00955,29277,SHORT,AVAILABLE,1.386543818526161,AVAILABLE,NEUTRAL,AVAILABLE,2.468960164772415,AVAILABLE,Thursday,True
L00956,29459,SHORT,AVAILABLE,2.0187885146127544,AVAILABLE,ALIGNED_SINGLE,AVAILABLE,1.284220964257406,AVAILABLE,Friday,True
L00957,29531,SHORT,AVAILABLE,0.7198772800000688,AVAILABLE,ALIGNED_SINGLE,AVAILABLE,0.5137529656751546,AVAILABLE,Friday,True
L00958,29548,LONG,AVAILABLE,1.9882494697027164,AVAILABLE,AGAINST_SINGLE,AVAILABLE,1.7861494558267772,AVAILABLE,Friday,True
L00959,29569,SHORT,AVAILABLE,1.2431642400718226,AVAILABLE,ALIGNED_SINGLE,AVAILABLE,1.042969338692562,AVAILABLE,Friday,True
L00960,29648,SHORT,AVAILABLE,0.3463819126965236,AVAILABLE,NEUTRAL,AVAILABLE,2.0677877048782816,AVAILABLE,Sunday,True
L00961,29670,LONG,AVAILABLE,0.5510703129958093,AVAILABLE,NEUTRAL,AVAILABLE,2.236041058447403,AVAILABLE,Monday,True
L00962,29690,LONG,AVAILABLE,0.784538016703418,AVAILABLE,NEUTRAL,AVAILABLE,1.9661828293346317,AVAILABLE,Monday,True
L00963,29723,SHORT,AVAILABLE,0.6047378053901324,AVAILABLE,NEUTRAL,AVAILABLE,1.1510609165018493,AVAILABLE,Monday,True
L00964,29812,SHORT,AVAILABLE,1.7710891239240312,AVAILABLE,NEUTRAL,AVAILABLE,1.3050788246292164,AVAILABLE,Monday,True
L00965,29820,LONG,AVAILABLE,1.3656749355892719,AVAILABLE,NEUTRAL,AVAILABLE,1.9227325028508797,AVAILABLE,Monday,True
L00966,29840,SHORT,AVAILABLE,0.5771873428891953,AVAILABLE,NEUTRAL,AVAILABLE,2.1150909340198525,AVAILABLE,Monday,True
L00967,29868,SHORT,AVAILABLE,1.5296434468856268,AVAILABLE,NEUTRAL,AVAILABLE,2.2280211291193877,AVAILABLE,Monday,True
L00968,29957,SHORT,AVAILABLE,1.212866703196756,AVAILABLE,NEUTRAL,AVAILABLE,1.885316135885411,AVAILABLE,Tuesday,True
L00969,29983,LONG,AVAILABLE,1.2151187952104958,AVAILABLE,NEUTRAL,AVAILABLE,1.899319580932414,AVAILABLE,Tuesday,True
L00970,30035,SHORT,AVAILABLE,1.300599180676761,AVAILABLE,NEUTRAL,AVAILABLE,1.6092439988964322,AVAILABLE,Tuesday,True
L00971,30069,SHORT,AVAILABLE,0.487982107830082,AVAILABLE,NEUTRAL,AVAILABLE,1.302378997830745,AVAILABLE,Tuesday,True
L00972,30084,LONG,AVAILABLE,1.9183365541445725,AVAILABLE,NEUTRAL,AVAILABLE,1.6282866268020495,AVAILABLE,Tuesday,True
L00973,30091,SHORT,AVAILABLE,1.425284662664849,AVAILABLE,NEUTRAL,AVAILABLE,2.0311851178894487,AVAILABLE,Tuesday,True
L00974,30105,LONG,AVAILABLE,1.61066409687855,AVAILABLE,NEUTRAL,AVAILABLE,1.5332651959039763,AVAILABLE,Tuesday,True
L00975,30118,SHORT,AVAILABLE,1.73557937610909,AVAILABLE,NEUTRAL,AVAILABLE,1.8175166587907603,AVAILABLE,Tuesday,True
L00976,30134,LONG,AVAILABLE,1.183518331888262,AVAILABLE,NEUTRAL,AVAILABLE,1.4081305185043231,AVAILABLE,Tuesday,True
L00977,30200,LONG,AVAILABLE,0.05977803535720809,AVAILABLE,NEUTRAL,AVAILABLE,1.3230541019539028,AVAILABLE,Tuesday,True
L00978,30217,SHORT,AVAILABLE,1.073049763463309,AVAILABLE,NEUTRAL,AVAILABLE,1.3018557248976537,AVAILABLE,Tuesday,True
L00979,30221,SHORT,AVAILABLE,-0.43939128371212116,AVAILABLE,AGAINST_SINGLE,AVAILABLE,1.2641335464004742,AVAILABLE,Wednesday,True
L00980,30253,LONG,AVAILABLE,1.2868275637683302,AVAILABLE,ALIGNED_SINGLE,AVAILABLE,2.0416627367240774,AVAILABLE,Wednesday,True
L00981,30303,LONG,AVAILABLE,1.0773214650759604,AVAILABLE,ALIGNED_SINGLE,AVAILABLE,2.149187473263864,AVAILABLE,Wednesday,True
L00982,30331,LONG,AVAILABLE,1.333850549779913,AVAILABLE,ALIGNED_SINGLE,AVAILABLE,1.3699094582327718,AVAILABLE,Wednesday,True
L00983,30344,LONG,AVAILABLE,-0.38285304012680416,AVAILABLE,ALIGNED_SINGLE,AVAILABLE,2.552386029062452,AVAILABLE,Wednesday,True
L00984,30357,LONG,AVAILABLE,1.8135006859265828,AVAILABLE,ALIGNED_SINGLE,AVAILABLE,1.7450150583658288,AVAILABLE,Wednesday,True
L00985,30363,SHORT,AVAILABLE,0.39419935727799055,AVAILABLE,AGAINST_SINGLE,AVAILABLE,1.3831952458893184,AVAILABLE,Wednesday,True
L00986,30387,SHORT,AVAILABLE,0.8065785833577214,AVAILABLE,AGAINST_SINGLE,AVAILABLE,1.7210896664618132,AVAILABLE,Wednesday,True
L00987,30399,SHORT,AVAILABLE,0.9204897384458249,AVAILABLE,AGAINST_SINGLE,AVAILABLE,1.2886767138899462,AVAILABLE,Wednesday,True
L00988,30410,SHORT,AVAILABLE,0.3135015245668637,AVAILABLE,AGAINST_SINGLE,AVAILABLE,1.1574059111539174,AVAILABLE,Wednesday,True
L00989,30421,SHORT,AVAILABLE,1.0464595242705397,AVAILABLE,AGAINST_SINGLE,AVAILABLE,1.2874135931073176,AVAILABLE,Wednesday,True
L00990,30439,SHORT,AVAILABLE,-0.13364712006421503,AVAILABLE,AGAINST_SINGLE,AVAILABLE,2.7393666853147796,AVAILABLE,Wednesday,True
L00991,30454,LONG,AVAILABLE,1.399988660292709,AVAILABLE,ALIGNED_SINGLE,AVAILABLE,1.7466870617510308,AVAILABLE,Wednesday,True
L00992,30582,LONG,AVAILABLE,0.6003655197667113,AVAILABLE,NEUTRAL,AVAILABLE,1.8809475619452762,AVAILABLE,Thursday,True
L00993,30618,SHORT,AVAILABLE,0.9361742284493828,AVAILABLE,NEUTRAL,AVAILABLE,1.3326685265385816,AVAILABLE,Thursday,True
L00994,30636,LONG,AVAILABLE,-0.05022582311853636,AVAILABLE,NEUTRAL,AVAILABLE,1.1414411468214969,AVAILABLE,Thursday,True
L00995,30647,SHORT,AVAILABLE,1.0185556753093943,AVAILABLE,NEUTRAL,AVAILABLE,1.5242694718316296,AVAILABLE,Thursday,True
L00996,30672,LONG,AVAILABLE,1.2799576099766627,AVAILABLE,NEUTRAL,AVAILABLE,2.515323579960329,AVAILABLE,Thursday,True
L00997,30835,SHORT,AVAILABLE,0.4820766477177056,AVAILABLE,ALIGNED_SINGLE,AVAILABLE,1.3276736759572572,AVAILABLE,Friday,True
L00998,30919,LONG,AVAILABLE,1.0106697352526852,AVAILABLE,AGAINST_SINGLE,AVAILABLE,2.0301735463013593,AVAILABLE,Friday,True
L00999,30931,LONG,AVAILABLE,1.3784150894775726,AVAILABLE,AGAINST_SINGLE,AVAILABLE,1.744545496133974,AVAILABLE,Friday,True
L01000,30944,SHORT,AVAILABLE,1.2457992816206223,AVAILABLE,ALIGNED_SINGLE,AVAILABLE,1.9241067817129731,AVAILABLE,Friday,True
L01001,30962,SHORT,AVAILABLE,0.3748356255468727,AVAILABLE,ALIGNED_SINGLE,AVAILABLE,2.1343626187325757,AVAILABLE,Friday,True
L01002,31007,SHORT,AVAILABLE,1.324060919561675,AVAILABLE,ALIGNED_SINGLE,AVAILABLE,1.237144886805815,AVAILABLE,Friday,True
L01003,31013,SHORT,AVAILABLE,0.6217408471406091,AVAILABLE,ALIGNED_SINGLE,AVAILABLE,1.279139306587615,AVAILABLE,Friday,True
L01004,31035,SHORT,AVAILABLE,1.3342595599052218,AVAILABLE,NEUTRAL,AVAILABLE,2.248322906651925,AVAILABLE,Sunday,True
L01005,31065,SHORT,AVAILABLE,1.6460552352468105,AVAILABLE,NEUTRAL,AVAILABLE,2.1757644781029204,AVAILABLE,Monday,True
L01006,31097,SHORT,AVAILABLE,1.445671853643168,AVAILABLE,NEUTRAL,AVAILABLE,1.938671408794543,AVAILABLE,Monday,True
L01007,31136,SHORT,AVAILABLE,0.9140521974211425,AVAILABLE,NEUTRAL,AVAILABLE,3.0565290313919373,AVAILABLE,Monday,True
L01008,31163,SHORT,AVAILABLE,1.233608646184021,AVAILABLE,NEUTRAL,AVAILABLE,1.8992650770846107,AVAILABLE,Monday,True
L01009,31175,SHORT,AVAILABLE,1.415676891382557,AVAILABLE,NEUTRAL,AVAILABLE,1.4961976988765033,AVAILABLE,Monday,True
L01010,31185,SHORT,AVAILABLE,0.41977970853471147,AVAILABLE,NEUTRAL,AVAILABLE,0.8708339788753138,AVAILABLE,Monday,True
L01011,31201,LONG,AVAILABLE,0.8439749184973802,AVAILABLE,NEUTRAL,AVAILABLE,2.1891450210995638,AVAILABLE,Monday,True
L01012,31280,SHORT,AVAILABLE,0.898268231093593,AVAILABLE,NEUTRAL,AVAILABLE,1.3291712892630902,AVAILABLE,Monday,True
L01013,31301,LONG,AVAILABLE,0.17078225475019623,AVAILABLE,ALIGNED_SINGLE,AVAILABLE,0.9926388174518922,AVAILABLE,Monday,True
L01014,31302,SHORT,AVAILABLE,1.3831762313350195,AVAILABLE,AGAINST_SINGLE,AVAILABLE,0.6282373743633978,AVAILABLE,Monday,True
L01015,31314,LONG,AVAILABLE,1.3933787885318039,AVAILABLE,ALIGNED_SINGLE,AVAILABLE,2.137043623978825,AVAILABLE,Monday,True
L01016,31327,SHORT,AVAILABLE,1.182644091659559,AVAILABLE,AGAINST_CONFIRMED,AVAILABLE,1.4237863745648818,AVAILABLE,Tuesday,True
L01017,31334,SHORT,AVAILABLE,1.0825830541804466,AVAILABLE,AGAINST_CONFIRMED,AVAILABLE,1.5378466982364916,AVAILABLE,Tuesday,True
L01018,31341,SHORT,AVAILABLE,1.6140918921966445,AVAILABLE,AGAINST_CONFIRMED,AVAILABLE,2.4542352896884188,AVAILABLE,Tuesday,True
L01019,31348,SHORT,AVAILABLE,1.7662542883903172,AVAILABLE,AGAINST_CONFIRMED,AVAILABLE,1.9136713981297866,AVAILABLE,Tuesday,True
L01020,31364,LONG,AVAILABLE,0.7542507299709535,AVAILABLE,ALIGNED_CONFIRMED,AVAILABLE,1.6752155372976159,AVAILABLE,Tuesday,True
L01021,31440,SHORT,AVAILABLE,2.1684804307668877,AVAILABLE,AGAINST_CONFIRMED,AVAILABLE,2.8592147166832507,AVAILABLE,Tuesday,True
L01022,31505,LONG,AVAILABLE,0.4455416154669879,AVAILABLE,ALIGNED_CONFIRMED,AVAILABLE,1.9103823401722901,AVAILABLE,Tuesday,True
L01023,31525,LONG,AVAILABLE,-0.21850135571623544,AVAILABLE,ALIGNED_CONFIRMED,AVAILABLE,2.751519181128391,AVAILABLE,Tuesday,True
L01024,31559,LONG,AVAILABLE,2.4524992128769445,AVAILABLE,ALIGNED_CONFIRMED,AVAILABLE,2.562153426611566,AVAILABLE,Tuesday,True
L01025,31632,LONG,AVAILABLE,0.8136362526473393,AVAILABLE,ALIGNED_CONFIRMED,AVAILABLE,1.4791510016200573,AVAILABLE,Wednesday,True
L01026,31674,SHORT,AVAILABLE,0.6283886614271276,AVAILABLE,AGAINST_CONFIRMED,AVAILABLE,1.4002893040326592,AVAILABLE,Wednesday,True
L01027,31696,SHORT,AVAILABLE,0.9198694993826264,AVAILABLE,AGAINST_CONFIRMED,AVAILABLE,1.3795141573038343,AVAILABLE,Wednesday,True
L01028,31746,SHORT,AVAILABLE,1.1158222084307594,AVAILABLE,AGAINST_CONFIRMED,AVAILABLE,1.7608397372187656,AVAILABLE,Wednesday,True
L01029,31748,SHORT,AVAILABLE,0.46641010119977133,AVAILABLE,AGAINST_CONFIRMED,AVAILABLE,1.3368767711530916,AVAILABLE,Wednesday,True
L01030,31761,SHORT,AVAILABLE,1.3206020971809491,AVAILABLE,AGAINST_CONFIRMED,AVAILABLE,1.4711910954366425,AVAILABLE,Wednesday,True
L01031,31784,LONG,AVAILABLE,0.08931441135826179,AVAILABLE,ALIGNED_CONFIRMED,AVAILABLE,1.7214114605211042,AVAILABLE,Wednesday,True
L01032,31835,LONG,AVAILABLE,1.9498832441794147,AVAILABLE,ALIGNED_CONFIRMED,AVAILABLE,1.832017345586654,AVAILABLE,Wednesday,True
L01033,31865,SHORT,AVAILABLE,0.6389170621235711,AVAILABLE,AGAINST_SINGLE,AVAILABLE,2.46067868495505,AVAILABLE,Wednesday,True
L01034,31883,SHORT,AVAILABLE,1.2215452398523612,AVAILABLE,NEUTRAL,AVAILABLE,1.97529544293827,AVAILABLE,Thursday,True
L01035,31906,LONG,AVAILABLE,1.7939408574637736,AVAILABLE,NEUTRAL,AVAILABLE,2.3689020316459284,AVAILABLE,Thursday,True
L01036,31978,SHORT,AVAILABLE,1.8402994498513545,AVAILABLE,NEUTRAL,AVAILABLE,2.11835675723614,AVAILABLE,Thursday,True
L01037,32014,LONG,AVAILABLE,1.4244927891223775,AVAILABLE,NEUTRAL,AVAILABLE,1.935341426197855,AVAILABLE,Thursday,True
L01038,32026,SHORT,AVAILABLE,2.3588305779888437,AVAILABLE,NEUTRAL,AVAILABLE,1.1614524733558338,AVAILABLE,Thursday,True
L01039,32035,LONG,AVAILABLE,0.5504221271415047,AVAILABLE,NEUTRAL,AVAILABLE,2.001318184477848,AVAILABLE,Thursday,True
L01040,32047,LONG,AVAILABLE,0.8048528243201024,AVAILABLE,NEUTRAL,AVAILABLE,1.6503269940568455,AVAILABLE,Thursday,True
L01041,32108,SHORT,AVAILABLE,1.2462227197511728,AVAILABLE,NEUTRAL,AVAILABLE,1.7375866363924193,AVAILABLE,Thursday,True
L01042,32133,LONG,AVAILABLE,1.3967418886231227,AVAILABLE,NEUTRAL,AVAILABLE,1.1820658881063721,AVAILABLE,Thursday,True
L01043,32139,SHORT,AVAILABLE,0.34481780231720743,AVAILABLE,NEUTRAL,AVAILABLE,1.1373073636585407,AVAILABLE,Thursday,True
L01044,32149,LONG,AVAILABLE,0.899396702453839,AVAILABLE,NEUTRAL,AVAILABLE,2.23672238083513,AVAILABLE,Thursday,True
L01045,32166,SHORT,AVAILABLE,1.8129852949433616,AVAILABLE,NEUTRAL,AVAILABLE,2.247112783482717,AVAILABLE,Friday,True
L01046,32181,LONG,AVAILABLE,0.5993238630102827,AVAILABLE,NEUTRAL,AVAILABLE,1.0332481673505842,AVAILABLE,Friday,True
L01047,32192,LONG,AVAILABLE,1.1067117214582067,AVAILABLE,NEUTRAL,AVAILABLE,1.4399519834113281,AVAILABLE,Friday,True
L01048,32232,SHORT,AVAILABLE,2.3166299470049885,AVAILABLE,NEUTRAL,AVAILABLE,1.8827382408019566,AVAILABLE,Friday,True
L01049,32262,SHORT,AVAILABLE,0.8257096240066515,AVAILABLE,NEUTRAL,AVAILABLE,1.3634995188910723,AVAILABLE,Friday,True
L01050,32295,SHORT,AVAILABLE,1.5501762810196567,AVAILABLE,NEUTRAL,AVAILABLE,1.4490233346823513,AVAILABLE,Friday,True
L01051,32302,LONG,AVAILABLE,0.6708042822600537,AVAILABLE,NEUTRAL,AVAILABLE,0.9873956635979751,AVAILABLE,Friday,True
L01052,32312,SHORT,AVAILABLE,1.6033303068454963,AVAILABLE,NEUTRAL,AVAILABLE,2.574824846236962,AVAILABLE,Friday,True
L01053,32333,SHORT,AVAILABLE,0.3710508425845451,AVAILABLE,NEUTRAL,AVAILABLE,1.7741649019673866,AVAILABLE,Friday,True
L01054,32415,SHORT,AVAILABLE,0.5255960491135195,AVAILABLE,NEUTRAL,AVAILABLE,1.0528333610839717,AVAILABLE,Sunday,True
L01055,32425,SHORT,AVAILABLE,0.6694392421620946,AVAILABLE,NEUTRAL,AVAILABLE,1.4247422763634467,AVAILABLE,Sunday,True
L01056,32440,SHORT,AVAILABLE,2.5127016206895783,AVAILABLE,NEUTRAL,AVAILABLE,2.3819713591774,AVAILABLE,Monday,True
L01057,32473,SHORT,AVAILABLE,0.8000473389088069,AVAILABLE,NEUTRAL,AVAILABLE,1.3342136833006384,AVAILABLE,Monday,True
L01058,32493,SHORT,AVAILABLE,0.08138471228667099,AVAILABLE,NEUTRAL,AVAILABLE,2.0260159927643917,AVAILABLE,Monday,True
L01059,32515,SHORT,AVAILABLE,0.05757139527841671,AVAILABLE,NEUTRAL,AVAILABLE,1.1759325976594008,AVAILABLE,Monday,True
L01060,32573,SHORT,AVAILABLE,1.3054841732538418,AVAILABLE,NEUTRAL,AVAILABLE,2.0095948997752715,AVAILABLE,Monday,True
L01061,32585,LONG,AVAILABLE,0.7794570268389428,AVAILABLE,NEUTRAL,AVAILABLE,1.7743148516659424,AVAILABLE,Monday,True
L01062,32609,SHORT,AVAILABLE,0.8498764151753774,AVAILABLE,NEUTRAL,AVAILABLE,1.4154872657851834,AVAILABLE,Monday,True
L01063,32619,SHORT,AVAILABLE,0.891748546959365,AVAILABLE,NEUTRAL,AVAILABLE,1.0277991989419335,AVAILABLE,Monday,True
L01064,32626,SHORT,AVAILABLE,0.2870145030805863,AVAILABLE,NEUTRAL,AVAILABLE,1.0194729230077826,AVAILABLE,Monday,True
L01065,32680,SHORT,AVAILABLE,1.2865562574045826,AVAILABLE,AGAINST_SINGLE,AVAILABLE,1.157343877715693,AVAILABLE,Monday,True
L01066,32689,LONG,AVAILABLE,1.0594179270275497,AVAILABLE,ALIGNED_SINGLE,AVAILABLE,1.7276889171499603,AVAILABLE,Monday,True
L01067,32731,SHORT,AVAILABLE,0.7558019567438553,AVAILABLE,AGAINST_SINGLE,AVAILABLE,1.7164160285394412,AVAILABLE,Tuesday,True
L01068,32764,SHORT,AVAILABLE,-0.031429997347215986,AVAILABLE,AGAINST_SINGLE,AVAILABLE,1.8206250941830697,AVAILABLE,Tuesday,True
L01069,32777,SHORT,AVAILABLE,0.9978251809390245,AVAILABLE,AGAINST_SINGLE,AVAILABLE,0.8143076530884927,AVAILABLE,Tuesday,True
L01070,32784,SHORT,AVAILABLE,1.6660552971387592,AVAILABLE,AGAINST_SINGLE,AVAILABLE,1.223624013929656,AVAILABLE,Tuesday,True
L01071,32824,LONG,AVAILABLE,0.9786663543315115,AVAILABLE,ALIGNED_SINGLE,AVAILABLE,1.7531901307708666,AVAILABLE,Tuesday,True
L01072,32851,SHORT,AVAILABLE,0.3638425450700608,AVAILABLE,AGAINST_SINGLE,AVAILABLE,0.9635541803493497,AVAILABLE,Tuesday,True
L01073,32859,SHORT,AVAILABLE,0.8340065548638372,AVAILABLE,AGAINST_SINGLE,AVAILABLE,1.2019442743606865,AVAILABLE,Tuesday,True
L01074,32884,SHORT,AVAILABLE,2.917719782153378,AVAILABLE,AGAINST_SINGLE,AVAILABLE,1.6661698074710631,AVAILABLE,Tuesday,True
L01075,32944,SHORT,AVAILABLE,2.701731081477321,AVAILABLE,AGAINST_SINGLE,AVAILABLE,2.4664605854425483,AVAILABLE,Tuesday,True
L01076,32960,SHORT,AVAILABLE,1.985959341632893,AVAILABLE,AGAINST_SINGLE,AVAILABLE,1.4191122129698708,AVAILABLE,Tuesday,True
L01077,32984,SHORT,AVAILABLE,2.148166151720594,AVAILABLE,AGAINST_CONFIRMED,AVAILABLE,1.3568303072278616,AVAILABLE,Wednesday,True
L01078,33007,SHORT,AVAILABLE,2.677698216406839,AVAILABLE,AGAINST_CONFIRMED,AVAILABLE,2.8261101600625342,AVAILABLE,Wednesday,True
L01079,33056,LONG,AVAILABLE,1.060684663453306,AVAILABLE,ALIGNED_CONFIRMED,AVAILABLE,2.4107562703966665,AVAILABLE,Wednesday,True
L01080,33090,SHORT,AVAILABLE,1.2936321810588771,AVAILABLE,AGAINST_CONFIRMED,AVAILABLE,1.448898325832738,AVAILABLE,Wednesday,True
L01081,33122,LONG,AVAILABLE,0.5658109374400927,AVAILABLE,ALIGNED_CONFIRMED,AVAILABLE,1.8993683674696147,AVAILABLE,Wednesday,True
L01082,33127,SHORT,AVAILABLE,0.6271020523864603,AVAILABLE,AGAINST_CONFIRMED,AVAILABLE,2.0081002562652763,AVAILABLE,Wednesday,True
L01083,33141,LONG,AVAILABLE,1.1544100019157617,AVAILABLE,ALIGNED_CONFIRMED,AVAILABLE,1.6540597121572207,AVAILABLE,Wednesday,True
L01084,33158,LONG,AVAILABLE,-0.7346175893288244,AVAILABLE,ALIGNED_CONFIRMED,AVAILABLE,2.956460242982732,AVAILABLE,Wednesday,True
L01085,33198,LONG,AVAILABLE,2.2288289307823748,AVAILABLE,ALIGNED_CONFIRMED,AVAILABLE,2.349361304354859,AVAILABLE,Wednesday,True
L01086,33269,LONG,AVAILABLE,1.2677386330534788,AVAILABLE,ALIGNED_CONFIRMED,AVAILABLE,2.059948559554839,AVAILABLE,Thursday,True
L01087,33284,SHORT,AVAILABLE,1.7913466018707176,AVAILABLE,AGAINST_CONFIRMED,AVAILABLE,1.7697762388029763,AVAILABLE,Thursday,True
L01088,33322,SHORT,AVAILABLE,0.7647742202738931,AVAILABLE,AGAINST_CONFIRMED,AVAILABLE,2.099934287090756,AVAILABLE,Thursday,True
L01089,33335,SHORT,AVAILABLE,0.5888301280019776,AVAILABLE,AGAINST_CONFIRMED,AVAILABLE,1.6252527668402688,AVAILABLE,Thursday,True
L01090,33343,SHORT,AVAILABLE,0.42680257625119494,AVAILABLE,AGAINST_CONFIRMED,AVAILABLE,1.5396911849398258,AVAILABLE,Thursday,True
L01091,33377,SHORT,AVAILABLE,1.0739428820024104,AVAILABLE,AGAINST_CONFIRMED,AVAILABLE,1.1088185437658773,AVAILABLE,Thursday,True
L01092,33402,SHORT,AVAILABLE,1.4405372422109677,AVAILABLE,AGAINST_CONFIRMED,AVAILABLE,2.214792019514636,AVAILABLE,Thursday,True
L01093,33418,SHORT,AVAILABLE,2.365238071304149,AVAILABLE,AGAINST_CONFIRMED,AVAILABLE,2.1342145572752083,AVAILABLE,Thursday,True
L01094,33447,LONG,AVAILABLE,0.10676451846043601,AVAILABLE,ALIGNED_CONFIRMED,AVAILABLE,1.9824782388822584,AVAILABLE,Thursday,True
L01095,33509,SHORT,AVAILABLE,1.0121517381059166,AVAILABLE,AGAINST_SINGLE,AVAILABLE,1.2971694069157425,AVAILABLE,Thursday,True
L01096,33514,LONG,AVAILABLE,1.7056925379714276,AVAILABLE,ALIGNED_SINGLE,AVAILABLE,1.4747247960430696,AVAILABLE,Thursday,True
L01097,33531,SHORT,AVAILABLE,1.64734164960837,AVAILABLE,NEUTRAL,AVAILABLE,2.0354143075450932,AVAILABLE,Friday,True
L01098,33551,LONG,AVAILABLE,1.4104474593961398,AVAILABLE,NEUTRAL,AVAILABLE,2.4449301012286706,AVAILABLE,Friday,True
L01099,33579,LONG,AVAILABLE,0.9630403302341263,AVAILABLE,NEUTRAL,AVAILABLE,1.6256814627032365,AVAILABLE,Friday,True
L01100,33629,SHORT,AVAILABLE,1.0269402093776094,AVAILABLE,NEUTRAL,AVAILABLE,1.3573573383286055,AVAILABLE,Friday,True
L01101,33655,SHORT,AVAILABLE,1.0753357629909022,AVAILABLE,NEUTRAL,AVAILABLE,1.49161520147959,AVAILABLE,Friday,True
L01102,33663,SHORT,AVAILABLE,-0.002821284456021253,AVAILABLE,NEUTRAL,AVAILABLE,1.303351516517079,AVAILABLE,Friday,True
L01103,33672,LONG,AVAILABLE,1.7121629232584907,AVAILABLE,NEUTRAL,AVAILABLE,2.25260975361856,AVAILABLE,Friday,True
L01104,33699,SHORT,AVAILABLE,0.7856142987069537,AVAILABLE,NEUTRAL,AVAILABLE,2.116423685725567,AVAILABLE,Friday,True
L01105,33726,SHORT,AVAILABLE,1.6527531647477622,AVAILABLE,NEUTRAL,AVAILABLE,1.4332159008343515,AVAILABLE,Friday,True
L01106,33806,SHORT,AVAILABLE,1.102803343473736,AVAILABLE,NEUTRAL,AVAILABLE,3.1512375238634713,AVAILABLE,Monday,True
L01107,33869,SHORT,AVAILABLE,1.5396071253940191,AVAILABLE,NEUTRAL,AVAILABLE,2.189944403302549,AVAILABLE,Monday,True
L01108,33908,SHORT,AVAILABLE,1.9614326766249728,AVAILABLE,NEUTRAL,AVAILABLE,1.8014936608675671,AVAILABLE,Monday,True
L01109,33949,LONG,AVAILABLE,0.547592402272309,AVAILABLE,NEUTRAL,AVAILABLE,1.7673209383279092,AVAILABLE,Monday,True
L01110,33959,LONG,AVAILABLE,1.2296908520754528,AVAILABLE,NEUTRAL,AVAILABLE,1.7762873476244334,AVAILABLE,Monday,True
L01111,33987,SHORT,AVAILABLE,1.1964935378899302,AVAILABLE,NEUTRAL,AVAILABLE,1.283976899905244,AVAILABLE,Monday,True
L01112,34000,SHORT,AVAILABLE,2.508640609131144,AVAILABLE,NEUTRAL,AVAILABLE,2.363539168116721,AVAILABLE,Monday,True
L01113,34066,SHORT,AVAILABLE,2.7545888327118115,AVAILABLE,NEUTRAL,AVAILABLE,2.709675265846478,AVAILABLE,Monday,True
L01114,34089,SHORT,AVAILABLE,1.249813593220289,AVAILABLE,AGAINST_SINGLE,AVAILABLE,1.5704996897083119,AVAILABLE,Tuesday,True
L01115,34108,LONG,AVAILABLE,0.9632755635764458,AVAILABLE,ALIGNED_SINGLE,AVAILABLE,1.187922672851592,AVAILABLE,Tuesday,True
L01116,34172,LONG,AVAILABLE,1.1708314653642542,AVAILABLE,ALIGNED_SINGLE,AVAILABLE,2.6255628410351335,AVAILABLE,Tuesday,True
L01117,34181,LONG,AVAILABLE,1.1647084318641505,AVAILABLE,ALIGNED_SINGLE,AVAILABLE,1.9171217050448095,AVAILABLE,Tuesday,True
L01118,34221,LONG,AVAILABLE,1.4569195408470124,AVAILABLE,ALIGNED_SINGLE,AVAILABLE,0.9634709696653367,AVAILABLE,Tuesday,True
L01119,34231,SHORT,AVAILABLE,1.2799066305813547,AVAILABLE,AGAINST_SINGLE,AVAILABLE,1.643479496782937,AVAILABLE,Tuesday,True
L01120,34244,SHORT,AVAILABLE,2.328418215199858,AVAILABLE,AGAINST_SINGLE,AVAILABLE,1.739229685780713,AVAILABLE,Tuesday,True
L01121,34263,SHORT,AVAILABLE,0.8456146177442397,AVAILABLE,AGAINST_SINGLE,AVAILABLE,1.1002820815600558,AVAILABLE,Tuesday,True
L01122,34269,SHORT,AVAILABLE,2.209626955284074,AVAILABLE,AGAINST_SINGLE,AVAILABLE,1.4845690334083534,AVAILABLE,Tuesday,True
L01123,34343,SHORT,AVAILABLE,0.6787322819802821,AVAILABLE,AGAINST_CONFIRMED,AVAILABLE,1.2819414793007307,AVAILABLE,Tuesday,True
L01124,34351,SHORT,AVAILABLE,0.42690353676616416,AVAILABLE,AGAINST_CONFIRMED,AVAILABLE,1.260554018088656,AVAILABLE,Tuesday,True
L01125,34364,SHORT,AVAILABLE,1.4385119327336868,AVAILABLE,AGAINST_CONFIRMED,AVAILABLE,1.52165094106296,AVAILABLE,Wednesday,True
L01126,34428,SHORT,AVAILABLE,2.2442863363325953,AVAILABLE,AGAINST_CONFIRMED,AVAILABLE,1.990256985642858,AVAILABLE,Wednesday,True
L01127,34452,SHORT,AVAILABLE,0.2866255749478486,AVAILABLE,AGAINST_CONFIRMED,AVAILABLE,1.2519122153329532,AVAILABLE,Wednesday,True
L01128,34465,SHORT,AVAILABLE,0.7763704570831491,AVAILABLE,AGAINST_CONFIRMED,AVAILABLE,0.9165956630693927,AVAILABLE,Wednesday,True
L01129,34483,SHORT,AVAILABLE,1.7404298484246121,AVAILABLE,AGAINST_CONFIRMED,AVAILABLE,1.8852196146013496,AVAILABLE,Wednesday,True
L01130,34500,LONG,AVAILABLE,0.6564548344958108,AVAILABLE,ALIGNED_CONFIRMED,AVAILABLE,1.2085947081160555,AVAILABLE,Wednesday,True
L01131,34506,SHORT,AVAILABLE,2.211273850475239,AVAILABLE,AGAINST_CONFIRMED,AVAILABLE,1.7430579377918247,AVAILABLE,Wednesday,True
L01132,34513,LONG,AVAILABLE,1.508176467625172,AVAILABLE,ALIGNED_CONFIRMED,AVAILABLE,1.6609587328402269,AVAILABLE,Wednesday,True
L01133,34518,SHORT,AVAILABLE,1.1949239807669882,AVAILABLE,AGAINST_CONFIRMED,AVAILABLE,1.9988508007098642,AVAILABLE,Wednesday,True
L01134,34524,LONG,AVAILABLE,0.8783207535832831,AVAILABLE,ALIGNED_CONFIRMED,AVAILABLE,2.0198015886224283,AVAILABLE,Wednesday,True
L01135,34540,SHORT,AVAILABLE,1.5837779463053565,AVAILABLE,AGAINST_CONFIRMED,AVAILABLE,1.3418265809183048,AVAILABLE,Wednesday,True
L01136,34565,SHORT,AVAILABLE,0.7034652859513942,AVAILABLE,AGAINST_CONFIRMED,AVAILABLE,1.3038895468565446,AVAILABLE,Wednesday,True
L01137,34635,LONG,AVAILABLE,0.5492507044524314,AVAILABLE,ALIGNED_CONFIRMED,AVAILABLE,2.3955112126210287,AVAILABLE,Thursday,True
L01138,34643,SHORT,AVAILABLE,0.9171962143542278,AVAILABLE,AGAINST_CONFIRMED,AVAILABLE,3.3164553733476105,AVAILABLE,Thursday,True
L01139,34701,SHORT,AVAILABLE,0.323491788880896,AVAILABLE,AGAINST_CONFIRMED,AVAILABLE,1.5390410717211094,AVAILABLE,Thursday,True
L01140,34767,SHORT,AVAILABLE,0.7072215947705017,AVAILABLE,AGAINST_CONFIRMED,AVAILABLE,2.465166880918328,AVAILABLE,Thursday,True
L01141,34796,SHORT,AVAILABLE,1.0164675139888983,AVAILABLE,AGAINST_CONFIRMED,AVAILABLE,1.5248721489835817,AVAILABLE,Thursday,True
L01142,34811,LONG,AVAILABLE,1.7132668322031315,AVAILABLE,ALIGNED_CONFIRMED,AVAILABLE,1.7792998669503248,AVAILABLE,Thursday,True
L01143,34852,LONG,AVAILABLE,1.3850389733135928,AVAILABLE,ALIGNED_CONFIRMED,AVAILABLE,1.8326268926049194,AVAILABLE,Thursday,True
L01144,34887,SHORT,AVAILABLE,0.20344154112674367,AVAILABLE,AGAINST_SINGLE,AVAILABLE,1.3214217361611214,AVAILABLE,Thursday,True
L01145,34890,LONG,AVAILABLE,0.9575169145919128,AVAILABLE,ALIGNED_SINGLE,AVAILABLE,3.3160863104805474,AVAILABLE,Thursday,True
L01146,34922,SHORT,AVAILABLE,1.526128347642518,AVAILABLE,NEUTRAL,AVAILABLE,1.0979614736790773,AVAILABLE,Friday,True
L01147,34965,LONG,AVAILABLE,1.2247432265099483,AVAILABLE,NEUTRAL,AVAILABLE,2.7503844773481116,AVAILABLE,Friday,True
L01148,35029,SHORT,AVAILABLE,1.4112185050156403,AVAILABLE,NEUTRAL,AVAILABLE,2.07988060102638,AVAILABLE,Friday,True
L01149,35057,LONG,AVAILABLE,0.9602864692837257,AVAILABLE,NEUTRAL,AVAILABLE,1.7488550011707322,AVAILABLE,Friday,True
L01150,35067,LONG,AVAILABLE,-0.011822634236756314,AVAILABLE,NEUTRAL,AVAILABLE,1.3697168040307293,AVAILABLE,Friday,True
L01151,35081,LONG,AVAILABLE,1.5422013747002574,AVAILABLE,NEUTRAL,AVAILABLE,1.941467950566485,AVAILABLE,Friday,True
L01152,35099,SHORT,AVAILABLE,0.9447109053731578,AVAILABLE,NEUTRAL,AVAILABLE,2.034281876838396,AVAILABLE,Friday,True
L01153,35179,SHORT,AVAILABLE,1.2147805178096478,AVAILABLE,NEUTRAL,AVAILABLE,2.1125960281803327,AVAILABLE,Sunday,True
L01154,35190,LONG,AVAILABLE,1.098277122209685,AVAILABLE,NEUTRAL,AVAILABLE,3.414369003954608,AVAILABLE,Monday,True
L01155,35256,SHORT,AVAILABLE,2.4633393979859926,AVAILABLE,NEUTRAL,AVAILABLE,2.000465058265627,AVAILABLE,Monday,True
L01156,35297,SHORT,AVAILABLE,1.2497360190250995,AVAILABLE,NEUTRAL,AVAILABLE,1.196225255831298,AVAILABLE,Monday,True
L01157,35323,SHORT,AVAILABLE,1.5333267383262315,AVAILABLE,NEUTRAL,AVAILABLE,1.3336328662917223,AVAILABLE,Monday,True
L01158,35332,LONG,AVAILABLE,1.162853666411937,AVAILABLE,NEUTRAL,AVAILABLE,1.1011922605231643,AVAILABLE,Monday,True
L01159,35337,SHORT,AVAILABLE,1.4597366122792497,AVAILABLE,NEUTRAL,AVAILABLE,1.8185238187666946,AVAILABLE,Monday,True
L01160,35366,SHORT,AVAILABLE,1.9052859094367944,AVAILABLE,NEUTRAL,AVAILABLE,1.7219431303358568,AVAILABLE,Monday,True
L01161,35384,SHORT,AVAILABLE,1.3836531172597888,AVAILABLE,NEUTRAL,AVAILABLE,2.139416594083284,AVAILABLE,Monday,True
L01162,35442,SHORT,AVAILABLE,1.3372766372223828,AVAILABLE,NEUTRAL,AVAILABLE,1.2013085654655449,AVAILABLE,Monday,True
L01163,35446,LONG,AVAILABLE,1.1164760678932175,AVAILABLE,NEUTRAL,AVAILABLE,1.2326848962167263,AVAILABLE,Monday,True
L01164,35461,SHORT,AVAILABLE,2.4537106532539803,AVAILABLE,AGAINST_SINGLE,AVAILABLE,2.229467671728262,AVAILABLE,Tuesday,True
L01165,35482,SHORT,AVAILABLE,2.0884540083610674,AVAILABLE,AGAINST_SINGLE,AVAILABLE,2.1538559794616394,AVAILABLE,Tuesday,True
L01166,35513,SHORT,AVAILABLE,0.8393564715242572,AVAILABLE,AGAINST_SINGLE,AVAILABLE,1.6956421791529066,AVAILABLE,Tuesday,True
L01167,35528,SHORT,AVAILABLE,4.951085188647243,AVAILABLE,AGAINST_SINGLE,AVAILABLE,1.738748184486783,AVAILABLE,Tuesday,True
L01168,35547,LONG,AVAILABLE,0.023654903818952883,AVAILABLE,ALIGNED_SINGLE,AVAILABLE,1.8573877121763671,AVAILABLE,Tuesday,True
L01169,35598,SHORT,AVAILABLE,-0.4483123106529308,AVAILABLE,AGAINST_SINGLE,AVAILABLE,0.7436906055026646,AVAILABLE,Tuesday,True
L01170,35608,LONG,AVAILABLE,0.40657033759670014,AVAILABLE,ALIGNED_SINGLE,AVAILABLE,1.1072756392412464,AVAILABLE,Tuesday,True
L01171,35609,SHORT,AVAILABLE,1.188726802960892,AVAILABLE,AGAINST_SINGLE,AVAILABLE,1.6112607733811286,AVAILABLE,Tuesday,True
L01172,35619,LONG,AVAILABLE,0.9815951849421831,AVAILABLE,ALIGNED_SINGLE,AVAILABLE,2.3438503273096045,AVAILABLE,Tuesday,True
L01173,35651,SHORT,AVAILABLE,1.477207488787346,AVAILABLE,AGAINST_SINGLE,AVAILABLE,1.1617581577128742,AVAILABLE,Tuesday,True
L01174,35668,SHORT,AVAILABLE,0.5526697237214715,AVAILABLE,AGAINST_SINGLE,AVAILABLE,1.9085656979321501,AVAILABLE,Tuesday,True
L01175,35736,SHORT,AVAILABLE,1.1263748190806786,AVAILABLE,AGAINST_CONFIRMED,AVAILABLE,1.4460840502944903,AVAILABLE,Tuesday,True
L01176,35741,SHORT,AVAILABLE,0.5814813597094141,AVAILABLE,AGAINST_CONFIRMED,AVAILABLE,1.3672910748609464,AVAILABLE,Wednesday,True
L01177,35766,SHORT,AVAILABLE,0.10732957414483121,AVAILABLE,AGAINST_CONFIRMED,AVAILABLE,1.404727449067771,AVAILABLE,Wednesday,True
L01178,35788,SHORT,AVAILABLE,0.687380507867976,AVAILABLE,AGAINST_CONFIRMED,AVAILABLE,1.615074936103431,AVAILABLE,Wednesday,True
L01179,35804,SHORT,AVAILABLE,1.420848545519519,AVAILABLE,AGAINST_CONFIRMED,AVAILABLE,1.7965610393755742,AVAILABLE,Wednesday,True
L01180,35844,SHORT,AVAILABLE,1.7566444320091399,AVAILABLE,AGAINST_CONFIRMED,AVAILABLE,1.4893183740346634,AVAILABLE,Wednesday,True
L01181,35875,SHORT,AVAILABLE,0.2578193994270958,AVAILABLE,AGAINST_CONFIRMED,AVAILABLE,0.6081514453023377,AVAILABLE,Wednesday,True
L01182,35881,LONG,AVAILABLE,1.412309218277155,AVAILABLE,ALIGNED_CONFIRMED,AVAILABLE,1.1785461804220771,AVAILABLE,Wednesday,True
L01183,35892,LONG,AVAILABLE,0.8992352444922856,AVAILABLE,ALIGNED_CONFIRMED,AVAILABLE,2.194140357622883,AVAILABLE,Wednesday,True
L01184,35911,SHORT,AVAILABLE,1.16250582828567,AVAILABLE,AGAINST_CONFIRMED,AVAILABLE,1.6294531892351851,AVAILABLE,Wednesday,True
L01185,35980,SHORT,AVAILABLE,0.8909277421953768,AVAILABLE,AGAINST_CONFIRMED,AVAILABLE,1.3245496611519487,AVAILABLE,Wednesday,True
L01186,35993,LONG,AVAILABLE,0.9031971080794057,AVAILABLE,ALIGNED_CONFIRMED,AVAILABLE,2.181388444695126,AVAILABLE,Wednesday,True
L01187,36023,SHORT,AVAILABLE,2.1976396735949306,AVAILABLE,AGAINST_CONFIRMED,AVAILABLE,2.0853979217396286,AVAILABLE,Thursday,True
L01188,36053,SHORT,AVAILABLE,1.1988775715591566,AVAILABLE,AGAINST_CONFIRMED,AVAILABLE,1.375604533661706,AVAILABLE,Thursday,True
L01189,36154,SHORT,AVAILABLE,0.6739736590180849,AVAILABLE,AGAINST_CONFIRMED,AVAILABLE,1.1504883850451468,AVAILABLE,Thursday,True
L01190,36163,LONG,AVAILABLE,1.1741846689085471,AVAILABLE,ALIGNED_CONFIRMED,AVAILABLE,1.4182237258670167,AVAILABLE,Thursday,True
L01191,36164,SHORT,AVAILABLE,0.25958667949448233,AVAILABLE,AGAINST_CONFIRMED,AVAILABLE,1.2678517657206954,AVAILABLE,Thursday,True
L01192,36169,LONG,AVAILABLE,0.5648893857603065,AVAILABLE,ALIGNED_CONFIRMED,AVAILABLE,2.050725367984854,AVAILABLE,Thursday,True
L01193,36180,SHORT,AVAILABLE,1.3654940224522059,AVAILABLE,AGAINST_CONFIRMED,AVAILABLE,1.449016485721348,AVAILABLE,Thursday,True
L01194,36190,SHORT,AVAILABLE,1.165480098138136,AVAILABLE,AGAINST_CONFIRMED,AVAILABLE,1.3518451551019477,AVAILABLE,Thursday,True
L01195,36211,SHORT,AVAILABLE,0.9374171055870788,AVAILABLE,AGAINST_CONFIRMED,AVAILABLE,2.008519251987306,AVAILABLE,Thursday,True
L01196,36231,SHORT,AVAILABLE,1.400688176950782,AVAILABLE,AGAINST_CONFIRMED,AVAILABLE,1.3661447019377215,AVAILABLE,Thursday,True
L01197,36275,SHORT,AVAILABLE,0.6215865735322538,AVAILABLE,AGAINST_CONFIRMED,AVAILABLE,3.0044357315699166,AVAILABLE,Thursday,True
L01198,36313,LONG,AVAILABLE,1.4288748535738092,AVAILABLE,ALIGNED_CONFIRMED,AVAILABLE,2.7928302200931614,AVAILABLE,Friday,True
L01199,36435,LONG,AVAILABLE,2.484978522032424,AVAILABLE,ALIGNED_CONFIRMED,AVAILABLE,2.2561392238595612,AVAILABLE,Friday,True
L01200,36464,LONG,AVAILABLE,1.7806498355860734,AVAILABLE,ALIGNED_CONFIRMED,AVAILABLE,1.9722818236564574,AVAILABLE,Friday,True
L01201,36500,LONG,AVAILABLE,0.2380919413448094,AVAILABLE,ALIGNED_CONFIRMED,AVAILABLE,1.7850962014819203,AVAILABLE,Friday,True
L01202,36546,SHORT,AVAILABLE,1.868059802993735,AVAILABLE,NEUTRAL,AVAILABLE,1.8431389861583403,AVAILABLE,Sunday,True
L01203,36571,LONG,AVAILABLE,1.2624902932604452,AVAILABLE,NEUTRAL,AVAILABLE,1.8766903416713607,AVAILABLE,Monday,True
L01204,36596,SHORT,AVAILABLE,0.8461744669870643,AVAILABLE,NEUTRAL,AVAILABLE,1.2985471325332187,AVAILABLE,Monday,True
L01205,36726,SHORT,AVAILABLE,1.719207872634231,AVAILABLE,NEUTRAL,AVAILABLE,1.7485177994633088,AVAILABLE,Monday,True
L01206,36756,SHORT,AVAILABLE,0.8422562336022413,AVAILABLE,NEUTRAL,AVAILABLE,1.5325246107241157,AVAILABLE,Monday,True
L01207,36804,SHORT,AVAILABLE,1.500572701862388,AVAILABLE,NEUTRAL,AVAILABLE,2.6675390487185258,AVAILABLE,Monday,True
L01208,36823,SHORT,AVAILABLE,1.3132910742371402,AVAILABLE,NEUTRAL,AVAILABLE,1.547607597014168,AVAILABLE,Monday,True
L01209,36867,LONG,AVAILABLE,0.5643950340835733,AVAILABLE,NEUTRAL,AVAILABLE,2.242859649720645,AVAILABLE,Tuesday,True
L01210,36914,LONG,AVAILABLE,1.059758867408828,AVAILABLE,NEUTRAL,AVAILABLE,1.8226125630086305,AVAILABLE,Tuesday,True
L01211,36953,LONG,AVAILABLE,1.2752362256288121,AVAILABLE,NEUTRAL,AVAILABLE,2.60384167220136,AVAILABLE,Tuesday,True
L01212,37003,LONG,AVAILABLE,1.3945362171534261,AVAILABLE,NEUTRAL,AVAILABLE,1.7503677809652753,AVAILABLE,Tuesday,True
L01213,37022,LONG,AVAILABLE,0.1149735307530518,AVAILABLE,NEUTRAL,AVAILABLE,3.2628978447784993,AVAILABLE,Tuesday,True
L01214,37123,LONG,AVAILABLE,1.7024675489943173,AVAILABLE,NEUTRAL,AVAILABLE,4.675109815697864,AVAILABLE,Wednesday,True
L01215,37182,SHORT,AVAILABLE,1.317450705262442,AVAILABLE,NEUTRAL,AVAILABLE,1.5141377137100378,AVAILABLE,Wednesday,True
L01216,37200,SHORT,AVAILABLE,2.03716618502741,AVAILABLE,NEUTRAL,AVAILABLE,1.878015184488348,AVAILABLE,Wednesday,True
L01217,37260,LONG,AVAILABLE,0.6942022212818126,AVAILABLE,NEUTRAL,AVAILABLE,1.2384541968950444,AVAILABLE,Wednesday,True
L01218,37270,SHORT,AVAILABLE,1.5236923179738258,AVAILABLE,NEUTRAL,AVAILABLE,1.208186392135502,AVAILABLE,Wednesday,True
L01219,37285,SHORT,AVAILABLE,1.2746269129029095,AVAILABLE,NEUTRAL,AVAILABLE,1.4842381978196744,AVAILABLE,Wednesday,True
L01220,37298,LONG,AVAILABLE,1.7564634367845355,AVAILABLE,NEUTRAL,AVAILABLE,1.8735635273235889,AVAILABLE,Wednesday,True
L01221,37360,SHORT,AVAILABLE,1.9810535639052578,AVAILABLE,NEUTRAL,AVAILABLE,2.102230113393367,AVAILABLE,Wednesday,True
L01222,37369,SHORT,AVAILABLE,-0.07004145026153917,AVAILABLE,ALIGNED_SINGLE,AVAILABLE,2.115103693062947,AVAILABLE,Wednesday,True
L01223,37392,LONG,AVAILABLE,1.0845443457659882,AVAILABLE,AGAINST_CONFIRMED,AVAILABLE,1.4688258217297816,AVAILABLE,Thursday,True
L01224,37402,LONG,AVAILABLE,0.6928899074920335,AVAILABLE,AGAINST_CONFIRMED,AVAILABLE,2.263122006442081,AVAILABLE,Thursday,True
L01225,37471,SHORT,AVAILABLE,1.9489518660315686,AVAILABLE,ALIGNED_CONFIRMED,AVAILABLE,3.2461257744641165,AVAILABLE,Thursday,True
L01226,37532,LONG,AVAILABLE,0.13028250920485862,AVAILABLE,AGAINST_CONFIRMED,AVAILABLE,0.7137043474696689,AVAILABLE,Thursday,True
L01227,37535,SHORT,AVAILABLE,0.7543583193114654,AVAILABLE,ALIGNED_CONFIRMED,AVAILABLE,0.6793649279639967,AVAILABLE,Thursday,True
L01228,37536,LONG,AVAILABLE,-0.2392977407513736,AVAILABLE,AGAINST_CONFIRMED,AVAILABLE,0.9531774362036609,AVAILABLE,Thursday,True
L01229,37542,LONG,AVAILABLE,1.9361582097464007,AVAILABLE,AGAINST_CONFIRMED,AVAILABLE,1.5793268628256252,AVAILABLE,Thursday,True
L01230,37562,SHORT,AVAILABLE,0.31590045327786237,AVAILABLE,ALIGNED_CONFIRMED,AVAILABLE,1.3852691991569817,AVAILABLE,Thursday,True
L01231,37647,SHORT,AVAILABLE,1.1786560365577385,AVAILABLE,ALIGNED_SINGLE,AVAILABLE,2.0117297587713816,AVAILABLE,Thursday,True
L01232,37664,LONG,AVAILABLE,1.1637733611150285,AVAILABLE,AGAINST_SINGLE,AVAILABLE,1.9098942114327413,AVAILABLE,Thursday,True
L01233,37686,SHORT,AVAILABLE,1.0337957704489233,AVAILABLE,NEUTRAL,AVAILABLE,1.8735332267377685,AVAILABLE,Friday,True
L01234,37725,LONG,AVAILABLE,1.6077142149175063,AVAILABLE,NEUTRAL,AVAILABLE,1.70573893922829,AVAILABLE,Friday,True
L01235,37754,LONG,AVAILABLE,0.48256703212369606,AVAILABLE,NEUTRAL,AVAILABLE,2.26180999108271,AVAILABLE,Friday,True
L01236,37773,LONG,AVAILABLE,1.0304864782783665,AVAILABLE,NEUTRAL,AVAILABLE,2.0109469612984108,AVAILABLE,Friday,True
L01237,37801,LONG,AVAILABLE,0.3945005756924889,AVAILABLE,NEUTRAL,AVAILABLE,2.1203581575709207,AVAILABLE,Friday,True
L01238,37846,SHORT,AVAILABLE,0.742471827620225,AVAILABLE,NEUTRAL,AVAILABLE,1.4866654376408917,AVAILABLE,Friday,True
L01239,37867,SHORT,AVAILABLE,1.114918411697787,AVAILABLE,NEUTRAL,AVAILABLE,1.2069070423227044,AVAILABLE,Friday,True
L01240,37921,LONG,AVAILABLE,-1.0820574872062043,AVAILABLE,NEUTRAL,AVAILABLE,4.16812519206103,AVAILABLE,Sunday,True
L01241,37949,LONG,AVAILABLE,1.6080878346147214,AVAILABLE,NEUTRAL,AVAILABLE,1.608679410195669,AVAILABLE,Monday,True
L01242,38000,LONG,AVAILABLE,0.22056526665953663,AVAILABLE,NEUTRAL,AVAILABLE,2.149397771470397,AVAILABLE,Monday,True
L01243,38058,LONG,AVAILABLE,0.4615650724755793,AVAILABLE,NEUTRAL,AVAILABLE,2.8652116591919228,AVAILABLE,Monday,True
L01244,38087,LONG,AVAILABLE,1.0235564059908533,AVAILABLE,NEUTRAL,AVAILABLE,1.6736839676631468,AVAILABLE,Monday,True
L01245,38102,SHORT,AVAILABLE,1.3661085686249193,AVAILABLE,NEUTRAL,AVAILABLE,1.7517043261019656,AVAILABLE,Monday,True
L01246,38129,LONG,AVAILABLE,0.697912064318458,AVAILABLE,NEUTRAL,AVAILABLE,1.6618373183754318,AVAILABLE,Monday,True
L01247,38198,LONG,AVAILABLE,0.1723700084792387,AVAILABLE,AGAINST_SINGLE,AVAILABLE,0.8472381894414811,AVAILABLE,Monday,True
L01248,38204,SHORT,AVAILABLE,0.21666515360870883,AVAILABLE,ALIGNED_SINGLE,AVAILABLE,1.1951587385230757,AVAILABLE,Monday,True
L01249,38210,LONG,AVAILABLE,1.0347513489140352,AVAILABLE,AGAINST_SINGLE,AVAILABLE,1.180259592880632,AVAILABLE,Monday,True
L01250,38219,SHORT,AVAILABLE,0.7424569403929332,AVAILABLE,ALIGNED_SINGLE,AVAILABLE,1.6716091607583377,AVAILABLE,Tuesday,True
L01251,38225,LONG,AVAILABLE,2.6019126998180573,AVAILABLE,AGAINST_SINGLE,AVAILABLE,2.831074232708534,AVAILABLE,Tuesday,True
L01252,38244,SHORT,AVAILABLE,0.6285983569327953,AVAILABLE,ALIGNED_SINGLE,AVAILABLE,1.7029965454999474,AVAILABLE,Tuesday,True
L01253,38281,LONG,AVAILABLE,0.5261674371363048,AVAILABLE,AGAINST_SINGLE,AVAILABLE,2.0563632194391706,AVAILABLE,Tuesday,True
L01254,38330,LONG,AVAILABLE,1.0250962391061773,AVAILABLE,AGAINST_SINGLE,AVAILABLE,2.2838420223343223,AVAILABLE,Tuesday,True
L01255,38368,SHORT,AVAILABLE,0.7646260391302624,AVAILABLE,ALIGNED_SINGLE,AVAILABLE,0.9752685213839131,AVAILABLE,Tuesday,True
L01256,38375,LONG,AVAILABLE,2.577009706432011,AVAILABLE,AGAINST_SINGLE,AVAILABLE,2.1659035787661542,AVAILABLE,Tuesday,True
L01257,38381,SHORT,AVAILABLE,1.2535127812999358,AVAILABLE,ALIGNED_SINGLE,AVAILABLE,1.289884947431685,AVAILABLE,Tuesday,True
L01258,38411,SHORT,AVAILABLE,1.5689614576845239,AVAILABLE,ALIGNED_SINGLE,AVAILABLE,1.7200571077162674,AVAILABLE,Tuesday,True
L01259,38432,SHORT,AVAILABLE,1.4377111960141198,AVAILABLE,ALIGNED_SINGLE,AVAILABLE,1.2956308293221106,AVAILABLE,Tuesday,True
L01260,38472,SHORT,AVAILABLE,2.2527576445838893,AVAILABLE,ALIGNED_SINGLE,AVAILABLE,1.4537343626639474,AVAILABLE,Tuesday,True
L01261,38476,LONG,AVAILABLE,1.1555906017196005,AVAILABLE,AGAINST_SINGLE,AVAILABLE,3.6667027942718504,AVAILABLE,Tuesday,True
L01262,38512,SHORT,AVAILABLE,0.6874779116495313,AVAILABLE,ALIGNED_CONFIRMED,AVAILABLE,1.378192226969917,AVAILABLE,Wednesday,True
L01263,38626,SHORT,AVAILABLE,0.5670026976279637,AVAILABLE,ALIGNED_CONFIRMED,AVAILABLE,1.055190252496007,AVAILABLE,Wednesday,True
L01264,38641,LONG,AVAILABLE,2.191054878120122,AVAILABLE,AGAINST_CONFIRMED,AVAILABLE,1.253650184528243,AVAILABLE,Wednesday,True
L01265,38646,SHORT,AVAILABLE,1.0800884808567477,AVAILABLE,ALIGNED_CONFIRMED,AVAILABLE,1.4283486603422728,AVAILABLE,Wednesday,True
L01266,38663,LONG,AVAILABLE,1.7067253323144573,AVAILABLE,AGAINST_CONFIRMED,AVAILABLE,1.8293049008712556,AVAILABLE,Wednesday,True
L01267,38690,LONG,AVAILABLE,1.3963607854264628,AVAILABLE,AGAINST_CONFIRMED,AVAILABLE,2.0320003357109244,AVAILABLE,Wednesday,True
L01268,38706,LONG,AVAILABLE,0.3401398521750808,AVAILABLE,AGAINST_CONFIRMED,AVAILABLE,1.722662373146651,AVAILABLE,Wednesday,True
L01269,38725,LONG,AVAILABLE,0.10242240838106773,AVAILABLE,AGAINST_CONFIRMED,AVAILABLE,2.1957679093824627,AVAILABLE,Wednesday,True
L01270,38739,LONG,AVAILABLE,1.1841395937831363,AVAILABLE,AGAINST_CONFIRMED,AVAILABLE,1.6374813706289875,AVAILABLE,Wednesday,True
L01271,38749,LONG,AVAILABLE,0.941685000292162,AVAILABLE,AGAINST_SINGLE,AVAILABLE,1.901107597439678,AVAILABLE,Wednesday,True
L01272,38778,SHORT,AVAILABLE,1.377091017373021,AVAILABLE,NEUTRAL,AVAILABLE,1.4758326867737892,AVAILABLE,Thursday,True
L01273,38785,SHORT,AVAILABLE,-0.003381149456908973,AVAILABLE,NEUTRAL,AVAILABLE,1.7690882387049751,AVAILABLE,Thursday,True
L01274,38812,LONG,AVAILABLE,0.6307795206615427,AVAILABLE,NEUTRAL,AVAILABLE,2.290005648934977,AVAILABLE,Thursday,True
L01275,38833,SHORT,AVAILABLE,1.2888388969960078,AVAILABLE,NEUTRAL,AVAILABLE,2.2922214942936763,AVAILABLE,Thursday,True
L01276,38888,SHORT,AVAILABLE,0.9453836450945113,AVAILABLE,NEUTRAL,AVAILABLE,2.348326102173532,AVAILABLE,Thursday,True
L01277,38915,LONG,AVAILABLE,0.841925797108313,AVAILABLE,NEUTRAL,AVAILABLE,2.017728061383786,AVAILABLE,Thursday,True
L01278,38927,LONG,AVAILABLE,0.9389572584411124,AVAILABLE,NEUTRAL,AVAILABLE,1.5192804256780021,AVAILABLE,Thursday,True
L01279,38946,SHORT,AVAILABLE,1.3069126296514424,AVAILABLE,NEUTRAL,AVAILABLE,2.247986797318714,AVAILABLE,Thursday,True
L01280,38986,SHORT,AVAILABLE,1.0181107247334835,AVAILABLE,NEUTRAL,AVAILABLE,2.358356801698984,AVAILABLE,Thursday,True
L01281,39014,SHORT,AVAILABLE,1.1496926771222462,AVAILABLE,NEUTRAL,AVAILABLE,1.1625357461694614,AVAILABLE,Thursday,True
L01282,39025,LONG,AVAILABLE,-0.5932091203003403,AVAILABLE,NEUTRAL,AVAILABLE,1.4457567955939747,AVAILABLE,Thursday,True
L01283,39037,SHORT,AVAILABLE,1.8075720478407737,AVAILABLE,NEUTRAL,AVAILABLE,2.963978203853327,AVAILABLE,Thursday,True
L01284,39100,LONG,AVAILABLE,1.7047449872431433,AVAILABLE,NEUTRAL,AVAILABLE,1.5870756662897285,AVAILABLE,Friday,True
L01285,39186,LONG,AVAILABLE,0.5703762725707033,AVAILABLE,NEUTRAL,AVAILABLE,1.0960775067568629,AVAILABLE,Friday,True
L01286,39209,SHORT,AVAILABLE,1.2395348849368528,AVAILABLE,NEUTRAL,AVAILABLE,1.8521968440778271,AVAILABLE,Friday,True
L01287,39258,LONG,AVAILABLE,0.46160277739498495,AVAILABLE,NEUTRAL,AVAILABLE,2.1938549726900427,AVAILABLE,Friday,True
L01288,39324,LONG,AVAILABLE,2.2458349636719697,AVAILABLE,NEUTRAL,AVAILABLE,1.7230649879438125,AVAILABLE,Monday,True
L01289,39359,SHORT,AVAILABLE,1.0324750192161734,AVAILABLE,NEUTRAL,AVAILABLE,1.3683761788643516,AVAILABLE,Monday,True
L01290,39397,SHORT,AVAILABLE,0.4568029768224543,AVAILABLE,NEUTRAL,AVAILABLE,1.519553018239273,AVAILABLE,Monday,True
L01291,39409,SHORT,AVAILABLE,0.8944538419888257,AVAILABLE,NEUTRAL,AVAILABLE,1.4293457113775752,AVAILABLE,Monday,True
L01292,39460,SHORT,AVAILABLE,0.5360094021493539,AVAILABLE,NEUTRAL,AVAILABLE,0.8732729057912721,AVAILABLE,Monday,True
L01293,39461,LONG,AVAILABLE,0.7002125559776691,AVAILABLE,NEUTRAL,AVAILABLE,1.4672680537325067,AVAILABLE,Monday,True
L01294,39480,SHORT,AVAILABLE,0.783478005537707,AVAILABLE,NEUTRAL,AVAILABLE,1.3708611025565347,AVAILABLE,Monday,True
L01295,39495,SHORT,AVAILABLE,1.3000557348520765,AVAILABLE,NEUTRAL,AVAILABLE,1.6328565561387265,AVAILABLE,Monday,True
L01296,39512,LONG,AVAILABLE,1.7990462206429227,AVAILABLE,NEUTRAL,AVAILABLE,1.504675039178193,AVAILABLE,Monday,True
L01297,39543,LONG,AVAILABLE,0.9128777099764234,AVAILABLE,NEUTRAL,AVAILABLE,1.971998794715155,AVAILABLE,Monday,True
L01298,39576,SHORT,AVAILABLE,1.0111934976271566,AVAILABLE,NEUTRAL,AVAILABLE,0.9418405658959473,AVAILABLE,Monday,True
L01299,39581,LONG,AVAILABLE,1.5403360833418518,AVAILABLE,NEUTRAL,AVAILABLE,3.89351619862835,AVAILABLE,Monday,True
L01300,39599,LONG,AVAILABLE,0.5098366539034411,AVAILABLE,NEUTRAL,AVAILABLE,2.292010583929246,AVAILABLE,Tuesday,True
L01301,39616,LONG,AVAILABLE,1.3314018677713475,AVAILABLE,NEUTRAL,AVAILABLE,1.4643812122958588,AVAILABLE,Tuesday,True
L01302,39665,LONG,AVAILABLE,0.44922155851674306,AVAILABLE,NEUTRAL,AVAILABLE,1.8154082995084573,AVAILABLE,Tuesday,True
L01303,39726,SHORT,AVAILABLE,-0.09786503580673843,AVAILABLE,NEUTRAL,AVAILABLE,0.6639107304477105,AVAILABLE,Tuesday,True
L01304,39728,LONG,AVAILABLE,0.7489263556127076,AVAILABLE,NEUTRAL,AVAILABLE,0.54687723300879,AVAILABLE,Tuesday,True
L01305,39735,SHORT,AVAILABLE,0.7308352121398909,AVAILABLE,NEUTRAL,AVAILABLE,1.6587228280399302,AVAILABLE,Tuesday,True
L01306,39744,LONG,AVAILABLE,1.7887270956953394,AVAILABLE,NEUTRAL,AVAILABLE,1.591766943239036,AVAILABLE,Tuesday,True
L01307,39766,LONG,AVAILABLE,3.0378840266669846,AVAILABLE,NEUTRAL,AVAILABLE,2.9398190191100757,AVAILABLE,Tuesday,True
L01308,39971,SHORT,AVAILABLE,0.10592692399609295,AVAILABLE,ALIGNED_SINGLE,AVAILABLE,1.8113579286629693,AVAILABLE,Wednesday,True
L01309,40003,LONG,AVAILABLE,1.3053739656660386,AVAILABLE,AGAINST_SINGLE,AVAILABLE,1.248593843764775,AVAILABLE,Wednesday,True
L01310,40014,SHORT,AVAILABLE,0.9304003308230977,AVAILABLE,ALIGNED_SINGLE,AVAILABLE,1.2668345004729011,AVAILABLE,Wednesday,True
L01311,40022,SHORT,AVAILABLE,-0.08244005916822923,AVAILABLE,ALIGNED_SINGLE,AVAILABLE,1.6679076010658354,AVAILABLE,Wednesday,True
L01312,40039,SHORT,AVAILABLE,1.547089337702102,AVAILABLE,ALIGNED_SINGLE,AVAILABLE,1.4328641517740204,AVAILABLE,Wednesday,True
L01313,40070,SHORT,AVAILABLE,1.1814346191898188,AVAILABLE,ALIGNED_SINGLE,AVAILABLE,1.5513092266500497,AVAILABLE,Wednesday,True
L01314,40134,LONG,AVAILABLE,1.677436202497527,AVAILABLE,NEUTRAL,AVAILABLE,2.606120323664146,AVAILABLE,Wednesday,True
L01315,40155,LONG,AVAILABLE,1.8166538768247082,AVAILABLE,NEUTRAL,AVAILABLE,2.0442965492507663,AVAILABLE,Thursday,True
L01316,40187,SHORT,AVAILABLE,0.39401199269353665,AVAILABLE,NEUTRAL,AVAILABLE,1.5390449878104844,AVAILABLE,Thursday,True
L01317,40205,SHORT,AVAILABLE,0.29970094649203133,AVAILABLE,NEUTRAL,AVAILABLE,1.1067655493140733,AVAILABLE,Thursday,True
L01318,40250,SHORT,AVAILABLE,0.6374009970749488,AVAILABLE,NEUTRAL,AVAILABLE,1.630011780954354,AVAILABLE,Thursday,True
L01319,40276,LONG,AVAILABLE,-0.18251984978637123,AVAILABLE,NEUTRAL,AVAILABLE,0.4468849902513491,AVAILABLE,Thursday,True
L01320,40284,SHORT,AVAILABLE,1.342057392875336,AVAILABLE,NEUTRAL,AVAILABLE,1.9663581619767436,AVAILABLE,Thursday,True
L01321,40296,LONG,AVAILABLE,1.443744772337306,AVAILABLE,NEUTRAL,AVAILABLE,1.8695650102888541,AVAILABLE,Thursday,True
L01322,40331,LONG,AVAILABLE,0.6800360067237737,AVAILABLE,NEUTRAL,AVAILABLE,1.5828852728832719,AVAILABLE,Thursday,True
L01323,40351,LONG,AVAILABLE,2.185979723864578,AVAILABLE,NEUTRAL,AVAILABLE,2.078177863465533,AVAILABLE,Thursday,True
L01324,40404,LONG,AVAILABLE,1.5036022137244154,AVAILABLE,NEUTRAL,AVAILABLE,1.966919523001014,AVAILABLE,Thursday,True
L01325,40425,SHORT,AVAILABLE,0.6064123517382431,AVAILABLE,AGAINST_SINGLE,AVAILABLE,2.0171192531621065,AVAILABLE,Friday,True
L01326,40441,SHORT,AVAILABLE,1.2338113660642518,AVAILABLE,AGAINST_SINGLE,AVAILABLE,1.3884443083503961,AVAILABLE,Friday,True
L01327,40504,SHORT,AVAILABLE,1.2701325788489124,AVAILABLE,AGAINST_SINGLE,AVAILABLE,1.623332174459389,AVAILABLE,Friday,True
L01328,40515,SHORT,AVAILABLE,0.7892654818537956,AVAILABLE,AGAINST_SINGLE,AVAILABLE,1.2655773879506813,AVAILABLE,Friday,True
L01329,40529,SHORT,AVAILABLE,1.9279111821511492,AVAILABLE,AGAINST_SINGLE,AVAILABLE,1.6289640402563235,AVAILABLE,Friday,True
L01330,40557,LONG,AVAILABLE,2.0252549335040424,AVAILABLE,ALIGNED_SINGLE,AVAILABLE,2.1123303120115593,AVAILABLE,Friday,True
L01331,40571,LONG,AVAILABLE,1.6154355459901422,AVAILABLE,ALIGNED_SINGLE,AVAILABLE,1.6438707696546382,AVAILABLE,Friday,True
L01332,40595,LONG,AVAILABLE,1.160497089941906,AVAILABLE,ALIGNED_SINGLE,AVAILABLE,1.938631685858029,AVAILABLE,Friday,True
L01333,40605,LONG,AVAILABLE,0.5093588565437599,AVAILABLE,ALIGNED_SINGLE,AVAILABLE,1.4264527382047836,AVAILABLE,Friday,True
L01334,40618,SHORT,AVAILABLE,2.0478466436924823,AVAILABLE,AGAINST_SINGLE,AVAILABLE,2.8698773229682804,AVAILABLE,Friday,True
L01335,40716,SHORT,AVAILABLE,0.4246364830931182,AVAILABLE,AGAINST_SINGLE,AVAILABLE,2.285829509998113,AVAILABLE,Monday,True
L01336,40747,SHORT,AVAILABLE,0.4018127950676541,AVAILABLE,AGAINST_SINGLE,AVAILABLE,1.346421876056519,AVAILABLE,Monday,True
L01337,40782,SHORT,AVAILABLE,-0.02663526638206922,AVAILABLE,AGAINST_SINGLE,AVAILABLE,1.2940953731100757,AVAILABLE,Monday,True
L01338,40790,SHORT,AVAILABLE,-0.05584772597406584,AVAILABLE,AGAINST_SINGLE,AVAILABLE,1.7072480360536395,AVAILABLE,Monday,True
L01339,40795,SHORT,AVAILABLE,0.3628777892037059,AVAILABLE,AGAINST_SINGLE,AVAILABLE,1.5399992755176855,AVAILABLE,Monday,True
L01340,40809,SHORT,AVAILABLE,1.462391047251223,AVAILABLE,AGAINST_SINGLE,AVAILABLE,1.422751084225442,AVAILABLE,Monday,True
L01341,40854,SHORT,AVAILABLE,1.5494395148829885,AVAILABLE,AGAINST_SINGLE,AVAILABLE,1.6303433686320548,AVAILABLE,Monday,True
L01342,40871,LONG,AVAILABLE,1.8362322821465165,AVAILABLE,ALIGNED_SINGLE,AVAILABLE,2.09968277243814,AVAILABLE,Monday,True
L01343,40916,SHORT,AVAILABLE,1.9701128598178235,AVAILABLE,AGAINST_SINGLE,AVAILABLE,2.6243524787313945,AVAILABLE,Monday,True
L01344,40967,SHORT,AVAILABLE,1.859773592173337,AVAILABLE,AGAINST_SINGLE,AVAILABLE,1.4442431583357147,AVAILABLE,Tuesday,True
L01345,40989,SHORT,AVAILABLE,1.9974475554386781,AVAILABLE,AGAINST_SINGLE,AVAILABLE,1.8613976334082534,AVAILABLE,Tuesday,True
L01346,41017,SHORT,AVAILABLE,1.1529105095477248,AVAILABLE,AGAINST_SINGLE,AVAILABLE,1.3779531107277518,AVAILABLE,Tuesday,True
L01347,41104,LONG,AVAILABLE,0.4108233273962322,AVAILABLE,ALIGNED_SINGLE,AVAILABLE,0.6324321910169305,AVAILABLE,Tuesday,True
L01348,41112,SHORT,AVAILABLE,1.2900352119497454,AVAILABLE,AGAINST_SINGLE,AVAILABLE,0.9845076894516149,AVAILABLE,Tuesday,True
L01349,41118,LONG,AVAILABLE,0.281464302560617,AVAILABLE,ALIGNED_SINGLE,AVAILABLE,1.3207374502173803,AVAILABLE,Tuesday,True
L01350,41124,LONG,AVAILABLE,0.9313462043676348,AVAILABLE,ALIGNED_SINGLE,AVAILABLE,1.593080269139101,AVAILABLE,Tuesday,True
L01351,41135,SHORT,AVAILABLE,1.5218215862672717,AVAILABLE,AGAINST_SINGLE,AVAILABLE,1.4060105180016653,AVAILABLE,Tuesday,True
L01352,41161,LONG,AVAILABLE,1.1561760132035335,AVAILABLE,ALIGNED_SINGLE,AVAILABLE,2.4916857233519076,AVAILABLE,Tuesday,True
L01353,41252,SHORT,AVAILABLE,1.2506462397139273,AVAILABLE,AGAINST_CONFIRMED,AVAILABLE,1.4873763146797032,AVAILABLE,Wednesday,True
L01354,41263,LONG,AVAILABLE,0.6831845201874966,AVAILABLE,ALIGNED_CONFIRMED,AVAILABLE,1.6850256149721763,AVAILABLE,Wednesday,True
L01355,41300,LONG,AVAILABLE,0.6724806797449323,AVAILABLE,ALIGNED_CONFIRMED,AVAILABLE,1.9233477763507139,AVAILABLE,Wednesday,True
L01356,41313,LONG,AVAILABLE,-0.20225681755486513,AVAILABLE,ALIGNED_CONFIRMED,AVAILABLE,1.9425594213441981,AVAILABLE,Wednesday,True
L01357,41381,LONG,AVAILABLE,-0.30767200067061706,AVAILABLE,ALIGNED_CONFIRMED,AVAILABLE,0.9633063952035,AVAILABLE,Wednesday,True
L01358,41397,SHORT,AVAILABLE,1.7620855317893955,AVAILABLE,AGAINST_CONFIRMED,AVAILABLE,1.9715398466250227,AVAILABLE,Wednesday,True
L01359,41405,LONG,AVAILABLE,1.992292780887878,AVAILABLE,ALIGNED_CONFIRMED,AVAILABLE,1.6389027640188618,AVAILABLE,Wednesday,True
L01360,41459,SHORT,AVAILABLE,1.6332966578061527,AVAILABLE,AGAINST_CONFIRMED,AVAILABLE,1.4089860559358398,AVAILABLE,Wednesday,True
L01361,41473,SHORT,AVAILABLE,2.053837723440303,AVAILABLE,AGAINST_CONFIRMED,AVAILABLE,1.3810945063942963,AVAILABLE,Wednesday,True
L01362,41510,SHORT,AVAILABLE,1.3107018349315958,AVAILABLE,AGAINST_CONFIRMED,AVAILABLE,2.159119475403965,AVAILABLE,Wednesday,True
L01363,41523,LONG,AVAILABLE,1.315552732641392,AVAILABLE,ALIGNED_CONFIRMED,AVAILABLE,1.5058218538885804,AVAILABLE,Thursday,True
L01364,41531,SHORT,AVAILABLE,0.31896055992633215,AVAILABLE,AGAINST_CONFIRMED,AVAILABLE,1.8706195509294077,AVAILABLE,Thursday,True
L01365,41542,LONG,AVAILABLE,0.6466340900641765,AVAILABLE,ALIGNED_CONFIRMED,AVAILABLE,1.811460761870929,AVAILABLE,Thursday,True
L01366,41573,SHORT,AVAILABLE,1.1194409229981106,AVAILABLE,AGAINST_CONFIRMED,AVAILABLE,2.166604812353328,AVAILABLE,Thursday,True
L01367,41627,SHORT,AVAILABLE,1.4838438736778032,AVAILABLE,AGAINST_CONFIRMED,AVAILABLE,1.8146136956227659,AVAILABLE,Thursday,True
L01368,41645,SHORT,AVAILABLE,1.0870929335687822,AVAILABLE,AGAINST_CONFIRMED,AVAILABLE,1.3152737829174486,AVAILABLE,Thursday,True
L01369,41659,LONG,AVAILABLE,1.9084431384521587,AVAILABLE,ALIGNED_CONFIRMED,AVAILABLE,1.9078685996867533,AVAILABLE,Thursday,True
L01370,41675,SHORT,AVAILABLE,1.4334782389955503,AVAILABLE,AGAINST_CONFIRMED,AVAILABLE,2.0923301299826322,AVAILABLE,Thursday,True
L01371,41710,LONG,AVAILABLE,0.5713388615833727,AVAILABLE,ALIGNED_CONFIRMED,AVAILABLE,1.6792336551862066,AVAILABLE,Thursday,True
L01372,41754,LONG,AVAILABLE,1.4055125418190177,AVAILABLE,ALIGNED_CONFIRMED,AVAILABLE,2.3422541089782904,AVAILABLE,Thursday,True
L01373,41804,SHORT,AVAILABLE,0.5800900603020374,AVAILABLE,AGAINST_SINGLE,AVAILABLE,0.9649925525250568,AVAILABLE,Friday,True
L01374,41807,LONG,AVAILABLE,0.39244859620151096,AVAILABLE,ALIGNED_SINGLE,AVAILABLE,2.9481957387247637,AVAILABLE,Friday,True
L01375,41840,SHORT,AVAILABLE,0.5949358030616098,AVAILABLE,AGAINST_SINGLE,AVAILABLE,1.3100435303745621,AVAILABLE,Friday,True
L01376,41887,LONG,AVAILABLE,1.898203218696714,AVAILABLE,ALIGNED_SINGLE,AVAILABLE,2.306204788230587,AVAILABLE,Friday,True
L01377,41970,LONG,AVAILABLE,0.6914373462818111,AVAILABLE,ALIGNED_SINGLE,AVAILABLE,2.0241182718454143,AVAILABLE,Friday,True
L01378,41983,SHORT,AVAILABLE,0.6997962133143368,AVAILABLE,AGAINST_SINGLE,AVAILABLE,7.8003928602045685,AVAILABLE,Friday,True
L01379,42487,SHORT,AVAILABLE,0.8730597636763341,AVAILABLE,ALIGNED_SINGLE,AVAILABLE,1.0292436590102856,AVAILABLE,Tuesday,True
L01380,42491,LONG,AVAILABLE,0.602276619154406,AVAILABLE,AGAINST_SINGLE,AVAILABLE,1.6244652569743705,AVAILABLE,Tuesday,True
L01381,42503,LONG,AVAILABLE,2.0125263104347626,AVAILABLE,AGAINST_SINGLE,AVAILABLE,1.6284113323210683,AVAILABLE,Tuesday,True
L01382,42525,SHORT,AVAILABLE,2.2056747368453338,AVAILABLE,ALIGNED_SINGLE,AVAILABLE,1.6132751058753139,AVAILABLE,Tuesday,True
L01383,42588,SHORT,AVAILABLE,0.42890074664127187,AVAILABLE,ALIGNED_SINGLE,AVAILABLE,1.1214573597221058,AVAILABLE,Tuesday,True
L01384,42612,LONG,AVAILABLE,1.5192730584373886,AVAILABLE,AGAINST_SINGLE,AVAILABLE,0.8012248476155729,AVAILABLE,Tuesday,True
L01385,42617,SHORT,AVAILABLE,0.9101401531851906,AVAILABLE,ALIGNED_SINGLE,AVAILABLE,1.177031775288481,AVAILABLE,Tuesday,True
L01386,42626,SHORT,AVAILABLE,0.4095236665916581,AVAILABLE,ALIGNED_SINGLE,AVAILABLE,1.5465710889798838,AVAILABLE,Wednesday,True
L01387,42632,SHORT,AVAILABLE,1.0221602190661583,AVAILABLE,ALIGNED_SINGLE,AVAILABLE,1.2657930023217714,AVAILABLE,Wednesday,True
L01388,42652,LONG,AVAILABLE,1.0716180850368655,AVAILABLE,AGAINST_SINGLE,AVAILABLE,1.633928999999976,AVAILABLE,Wednesday,True
L01389,42664,SHORT,AVAILABLE,0.3955272323273586,AVAILABLE,ALIGNED_SINGLE,AVAILABLE,1.8613735924412569,AVAILABLE,Wednesday,True
L01390,42699,SHORT,AVAILABLE,1.44997642773205,AVAILABLE,ALIGNED_SINGLE,AVAILABLE,1.6037529479177604,AVAILABLE,Wednesday,True
L01391,42754,SHORT,AVAILABLE,0.8431658886717033,AVAILABLE,ALIGNED_SINGLE,AVAILABLE,2.10228995218374,AVAILABLE,Wednesday,True
L01392,42770,SHORT,AVAILABLE,0.4994777637754524,AVAILABLE,ALIGNED_SINGLE,AVAILABLE,1.5265327214584477,AVAILABLE,Wednesday,True
L01393,42786,LONG,AVAILABLE,1.4684622858087477,AVAILABLE,AGAINST_SINGLE,AVAILABLE,1.7222745377704964,AVAILABLE,Wednesday,True
L01394,42808,SHORT,AVAILABLE,2.0423726293242126,AVAILABLE,ALIGNED_SINGLE,AVAILABLE,1.748032342044847,AVAILABLE,Wednesday,True
L01395,42835,LONG,AVAILABLE,0.35373150513100254,AVAILABLE,AGAINST_SINGLE,AVAILABLE,2.0622106852181092,AVAILABLE,Wednesday,True
L01396,42908,SHORT,AVAILABLE,0.6878516028220103,AVAILABLE,AGAINST_SINGLE,AVAILABLE,1.5648355658896176,AVAILABLE,Thursday,True
L01397,42932,LONG,AVAILABLE,1.5657803233851582,AVAILABLE,ALIGNED_SINGLE,AVAILABLE,3.5566327511164295,AVAILABLE,Thursday,True
L01398,43001,LONG,AVAILABLE,1.5323095198536794,AVAILABLE,ALIGNED_SINGLE,AVAILABLE,2.122406867472666,AVAILABLE,Thursday,True
L01399,43038,LONG,AVAILABLE,1.1305617531168644,AVAILABLE,ALIGNED_SINGLE,AVAILABLE,1.486300917017877,AVAILABLE,Thursday,True
L01400,43040,SHORT,AVAILABLE,-0.2577605066422019,AVAILABLE,AGAINST_SINGLE,AVAILABLE,1.6995515524724654,AVAILABLE,Thursday,True
L01401,43061,SHORT,AVAILABLE,2.1961526732405425,AVAILABLE,AGAINST_SINGLE,AVAILABLE,1.8143906259967777,AVAILABLE,Thursday,True
L01402,43063,SHORT,AVAILABLE,0.6457732363875646,AVAILABLE,AGAINST_SINGLE,AVAILABLE,1.5664371311790353,AVAILABLE,Thursday,True
L01403,43080,SHORT,AVAILABLE,1.2326174476197482,AVAILABLE,AGAINST_SINGLE,AVAILABLE,1.8055975194026301,AVAILABLE,Thursday,True
L01404,43107,LONG,AVAILABLE,0.8540999603065611,AVAILABLE,ALIGNED_SINGLE,AVAILABLE,1.662239184464931,AVAILABLE,Thursday,True
L01405,43164,LONG,AVAILABLE,0.323691417668356,AVAILABLE,ALIGNED_SINGLE,AVAILABLE,1.2571806826642928,AVAILABLE,Thursday,True
L01406,43173,SHORT,AVAILABLE,0.9018500151961089,AVAILABLE,AGAINST_SINGLE,AVAILABLE,1.5972893465053017,AVAILABLE,Thursday,True
L01407,43183,LONG,AVAILABLE,0.7257160172889596,AVAILABLE,NEUTRAL,AVAILABLE,1.1606068740593372,AVAILABLE,Friday,True
L01408,43196,LONG,AVAILABLE,1.079362631332358,AVAILABLE,NEUTRAL,AVAILABLE,1.3398296578693036,AVAILABLE,Friday,True
L01409,43220,LONG,AVAILABLE,0.9441538913370036,AVAILABLE,NEUTRAL,AVAILABLE,1.42351210758555,AVAILABLE,Friday,True
L01410,43235,LONG,AVAILABLE,0.9746088688033749,AVAILABLE,NEUTRAL,AVAILABLE,1.206121203583465,AVAILABLE,Friday,True
L01411,43246,LONG,AVAILABLE,1.7135722140651721,AVAILABLE,NEUTRAL,AVAILABLE,2.0986674757047448,AVAILABLE,Friday,True
L01412,43264,LONG,AVAILABLE,0.8757527453986281,AVAILABLE,NEUTRAL,AVAILABLE,1.8640631276884978,AVAILABLE,Friday,True
L01413,43272,LONG,AVAILABLE,0.03868319574517163,AVAILABLE,NEUTRAL,AVAILABLE,1.9148893962358429,AVAILABLE,Friday,True
L01414,43312,SHORT,AVAILABLE,0.15109992305675365,AVAILABLE,NEUTRAL,AVAILABLE,0.3478728717162804,AVAILABLE,Friday,True
L01415,43320,LONG,AVAILABLE,2.1635081293693283,AVAILABLE,NEUTRAL,AVAILABLE,1.2528364959422562,AVAILABLE,Friday,True
L01416,43346,SHORT,AVAILABLE,1.201183580557215,AVAILABLE,NEUTRAL,AVAILABLE,1.9408582801735714,AVAILABLE,Friday,True
L01417,43383,SHORT,AVAILABLE,1.0020193314587262,AVAILABLE,NEUTRAL,AVAILABLE,2.703718257563854,AVAILABLE,Friday,True
L01418,43445,SHORT,AVAILABLE,1.254543599565255,AVAILABLE,ALIGNED_SINGLE,AVAILABLE,1.7931940570776137,AVAILABLE,Sunday,True
L01419,43462,LONG,AVAILABLE,0.3889807807146025,AVAILABLE,AGAINST_SINGLE,AVAILABLE,1.8256651165024749,AVAILABLE,Monday,True
L01420,43487,LONG,AVAILABLE,1.0170234824312152,AVAILABLE,AGAINST_SINGLE,AVAILABLE,1.5627487793718824,AVAILABLE,Monday,True
L01421,43516,LONG,AVAILABLE,0.3582732842519973,AVAILABLE,AGAINST_SINGLE,AVAILABLE,1.684893164439709,AVAILABLE,Monday,True
L01422,43596,SHORT,AVAILABLE,0.13169805623237918,AVAILABLE,ALIGNED_SINGLE,AVAILABLE,1.2018125843960552,AVAILABLE,Monday,True
L01423,43615,SHORT,AVAILABLE,0.7200512769473197,AVAILABLE,ALIGNED_SINGLE,AVAILABLE,1.5543828154009913,AVAILABLE,Monday,True
L01424,43656,SHORT,AVAILABLE,0.0905086833925506,AVAILABLE,ALIGNED_SINGLE,AVAILABLE,1.263353193458518,AVAILABLE,Monday,True
L01425,43666,SHORT,AVAILABLE,0.6510754278361777,AVAILABLE,ALIGNED_SINGLE,AVAILABLE,1.528896418098742,AVAILABLE,Monday,True
L01426,43686,SHORT,AVAILABLE,0.9590682304833834,AVAILABLE,ALIGNED_SINGLE,AVAILABLE,2.4457875394245856,AVAILABLE,Monday,True
L01427,43717,SHORT,AVAILABLE,1.344718142084609,AVAILABLE,NEUTRAL,AVAILABLE,1.3083750550021418,AVAILABLE,Monday,True
L01428,43723,LONG,AVAILABLE,1.2990021124481663,AVAILABLE,NEUTRAL,AVAILABLE,2.0089249047204465,AVAILABLE,Monday,True
L01429,43729,SHORT,AVAILABLE,1.7135850803538102,AVAILABLE,NEUTRAL,AVAILABLE,1.7012152803135654,AVAILABLE,Tuesday,True
L01430,43745,LONG,AVAILABLE,1.2278966809415046,AVAILABLE,NEUTRAL,AVAILABLE,1.6802393624986394,AVAILABLE,Tuesday,True
L01431,43765,SHORT,AVAILABLE,1.0251174554971998,AVAILABLE,NEUTRAL,AVAILABLE,1.8322584767738228,AVAILABLE,Tuesday,True
L01432,43837,LONG,AVAILABLE,1.9376989823217794,AVAILABLE,NEUTRAL,AVAILABLE,2.988570864743891,AVAILABLE,Tuesday,True
L01433,43896,SHORT,AVAILABLE,1.4057222223778738,AVAILABLE,NEUTRAL,AVAILABLE,1.5224427338577864,AVAILABLE,Tuesday,True
L01434,43908,LONG,AVAILABLE,1.1655183977738552,AVAILABLE,NEUTRAL,AVAILABLE,2.3492673534729995,AVAILABLE,Tuesday,True
L01435,43941,SHORT,AVAILABLE,1.1836614443641948,AVAILABLE,NEUTRAL,AVAILABLE,1.8666953669284925,AVAILABLE,Tuesday,True
L01436,43997,SHORT,AVAILABLE,0.6002218512590192,AVAILABLE,AGAINST_SINGLE,AVAILABLE,1.5232825854680083,AVAILABLE,Tuesday,True
L01437,44012,SHORT,AVAILABLE,0.7115361792645049,AVAILABLE,AGAINST_SINGLE,AVAILABLE,1.6065901156503448,AVAILABLE,Wednesday,True
L01438,44051,SHORT,AVAILABLE,0.8572029084829595,AVAILABLE,AGAINST_SINGLE,AVAILABLE,1.4933169793129233,AVAILABLE,Wednesday,True
L01439,44152,SHORT,AVAILABLE,2.2984055093653266,AVAILABLE,AGAINST_SINGLE,AVAILABLE,1.4951760692752762,AVAILABLE,Wednesday,True
L01440,44160,LONG,AVAILABLE,1.7573724471811705,AVAILABLE,ALIGNED_SINGLE,AVAILABLE,2.614442769883733,AVAILABLE,Wednesday,True
L01441,44177,LONG,AVAILABLE,0.8741800929299709,AVAILABLE,ALIGNED_SINGLE,AVAILABLE,1.8048064244984867,AVAILABLE,Wednesday,True
L01442,44185,LONG,AVAILABLE,1.5595987438378984,AVAILABLE,ALIGNED_SINGLE,AVAILABLE,1.8717028161211322,AVAILABLE,Wednesday,True
L01443,44272,SHORT,AVAILABLE,1.0943387466083394,AVAILABLE,AGAINST_SINGLE,AVAILABLE,1.3657297372739399,AVAILABLE,Wednesday,True
L01444,44283,LONG,AVAILABLE,-0.13807283787574098,AVAILABLE,ALIGNED_SINGLE,AVAILABLE,1.256945814225848,AVAILABLE,Thursday,True
L01445,44304,LONG,AVAILABLE,1.4535547165606832,AVAILABLE,ALIGNED_SINGLE,AVAILABLE,1.7243154689830698,AVAILABLE,Thursday,True
L01446,44318,LONG,AVAILABLE,1.131818307096702,AVAILABLE,ALIGNED_SINGLE,AVAILABLE,1.6509794851566244,AVAILABLE,Thursday,True
L01447,44331,LONG,AVAILABLE,1.0473817462012784,AVAILABLE,ALIGNED_SINGLE,AVAILABLE,1.716729979599091,AVAILABLE,Thursday,True
L01448,44421,SHORT,AVAILABLE,0.7658780820688087,AVAILABLE,AGAINST_SINGLE,AVAILABLE,1.5166534676491508,AVAILABLE,Thursday,True
L01449,44441,LONG,AVAILABLE,1.510972655782389,AVAILABLE,ALIGNED_SINGLE,AVAILABLE,1.771712756798644,AVAILABLE,Thursday,True
L01450,44555,SHORT,AVAILABLE,0.9884154917087601,AVAILABLE,NEUTRAL,AVAILABLE,1.3747494180186488,AVAILABLE,Friday,True
L01451,44590,LONG,AVAILABLE,0.40877922789114396,AVAILABLE,NEUTRAL,AVAILABLE,4.860852581119849,AVAILABLE,Friday,True
L01452,44636,LONG,AVAILABLE,0.6355752577212572,AVAILABLE,NEUTRAL,AVAILABLE,3.4495328857658194,AVAILABLE,Friday,True
L01453,44698,SHORT,AVAILABLE,0.9542302196847371,AVAILABLE,NEUTRAL,AVAILABLE,2.68685628507435,AVAILABLE,Friday,True
L01454,44726,SHORT,AVAILABLE,0.08830871056679707,AVAILABLE,NEUTRAL,AVAILABLE,1.0562167388770138,AVAILABLE,Friday,True
L01455,44747,SHORT,AVAILABLE,0.37674780873113306,AVAILABLE,NEUTRAL,AVAILABLE,2.120733339084829,AVAILABLE,Friday,True
L01456,44756,LONG,AVAILABLE,-0.4202936699047675,AVAILABLE,NEUTRAL,AVAILABLE,2.7218818667218088,AVAILABLE,Sunday,True
L01457,44777,SHORT,AVAILABLE,0.7982067020540173,AVAILABLE,NEUTRAL,AVAILABLE,1.4433746305357382,AVAILABLE,Monday,True
L01458,44794,SHORT,AVAILABLE,1.2121783389414318,AVAILABLE,NEUTRAL,AVAILABLE,2.2108740684208574,AVAILABLE,Monday,True
L01459,44891,SHORT,AVAILABLE,1.1991641694158561,AVAILABLE,NEUTRAL,AVAILABLE,2.281835794221323,AVAILABLE,Monday,True
L01460,44921,LONG,AVAILABLE,1.0087186811740572,AVAILABLE,NEUTRAL,AVAILABLE,1.6105079685614145,AVAILABLE,Monday,True
L01461,44931,SHORT,AVAILABLE,1.5701759084629372,AVAILABLE,NEUTRAL,AVAILABLE,1.9440433225573852,AVAILABLE,Monday,True
L01462,44945,LONG,AVAILABLE,1.3549951307433339,AVAILABLE,NEUTRAL,AVAILABLE,3.1688332173823737,AVAILABLE,Monday,True
L01463,45063,LONG,AVAILABLE,0.5348847871443355,AVAILABLE,ALIGNED_SINGLE,AVAILABLE,4.063030751892819,AVAILABLE,Tuesday,True
L01464,45174,LONG,AVAILABLE,0.6185662716841969,AVAILABLE,ALIGNED_SINGLE,AVAILABLE,1.8342902734972981,AVAILABLE,Tuesday,True
L01465,45198,SHORT,AVAILABLE,0.7546840776858702,AVAILABLE,AGAINST_SINGLE,AVAILABLE,2.423230411503078,AVAILABLE,Tuesday,True
L01466,45217,SHORT,AVAILABLE,1.9049626097231211,AVAILABLE,AGAINST_SINGLE,AVAILABLE,2.285891486107858,AVAILABLE,Tuesday,True
L01467,45239,LONG,AVAILABLE,0.7521716322046813,AVAILABLE,ALIGNED_SINGLE,AVAILABLE,2.4851151076291464,AVAILABLE,Tuesday,True
L01468,45306,LONG,AVAILABLE,1.641536002712239,AVAILABLE,NEUTRAL,AVAILABLE,1.5753855156255376,AVAILABLE,Tuesday,True
L01469,45317,SHORT,AVAILABLE,1.13510527551453,AVAILABLE,NEUTRAL,AVAILABLE,1.6464952759972782,AVAILABLE,Wednesday,True
L01470,45340,SHORT,AVAILABLE,0.7374466491222236,AVAILABLE,NEUTRAL,AVAILABLE,1.534844095860707,AVAILABLE,Wednesday,True
L01471,45354,SHORT,AVAILABLE,1.141449074908744,AVAILABLE,NEUTRAL,AVAILABLE,1.3361504364185741,AVAILABLE,Wednesday,True
L01472,45412,LONG,AVAILABLE,0.13219897632172586,AVAILABLE,NEUTRAL,AVAILABLE,1.8020356043047783,AVAILABLE,Wednesday,True
L01473,45436,LONG,AVAILABLE,0.20456241640105327,AVAILABLE,NEUTRAL,AVAILABLE,1.7280263488939347,AVAILABLE,Wednesday,True
L01474,45442,LONG,AVAILABLE,2.2872165782103715,AVAILABLE,NEUTRAL,AVAILABLE,1.7796671424295978,AVAILABLE,Wednesday,True
L01475,45486,SHORT,AVAILABLE,2.296024420796266,AVAILABLE,NEUTRAL,AVAILABLE,2.8847457588628718,AVAILABLE,Wednesday,True
L01476,45493,SHORT,AVAILABLE,-0.3531150581358645,AVAILABLE,NEUTRAL,AVAILABLE,1.9619180955925442,AVAILABLE,Wednesday,True
L01477,45528,LONG,AVAILABLE,0.519655339222212,AVAILABLE,NEUTRAL,AVAILABLE,2.766394630850271,AVAILABLE,Wednesday,True
L01478,45548,LONG,AVAILABLE,0.6237016695427208,AVAILABLE,NEUTRAL,AVAILABLE,1.5716686450398987,AVAILABLE,Wednesday,True
L01479,45582,LONG,AVAILABLE,1.282231816261923,AVAILABLE,NEUTRAL,AVAILABLE,0.7013874916389415,AVAILABLE,Wednesday,True
L01480,45591,LONG,AVAILABLE,0.406837826259949,AVAILABLE,NEUTRAL,AVAILABLE,0.9390272264813843,AVAILABLE,Wednesday,True
L01481,45605,SHORT,AVAILABLE,1.70381476246256,AVAILABLE,ALIGNED_SINGLE,AVAILABLE,1.6972765740030884,AVAILABLE,Thursday,True
L01482,45615,SHORT,AVAILABLE,1.1692929461490982,AVAILABLE,ALIGNED_SINGLE,AVAILABLE,1.3476428589041243,AVAILABLE,Thursday,True
L01483,45637,LONG,AVAILABLE,1.0074148439222497,AVAILABLE,AGAINST_SINGLE,AVAILABLE,2.454296179988129,AVAILABLE,Thursday,True
L01484,45671,LONG,AVAILABLE,0.3829577795827157,AVAILABLE,AGAINST_SINGLE,AVAILABLE,2.2954340595359657,AVAILABLE,Thursday,True
L01485,45731,LONG,AVAILABLE,-0.4580502833592991,AVAILABLE,AGAINST_SINGLE,AVAILABLE,0.9665416240301157,AVAILABLE,Thursday,True
L01486,45739,LONG,AVAILABLE,0.688630280979112,AVAILABLE,AGAINST_SINGLE,AVAILABLE,1.6982306932749895,AVAILABLE,Thursday,True
L01487,45753,LONG,AVAILABLE,0.7080754773666403,AVAILABLE,AGAINST_SINGLE,AVAILABLE,1.7344752005871158,AVAILABLE,Thursday,True
L01488,45769,SHORT,AVAILABLE,1.5274353743364915,AVAILABLE,ALIGNED_SINGLE,AVAILABLE,2.13075612080638,AVAILABLE,Thursday,True
L01489,45792,SHORT,AVAILABLE,1.576320696189337,AVAILABLE,ALIGNED_SINGLE,AVAILABLE,1.5277107570056083,AVAILABLE,Thursday,True
L01490,45858,SHORT,AVAILABLE,1.0584328211148737,AVAILABLE,ALIGNED_SINGLE,AVAILABLE,0.5593324053039742,AVAILABLE,Thursday,True
L01491,45870,LONG,AVAILABLE,1.5033841969258936,AVAILABLE,NEUTRAL,AVAILABLE,1.4881363404639114,AVAILABLE,Friday,True
L01492,45873,SHORT,AVAILABLE,1.3837916885329924,AVAILABLE,NEUTRAL,AVAILABLE,1.5594990180311625,AVAILABLE,Friday,True
L01493,45887,LONG,AVAILABLE,1.8194582470227978,AVAILABLE,NEUTRAL,AVAILABLE,2.1604410497305935,AVAILABLE,Friday,True
L01494,45952,SHORT,AVAILABLE,0.23696661157276036,AVAILABLE,NEUTRAL,AVAILABLE,1.848230922811514,AVAILABLE,Friday,True
L01495,45959,SHORT,AVAILABLE,0.5259834369632387,AVAILABLE,NEUTRAL,AVAILABLE,1.4449093680791771,AVAILABLE,Friday,True
L01496,46006,SHORT,AVAILABLE,1.2599502704287093,AVAILABLE,NEUTRAL,AVAILABLE,0.9856274603910488,AVAILABLE,Friday,True
L01497,46012,LONG,AVAILABLE,0.31389591204507983,AVAILABLE,NEUTRAL,AVAILABLE,1.1288603220388749,AVAILABLE,Friday,True
L01498,46018,SHORT,AVAILABLE,0.4635034840685764,AVAILABLE,NEUTRAL,AVAILABLE,1.8175892380473662,AVAILABLE,Friday,True
L01499,46028,SHORT,AVAILABLE,-0.18506022103760056,AVAILABLE,NEUTRAL,AVAILABLE,2.3088768367938517,AVAILABLE,Friday,True
L01500,46041,SHORT,AVAILABLE,1.0026221455059072,AVAILABLE,NEUTRAL,AVAILABLE,1.4449589977496828,AVAILABLE,Friday,True
L01501,46050,SHORT,AVAILABLE,1.6668768050796186,AVAILABLE,NEUTRAL,AVAILABLE,1.6911595420064982,AVAILABLE,Friday,True
L01502,46059,SHORT,AVAILABLE,2.4224603866083885,AVAILABLE,NEUTRAL,AVAILABLE,2.2881218215617234,AVAILABLE,Friday,True
L01503,46078,LONG,AVAILABLE,0.29178857207579195,AVAILABLE,NEUTRAL,AVAILABLE,3.0011011874382056,AVAILABLE,Friday,True
L01504,46132,LONG,AVAILABLE,1.3672729205006555,AVAILABLE,NEUTRAL,AVAILABLE,1.9318469357275618,AVAILABLE,Friday,True
L01505,46134,SHORT,AVAILABLE,-0.18112348383923133,AVAILABLE,NEUTRAL,AVAILABLE,1.903573726201679,AVAILABLE,Sunday,True
L01506,46153,SHORT,AVAILABLE,1.1035594722191735,AVAILABLE,NEUTRAL,AVAILABLE,1.1613848579178006,AVAILABLE,Monday,True
L01507,46184,SHORT,AVAILABLE,0.5738956327673265,AVAILABLE,NEUTRAL,AVAILABLE,1.3016922000321736,AVAILABLE,Monday,True
L01508,46225,SHORT,AVAILABLE,0.3478776705077765,AVAILABLE,NEUTRAL,AVAILABLE,1.051045005002034,AVAILABLE,Monday,True
L01509,46284,SHORT,AVAILABLE,1.573779757422061,AVAILABLE,NEUTRAL,AVAILABLE,1.5586832841180454,AVAILABLE,Monday,True
L01510,46297,SHORT,AVAILABLE,1.067115671976138,AVAILABLE,NEUTRAL,AVAILABLE,1.346476603485311,AVAILABLE,Monday,True
L01511,46310,LONG,AVAILABLE,0.928964987707593,AVAILABLE,NEUTRAL,AVAILABLE,1.7613369614133763,AVAILABLE,Monday,True
L01512,46336,LONG,AVAILABLE,1.7288464193345472,AVAILABLE,NEUTRAL,AVAILABLE,1.7955721113381842,AVAILABLE,Monday,True
L01513,46418,SHORT,AVAILABLE,0.6652994166509251,AVAILABLE,NEUTRAL,AVAILABLE,1.3190416462714512,AVAILABLE,Tuesday,True
L01514,46429,LONG,AVAILABLE,0.5479797164630077,AVAILABLE,NEUTRAL,AVAILABLE,1.2311120527450519,AVAILABLE,Tuesday,True
L01515,46442,SHORT,AVAILABLE,0.6266643640104683,AVAILABLE,NEUTRAL,AVAILABLE,0.975447705524947,AVAILABLE,Tuesday,True
L01516,46453,LONG,AVAILABLE,1.2732742848211145,AVAILABLE,NEUTRAL,AVAILABLE,1.873658861591179,AVAILABLE,Tuesday,True
L01517,46465,SHORT,AVAILABLE,0.6036685752151477,AVAILABLE,NEUTRAL,AVAILABLE,2.0057527506070643,AVAILABLE,Tuesday,True
L01518,46495,LONG,AVAILABLE,2.048963308241594,AVAILABLE,NEUTRAL,AVAILABLE,2.894285858026084,AVAILABLE,Tuesday,True
L01519,46544,SHORT,AVAILABLE,0.9486768782119811,AVAILABLE,NEUTRAL,AVAILABLE,2.7593558983166737,AVAILABLE,Tuesday,True
L01520,46591,LONG,AVAILABLE,1.9049404794719844,AVAILABLE,NEUTRAL,AVAILABLE,1.6862734702530788,AVAILABLE,Tuesday,True
L01521,46597,SHORT,AVAILABLE,0.9712516881468803,AVAILABLE,NEUTRAL,AVAILABLE,1.6606466762196581,AVAILABLE,Tuesday,True
L01522,46620,SHORT,AVAILABLE,1.2414650186931695,AVAILABLE,NEUTRAL,AVAILABLE,1.4086985040663786,AVAILABLE,Tuesday,True
L01523,46686,LONG,AVAILABLE,0.8730657876705499,AVAILABLE,NEUTRAL,AVAILABLE,0.7587181626122105,AVAILABLE,Tuesday,True
L01524,46691,SHORT,AVAILABLE,-0.04980945140947965,AVAILABLE,NEUTRAL,AVAILABLE,1.446553881652062,AVAILABLE,Tuesday,True
L01525,46713,SHORT,AVAILABLE,1.616605538286232,AVAILABLE,NEUTRAL,AVAILABLE,1.915785996708481,AVAILABLE,Wednesday,True
L01526,46730,SHORT,AVAILABLE,0.1545704103031882,AVAILABLE,NEUTRAL,AVAILABLE,1.310563862550269,AVAILABLE,Wednesday,True
L01527,46758,LONG,AVAILABLE,0.9212221723830882,AVAILABLE,NEUTRAL,AVAILABLE,1.7914307067473825,AVAILABLE,Wednesday,True
L01528,46815,LONG,AVAILABLE,0.48316232024812333,AVAILABLE,NEUTRAL,AVAILABLE,1.557889264252511,AVAILABLE,Wednesday,True
L01529,46821,LONG,AVAILABLE,0.8813014519829165,AVAILABLE,NEUTRAL,AVAILABLE,2.4299722631333087,AVAILABLE,Wednesday,True
L01530,46842,SHORT,AVAILABLE,1.649388821811137,AVAILABLE,NEUTRAL,AVAILABLE,2.0520117553127117,AVAILABLE,Wednesday,True
L01531,46865,SHORT,AVAILABLE,1.3545615889919294,AVAILABLE,NEUTRAL,AVAILABLE,1.700045866231728,AVAILABLE,Wednesday,True
L01532,46870,LONG,AVAILABLE,1.17214859696025,AVAILABLE,NEUTRAL,AVAILABLE,1.8487906041890376,AVAILABLE,Wednesday,True
L01533,46878,LONG,AVAILABLE,0.4238720570709817,AVAILABLE,NEUTRAL,AVAILABLE,1.5712392403947064,AVAILABLE,Wednesday,True
L01534,46926,SHORT,AVAILABLE,2.204550544687701,AVAILABLE,NEUTRAL,AVAILABLE,2.6911547411148082,AVAILABLE,Wednesday,True
L01535,46931,LONG,AVAILABLE,0.036355454286681084,AVAILABLE,NEUTRAL,AVAILABLE,1.9156100749542386,AVAILABLE,Wednesday,True
L01536,46946,SHORT,AVAILABLE,0.6258327489159392,AVAILABLE,NEUTRAL,AVAILABLE,1.2793297264251895,AVAILABLE,Wednesday,True
L01537,46979,SHORT,AVAILABLE,1.1494432582461425,AVAILABLE,AGAINST_SINGLE,AVAILABLE,1.8517657036992934,AVAILABLE,Thursday,True
L01538,46984,SHORT,AVAILABLE,1.3557722402236676,AVAILABLE,AGAINST_SINGLE,AVAILABLE,1.8906358074424248,AVAILABLE,Thursday,True
L01539,47014,LONG,AVAILABLE,0.47495016155486497,AVAILABLE,ALIGNED_SINGLE,AVAILABLE,2.161977770122597,AVAILABLE,Thursday,True
L01540,47029,LONG,AVAILABLE,1.1530814132986813,AVAILABLE,ALIGNED_SINGLE,AVAILABLE,1.8114143434396965,AVAILABLE,Thursday,True
L01541,47043,LONG,AVAILABLE,1.0340145925670274,AVAILABLE,ALIGNED_SINGLE,AVAILABLE,1.7460161798149316,AVAILABLE,Thursday,True
L01542,47116,LONG,AVAILABLE,1.1791402781506641,AVAILABLE,ALIGNED_SINGLE,AVAILABLE,1.6147290873060633,AVAILABLE,Thursday,True
L01543,47125,SHORT,AVAILABLE,0.9553576878932981,AVAILABLE,AGAINST_SINGLE,AVAILABLE,1.1594923949830889,AVAILABLE,Thursday,True
L01544,47132,LONG,AVAILABLE,1.1454185545346331,AVAILABLE,ALIGNED_SINGLE,AVAILABLE,2.1969019475860003,AVAILABLE,Thursday,True
L01545,47148,SHORT,AVAILABLE,2.4001463405054992,AVAILABLE,AGAINST_SINGLE,AVAILABLE,2.4735506100381857,AVAILABLE,Thursday,True
L01546,47191,SHORT,AVAILABLE,1.2491496878256627,AVAILABLE,AGAINST_SINGLE,AVAILABLE,1.2950975281977286,AVAILABLE,Thursday,True
L01547,47237,SHORT,AVAILABLE,1.143677789400322,AVAILABLE,AGAINST_CONFIRMED,AVAILABLE,1.0362845132269263,AVAILABLE,Thursday,True
L01548,47248,LONG,AVAILABLE,0.8682013848998485,AVAILABLE,ALIGNED_CONFIRMED,AVAILABLE,1.3573785883598282,AVAILABLE,Friday,True
L01549,47259,LONG,AVAILABLE,1.3389312519918186,AVAILABLE,ALIGNED_CONFIRMED,AVAILABLE,1.871070455737642,AVAILABLE,Friday,True
L01550,47266,LONG,AVAILABLE,1.229190495142498,AVAILABLE,ALIGNED_CONFIRMED,AVAILABLE,1.4408776178268414,AVAILABLE,Friday,True
L01551,47391,SHORT,AVAILABLE,0.8600490639517062,AVAILABLE,AGAINST_CONFIRMED,AVAILABLE,1.1773817797518078,AVAILABLE,Friday,True
L01552,47401,LONG,AVAILABLE,1.723806286375221,AVAILABLE,ALIGNED_CONFIRMED,AVAILABLE,1.1824049765919629,AVAILABLE,Friday,True
L01553,47410,SHORT,AVAILABLE,1.3123819395209593,AVAILABLE,AGAINST_CONFIRMED,AVAILABLE,1.9992266816731246,AVAILABLE,Friday,True
L01554,47425,SHORT,AVAILABLE,0.07765333735376023,AVAILABLE,AGAINST_CONFIRMED,AVAILABLE,1.830498180825017,AVAILABLE,Friday,True
L01555,47452,LONG,AVAILABLE,0.575037562587637,AVAILABLE,ALIGNED_CONFIRMED,AVAILABLE,2.1233741343582615,AVAILABLE,Friday,True
L01556,47518,SHORT,AVAILABLE,0.7793550993108204,AVAILABLE,AGAINST_SINGLE,AVAILABLE,1.2743613452477283,AVAILABLE,Sunday,True
L01557,47559,SHORT,AVAILABLE,0.8130424985023854,AVAILABLE,AGAINST_SINGLE,AVAILABLE,1.1040224190408794,AVAILABLE,Monday,True
L01558,47575,SHORT,AVAILABLE,1.4461605616226783,AVAILABLE,AGAINST_SINGLE,AVAILABLE,1.0368386158710368,AVAILABLE,Monday,True
L01559,47605,SHORT,AVAILABLE,1.3777950966910222,AVAILABLE,AGAINST_SINGLE,AVAILABLE,1.6308055406578992,AVAILABLE,Monday,True
L01560,47630,SHORT,AVAILABLE,0.9085078972598184,AVAILABLE,AGAINST_SINGLE,AVAILABLE,1.4218601619124176,AVAILABLE,Monday,True
L01561,47633,SHORT,AVAILABLE,-0.04603283908226521,AVAILABLE,AGAINST_SINGLE,AVAILABLE,1.5076093778640578,AVAILABLE,Monday,True
L01562,47677,SHORT,AVAILABLE,1.4979891584755332,AVAILABLE,AGAINST_SINGLE,AVAILABLE,1.5641789289386416,AVAILABLE,Monday,True
L01563,47684,LONG,AVAILABLE,0.8952051508250258,AVAILABLE,ALIGNED_SINGLE,AVAILABLE,1.949903994927999,AVAILABLE,Monday,True
L01564,47696,LONG,AVAILABLE,1.6731183232989086,AVAILABLE,ALIGNED_SINGLE,AVAILABLE,2.1158878465350264,AVAILABLE,Monday,True
L01565,47707,LONG,AVAILABLE,0.9489666640914676,AVAILABLE,ALIGNED_SINGLE,AVAILABLE,1.3215514215849749,AVAILABLE,Monday,True
L01566,47730,LONG,AVAILABLE,0.7969832483320154,AVAILABLE,ALIGNED_SINGLE,AVAILABLE,2.107420973704587,AVAILABLE,Monday,True
L01567,47796,SHORT,AVAILABLE,1.1290438437078723,AVAILABLE,NEUTRAL,AVAILABLE,1.4944099891868818,AVAILABLE,Monday,True
L01568,47808,SHORT,AVAILABLE,1.4110934567277285,AVAILABLE,NEUTRAL,AVAILABLE,1.6171750475271462,AVAILABLE,Tuesday,True
L01569,47814,LONG,AVAILABLE,2.1292890045109347,AVAILABLE,NEUTRAL,AVAILABLE,2.4520869728088366,AVAILABLE,Tuesday,True
L01570,47820,SHORT,AVAILABLE,1.5676077241540856,AVAILABLE,NEUTRAL,AVAILABLE,2.0115086505537128,AVAILABLE,Tuesday,True
L01571,47844,LONG,AVAILABLE,1.1671292215642377,AVAILABLE,NEUTRAL,AVAILABLE,2.0792067517303368,AVAILABLE,Tuesday,True
L01572,47866,LONG,AVAILABLE,2.0807991623846718,AVAILABLE,NEUTRAL,AVAILABLE,2.850547349145205,AVAILABLE,Tuesday,True
L01573,47979,SHORT,AVAILABLE,0.11098199141186697,AVAILABLE,NEUTRAL,AVAILABLE,1.559918221560623,AVAILABLE,Tuesday,True
L01574,48098,SHORT,AVAILABLE,1.6737288929102219,AVAILABLE,NEUTRAL,AVAILABLE,1.9938275439294386,AVAILABLE,Wednesday,True
L01575,48144,SHORT,AVAILABLE,1.1811394316982429,AVAILABLE,NEUTRAL,AVAILABLE,2.2816150243345623,AVAILABLE,Wednesday,True
L01576,48210,LONG,AVAILABLE,0.13575769742080615,AVAILABLE,NEUTRAL,AVAILABLE,0.6262019834839785,AVAILABLE,Wednesday,True
L01577,48211,SHORT,AVAILABLE,0.8658322037648387,AVAILABLE,NEUTRAL,AVAILABLE,0.6126049671762679,AVAILABLE,Wednesday,True
L01578,48214,LONG,AVAILABLE,0.24077045362529273,AVAILABLE,NEUTRAL,AVAILABLE,0.7587637081272413,AVAILABLE,Wednesday,True
L01579,48220,LONG,AVAILABLE,1.1227391913033418,AVAILABLE,NEUTRAL,AVAILABLE,0.9199771539957247,AVAILABLE,Wednesday,True
L01580,48224,SHORT,AVAILABLE,1.1891484614341206,AVAILABLE,NEUTRAL,AVAILABLE,1.6921597471491707,AVAILABLE,Wednesday,True
L01581,48243,SHORT,AVAILABLE,2.7493666769344607,AVAILABLE,NEUTRAL,AVAILABLE,2.2151506975723976,AVAILABLE,Wednesday,True
L01582,48260,SHORT,AVAILABLE,0.6146016361879955,AVAILABLE,NEUTRAL,AVAILABLE,1.2716008286928855,AVAILABLE,Wednesday,True
L01583,48343,LONG,AVAILABLE,0.6710052390663622,AVAILABLE,NEUTRAL,AVAILABLE,1.2821470704834594,AVAILABLE,Wednesday,True
L01584,48347,SHORT,AVAILABLE,-0.10213529041247721,AVAILABLE,NEUTRAL,AVAILABLE,1.2413532151846176,AVAILABLE,Wednesday,True
L01585,48371,LONG,AVAILABLE,1.4696750114065835,AVAILABLE,NEUTRAL,AVAILABLE,1.6587732023726813,AVAILABLE,Thursday,True
L01586,48459,LONG,AVAILABLE,-0.12706118853066184,AVAILABLE,NEUTRAL,AVAILABLE,2.1382997608503302,AVAILABLE,Thursday,True
L01587,48469,LONG,AVAILABLE,1.3134008974797775,AVAILABLE,NEUTRAL,AVAILABLE,1.4773332901330345,AVAILABLE,Thursday,True
L01588,48499,LONG,AVAILABLE,0.6220824051144832,AVAILABLE,NEUTRAL,AVAILABLE,2.495048923256537,AVAILABLE,Thursday,True
L01589,48507,LONG,AVAILABLE,0.6253070742076244,AVAILABLE,NEUTRAL,AVAILABLE,2.1444386135309843,AVAILABLE,Thursday,True
L01590,48521,SHORT,AVAILABLE,0.7865096434364702,AVAILABLE,NEUTRAL,AVAILABLE,1.9102966462192896,AVAILABLE,Thursday,True
L01591,48527,LONG,AVAILABLE,2.0612162797542832,AVAILABLE,NEUTRAL,AVAILABLE,2.724915758272397,AVAILABLE,Thursday,True
L01592,48550,SHORT,AVAILABLE,1.4125991175449761,AVAILABLE,NEUTRAL,AVAILABLE,2.1509429475363913,AVAILABLE,Thursday,True
L01593,48618,SHORT,AVAILABLE,0.2874655405236166,AVAILABLE,AGAINST_SINGLE,AVAILABLE,1.0677173436676264,AVAILABLE,Thursday,True
L01594,48624,SHORT,AVAILABLE,0.6569793068632009,AVAILABLE,AGAINST_SINGLE,AVAILABLE,0.9445757106171618,AVAILABLE,Friday,True
L01595,48646,LONG,AVAILABLE,1.52563102863976,AVAILABLE,ALIGNED_SINGLE,AVAILABLE,2.736754689805886,AVAILABLE,Friday,True
L01596,48764,LONG,AVAILABLE,0.09072745525571652,AVAILABLE,ALIGNED_SINGLE,AVAILABLE,0.9047111239303103,AVAILABLE,Friday,True
L01597,48773,LONG,AVAILABLE,0.626676403445512,AVAILABLE,ALIGNED_SINGLE,AVAILABLE,1.8414246713061908,AVAILABLE,Friday,True
L01598,48788,SHORT,AVAILABLE,1.3919867430625705,AVAILABLE,AGAINST_SINGLE,AVAILABLE,1.3751643356357206,AVAILABLE,Friday,True
L01599,48801,SHORT,AVAILABLE,1.0185987447519964,AVAILABLE,AGAINST_SINGLE,AVAILABLE,1.431807401492578,AVAILABLE,Friday,True
L01600,48818,SHORT,AVAILABLE,0.873173464169373,AVAILABLE,AGAINST_SINGLE,AVAILABLE,2.0568059203466436,AVAILABLE,Friday,True
L01601,48846,SHORT,AVAILABLE,0.821497133630732,AVAILABLE,AGAINST_SINGLE,AVAILABLE,1.0473443239829685,AVAILABLE,Friday,True
L01602,48915,SHORT,AVAILABLE,1.971488675056736,AVAILABLE,NEUTRAL,AVAILABLE,2.3380240807973247,AVAILABLE,Monday,True
L01603,48971,SHORT,AVAILABLE,0.31851328309922944,AVAILABLE,NEUTRAL,AVAILABLE,1.9880444834627973,AVAILABLE,Monday,True
L01604,48996,SHORT,AVAILABLE,0.04506091010163904,AVAILABLE,NEUTRAL,AVAILABLE,1.764543805940726,AVAILABLE,Monday,True
L01605,49038,LONG,AVAILABLE,0.22226376587833283,AVAILABLE,NEUTRAL,AVAILABLE,0.7406381424067645,AVAILABLE,Monday,True
L01606,49045,SHORT,AVAILABLE,0.4328438173458075,AVAILABLE,NEUTRAL,AVAILABLE,1.2938284783974783,AVAILABLE,Monday,True
L01607,49047,LONG,AVAILABLE,-1.0871200668616579,AVAILABLE,NEUTRAL,AVAILABLE,1.2491707963667955,AVAILABLE,Monday,True
L01608,49060,SHORT,AVAILABLE,1.9740508700472157,AVAILABLE,NEUTRAL,AVAILABLE,2.9163268331243306,AVAILABLE,Monday,True
L01609,49074,SHORT,AVAILABLE,1.9481758703817345,AVAILABLE,NEUTRAL,AVAILABLE,1.2598518741407432,AVAILABLE,Monday,True
L01610,49079,SHORT,AVAILABLE,0.6549603672679776,AVAILABLE,NEUTRAL,AVAILABLE,1.1232120206474245,AVAILABLE,Monday,True
L01611,49109,SHORT,AVAILABLE,1.6110198464530439,AVAILABLE,NEUTRAL,AVAILABLE,1.2608012042962415,AVAILABLE,Monday,True
L01612,49192,SHORT,AVAILABLE,2.305606734659116,AVAILABLE,NEUTRAL,AVAILABLE,2.811298088404228,AVAILABLE,Tuesday,True
L01613,49214,SHORT,AVAILABLE,1.4904852645598954,AVAILABLE,NEUTRAL,AVAILABLE,1.7509568781087803,AVAILABLE,Tuesday,True
L01614,49315,LONG,AVAILABLE,1.191666989157395,AVAILABLE,NEUTRAL,AVAILABLE,0.594451040268398,AVAILABLE,Tuesday,True
L01615,49321,SHORT,AVAILABLE,1.7272984227931047,AVAILABLE,NEUTRAL,AVAILABLE,2.3002311070008807,AVAILABLE,Tuesday,True
L01616,49337,SHORT,AVAILABLE,1.5745153599920791,AVAILABLE,NEUTRAL,AVAILABLE,2.108647886997724,AVAILABLE,Tuesday,True
L01617,49363,LONG,AVAILABLE,0.7906684593384289,AVAILABLE,NEUTRAL,AVAILABLE,2.342771761240549,AVAILABLE,Tuesday,True
L01618,49428,SHORT,AVAILABLE,0.3410830067683736,AVAILABLE,NEUTRAL,AVAILABLE,1.9005200784416518,AVAILABLE,Tuesday,True
L01619,49441,LONG,AVAILABLE,1.6721114593926096,AVAILABLE,ALIGNED_SINGLE,AVAILABLE,1.0087652353052365,AVAILABLE,Tuesday,True
L01620,49466,SHORT,AVAILABLE,-0.04558195158602018,AVAILABLE,AGAINST_CONFIRMED,AVAILABLE,1.2152195475307317,AVAILABLE,Wednesday,True
L01621,49475,SHORT,AVAILABLE,0.30087258030741987,AVAILABLE,AGAINST_CONFIRMED,AVAILABLE,1.3522843970808809,AVAILABLE,Wednesday,True
L01622,49495,LONG,AVAILABLE,0.7764690599561331,AVAILABLE,ALIGNED_CONFIRMED,AVAILABLE,3.8059179868247424,AVAILABLE,Wednesday,True
L01623,49644,LONG,AVAILABLE,1.4865679256362447,AVAILABLE,ALIGNED_CONFIRMED,AVAILABLE,1.9821933869981196,AVAILABLE,Wednesday,True
L01624,49698,SHORT,AVAILABLE,1.2853404153864851,AVAILABLE,AGAINST_SINGLE,AVAILABLE,3.2331168079341923,AVAILABLE,Friday,True
L01625,49860,SHORT,AVAILABLE,1.557712556598335,AVAILABLE,AGAINST_SINGLE,AVAILABLE,1.7210217246550494,AVAILABLE,Friday,True
L01626,49878,SHORT,AVAILABLE,1.2017359834617534,AVAILABLE,AGAINST_SINGLE,AVAILABLE,1.6749414525984163,AVAILABLE,Friday,True
L01627,49950,SHORT,AVAILABLE,-0.19563002808059288,AVAILABLE,AGAINST_SINGLE,AVAILABLE,2.485195653569749,AVAILABLE,Sunday,True
L01628,49972,LONG,AVAILABLE,0.07901031942988683,AVAILABLE,ALIGNED_SINGLE,AVAILABLE,3.0835383617218204,AVAILABLE,Monday,True
L01629,50057,LONG,AVAILABLE,0.4904776864276882,AVAILABLE,ALIGNED_SINGLE,AVAILABLE,3.746949139121657,AVAILABLE,Monday,True
L01630,50105,LONG,AVAILABLE,1.1200708618631743,AVAILABLE,ALIGNED_SINGLE,AVAILABLE,3.0905073149773874,AVAILABLE,Monday,True
L01631,50152,LONG,AVAILABLE,0.6073351373888976,AVAILABLE,ALIGNED_SINGLE,AVAILABLE,2.5367246835973605,AVAILABLE,Monday,True
L01632,50294,SHORT,AVAILABLE,1.3333862411329165,AVAILABLE,NEUTRAL,AVAILABLE,1.526769492923881,AVAILABLE,Tuesday,True
L01633,50310,SHORT,AVAILABLE,1.0864746095175666,AVAILABLE,NEUTRAL,AVAILABLE,1.521519128968568,AVAILABLE,Tuesday,True
L01634,50332,SHORT,AVAILABLE,2.7584980063729616,AVAILABLE,NEUTRAL,AVAILABLE,2.1676741687127095,AVAILABLE,Tuesday,True
L01635,50376,SHORT,AVAILABLE,1.01686845059571,AVAILABLE,NEUTRAL,AVAILABLE,1.0162528783478941,AVAILABLE,Tuesday,True
L01636,50395,SHORT,AVAILABLE,2.3196504066000605,AVAILABLE,NEUTRAL,AVAILABLE,1.487263115784769,AVAILABLE,Tuesday,True
L01637,50409,LONG,AVAILABLE,0.724253260982545,AVAILABLE,NEUTRAL,AVAILABLE,1.8856395922950207,AVAILABLE,Tuesday,True
L01638,50419,LONG,AVAILABLE,0.9697102143792315,AVAILABLE,NEUTRAL,AVAILABLE,2.0726085728149872,AVAILABLE,Tuesday,True
L01639,50431,LONG,AVAILABLE,0.5684166158071929,AVAILABLE,NEUTRAL,AVAILABLE,1.2360322241398747,AVAILABLE,Tuesday,True
L01640,50482,LONG,AVAILABLE,1.0324068703852463,AVAILABLE,NEUTRAL,AVAILABLE,2.4159579073173725,AVAILABLE,Tuesday,True
L01641,50502,LONG,AVAILABLE,1.4906140793119467,AVAILABLE,NEUTRAL,AVAILABLE,0.9713596445860077,AVAILABLE,Tuesday,True
L01642,50507,LONG,AVAILABLE,-0.1752809360889067,AVAILABLE,NEUTRAL,AVAILABLE,1.5228468424889583,AVAILABLE,Tuesday,True
L01643,50538,SHORT,AVAILABLE,0.643720254614296,AVAILABLE,NEUTRAL,AVAILABLE,1.8270966273787905,AVAILABLE,Wednesday,True
L01644,50589,LONG,AVAILABLE,0.817418079068284,AVAILABLE,NEUTRAL,AVAILABLE,3.2535424708692737,AVAILABLE,Wednesday,True
L01645,50687,SHORT,AVAILABLE,0.12731705661948609,AVAILABLE,NEUTRAL,AVAILABLE,1.56572223315225,AVAILABLE,Wednesday,True
L01646,50692,SHORT,AVAILABLE,1.2833187216192072,AVAILABLE,NEUTRAL,AVAILABLE,1.7214089950299014,AVAILABLE,Wednesday,True
L01647,50799,SHORT,AVAILABLE,0.8066509833432544,AVAILABLE,NEUTRAL,AVAILABLE,1.5962335381111272,AVAILABLE,Friday,True
L01648,50845,SHORT,AVAILABLE,0.13876661541975624,AVAILABLE,NEUTRAL,AVAILABLE,1.5830482720627164,AVAILABLE,Friday,True
L01649,50859,SHORT,AVAILABLE,0.71344196380526,AVAILABLE,NEUTRAL,AVAILABLE,1.1558721383558885,AVAILABLE,Friday,True
L01650,50894,SHORT,AVAILABLE,0.8718619911130279,AVAILABLE,NEUTRAL,AVAILABLE,2.6903304497835574,AVAILABLE,Friday,True
L01651,50924,SHORT,AVAILABLE,0.21338435436349573,AVAILABLE,NEUTRAL,AVAILABLE,1.0919549977124139,AVAILABLE,Friday,True
L01652,50942,LONG,AVAILABLE,1.7692269120206738,AVAILABLE,NEUTRAL,AVAILABLE,2.034453084721394,AVAILABLE,Friday,True
L01653,50947,SHORT,AVAILABLE,3.226328653142412,AVAILABLE,NEUTRAL,AVAILABLE,1.8879649771640274,AVAILABLE,Friday,True
L01654,50975,LONG,AVAILABLE,1.1975112821769662,AVAILABLE,NEUTRAL,AVAILABLE,1.9002083434777823,AVAILABLE,Friday,True
L01655,50990,LONG,AVAILABLE,0.07587956117445788,AVAILABLE,NEUTRAL,AVAILABLE,1.5391637787005945,AVAILABLE,Friday,True
L01656,51015,LONG,AVAILABLE,1.2895803917868962,AVAILABLE,NEUTRAL,AVAILABLE,1.5394369831557981,AVAILABLE,Friday,True
L01657,51080,SHORT,AVAILABLE,0.04589725884442897,AVAILABLE,NEUTRAL,AVAILABLE,2.878829384156624,AVAILABLE,Monday,True
L01658,51156,SHORT,AVAILABLE,0.27894327936621366,AVAILABLE,NEUTRAL,AVAILABLE,1.3449843101248498,AVAILABLE,Monday,True
L01659,51171,SHORT,AVAILABLE,1.1890140895871255,AVAILABLE,NEUTRAL,AVAILABLE,1.7547061925868652,AVAILABLE,Monday,True
L01660,51182,SHORT,AVAILABLE,0.7799705588794194,AVAILABLE,NEUTRAL,AVAILABLE,1.5083630264069954,AVAILABLE,Monday,True
L01661,51194,SHORT,AVAILABLE,1.3324500048017789,AVAILABLE,NEUTRAL,AVAILABLE,1.5038113285180978,AVAILABLE,Monday,True
L01662,51218,LONG,AVAILABLE,1.7056886989738074,AVAILABLE,NEUTRAL,AVAILABLE,1.854763092315108,AVAILABLE,Monday,True
L01663,51225,LONG,AVAILABLE,0.7764280906967368,AVAILABLE,NEUTRAL,AVAILABLE,2.1595653466530225,AVAILABLE,Monday,True
L01664,51249,SHORT,AVAILABLE,1.225040679202284,AVAILABLE,NEUTRAL,AVAILABLE,1.9724293929735528,AVAILABLE,Monday,True
L01665,51331,SHORT,AVAILABLE,0.7609923636785672,AVAILABLE,AGAINST_SINGLE,AVAILABLE,2.929318692262979,AVAILABLE,Monday,True
L01666,51352,LONG,AVAILABLE,1.101203168015831,AVAILABLE,ALIGNED_SINGLE,AVAILABLE,2.1538207407725207,AVAILABLE,Tuesday,True
L01667,51369,SHORT,AVAILABLE,1.5051035978015825,AVAILABLE,AGAINST_SINGLE,AVAILABLE,1.6552090642710482,AVAILABLE,Tuesday,True
L01668,51391,SHORT,AVAILABLE,0.26846274827796585,AVAILABLE,AGAINST_SINGLE,AVAILABLE,1.0460427108597317,AVAILABLE,Tuesday,True
L01669,51405,SHORT,AVAILABLE,1.2362264678531525,AVAILABLE,AGAINST_SINGLE,AVAILABLE,2.0007446263787485,AVAILABLE,Tuesday,True
L01670,51446,SHORT,AVAILABLE,0.6377729791125509,AVAILABLE,AGAINST_SINGLE,AVAILABLE,2.5389089864183534,AVAILABLE,Tuesday,True
L01671,51488,SHORT,AVAILABLE,0.17280208293498253,AVAILABLE,AGAINST_SINGLE,AVAILABLE,1.227658884774617,AVAILABLE,Tuesday,True
L01672,51498,SHORT,AVAILABLE,1.192818863953441,AVAILABLE,AGAINST_SINGLE,AVAILABLE,1.7823213627821288,AVAILABLE,Tuesday,True
L01673,51521,SHORT,AVAILABLE,1.6581330671436778,AVAILABLE,AGAINST_SINGLE,AVAILABLE,1.9108830706795037,AVAILABLE,Tuesday,True
L01674,51558,SHORT,AVAILABLE,0.21341826903024577,AVAILABLE,AGAINST_SINGLE,AVAILABLE,1.2969341662119838,AVAILABLE,Tuesday,True
L01675,51609,SHORT,AVAILABLE,1.3634997966680775,AVAILABLE,AGAINST_SINGLE,AVAILABLE,1.3213883192475184,AVAILABLE,Tuesday,True
L01676,51620,LONG,AVAILABLE,1.183260468346331,AVAILABLE,ALIGNED_CONFIRMED,AVAILABLE,1.3324871772481504,AVAILABLE,Wednesday,True
L01677,51625,LONG,AVAILABLE,0.5326130757266109,AVAILABLE,ALIGNED_CONFIRMED,AVAILABLE,2.294548242186978,AVAILABLE,Wednesday,True
L01678,51640,LONG,AVAILABLE,1.1314538250287065,AVAILABLE,ALIGNED_CONFIRMED,AVAILABLE,2.0304953831536294,AVAILABLE,Wednesday,True
L01679,51687,LONG,AVAILABLE,2.0510947781458673,AVAILABLE,ALIGNED_CONFIRMED,AVAILABLE,2.859611392529297,AVAILABLE,Wednesday,True
L01680,51700,LONG,AVAILABLE,1.2359920572641692,AVAILABLE,ALIGNED_CONFIRMED,AVAILABLE,1.721536029659454,AVAILABLE,Wednesday,True
L01681,51763,LONG,AVAILABLE,0.9458566384307937,AVAILABLE,ALIGNED_CONFIRMED,AVAILABLE,2.2762278216401035,AVAILABLE,Wednesday,True
L01682,51776,LONG,AVAILABLE,1.4631286288254965,AVAILABLE,ALIGNED_CONFIRMED,AVAILABLE,2.3082258960503066,AVAILABLE,Wednesday,True
L01683,51799,LONG,AVAILABLE,1.9255242071822154,AVAILABLE,ALIGNED_CONFIRMED,AVAILABLE,1.8741938678395968,AVAILABLE,Wednesday,True
L01684,51822,SHORT,AVAILABLE,0.08106390168690027,AVAILABLE,AGAINST_CONFIRMED,AVAILABLE,1.4627450119935355,AVAILABLE,Wednesday,True
L01685,51894,SHORT,AVAILABLE,2.303188794455046,AVAILABLE,NEUTRAL,AVAILABLE,1.5401989765133615,AVAILABLE,Thursday,True
L01686,51903,LONG,AVAILABLE,1.9959886535112623,AVAILABLE,NEUTRAL,AVAILABLE,2.568956343683774,AVAILABLE,Thursday,True
L01687,51927,LONG,AVAILABLE,0.1830184996409566,AVAILABLE,NEUTRAL,AVAILABLE,1.7701629420682325,AVAILABLE,Thursday,True
L01688,51961,LONG,AVAILABLE,1.3582228216046488,AVAILABLE,NEUTRAL,AVAILABLE,1.914303443529476,AVAILABLE,Thursday,True
L01689,52039,LONG,AVAILABLE,1.7428472059868487,AVAILABLE,NEUTRAL,AVAILABLE,2.6777705790216384,AVAILABLE,Thursday,True
L01690,52056,SHORT,AVAILABLE,0.6739213896077758,AVAILABLE,NEUTRAL,AVAILABLE,1.5394145596205226,AVAILABLE,Thursday,True
L01691,52084,SHORT,AVAILABLE,1.0792805873843199,AVAILABLE,NEUTRAL,AVAILABLE,1.423949272487418,AVAILABLE,Thursday,True
L01692,52103,SHORT,AVAILABLE,0.07438905080608865,AVAILABLE,NEUTRAL,AVAILABLE,1.212475998377294,AVAILABLE,Thursday,True
L01693,52149,SHORT,AVAILABLE,0.43478653634629805,AVAILABLE,NEUTRAL,AVAILABLE,1.7338250514474973,AVAILABLE,Thursday,True
L01694,52157,SHORT,AVAILABLE,0.5468060149333405,AVAILABLE,NEUTRAL,AVAILABLE,2.3029368577586435,AVAILABLE,Thursday,True
L01695,52186,LONG,AVAILABLE,1.2282423535736158,AVAILABLE,NEUTRAL,AVAILABLE,1.8249714571823654,AVAILABLE,Friday,True
L01696,52303,SHORT,AVAILABLE,0.5530108698377902,AVAILABLE,NEUTRAL,AVAILABLE,0.5952381925344276,AVAILABLE,Friday,True
L01697,52305,LONG,AVAILABLE,-0.1668344376799239,AVAILABLE,NEUTRAL,AVAILABLE,0.9310339395173692,AVAILABLE,Friday,True
L01698,52313,SHORT,AVAILABLE,1.2125325365453539,AVAILABLE,NEUTRAL,AVAILABLE,2.3712603099873415,AVAILABLE,Friday,True
L01699,52322,LONG,AVAILABLE,0.5418764831859553,AVAILABLE,NEUTRAL,AVAILABLE,2.0550896535707968,AVAILABLE,Friday,True
L01700,52342,SHORT,AVAILABLE,0.8341938717817606,AVAILABLE,NEUTRAL,AVAILABLE,1.2986760099402497,AVAILABLE,Friday,True
L01701,52360,SHORT,AVAILABLE,1.2727750187563251,AVAILABLE,NEUTRAL,AVAILABLE,1.4555944942016723,AVAILABLE,Friday,True
L01702,52457,SHORT,AVAILABLE,1.4313306869846671,AVAILABLE,NEUTRAL,AVAILABLE,2.55878715091007,AVAILABLE,Monday,True
L01703,52610,SHORT,AVAILABLE,2.3670650365179218,AVAILABLE,NEUTRAL,AVAILABLE,2.249724552685686,AVAILABLE,Monday,True
L01704,52639,SHORT,AVAILABLE,1.4151201747266826,AVAILABLE,NEUTRAL,AVAILABLE,1.222775542646027,AVAILABLE,Monday,True
L01705,52707,SHORT,AVAILABLE,-0.4204299215376223,AVAILABLE,AGAINST_SINGLE,AVAILABLE,2.146199115010072,AVAILABLE,Monday,True
L01706,52712,LONG,AVAILABLE,1.2089735705639275,AVAILABLE,ALIGNED_SINGLE,AVAILABLE,2.219575170201074,AVAILABLE,Monday,True
L01707,52742,LONG,AVAILABLE,0.5290277478432758,AVAILABLE,ALIGNED_CONFIRMED,AVAILABLE,1.3383405276057723,AVAILABLE,Tuesday,True
L01708,52803,LONG,AVAILABLE,0.9463609820120391,AVAILABLE,ALIGNED_CONFIRMED,AVAILABLE,2.374267707407677,AVAILABLE,Tuesday,True
L01709,52855,LONG,AVAILABLE,0.7600732674052693,AVAILABLE,ALIGNED_CONFIRMED,AVAILABLE,0.49292244045415173,AVAILABLE,Tuesday,True
L01710,52860,SHORT,AVAILABLE,-0.11773625828474334,AVAILABLE,AGAINST_CONFIRMED,AVAILABLE,1.4315986226419855,AVAILABLE,Tuesday,True
L01711,52869,LONG,AVAILABLE,1.2795885197999894,AVAILABLE,ALIGNED_CONFIRMED,AVAILABLE,1.9009436171231564,AVAILABLE,Tuesday,True
L01712,52898,SHORT,AVAILABLE,1.8317870715798612,AVAILABLE,AGAINST_CONFIRMED,AVAILABLE,1.7462687434303346,AVAILABLE,Tuesday,True
L01713,52967,LONG,AVAILABLE,2.462365479756099,AVAILABLE,ALIGNED_CONFIRMED,AVAILABLE,2.714351849766535,AVAILABLE,Tuesday,True
L01714,53019,SHORT,AVAILABLE,1.0079405784749,AVAILABLE,AGAINST_SINGLE,AVAILABLE,1.2581388779556686,AVAILABLE,Wednesday,True
L01715,53031,SHORT,AVAILABLE,0.2398042911970476,AVAILABLE,AGAINST_SINGLE,AVAILABLE,1.0501178677580636,AVAILABLE,Wednesday,True
L01716,53064,SHORT,AVAILABLE,0.7140382799976259,AVAILABLE,AGAINST_SINGLE,AVAILABLE,1.3203519367211207,AVAILABLE,Wednesday,True
L01717,53131,SHORT,AVAILABLE,1.4481972887389292,AVAILABLE,AGAINST_SINGLE,AVAILABLE,0.5514385832920854,AVAILABLE,Wednesday,True
L01718,53138,LONG,AVAILABLE,1.3564038652875596,AVAILABLE,ALIGNED_SINGLE,AVAILABLE,1.5008070341602517,AVAILABLE,Wednesday,True
L01719,53146,SHORT,AVAILABLE,0.4013061460758718,AVAILABLE,AGAINST_SINGLE,AVAILABLE,1.1854493711812242,AVAILABLE,Wednesday,True
L01720,53150,SHORT,AVAILABLE,0.1884537625932126,AVAILABLE,AGAINST_SINGLE,AVAILABLE,1.5791007991081005,AVAILABLE,Wednesday,True
L01721,53157,LONG,AVAILABLE,-0.3663117848609941,AVAILABLE,ALIGNED_SINGLE,AVAILABLE,1.6080932012363762,AVAILABLE,Wednesday,True
L01722,53177,LONG,AVAILABLE,2.0002788581251454,AVAILABLE,ALIGNED_SINGLE,AVAILABLE,2.3685727858196337,AVAILABLE,Wednesday,True
L01723,53234,SHORT,AVAILABLE,1.4650645982417247,AVAILABLE,AGAINST_SINGLE,AVAILABLE,1.3430984380533653,AVAILABLE,Wednesday,True
L01724,53267,LONG,AVAILABLE,0.7877609911355932,AVAILABLE,ALIGNED_SINGLE,AVAILABLE,1.9549422371800007,AVAILABLE,Wednesday,True
L01725,53292,LONG,AVAILABLE,1.4196567413114183,AVAILABLE,ALIGNED_SINGLE,AVAILABLE,2.9962012548360346,AVAILABLE,Thursday,True
L01726,53313,LONG,AVAILABLE,1.1982940343768667,AVAILABLE,ALIGNED_SINGLE,AVAILABLE,2.008216527159156,AVAILABLE,Thursday,True
L01727,53410,SHORT,AVAILABLE,0.4125051854517684,AVAILABLE,AGAINST_SINGLE,AVAILABLE,1.4309114561352905,AVAILABLE,Thursday,True
L01728,53421,LONG,AVAILABLE,0.439276526405156,AVAILABLE,ALIGNED_SINGLE,AVAILABLE,1.028459577088416,AVAILABLE,Thursday,True
L01729,53440,LONG,AVAILABLE,1.9243803456482964,AVAILABLE,ALIGNED_SINGLE,AVAILABLE,2.5842948296877744,AVAILABLE,Thursday,True
L01730,53467,SHORT,AVAILABLE,1.7495100131316077,AVAILABLE,AGAINST_SINGLE,AVAILABLE,1.6465938549367225,AVAILABLE,Thursday,True
L01731,53536,SHORT,AVAILABLE,0.44930646204654046,AVAILABLE,NEUTRAL,AVAILABLE,1.8715164716279347,AVAILABLE,Thursday,True
L01732,53559,LONG,AVAILABLE,1.133261019694786,AVAILABLE,NEUTRAL,AVAILABLE,2.4498629806378625,AVAILABLE,Friday,True
L01733,53583,LONG,AVAILABLE,1.3709653700840523,AVAILABLE,NEUTRAL,AVAILABLE,1.4931573824494744,AVAILABLE,Friday,True
L01734,53690,SHORT,AVAILABLE,1.1238498744948855,AVAILABLE,NEUTRAL,AVAILABLE,1.7275348273674618,AVAILABLE,Friday,True
L01735,53710,LONG,AVAILABLE,1.9449566079206533,AVAILABLE,NEUTRAL,AVAILABLE,2.11445221112919,AVAILABLE,Friday,True
L01736,53729,SHORT,AVAILABLE,1.9846207480185756,AVAILABLE,NEUTRAL,AVAILABLE,1.6897563371607396,AVAILABLE,Friday,True
L01737,53738,LONG,AVAILABLE,0.7032811334382808,AVAILABLE,NEUTRAL,AVAILABLE,3.406856444503991,AVAILABLE,Friday,True
L01738,53833,SHORT,AVAILABLE,1.0785242342139671,AVAILABLE,ALIGNED_SINGLE,AVAILABLE,2.4484699230069857,AVAILABLE,Monday,True
L01739,53846,LONG,AVAILABLE,-0.12336792414346545,AVAILABLE,AGAINST_SINGLE,AVAILABLE,1.2303873646253731,AVAILABLE,Monday,True
L01740,53958,LONG,AVAILABLE,0.8923860437414192,AVAILABLE,AGAINST_SINGLE,AVAILABLE,0.8648765057385094,AVAILABLE,Monday,True
L01741,53966,LONG,AVAILABLE,0.3288707641374944,AVAILABLE,AGAINST_SINGLE,AVAILABLE,1.2957786155943336,AVAILABLE,Monday,True
L01742,53984,SHORT,AVAILABLE,0.10351163653781979,AVAILABLE,ALIGNED_SINGLE,AVAILABLE,1.0043615528385064,AVAILABLE,Monday,True
L01743,54019,SHORT,AVAILABLE,0.3890937253193658,AVAILABLE,ALIGNED_SINGLE,AVAILABLE,1.7604913355223286,AVAILABLE,Monday,True
L01744,54047,SHORT,AVAILABLE,0.5655618616430741,AVAILABLE,ALIGNED_SINGLE,AVAILABLE,1.8352834842874215,AVAILABLE,Monday,True
L01745,54069,LONG,AVAILABLE,0.947047425034071,AVAILABLE,NEUTRAL,AVAILABLE,1.182426757333954,AVAILABLE,Tuesday,True
L01746,54079,LONG,AVAILABLE,1.6086271795283744,AVAILABLE,NEUTRAL,AVAILABLE,1.3915732211176357,AVAILABLE,Tuesday,True
L01747,54090,SHORT,AVAILABLE,0.978542007989418,AVAILABLE,NEUTRAL,AVAILABLE,1.5459495838713289,AVAILABLE,Tuesday,True
L01748,54145,SHORT,AVAILABLE,1.071513860496631,AVAILABLE,NEUTRAL,AVAILABLE,1.6682809291632605,AVAILABLE,Tuesday,True
L01749,54161,SHORT,AVAILABLE,0.4902316016588954,AVAILABLE,NEUTRAL,AVAILABLE,1.3702443563840176,AVAILABLE,Tuesday,True
L01750,54168,SHORT,AVAILABLE,1.379735343571119,AVAILABLE,NEUTRAL,AVAILABLE,1.400148199359566,AVAILABLE,Tuesday,True
L01751,54178,SHORT,AVAILABLE,1.377562129072591,AVAILABLE,NEUTRAL,AVAILABLE,1.7149140704481969,AVAILABLE,Tuesday,True
L01752,54189,SHORT,AVAILABLE,0.25887476739513743,AVAILABLE,NEUTRAL,AVAILABLE,1.4830305103512322,AVAILABLE,Tuesday,True
L01753,54206,LONG,AVAILABLE,1.1548654773607139,AVAILABLE,NEUTRAL,AVAILABLE,0.5125575133581965,AVAILABLE,Tuesday,True
L01754,54211,SHORT,AVAILABLE,1.3423079236913065,AVAILABLE,NEUTRAL,AVAILABLE,1.6165850562420474,AVAILABLE,Tuesday,True
L01755,54231,LONG,AVAILABLE,2.027670804468852,AVAILABLE,NEUTRAL,AVAILABLE,1.864312292949101,AVAILABLE,Tuesday,True
L01756,54241,SHORT,AVAILABLE,1.8691052095193783,AVAILABLE,NEUTRAL,AVAILABLE,1.854786309259746,AVAILABLE,Tuesday,True
L01757,54290,SHORT,AVAILABLE,0.8392325595826832,AVAILABLE,NEUTRAL,AVAILABLE,1.3931731961315341,AVAILABLE,Tuesday,True
L01758,54332,SHORT,AVAILABLE,0.702114328142501,AVAILABLE,AGAINST_SINGLE,AVAILABLE,1.1884990294310511,AVAILABLE,Tuesday,True
L01759,54371,SHORT,AVAILABLE,1.343507095167097,AVAILABLE,AGAINST_SINGLE,AVAILABLE,2.5221292127520725,AVAILABLE,Wednesday,True
L01760,54382,SHORT,AVAILABLE,1.2969689993782456,AVAILABLE,AGAINST_SINGLE,AVAILABLE,1.920652412015222,AVAILABLE,Wednesday,True
L01761,54422,SHORT,AVAILABLE,1.5383833533709577,AVAILABLE,AGAINST_SINGLE,AVAILABLE,2.060821949777278,AVAILABLE,Wednesday,True
L01762,54481,SHORT,AVAILABLE,1.645393735192045,AVAILABLE,AGAINST_SINGLE,AVAILABLE,1.5084718404408977,AVAILABLE,Wednesday,True
L01763,54486,LONG,AVAILABLE,1.0302460290766684,AVAILABLE,ALIGNED_SINGLE,AVAILABLE,2.071498376739937,AVAILABLE,Wednesday,True
L01764,54511,SHORT,AVAILABLE,2.9292498062908354,AVAILABLE,AGAINST_SINGLE,AVAILABLE,1.5197675307106788,AVAILABLE,Wednesday,True
L01765,54518,LONG,AVAILABLE,1.47859660813325,AVAILABLE,ALIGNED_SINGLE,AVAILABLE,1.9390345596672227,AVAILABLE,Wednesday,True
L01766,54532,LONG,AVAILABLE,0.3028375599629896,AVAILABLE,ALIGNED_SINGLE,AVAILABLE,2.3816218533015707,AVAILABLE,Wednesday,True
L01767,54557,LONG,AVAILABLE,0.5166634284829457,AVAILABLE,ALIGNED_SINGLE,AVAILABLE,1.6464074360415013,AVAILABLE,Wednesday,True
L01768,54586,LONG,AVAILABLE,1.4363918364086259,AVAILABLE,ALIGNED_SINGLE,AVAILABLE,2.761500926338764,AVAILABLE,Wednesday,True
L01769,54627,LONG,AVAILABLE,1.1827800109493052,AVAILABLE,ALIGNED_CONFIRMED,AVAILABLE,1.34431292973244,AVAILABLE,Thursday,True
L01770,54633,LONG,AVAILABLE,-0.699894713484062,AVAILABLE,ALIGNED_CONFIRMED,AVAILABLE,1.722719258387816,AVAILABLE,Thursday,True
L01771,54716,SHORT,AVAILABLE,0.920622236398296,AVAILABLE,AGAINST_CONFIRMED,AVAILABLE,1.4906320598237215,AVAILABLE,Thursday,True
L01772,54763,SHORT,AVAILABLE,2.1482974955749925,AVAILABLE,AGAINST_CONFIRMED,AVAILABLE,1.779330798831072,AVAILABLE,Thursday,True
L01773,54777,LONG,AVAILABLE,1.6752773263099248,AVAILABLE,ALIGNED_CONFIRMED,AVAILABLE,2.3866758016014646,AVAILABLE,Thursday,True
L01774,54787,LONG,AVAILABLE,1.5470067153166611,AVAILABLE,ALIGNED_CONFIRMED,AVAILABLE,2.10167432003902,AVAILABLE,Thursday,True
L01775,54799,SHORT,AVAILABLE,0.688074539036227,AVAILABLE,AGAINST_CONFIRMED,AVAILABLE,1.6871919924987073,AVAILABLE,Thursday,True
L01776,54824,SHORT,AVAILABLE,0.5570429922631289,AVAILABLE,AGAINST_CONFIRMED,AVAILABLE,1.1876879962883864,AVAILABLE,Thursday,True
L01777,54852,SHORT,AVAILABLE,1.56001695606506,AVAILABLE,AGAINST_CONFIRMED,AVAILABLE,1.3778014551755289,AVAILABLE,Thursday,True
L01778,54865,SHORT,AVAILABLE,1.2498455053374575,AVAILABLE,AGAINST_CONFIRMED,AVAILABLE,1.4289970659554871,AVAILABLE,Thursday,True
L01779,54889,SHORT,AVAILABLE,1.1221546018804083,AVAILABLE,AGAINST_CONFIRMED,AVAILABLE,3.1098750362708234,AVAILABLE,Thursday,True
L01780,54901,SHORT,AVAILABLE,0.9217717720936481,AVAILABLE,AGAINST_CONFIRMED,AVAILABLE,1.8178894363339222,AVAILABLE,Friday,True
L01781,54907,SHORT,AVAILABLE,0.9583576054776554,AVAILABLE,AGAINST_CONFIRMED,AVAILABLE,1.5024749658107772,AVAILABLE,Friday,True
L01782,54919,SHORT,AVAILABLE,0.9928160771197523,AVAILABLE,AGAINST_CONFIRMED,AVAILABLE,1.8288875050031737,AVAILABLE,Friday,True
L01783,55011,LONG,AVAILABLE,1.5241699930694943,AVAILABLE,ALIGNED_CONFIRMED,AVAILABLE,1.9554148986663054,AVAILABLE,Friday,True
L01784,55033,LONG,AVAILABLE,1.227340687285445,AVAILABLE,ALIGNED_CONFIRMED,AVAILABLE,1.4807396480000687,AVAILABLE,Friday,True
L01785,55054,SHORT,AVAILABLE,1.2364962769480299,AVAILABLE,AGAINST_CONFIRMED,AVAILABLE,1.9609820570101577,AVAILABLE,Friday,True
L01786,55074,SHORT,AVAILABLE,0.5571196508953188,AVAILABLE,AGAINST_CONFIRMED,AVAILABLE,1.6839025029978953,AVAILABLE,Friday,True
L01787,55109,SHORT,AVAILABLE,2.5663350332825807,AVAILABLE,AGAINST_CONFIRMED,AVAILABLE,1.18914731658837,AVAILABLE,Friday,True
L01788,55136,SHORT,AVAILABLE,1.6103346900666669,AVAILABLE,AGAINST_CONFIRMED,AVAILABLE,1.614265839054546,AVAILABLE,Friday,True
L01789,55196,SHORT,AVAILABLE,0.8938005026103621,AVAILABLE,AGAINST_SINGLE,AVAILABLE,1.6315822671475542,AVAILABLE,Monday,True
L01790,55206,SHORT,AVAILABLE,0.8412499612784635,AVAILABLE,AGAINST_SINGLE,AVAILABLE,1.3038620245716714,AVAILABLE,Monday,True
L01791,55254,SHORT,AVAILABLE,1.4893359004499946,AVAILABLE,AGAINST_SINGLE,AVAILABLE,2.903063020174388,AVAILABLE,Monday,True
L01792,55337,LONG,AVAILABLE,1.2865066932918667,AVAILABLE,ALIGNED_SINGLE,AVAILABLE,2.6176397352961804,AVAILABLE,Monday,True
L01793,55357,SHORT,AVAILABLE,1.3049857025857916,AVAILABLE,AGAINST_SINGLE,AVAILABLE,1.2118992048618082,AVAILABLE,Monday,True
L01794,55368,SHORT,AVAILABLE,2.6248487588868126,AVAILABLE,AGAINST_SINGLE,AVAILABLE,1.475181903508021,AVAILABLE,Monday,True
L01795,55388,SHORT,AVAILABLE,1.4676691522667995,AVAILABLE,AGAINST_SINGLE,AVAILABLE,1.2057211124147744,AVAILABLE,Monday,True
L01796,55411,LONG,AVAILABLE,1.555161662408788,AVAILABLE,ALIGNED_SINGLE,AVAILABLE,1.9781941781031753,AVAILABLE,Monday,True
L01797,55435,LONG,AVAILABLE,1.4085043445901009,AVAILABLE,ALIGNED_SINGLE,AVAILABLE,2.320192945903107,AVAILABLE,Monday,True
L01798,55446,SHORT,AVAILABLE,1.256191743955764,AVAILABLE,AGAINST_SINGLE,AVAILABLE,1.6468179686049174,AVAILABLE,Monday,True
L01799,55460,LONG,AVAILABLE,2.441142953531385,AVAILABLE,ALIGNED_CONFIRMED,AVAILABLE,2.376323977809174,AVAILABLE,Tuesday,True
L01800,55471,SHORT,AVAILABLE,0.4434222221849885,AVAILABLE,AGAINST_CONFIRMED,AVAILABLE,1.7214040581452155,AVAILABLE,Tuesday,True
L01801,55481,SHORT,AVAILABLE,0.9585788248294199,AVAILABLE,AGAINST_CONFIRMED,AVAILABLE,1.2701484843680202,AVAILABLE,Tuesday,True
L01802,55533,SHORT,AVAILABLE,0.07776611236374474,AVAILABLE,AGAINST_CONFIRMED,AVAILABLE,1.393375211324505,AVAILABLE,Tuesday,True
L01803,55542,SHORT,AVAILABLE,1.0499467659089625,AVAILABLE,AGAINST_CONFIRMED,AVAILABLE,1.7366061866097298,AVAILABLE,Tuesday,True
L01804,55586,LONG,AVAILABLE,0.27542449834187593,AVAILABLE,ALIGNED_CONFIRMED,AVAILABLE,0.8405291624027342,AVAILABLE,Tuesday,True
L01805,55597,LONG,AVAILABLE,1.837987838041945,AVAILABLE,ALIGNED_CONFIRMED,AVAILABLE,2.5112772667489973,AVAILABLE,Tuesday,True
L01806,55622,LONG,AVAILABLE,0.8882822358043844,AVAILABLE,ALIGNED_CONFIRMED,AVAILABLE,2.2731938594514935,AVAILABLE,Tuesday,True
L01807,55647,SHORT,AVAILABLE,1.1136419649573406,AVAILABLE,AGAINST_CONFIRMED,AVAILABLE,1.478902809978946,AVAILABLE,Tuesday,True
L01808,55711,SHORT,AVAILABLE,1.7737308414646487,AVAILABLE,AGAINST_CONFIRMED,AVAILABLE,1.4928036070251984,AVAILABLE,Tuesday,True
L01809,55718,LONG,AVAILABLE,0.5142429585113562,AVAILABLE,ALIGNED_CONFIRMED,AVAILABLE,1.1233790550632579,AVAILABLE,Tuesday,True
L01810,55728,LONG,AVAILABLE,0.7477469108948327,AVAILABLE,ALIGNED_CONFIRMED,AVAILABLE,1.3111783437605016,AVAILABLE,Wednesday,True
L01811,55764,SHORT,AVAILABLE,1.159972821342531,AVAILABLE,AGAINST_CONFIRMED,AVAILABLE,1.732289810704212,AVAILABLE,Wednesday,True
L01812,55794,SHORT,AVAILABLE,0.3033055750662685,AVAILABLE,AGAINST_CONFIRMED,AVAILABLE,1.4143539802967307,AVAILABLE,Wednesday,True
L01813,55825,SHORT,AVAILABLE,1.1926726356554087,AVAILABLE,AGAINST_CONFIRMED,AVAILABLE,2.4433128796257026,AVAILABLE,Wednesday,True
L01814,55862,LONG,AVAILABLE,1.1966123225334409,AVAILABLE,ALIGNED_CONFIRMED,AVAILABLE,1.8466550436123153,AVAILABLE,Wednesday,True
L01815,55883,SHORT,AVAILABLE,0.1901312074029559,AVAILABLE,AGAINST_CONFIRMED,AVAILABLE,1.642174292020022,AVAILABLE,Wednesday,True
L01816,55902,SHORT,AVAILABLE,2.0802105788018705,AVAILABLE,AGAINST_CONFIRMED,AVAILABLE,1.8917184831304248,AVAILABLE,Wednesday,True
L01817,55905,LONG,AVAILABLE,1.7504445354270288,AVAILABLE,ALIGNED_CONFIRMED,AVAILABLE,2.041221514812462,AVAILABLE,Wednesday,True
L01818,55931,SHORT,AVAILABLE,-0.05670405337828697,AVAILABLE,AGAINST_CONFIRMED,AVAILABLE,1.307341717934496,AVAILABLE,Wednesday,True
L01819,55943,SHORT,AVAILABLE,1.7880150783763318,AVAILABLE,AGAINST_CONFIRMED,AVAILABLE,2.0277817131897438,AVAILABLE,Wednesday,True
L01820,55997,SHORT,AVAILABLE,0.3936004869777544,AVAILABLE,AGAINST_CONFIRMED,AVAILABLE,2.947535089548467,AVAILABLE,Thursday,True
L01821,56078,SHORT,AVAILABLE,0.6535123514341029,AVAILABLE,AGAINST_CONFIRMED,AVAILABLE,1.5153657154818185,AVAILABLE,Thursday,True
L01822,56155,SHORT,AVAILABLE,1.8346641643036505,AVAILABLE,AGAINST_CONFIRMED,AVAILABLE,1.2819237245051551,AVAILABLE,Thursday,True
L01823,56161,LONG,AVAILABLE,0.5684351070043512,AVAILABLE,ALIGNED_CONFIRMED,AVAILABLE,2.026086294953625,AVAILABLE,Thursday,True
L01824,56171,SHORT,AVAILABLE,0.21858023126173526,AVAILABLE,AGAINST_CONFIRMED,AVAILABLE,1.6733994875563485,AVAILABLE,Thursday,True
L01825,56191,LONG,AVAILABLE,1.6235997012716656,AVAILABLE,ALIGNED_CONFIRMED,AVAILABLE,2.8361888817785963,AVAILABLE,Thursday,True
L01826,56264,SHORT,AVAILABLE,0.8674441217167824,AVAILABLE,AGAINST_SINGLE,AVAILABLE,2.125615071704944,AVAILABLE,Thursday,True
L01827,56278,SHORT,AVAILABLE,1.0600674604073248,AVAILABLE,NEUTRAL,AVAILABLE,0.9981350204736863,AVAILABLE,Friday,True
L01828,56306,LONG,AVAILABLE,2.0623905746377376,AVAILABLE,NEUTRAL,AVAILABLE,3.217859836693599,AVAILABLE,Friday,True
L01829,56393,LONG,AVAILABLE,1.4219066299931193,AVAILABLE,NEUTRAL,AVAILABLE,2.396316585051331,AVAILABLE,Friday,True
L01830,56414,SHORT,AVAILABLE,1.2140435768491993,AVAILABLE,NEUTRAL,AVAILABLE,1.1733719643957736,AVAILABLE,Friday,True
L01831,56420,SHORT,AVAILABLE,0.4701638482056292,AVAILABLE,NEUTRAL,AVAILABLE,1.1105917035835533,AVAILABLE,Friday,True
L01832,56441,LONG,AVAILABLE,2.2322580019055676,AVAILABLE,NEUTRAL,AVAILABLE,1.741660248880414,AVAILABLE,Friday,True
L01833,56456,LONG,AVAILABLE,1.8741543708277715,AVAILABLE,NEUTRAL,AVAILABLE,1.8227508012365663,AVAILABLE,Friday,True
L01834,56498,LONG,AVAILABLE,1.4921888657287812,AVAILABLE,NEUTRAL,AVAILABLE,2.1782250070303677,AVAILABLE,Friday,True
L01835,56548,LONG,AVAILABLE,1.0378951119257696,AVAILABLE,NEUTRAL,AVAILABLE,2.050726165777615,AVAILABLE,Monday,True
L01836,56556,SHORT,AVAILABLE,1.1758733638641097,AVAILABLE,NEUTRAL,AVAILABLE,1.89762339234248,AVAILABLE,Monday,True
L01837,56569,LONG,AVAILABLE,0.40719917732049754,AVAILABLE,NEUTRAL,AVAILABLE,3.097674269349838,AVAILABLE,Monday,True
L01838,56631,LONG,AVAILABLE,1.2055858021296193,AVAILABLE,NEUTRAL,AVAILABLE,2.1605306567593194,AVAILABLE,Monday,True
L01839,56704,SHORT,AVAILABLE,1.7369977304083746,AVAILABLE,NEUTRAL,AVAILABLE,1.5765493567862305,AVAILABLE,Monday,True
L01840,56705,LONG,AVAILABLE,0.031240670223730043,AVAILABLE,NEUTRAL,AVAILABLE,2.1629275680812174,AVAILABLE,Monday,True
L01841,56718,LONG,AVAILABLE,0.7332449857360314,AVAILABLE,NEUTRAL,AVAILABLE,1.8968698446938823,AVAILABLE,Monday,True
L01842,56741,LONG,AVAILABLE,0.979603956250048,AVAILABLE,NEUTRAL,AVAILABLE,2.2253581367871096,AVAILABLE,Monday,True
L01843,56835,SHORT,AVAILABLE,1.993126720525799,AVAILABLE,ALIGNED_SINGLE,AVAILABLE,1.7353439071080112,AVAILABLE,Tuesday,True
L01844,56845,SHORT,AVAILABLE,1.1443708952383123,AVAILABLE,ALIGNED_SINGLE,AVAILABLE,1.2477102175313795,AVAILABLE,Tuesday,True
L01845,56931,SHORT,AVAILABLE,1.7352491349587487,AVAILABLE,ALIGNED_SINGLE,AVAILABLE,1.7783421905088448,AVAILABLE,Tuesday,True
L01846,56962,LONG,AVAILABLE,1.2314334434060994,AVAILABLE,AGAINST_SINGLE,AVAILABLE,1.9495681306483434,AVAILABLE,Tuesday,True
L01847,56971,SHORT,AVAILABLE,1.5866147055621644,AVAILABLE,ALIGNED_SINGLE,AVAILABLE,1.6782988079143002,AVAILABLE,Tuesday,True
L01848,56990,SHORT,AVAILABLE,0.3517540026116876,AVAILABLE,ALIGNED_SINGLE,AVAILABLE,1.7234110437347283,AVAILABLE,Tuesday,True
L01849,57026,SHORT,AVAILABLE,2.5672845553790333,AVAILABLE,ALIGNED_SINGLE,AVAILABLE,2.0659351246416495,AVAILABLE,Tuesday,True
L01850,57054,LONG,AVAILABLE,0.3759592089126248,AVAILABLE,AGAINST_SINGLE,AVAILABLE,1.4241084573431424,AVAILABLE,Tuesday,True
L01851,57089,SHORT,AVAILABLE,1.1422062010631004,AVAILABLE,NEUTRAL,AVAILABLE,1.8264839133653568,AVAILABLE,Tuesday,True
L01852,57119,SHORT,AVAILABLE,1.801343393151792,AVAILABLE,NEUTRAL,AVAILABLE,1.834497445538921,AVAILABLE,Wednesday,True
L01853,57130,SHORT,AVAILABLE,1.1215453961360025,AVAILABLE,NEUTRAL,AVAILABLE,1.1600434920765244,AVAILABLE,Wednesday,True
L01854,57152,SHORT,AVAILABLE,0.2004267260230484,AVAILABLE,NEUTRAL,AVAILABLE,0.9371111256313602,AVAILABLE,Wednesday,True
L01855,57166,SHORT,AVAILABLE,0.8018969849532841,AVAILABLE,NEUTRAL,AVAILABLE,1.1312048411243785,AVAILABLE,Wednesday,True
L01856,57171,SHORT,AVAILABLE,0.21438051472493913,AVAILABLE,NEUTRAL,AVAILABLE,1.249118547737573,AVAILABLE,Wednesday,True
L01857,57191,SHORT,AVAILABLE,1.0011147642972065,AVAILABLE,NEUTRAL,AVAILABLE,1.8250710286269298,AVAILABLE,Wednesday,True
L01858,57198,SHORT,AVAILABLE,0.7125581677678021,AVAILABLE,NEUTRAL,AVAILABLE,1.226025818275074,AVAILABLE,Wednesday,True
L01859,57241,LONG,AVAILABLE,0.5871984716300019,AVAILABLE,NEUTRAL,AVAILABLE,1.9169392314327611,AVAILABLE,Wednesday,True
L01860,57254,SHORT,AVAILABLE,0.36372504630565533,AVAILABLE,NEUTRAL,AVAILABLE,1.5129427980570842,AVAILABLE,Wednesday,True
L01861,57268,SHORT,AVAILABLE,0.27901036881445535,AVAILABLE,NEUTRAL,AVAILABLE,1.2978251608432454,AVAILABLE,Wednesday,True
L01862,57304,LONG,AVAILABLE,1.7017205838744014,AVAILABLE,NEUTRAL,AVAILABLE,2.3106182809547207,AVAILABLE,Wednesday,True
L01863,57377,SHORT,AVAILABLE,1.105200058885775,AVAILABLE,AGAINST_CONFIRMED,AVAILABLE,1.286765949905066,AVAILABLE,Thursday,True
L01864,57396,LONG,AVAILABLE,1.784080430273455,AVAILABLE,ALIGNED_CONFIRMED,AVAILABLE,2.7796937795219208,AVAILABLE,Thursday,True
L01865,57422,LONG,AVAILABLE,0.5101011895467997,AVAILABLE,ALIGNED_CONFIRMED,AVAILABLE,2.960502795442906,AVAILABLE,Thursday,True
L01866,57657,LONG,AVAILABLE,2.0398044307242476,AVAILABLE,NEUTRAL,AVAILABLE,2.820247611588582,AVAILABLE,Friday,True
L01867,57692,SHORT,AVAILABLE,1.2412401047420392,AVAILABLE,NEUTRAL,AVAILABLE,1.6430826681139945,AVAILABLE,Friday,True
L01868,57727,SHORT,AVAILABLE,1.8410883362632258,AVAILABLE,NEUTRAL,AVAILABLE,2.770087167536414,AVAILABLE,Friday,True
L01869,57799,SHORT,AVAILABLE,0.45833033793303574,AVAILABLE,NEUTRAL,AVAILABLE,1.5030574407227912,AVAILABLE,Friday,True
L01870,57803,LONG,AVAILABLE,0.9075873100862198,AVAILABLE,NEUTRAL,AVAILABLE,1.3624553737764342,AVAILABLE,Friday,True
L01871,57823,SHORT,AVAILABLE,0.37109975214580665,AVAILABLE,NEUTRAL,AVAILABLE,1.3896753825906119,AVAILABLE,Friday,True
L01872,57840,SHORT,AVAILABLE,0.8567403522946007,AVAILABLE,NEUTRAL,AVAILABLE,1.3661515983094097,AVAILABLE,Friday,True
L01873,57863,SHORT,AVAILABLE,0.7302311552292037,AVAILABLE,NEUTRAL,AVAILABLE,1.4194823051088836,AVAILABLE,Friday,True
L01874,57872,SHORT,AVAILABLE,1.7402451664537975,AVAILABLE,NEUTRAL,AVAILABLE,1.3800002775470197,AVAILABLE,Friday,True
L01875,57936,SHORT,AVAILABLE,0.5799276258382374,AVAILABLE,ALIGNED_SINGLE,AVAILABLE,1.503321628861681,AVAILABLE,Monday,True
L01876,58081,SHORT,AVAILABLE,0.29075997767557693,AVAILABLE,ALIGNED_SINGLE,AVAILABLE,1.2752321290432336,AVAILABLE,Monday,True
L01877,58088,SHORT,AVAILABLE,0.7556863762560951,AVAILABLE,ALIGNED_SINGLE,AVAILABLE,0.9659517309441625,AVAILABLE,Monday,True
L01878,58111,SHORT,AVAILABLE,1.1735982597405328,AVAILABLE,ALIGNED_SINGLE,AVAILABLE,1.372229003777902,AVAILABLE,Monday,True
L01879,58132,SHORT,AVAILABLE,1.1476783766335414,AVAILABLE,ALIGNED_SINGLE,AVAILABLE,1.460779366163928,AVAILABLE,Monday,True
L01880,58177,SHORT,AVAILABLE,0.14489916532143168,AVAILABLE,ALIGNED_SINGLE,AVAILABLE,1.8890635871863886,AVAILABLE,Monday,True
L01881,58200,LONG,AVAILABLE,1.197056079244731,AVAILABLE,NEUTRAL,AVAILABLE,3.438356331840238,AVAILABLE,Monday,True
L01882,58625,SHORT,AVAILABLE,1.7263175230385925,AVAILABLE,NEUTRAL,AVAILABLE,2.0741039935421877,AVAILABLE,Wednesday,True
L01883,58640,LONG,AVAILABLE,0.12006819752880528,AVAILABLE,NEUTRAL,AVAILABLE,3.0591457507430353,AVAILABLE,Wednesday,True
L01884,58648,LONG,AVAILABLE,0.3914934425445815,AVAILABLE,NEUTRAL,AVAILABLE,3.6506113058599063,AVAILABLE,Wednesday,True
L01885,58964,LONG,AVAILABLE,0.5754399628723927,AVAILABLE,NEUTRAL,AVAILABLE,3.9716927131207798,AVAILABLE,Thursday,True
L01886,59475,LONG,AVAILABLE,0.5324154730548923,AVAILABLE,NEUTRAL,AVAILABLE,1.6934442972020674,AVAILABLE,Monday,True
L01887,59498,LONG,AVAILABLE,0.8405793394515512,AVAILABLE,NEUTRAL,AVAILABLE,2.3931454564773476,AVAILABLE,Monday,True
L01888,59544,SHORT,AVAILABLE,0.6481620590267858,AVAILABLE,NEUTRAL,AVAILABLE,1.3886315530072484,AVAILABLE,Monday,True
L01889,59546,LONG,AVAILABLE,-0.14143221416371074,AVAILABLE,NEUTRAL,AVAILABLE,1.8523071829094713,AVAILABLE,Monday,True
L01890,59571,LONG,AVAILABLE,0.7942099684528509,AVAILABLE,NEUTRAL,AVAILABLE,4.081576376011148,AVAILABLE,Tuesday,True
L01891,59629,LONG,AVAILABLE,0.7449252668327393,AVAILABLE,NEUTRAL,AVAILABLE,3.6817419194852934,AVAILABLE,Tuesday,True
L01892,59696,SHORT,AVAILABLE,0.23389232461370404,AVAILABLE,NEUTRAL,AVAILABLE,0.9234406454674846,AVAILABLE,Tuesday,True
L01893,59707,SHORT,AVAILABLE,0.9570650295230907,AVAILABLE,NEUTRAL,AVAILABLE,1.514178061962853,AVAILABLE,Tuesday,True
L01894,59737,LONG,AVAILABLE,0.45081008542570317,AVAILABLE,NEUTRAL,AVAILABLE,2.0353377425561945,AVAILABLE,Tuesday,True
L01895,59820,LONG,AVAILABLE,0.6645586041837109,AVAILABLE,NEUTRAL,AVAILABLE,2.654568112143822,AVAILABLE,Tuesday,True
L01896,59834,LONG,AVAILABLE,0.3888580070958108,AVAILABLE,AGAINST_SINGLE,AVAILABLE,1.523120484937389,AVAILABLE,Wednesday,True
L01897,59901,SHORT,AVAILABLE,0.3816728181820889,AVAILABLE,ALIGNED_SINGLE,AVAILABLE,1.4288130880704595,AVAILABLE,Wednesday,True
L01898,59922,SHORT,AVAILABLE,1.07854275317073,AVAILABLE,ALIGNED_SINGLE,AVAILABLE,1.5382606585569447,AVAILABLE,Wednesday,True
L01899,59967,SHORT,AVAILABLE,0.14471825823720366,AVAILABLE,ALIGNED_SINGLE,AVAILABLE,0.45402224926996076,AVAILABLE,Wednesday,True
L01900,59974,LONG,AVAILABLE,1.310148038253574,AVAILABLE,AGAINST_SINGLE,AVAILABLE,1.9833781003492952,AVAILABLE,Wednesday,True
L01901,60020,SHORT,AVAILABLE,0.45693024048695685,AVAILABLE,ALIGNED_SINGLE,AVAILABLE,1.735530650470106,AVAILABLE,Wednesday,True
L01902,60033,SHORT,AVAILABLE,0.8037340302494288,AVAILABLE,ALIGNED_SINGLE,AVAILABLE,1.7096499717964424,AVAILABLE,Wednesday,True
L01903,60098,LONG,AVAILABLE,1.0863672531479627,AVAILABLE,AGAINST_SINGLE,AVAILABLE,3.202000830678366,AVAILABLE,Wednesday,True
L01904,60124,LONG,AVAILABLE,0.14577353979245602,AVAILABLE,NEUTRAL,AVAILABLE,0.9853742815549168,AVAILABLE,Thursday,True
L01905,60199,SHORT,AVAILABLE,0.9432832845310117,AVAILABLE,NEUTRAL,AVAILABLE,1.8545686647202404,AVAILABLE,Thursday,True
L01906,60217,SHORT,AVAILABLE,0.6310588319954595,AVAILABLE,NEUTRAL,AVAILABLE,1.4261694366102584,AVAILABLE,Thursday,True
L01907,60252,LONG,AVAILABLE,0.6258865883677834,AVAILABLE,NEUTRAL,AVAILABLE,1.4645389149055064,AVAILABLE,Thursday,True
L01908,60268,LONG,AVAILABLE,0.7349390024542507,AVAILABLE,NEUTRAL,AVAILABLE,1.679411845108032,AVAILABLE,Thursday,True
L01909,60274,SHORT,AVAILABLE,1.045377804409516,AVAILABLE,NEUTRAL,AVAILABLE,1.3555616519455846,AVAILABLE,Thursday,True
L01910,60281,LONG,AVAILABLE,0.8274546975592095,AVAILABLE,NEUTRAL,AVAILABLE,2.4902995710161004,AVAILABLE,Thursday,True
L01911,60299,SHORT,AVAILABLE,0.1464419175435174,AVAILABLE,NEUTRAL,AVAILABLE,1.6080055027941134,AVAILABLE,Thursday,True
L01912,60372,SHORT,AVAILABLE,-0.47014068005875065,AVAILABLE,AGAINST_SINGLE,AVAILABLE,1.953866229687115,AVAILABLE,Thursday,True
L01913,60390,LONG,AVAILABLE,0.6111661503852186,AVAILABLE,ALIGNED_CONFIRMED,AVAILABLE,1.5686938108432529,AVAILABLE,Friday,True
L01914,60398,SHORT,AVAILABLE,1.4135750707753616,AVAILABLE,AGAINST_CONFIRMED,AVAILABLE,2.0778507654327156,AVAILABLE,Friday,True
L01915,60427,LONG,AVAILABLE,-0.07991288405919791,AVAILABLE,ALIGNED_CONFIRMED,AVAILABLE,2.2485356369073664,AVAILABLE,Friday,True
L01916,60465,SHORT,AVAILABLE,1.3346390887284052,AVAILABLE,AGAINST_CONFIRMED,AVAILABLE,2.0089333080439884,AVAILABLE,Friday,True
L01917,60497,SHORT,AVAILABLE,1.125114480318212,AVAILABLE,AGAINST_CONFIRMED,AVAILABLE,1.9320245055395058,AVAILABLE,Friday,True
L01918,60520,LONG,AVAILABLE,0.17323403360323733,AVAILABLE,ALIGNED_CONFIRMED,AVAILABLE,1.0969405484494994,AVAILABLE,Friday,True
L01919,60532,LONG,AVAILABLE,0.28241932094406763,AVAILABLE,ALIGNED_CONFIRMED,AVAILABLE,1.4510684002470147,AVAILABLE,Friday,True
L01920,60562,SHORT,AVAILABLE,2.8847758004993507,AVAILABLE,AGAINST_CONFIRMED,AVAILABLE,1.4578832148996261,AVAILABLE,Friday,True
L01921,60569,LONG,AVAILABLE,0.8477056606655533,AVAILABLE,ALIGNED_CONFIRMED,AVAILABLE,3.0818970820996534,AVAILABLE,Friday,True
L01922,60660,SHORT,AVAILABLE,2.7243413979512763,AVAILABLE,AGAINST_SINGLE,AVAILABLE,2.6064293508884133,AVAILABLE,Monday,True
L01923,60695,SHORT,AVAILABLE,1.115561451426537,AVAILABLE,AGAINST_SINGLE,AVAILABLE,1.2455551572358892,AVAILABLE,Monday,True
L01924,60799,LONG,AVAILABLE,0.5984624825684932,AVAILABLE,ALIGNED_SINGLE,AVAILABLE,1.2746413207336778,AVAILABLE,Monday,True
L01925,60808,LONG,AVAILABLE,0.41000750480822656,AVAILABLE,ALIGNED_SINGLE,AVAILABLE,1.1968723461859914,AVAILABLE,Monday,True
L01926,60815,SHORT,AVAILABLE,1.3771673078086835,AVAILABLE,AGAINST_SINGLE,AVAILABLE,1.5971827128950806,AVAILABLE,Monday,True
L01927,60828,LONG,AVAILABLE,1.9089044171687115,AVAILABLE,ALIGNED_SINGLE,AVAILABLE,1.9465143087350378,AVAILABLE,Monday,True
L01928,60850,SHORT,AVAILABLE,2.2198090585167396,AVAILABLE,AGAINST_SINGLE,AVAILABLE,1.301504580637824,AVAILABLE,Monday,True
L01929,60864,SHORT,AVAILABLE,0.7494672131799665,AVAILABLE,AGAINST_SINGLE,AVAILABLE,1.3814279211874112,AVAILABLE,Monday,True
L01930,60918,SHORT,AVAILABLE,0.32328870621749745,AVAILABLE,AGAINST_SINGLE,AVAILABLE,2.004954985992792,AVAILABLE,Monday,True
L01931,60927,SHORT,AVAILABLE,1.1769010236547037,AVAILABLE,AGAINST_SINGLE,AVAILABLE,1.940095977075836,AVAILABLE,Monday,True
L01932,60938,LONG,AVAILABLE,1.1081259499557627,AVAILABLE,ALIGNED_CONFIRMED,AVAILABLE,2.332792650237264,AVAILABLE,Tuesday,True
L01933,60964,LONG,AVAILABLE,0.9907540337157035,AVAILABLE,ALIGNED_CONFIRMED,AVAILABLE,2.771279262821211,AVAILABLE,Tuesday,True
L01934,61109,LONG,AVAILABLE,1.2860767689956552,AVAILABLE,ALIGNED_CONFIRMED,AVAILABLE,2.4602357797777517,AVAILABLE,Tuesday,True
L01935,61206,LONG,AVAILABLE,2.4554848672387104,AVAILABLE,ALIGNED_SINGLE,AVAILABLE,1.9014713100855678,AVAILABLE,Tuesday,True
L01936,61219,SHORT,AVAILABLE,0.4299620511427684,AVAILABLE,NEUTRAL,AVAILABLE,1.556204153029258,AVAILABLE,Wednesday,True
L01937,61243,SHORT,AVAILABLE,0.4789495704453655,AVAILABLE,NEUTRAL,AVAILABLE,1.4329357523321198,AVAILABLE,Wednesday,True
L01938,61282,SHORT,AVAILABLE,2.4854817467519594,AVAILABLE,NEUTRAL,AVAILABLE,2.256709307494069,AVAILABLE,Wednesday,True
L01939,61350,LONG,AVAILABLE,0.8196176357047176,AVAILABLE,NEUTRAL,AVAILABLE,2.256130897643869,AVAILABLE,Wednesday,True
L01940,61376,SHORT,AVAILABLE,0.7293102933458039,AVAILABLE,NEUTRAL,AVAILABLE,0.9998044663786049,AVAILABLE,Wednesday,True
L01941,61394,SHORT,AVAILABLE,1.4013621776692995,AVAILABLE,NEUTRAL,AVAILABLE,2.0766132902682246,AVAILABLE,Wednesday,True
L01942,61422,SHORT,AVAILABLE,0.8103221688338315,AVAILABLE,NEUTRAL,AVAILABLE,1.3100973806540126,AVAILABLE,Wednesday,True
L01943,61471,LONG,AVAILABLE,0.38010356481178426,AVAILABLE,NEUTRAL,AVAILABLE,3.3616222684574906,AVAILABLE,Wednesday,True
L01944,61503,SHORT,AVAILABLE,0.8515115186095895,AVAILABLE,NEUTRAL,AVAILABLE,1.6596789500720268,AVAILABLE,Thursday,True
L01945,61543,SHORT,AVAILABLE,0.841690736950933,AVAILABLE,NEUTRAL,AVAILABLE,1.5754226682809573,AVAILABLE,Thursday,True
L01946,61555,SHORT,AVAILABLE,1.641551874510945,AVAILABLE,NEUTRAL,AVAILABLE,1.809454645657025,AVAILABLE,Thursday,True
L01947,61633,LONG,AVAILABLE,1.2238865374810148,AVAILABLE,NEUTRAL,AVAILABLE,2.341392016364428,AVAILABLE,Thursday,True
L01948,61642,SHORT,AVAILABLE,1.0027033004761283,AVAILABLE,NEUTRAL,AVAILABLE,1.6542322271531718,AVAILABLE,Thursday,True
L01949,61662,LONG,AVAILABLE,0.2314816534860517,AVAILABLE,NEUTRAL,AVAILABLE,3.408368645314235,AVAILABLE,Thursday,True
L01950,61673,LONG,AVAILABLE,1.2402723293199112,AVAILABLE,NEUTRAL,AVAILABLE,2.6726944044750183,AVAILABLE,Thursday,True
L01951,61688,SHORT,AVAILABLE,0.3473156894114481,AVAILABLE,NEUTRAL,AVAILABLE,1.5411624582745522,AVAILABLE,Thursday,True
L01952,61736,SHORT,AVAILABLE,0.965404948577821,AVAILABLE,NEUTRAL,AVAILABLE,1.1922760800427346,AVAILABLE,Thursday,True
L01953,61757,LONG,AVAILABLE,0.577682279232412,AVAILABLE,NEUTRAL,AVAILABLE,2.0777078080413878,AVAILABLE,Thursday,True
L01954,61778,LONG,AVAILABLE,0.5721319903825248,AVAILABLE,ALIGNED_SINGLE,AVAILABLE,1.9815172424191991,AVAILABLE,Friday,True
L01955,61790,SHORT,AVAILABLE,1.5739673092552517,AVAILABLE,AGAINST_SINGLE,AVAILABLE,1.9149349619814109,AVAILABLE,Friday,True
L01956,61839,SHORT,AVAILABLE,0.8468067319401458,AVAILABLE,AGAINST_SINGLE,AVAILABLE,1.7829024769826003,AVAILABLE,Friday,True
L01957,61937,SHORT,AVAILABLE,1.5865064870590504,AVAILABLE,AGAINST_SINGLE,AVAILABLE,1.9865215599018469,AVAILABLE,Friday,True
L01958,61958,SHORT,AVAILABLE,1.2968981206992571,AVAILABLE,AGAINST_SINGLE,AVAILABLE,1.764409113708859,AVAILABLE,Friday,True
L01959,62041,SHORT,AVAILABLE,1.3049665333997837,AVAILABLE,NEUTRAL,AVAILABLE,2.2790552217303057,AVAILABLE,Monday,True
L01960,62060,LONG,AVAILABLE,0.17087932806774292,AVAILABLE,NEUTRAL,AVAILABLE,2.1302640892748936,AVAILABLE,Monday,True
L01961,62137,SHORT,AVAILABLE,-0.06349241672539575,AVAILABLE,NEUTRAL,AVAILABLE,1.778557087172091,AVAILABLE,Monday,True
L01962,62175,LONG,AVAILABLE,0.3004747178143745,AVAILABLE,NEUTRAL,AVAILABLE,0.3962073309093987,AVAILABLE,Monday,True
L01963,62178,SHORT,AVAILABLE,0.17607034319399065,AVAILABLE,NEUTRAL,AVAILABLE,1.083077344341912,AVAILABLE,Monday,True
L01964,62183,LONG,AVAILABLE,1.6000636441487142,AVAILABLE,NEUTRAL,AVAILABLE,1.7320626666912007,AVAILABLE,Monday,True
L01965,62196,SHORT,AVAILABLE,1.364617286393541,AVAILABLE,NEUTRAL,AVAILABLE,1.9030866408677318,AVAILABLE,Monday,True
L01966,62202,SHORT,AVAILABLE,0.8111215455814395,AVAILABLE,NEUTRAL,AVAILABLE,1.8922486411210082,AVAILABLE,Monday,True
L01967,62224,LONG,AVAILABLE,1.2892712869920264,AVAILABLE,NEUTRAL,AVAILABLE,1.8378886249311552,AVAILABLE,Monday,True
L01968,62243,LONG,AVAILABLE,0.457663455678664,AVAILABLE,NEUTRAL,AVAILABLE,2.419289205633118,AVAILABLE,Monday,True
L01969,62308,SHORT,AVAILABLE,0.6082858344841082,AVAILABLE,AGAINST_SINGLE,AVAILABLE,1.6020179191552975,AVAILABLE,Monday,True
L01970,62324,SHORT,AVAILABLE,0.1898422159906467,AVAILABLE,AGAINST_SINGLE,AVAILABLE,1.5699183055037225,AVAILABLE,Tuesday,True
L01971,62334,SHORT,AVAILABLE,1.6286580576422862,AVAILABLE,AGAINST_SINGLE,AVAILABLE,1.609166461294533,AVAILABLE,Tuesday,True
L01972,62398,LONG,AVAILABLE,0.7660954147362532,AVAILABLE,ALIGNED_SINGLE,AVAILABLE,2.6534313455561134,AVAILABLE,Tuesday,True
L01973,62432,LONG,AVAILABLE,0.8710730675573751,AVAILABLE,ALIGNED_SINGLE,AVAILABLE,3.517877705960433,AVAILABLE,Tuesday,True
L01974,62459,LONG,AVAILABLE,0.8934559040600031,AVAILABLE,ALIGNED_SINGLE,AVAILABLE,3.406047906131146,AVAILABLE,Tuesday,True
L01975,62501,LONG,AVAILABLE,0.9691858264963611,AVAILABLE,ALIGNED_SINGLE,AVAILABLE,2.3462767242620384,AVAILABLE,Tuesday,True
L01976,62590,SHORT,AVAILABLE,1.140056173291867,AVAILABLE,NEUTRAL,AVAILABLE,1.07128836877137,AVAILABLE,Wednesday,True
L01977,62593,LONG,AVAILABLE,1.061823115641121,AVAILABLE,NEUTRAL,AVAILABLE,3.299049320241562,AVAILABLE,Wednesday,True
L01978,62608,SHORT,AVAILABLE,1.5629513172293583,AVAILABLE,NEUTRAL,AVAILABLE,1.7094600197681251,AVAILABLE,Wednesday,True
L01979,62620,SHORT,AVAILABLE,1.260942012743689,AVAILABLE,NEUTRAL,AVAILABLE,1.7449210172933918,AVAILABLE,Wednesday,True
L01980,62718,SHORT,AVAILABLE,0.355270963103659,AVAILABLE,NEUTRAL,AVAILABLE,2.08277957175844,AVAILABLE,Wednesday,True
L01981,62734,LONG,AVAILABLE,1.4890718493582336,AVAILABLE,NEUTRAL,AVAILABLE,0.9897702933193436,AVAILABLE,Wednesday,True
L01982,62737,SHORT,AVAILABLE,2.508782073734036,AVAILABLE,NEUTRAL,AVAILABLE,1.7631658989469472,AVAILABLE,Wednesday,True
L01983,62747,LONG,AVAILABLE,2.3113096703566796,AVAILABLE,NEUTRAL,AVAILABLE,2.591791329011179,AVAILABLE,Wednesday,True
L01984,62775,LONG,AVAILABLE,1.516241827817687,AVAILABLE,NEUTRAL,AVAILABLE,1.6683206970455182,AVAILABLE,Wednesday,True
L01985,62804,LONG,AVAILABLE,0.8381662806240949,AVAILABLE,NEUTRAL,AVAILABLE,2.097892236865408,AVAILABLE,Wednesday,True
L01986,62815,LONG,AVAILABLE,0.5653248054118796,AVAILABLE,NEUTRAL,AVAILABLE,1.8410837557480488,AVAILABLE,Wednesday,True
L01987,62882,SHORT,AVAILABLE,1.012997440756268,AVAILABLE,NEUTRAL,AVAILABLE,1.9129598088586641,AVAILABLE,Thursday,True
L01988,62898,SHORT,AVAILABLE,1.1732007711162749,AVAILABLE,NEUTRAL,AVAILABLE,1.3836308017878796,AVAILABLE,Thursday,True
L01989,62907,SHORT,AVAILABLE,0.1272493461329913,AVAILABLE,NEUTRAL,AVAILABLE,1.549009405526333,AVAILABLE,Thursday,True
L01990,62945,LONG,AVAILABLE,1.1107975794951328,AVAILABLE,NEUTRAL,AVAILABLE,3.3579012436350326,AVAILABLE,Thursday,True
L01991,63004,SHORT,AVAILABLE,0.47187443551963276,AVAILABLE,NEUTRAL,AVAILABLE,0.6674897780048358,AVAILABLE,Thursday,True
L01992,63007,LONG,AVAILABLE,0.21660203135971612,AVAILABLE,NEUTRAL,AVAILABLE,0.9186112427304182,AVAILABLE,Thursday,True
L01993,63014,SHORT,AVAILABLE,0.7577844273897834,AVAILABLE,NEUTRAL,AVAILABLE,1.2335046654630109,AVAILABLE,Thursday,True
L01994,63040,LONG,AVAILABLE,1.0747955805979004,AVAILABLE,NEUTRAL,AVAILABLE,3.116089741688813,AVAILABLE,Thursday,True
L01995,63056,LONG,AVAILABLE,0.8982701116159618,AVAILABLE,NEUTRAL,AVAILABLE,2.0062484411823713,AVAILABLE,Thursday,True
L01996,63067,LONG,AVAILABLE,1.089760909160656,AVAILABLE,NEUTRAL,AVAILABLE,1.6056457285062022,AVAILABLE,Thursday,True
L01997,63084,LONG,AVAILABLE,0.8255274985931563,AVAILABLE,NEUTRAL,AVAILABLE,1.7449063463261143,AVAILABLE,Thursday,True
L01998,63139,SHORT,AVAILABLE,0.8167705170301015,AVAILABLE,NEUTRAL,AVAILABLE,1.4898473379042254,AVAILABLE,Thursday,True
L01999,63142,LONG,AVAILABLE,0.13045813452563326,AVAILABLE,NEUTRAL,AVAILABLE,2.004478639772592,AVAILABLE,Friday,True
L02000,63156,LONG,AVAILABLE,1.0005177363109292,AVAILABLE,NEUTRAL,AVAILABLE,1.9211934482731687,AVAILABLE,Friday,True
L02001,63184,SHORT,AVAILABLE,1.4713598099899003,AVAILABLE,NEUTRAL,AVAILABLE,1.7608944476300428,AVAILABLE,Friday,True
L02002,63281,SHORT,AVAILABLE,1.879885751109195,AVAILABLE,NEUTRAL,AVAILABLE,1.4469234811719949,AVAILABLE,Friday,True
L02003,63286,LONG,AVAILABLE,0.9463404436506367,AVAILABLE,NEUTRAL,AVAILABLE,2.8109636413179024,AVAILABLE,Friday,True
L02004,63308,SHORT,AVAILABLE,2.9077938971009063,AVAILABLE,NEUTRAL,AVAILABLE,2.504054472987149,AVAILABLE,Friday,True
L02005,63331,SHORT,AVAILABLE,0.9823598718558785,AVAILABLE,NEUTRAL,AVAILABLE,1.9354854413052847,AVAILABLE,Friday,True
L02006,63376,SHORT,AVAILABLE,1.1611127111222364,AVAILABLE,NEUTRAL,AVAILABLE,1.6688154618509667,AVAILABLE,Friday,True
L02007,63405,SHORT,AVAILABLE,0.8070294144879704,AVAILABLE,NEUTRAL,AVAILABLE,1.4937155265741546,AVAILABLE,Sunday,True
L02008,63442,LONG,AVAILABLE,0.5012976003791861,AVAILABLE,NEUTRAL,AVAILABLE,2.061979604467837,AVAILABLE,Monday,True
L02009,63452,SHORT,AVAILABLE,0.6512738581724605,AVAILABLE,NEUTRAL,AVAILABLE,7.063169006467353,AVAILABLE,Monday,True
L02010,63739,SHORT,AVAILABLE,0.6160259505432871,AVAILABLE,NEUTRAL,AVAILABLE,1.557571533875869,AVAILABLE,Tuesday,True
L02011,63812,SHORT,AVAILABLE,1.0506566340206993,AVAILABLE,NEUTRAL,AVAILABLE,1.8021148954573964,AVAILABLE,Tuesday,True
L02012,63843,SHORT,AVAILABLE,0.5610468161433932,AVAILABLE,NEUTRAL,AVAILABLE,1.2965501983029466,AVAILABLE,Tuesday,True
L02013,63853,LONG,AVAILABLE,1.5884666470015707,AVAILABLE,NEUTRAL,AVAILABLE,1.761984238605431,AVAILABLE,Tuesday,True
L02014,63873,SHORT,AVAILABLE,0.39512179588926466,AVAILABLE,NEUTRAL,AVAILABLE,2.7984719432342495,AVAILABLE,Tuesday,True
L02015,63899,SHORT,AVAILABLE,0.6997821491162365,AVAILABLE,NEUTRAL,AVAILABLE,1.7489512910866167,AVAILABLE,Tuesday,True
L02016,63936,LONG,AVAILABLE,0.8469537900709597,AVAILABLE,NEUTRAL,AVAILABLE,4.032056985602948,AVAILABLE,Tuesday,True
L02017,64148,LONG,AVAILABLE,1.235332248420746,AVAILABLE,NEUTRAL,AVAILABLE,2.6400397056034355,AVAILABLE,Wednesday,True
L02018,64261,LONG,AVAILABLE,1.5215641400273996,AVAILABLE,NEUTRAL,AVAILABLE,2.4091707146117933,AVAILABLE,Thursday,True
L02019,64358,SHORT,AVAILABLE,0.7703818255226764,AVAILABLE,NEUTRAL,AVAILABLE,2.4488528861656316,AVAILABLE,Thursday,True
L02020,64382,SHORT,AVAILABLE,1.5475195753148383,AVAILABLE,NEUTRAL,AVAILABLE,1.7570249943877687,AVAILABLE,Thursday,True
L02021,64396,LONG,AVAILABLE,0.15222078124098956,AVAILABLE,NEUTRAL,AVAILABLE,1.5980965205656537,AVAILABLE,Thursday,True
L02022,64409,LONG,AVAILABLE,0.4009137410848444,AVAILABLE,NEUTRAL,AVAILABLE,1.9509228484788268,AVAILABLE,Thursday,True
L02023,64416,SHORT,AVAILABLE,1.0407368193319773,AVAILABLE,NEUTRAL,AVAILABLE,1.3896825920429716,AVAILABLE,Thursday,True
L02024,64447,LONG,AVAILABLE,0.18632458895413542,AVAILABLE,NEUTRAL,AVAILABLE,2.673201779577651,AVAILABLE,Thursday,True
L02025,64491,LONG,AVAILABLE,1.2109161004292275,AVAILABLE,NEUTRAL,AVAILABLE,2.205574576800148,AVAILABLE,Thursday,True
L02026,64506,LONG,AVAILABLE,1.2725471414139211,AVAILABLE,NEUTRAL,AVAILABLE,3.35829974139914,AVAILABLE,Thursday,True
L02027,64553,SHORT,AVAILABLE,1.2298191981717854,AVAILABLE,ALIGNED_SINGLE,AVAILABLE,1.3268485394672838,AVAILABLE,Friday,True
L02028,64556,LONG,AVAILABLE,2.1145572879758627,AVAILABLE,AGAINST_SINGLE,AVAILABLE,7.825186237478914,AVAILABLE,Friday,True
L02029,64623,LONG,AVAILABLE,1.923415603360248,AVAILABLE,AGAINST_SINGLE,AVAILABLE,2.5513172379177744,AVAILABLE,Friday,True
L02030,64635,LONG,AVAILABLE,0.5097031871779685,AVAILABLE,AGAINST_SINGLE,AVAILABLE,2.190945768964079,AVAILABLE,Friday,True
L02031,64691,SHORT,AVAILABLE,0.9147131659880207,AVAILABLE,ALIGNED_SINGLE,AVAILABLE,1.2997367775939022,AVAILABLE,Friday,True
L02032,64697,LONG,AVAILABLE,0.4230044833388413,AVAILABLE,AGAINST_SINGLE,AVAILABLE,2.720297843302262,AVAILABLE,Friday,True
L02033,64731,LONG,AVAILABLE,1.173711276410238,AVAILABLE,AGAINST_SINGLE,AVAILABLE,2.0471920636235303,AVAILABLE,Friday,True
L02034,64781,LONG,AVAILABLE,1.621441610731828,AVAILABLE,AGAINST_SINGLE,AVAILABLE,1.619590600003821,AVAILABLE,Friday,True
L02035,64788,SHORT,AVAILABLE,0.7277522789848583,AVAILABLE,ALIGNED_SINGLE,AVAILABLE,1.4478550553761476,AVAILABLE,Sunday,True
L02036,64794,LONG,AVAILABLE,0.603228932004284,AVAILABLE,AGAINST_SINGLE,AVAILABLE,1.8847182315997812,AVAILABLE,Sunday,True
L02037,64808,LONG,AVAILABLE,1.2736572085611362,AVAILABLE,AGAINST_SINGLE,AVAILABLE,2.51858793262747,AVAILABLE,Sunday,True
L02038,64821,SHORT,AVAILABLE,1.0319887197606143,AVAILABLE,ALIGNED_SINGLE,AVAILABLE,1.118665049836218,AVAILABLE,Monday,True
L02039,64889,SHORT,AVAILABLE,0.9380277606878604,AVAILABLE,ALIGNED_SINGLE,AVAILABLE,2.482272627487438,AVAILABLE,Monday,True
L02040,64951,SHORT,AVAILABLE,2.7679663428451278,AVAILABLE,ALIGNED_SINGLE,AVAILABLE,2.2042406353055104,AVAILABLE,Monday,True
L02041,64965,SHORT,AVAILABLE,0.30888744321555,AVAILABLE,ALIGNED_SINGLE,AVAILABLE,1.3368425236108659,AVAILABLE,Monday,True
L02042,64980,SHORT,AVAILABLE,0.8316069019218025,AVAILABLE,ALIGNED_SINGLE,AVAILABLE,1.4192091807404632,AVAILABLE,Monday,True
L02043,65003,LONG,AVAILABLE,1.1495571063936982,AVAILABLE,AGAINST_SINGLE,AVAILABLE,1.4076577894732543,AVAILABLE,Monday,True
L02044,65010,LONG,AVAILABLE,1.672252608840911,AVAILABLE,AGAINST_SINGLE,AVAILABLE,1.848447060487545,AVAILABLE,Monday,True
L02045,65062,SHORT,AVAILABLE,-0.11457818673265904,AVAILABLE,ALIGNED_SINGLE,AVAILABLE,1.121951337189201,AVAILABLE,Monday,True
L02046,65070,LONG,AVAILABLE,0.315063039359047,AVAILABLE,AGAINST_SINGLE,AVAILABLE,1.234890821424971,AVAILABLE,Monday,True
L02047,65098,LONG,AVAILABLE,0.9453266443541427,AVAILABLE,AGAINST_SINGLE,AVAILABLE,1.9036643060270586,AVAILABLE,Tuesday,True
L02048,65120,SHORT,AVAILABLE,1.2629043741955828,AVAILABLE,ALIGNED_SINGLE,AVAILABLE,1.337365958630721,AVAILABLE,Tuesday,True
L02049,65130,SHORT,AVAILABLE,0.7877671024016688,AVAILABLE,ALIGNED_SINGLE,AVAILABLE,1.6171297485707448,AVAILABLE,Tuesday,True
L02050,65150,SHORT,AVAILABLE,1.1434116836727795,AVAILABLE,ALIGNED_SINGLE,AVAILABLE,2.096851954870473,AVAILABLE,Tuesday,True
L02051,65218,LONG,AVAILABLE,0.014609232058286492,AVAILABLE,AGAINST_SINGLE,AVAILABLE,2.1035096955198167,AVAILABLE,Tuesday,True
L02052,65238,SHORT,AVAILABLE,1.8683300922097366,AVAILABLE,ALIGNED_SINGLE,AVAILABLE,2.129101341356245,AVAILABLE,Tuesday,True
L02053,65251,SHORT,AVAILABLE,1.8359079218431824,AVAILABLE,ALIGNED_SINGLE,AVAILABLE,1.861232022527165,AVAILABLE,Tuesday,True
L02054,65280,LONG,AVAILABLE,0.8330389211408975,AVAILABLE,AGAINST_SINGLE,AVAILABLE,2.972211853711739,AVAILABLE,Tuesday,True
L02055,65525,LONG,AVAILABLE,0.8515979075173108,AVAILABLE,NEUTRAL,AVAILABLE,2.5732841232165593,AVAILABLE,Wednesday,True
L02056,65613,LONG,AVAILABLE,-0.03742479526125735,AVAILABLE,NEUTRAL,AVAILABLE,1.8656502077871526,AVAILABLE,Wednesday,True
L02057,65615,SHORT,AVAILABLE,-0.024792236136243956,AVAILABLE,NEUTRAL,AVAILABLE,1.2983119454497307,AVAILABLE,Wednesday,True
L02058,65620,LONG,AVAILABLE,0.23718846732909596,AVAILABLE,NEUTRAL,AVAILABLE,1.6922873554809705,AVAILABLE,Wednesday,True
L02059,65645,SHORT,AVAILABLE,0.22257395200659974,AVAILABLE,ALIGNED_SINGLE,AVAILABLE,1.09695055350505,AVAILABLE,Thursday,True
L02060,65650,SHORT,AVAILABLE,-0.010472806177828128,AVAILABLE,ALIGNED_SINGLE,AVAILABLE,1.5731033467069335,AVAILABLE,Thursday,True
L02061,65660,SHORT,AVAILABLE,1.8956522191466167,AVAILABLE,ALIGNED_SINGLE,AVAILABLE,1.9831034354938846,AVAILABLE,Thursday,True
L02062,65748,LONG,AVAILABLE,0.00438350104327498,AVAILABLE,AGAINST_SINGLE,AVAILABLE,1.4355323925337158,AVAILABLE,Thursday,True
L02063,65773,LONG,AVAILABLE,0.09032107030549559,AVAILABLE,AGAINST_SINGLE,AVAILABLE,1.5295488749864623,AVAILABLE,Thursday,True
L02064,65774,SHORT,AVAILABLE,0.006231890583513481,AVAILABLE,ALIGNED_SINGLE,AVAILABLE,0.31579205968570007,AVAILABLE,Thursday,True
L02065,65798,LONG,AVAILABLE,1.5072512268511757,AVAILABLE,AGAINST_SINGLE,AVAILABLE,2.849073114786665,AVAILABLE,Thursday,True
L02066,65895,SHORT,AVAILABLE,2.070901545458279,AVAILABLE,ALIGNED_CONFIRMED,AVAILABLE,1.7323406536463455,AVAILABLE,Thursday,True
L02067,65910,LONG,AVAILABLE,0.6856811385839746,AVAILABLE,AGAINST_CONFIRMED,AVAILABLE,1.0798109559423923,AVAILABLE,Thursday,True
L02068,65927,SHORT,AVAILABLE,-0.30514994937530104,AVAILABLE,ALIGNED_CONFIRMED,AVAILABLE,2.3813828520621554,AVAILABLE,Friday,True
L02069,65962,SHORT,AVAILABLE,0.8359104884112356,AVAILABLE,ALIGNED_CONFIRMED,AVAILABLE,1.7192889857850382,AVAILABLE,Friday,True
L02070,66055,SHORT,AVAILABLE,0.4282630018010114,AVAILABLE,ALIGNED_CONFIRMED,AVAILABLE,1.0310961634311628,AVAILABLE,Friday,True
L02071,66063,SHORT,AVAILABLE,1.711252376068159,AVAILABLE,ALIGNED_CONFIRMED,AVAILABLE,1.8746733859604403,AVAILABLE,Friday,True
L02072,66105,LONG,AVAILABLE,1.487042614652632,AVAILABLE,AGAINST_CONFIRMED,AVAILABLE,1.4370428000167894,AVAILABLE,Friday,True
L02073,66148,LONG,AVAILABLE,1.3668161985138996,AVAILABLE,AGAINST_CONFIRMED,AVAILABLE,2.060553546283906,AVAILABLE,Friday,True
L02074,66166,LONG,AVAILABLE,0.8200954097572698,AVAILABLE,AGAINST_SINGLE,AVAILABLE,3.270739226558412,AVAILABLE,Sunday,True
L02075,66202,LONG,AVAILABLE,2.2887015981987795,AVAILABLE,AGAINST_SINGLE,AVAILABLE,2.4437967464134633,AVAILABLE,Monday,True
L02076,66280,LONG,AVAILABLE,1.5369866357915907,AVAILABLE,AGAINST_SINGLE,AVAILABLE,2.3560950471721442,AVAILABLE,Monday,True
L02077,66333,SHORT,AVAILABLE,0.9977407023356499,AVAILABLE,ALIGNED_SINGLE,AVAILABLE,1.5561376917923577,AVAILABLE,Monday,True
L02078,66348,SHORT,AVAILABLE,0.9562380846683838,AVAILABLE,ALIGNED_SINGLE,AVAILABLE,1.9177687369592349,AVAILABLE,Monday,True
L02079,66367,SHORT,AVAILABLE,0.6578497234366304,AVAILABLE,ALIGNED_SINGLE,AVAILABLE,1.6013105929277869,AVAILABLE,Monday,True
L02080,66444,LONG,AVAILABLE,1.446649855830133,AVAILABLE,AGAINST_SINGLE,AVAILABLE,2.7139412158889957,AVAILABLE,Monday,True
L02081,66460,SHORT,AVAILABLE,1.3063262959696493,AVAILABLE,ALIGNED_SINGLE,AVAILABLE,1.479664302162648,AVAILABLE,Monday,True
L02082,66493,LONG,AVAILABLE,0.6959094554378081,AVAILABLE,AGAINST_CONFIRMED,AVAILABLE,1.2946061479905484,AVAILABLE,Tuesday,True
L02083,66603,LONG,AVAILABLE,0.9015021139889883,AVAILABLE,AGAINST_CONFIRMED,AVAILABLE,0.8500661682787631,AVAILABLE,Tuesday,True
L02084,66607,SHORT,AVAILABLE,1.6860610931088227,AVAILABLE,ALIGNED_CONFIRMED,AVAILABLE,0.9300863317829674,AVAILABLE,Tuesday,True
L02085,66611,LONG,AVAILABLE,0.9062549872213943,AVAILABLE,AGAINST_CONFIRMED,AVAILABLE,1.8009218173126857,AVAILABLE,Tuesday,True
L02086,66632,LONG,AVAILABLE,1.5025248921868315,AVAILABLE,AGAINST_CONFIRMED,AVAILABLE,1.1061178723774105,AVAILABLE,Tuesday,True
L02087,66646,SHORT,AVAILABLE,1.3319472396494636,AVAILABLE,ALIGNED_CONFIRMED,AVAILABLE,1.6630053749251636,AVAILABLE,Tuesday,True
L02088,66723,SHORT,AVAILABLE,1.6107721911169466,AVAILABLE,ALIGNED_SINGLE,AVAILABLE,1.3959264205688233,AVAILABLE,Tuesday,True
L02089,66766,SHORT,AVAILABLE,1.616403659222756,AVAILABLE,NEUTRAL,AVAILABLE,1.7115227225130925,AVAILABLE,Wednesday,True
L02090,66775,SHORT,AVAILABLE,0.6070945018344063,AVAILABLE,NEUTRAL,AVAILABLE,1.5805981177116004,AVAILABLE,Wednesday,True
L02091,66888,SHORT,AVAILABLE,2.0530440037693287,AVAILABLE,NEUTRAL,AVAILABLE,1.4628314679705252,AVAILABLE,Wednesday,True
L02092,66897,LONG,AVAILABLE,2.0103016295333855,AVAILABLE,NEUTRAL,AVAILABLE,2.8977709223291503,AVAILABLE,Wednesday,True
L02093,66980,LONG,AVAILABLE,0.7519492485247012,AVAILABLE,NEUTRAL,AVAILABLE,3.202009565839102,AVAILABLE,Wednesday,True
L02094,67098,LONG,AVAILABLE,1.0589431486339311,AVAILABLE,NEUTRAL,AVAILABLE,2.778012187736597,AVAILABLE,Thursday,True
L02095,67130,LONG,AVAILABLE,0.1334779685548192,AVAILABLE,NEUTRAL,AVAILABLE,1.672480034068599,AVAILABLE,Thursday,True
L02096,67157,SHORT,AVAILABLE,0.25536718315874773,AVAILABLE,NEUTRAL,AVAILABLE,1.3974787938071633,AVAILABLE,Thursday,True
L02097,67162,LONG,AVAILABLE,1.1169067000261943,AVAILABLE,NEUTRAL,AVAILABLE,1.7296280407061841,AVAILABLE,Thursday,True
L02098,67187,SHORT,AVAILABLE,0.5362152530790538,AVAILABLE,NEUTRAL,AVAILABLE,1.1315487115504612,AVAILABLE,Thursday,True
L02099,67195,SHORT,AVAILABLE,1.355821407692592,AVAILABLE,NEUTRAL,AVAILABLE,1.5990985620699512,AVAILABLE,Thursday,True
L02100,67235,LONG,AVAILABLE,0.6693015450680082,AVAILABLE,NEUTRAL,AVAILABLE,1.9248577147179342,AVAILABLE,Thursday,True
L02101,67259,LONG,AVAILABLE,2.637142155776921,AVAILABLE,NEUTRAL,AVAILABLE,1.964361561918499,AVAILABLE,Thursday,True
L02102,67270,LONG,AVAILABLE,1.3411069544402223,AVAILABLE,NEUTRAL,AVAILABLE,0.7197362164125177,AVAILABLE,Thursday,True
L02103,67281,SHORT,AVAILABLE,0.48520658062215444,AVAILABLE,NEUTRAL,AVAILABLE,1.0303359103322332,AVAILABLE,Thursday,True
L02104,67306,LONG,AVAILABLE,1.2921325416996237,AVAILABLE,NEUTRAL,AVAILABLE,1.8498643004230189,AVAILABLE,Friday,True
L02105,67329,SHORT,AVAILABLE,0.5124618031840795,AVAILABLE,NEUTRAL,AVAILABLE,1.597060099251869,AVAILABLE,Friday,True
L02106,67342,SHORT,AVAILABLE,0.4847249268818066,AVAILABLE,NEUTRAL,AVAILABLE,1.6493707292721385,AVAILABLE,Friday,True
L02107,67364,SHORT,AVAILABLE,1.6402153710229093,AVAILABLE,NEUTRAL,AVAILABLE,2.9984790866589077,AVAILABLE,Friday,True
L02108,67432,LONG,AVAILABLE,0.7905629092389528,AVAILABLE,NEUTRAL,AVAILABLE,1.1537365798215409,AVAILABLE,Friday,True
L02109,67438,SHORT,AVAILABLE,0.9571555538393847,AVAILABLE,NEUTRAL,AVAILABLE,1.0068431656889614,AVAILABLE,Friday,True
L02110,67450,SHORT,AVAILABLE,1.3776658678930287,AVAILABLE,NEUTRAL,AVAILABLE,1.9038660878529985,AVAILABLE,Friday,True
L02111,67491,SHORT,AVAILABLE,0.8828172153613801,AVAILABLE,NEUTRAL,AVAILABLE,2.5490504295338514,AVAILABLE,Friday,True
L02112,67546,SHORT,AVAILABLE,0.921650127922923,AVAILABLE,NEUTRAL,AVAILABLE,1.1556244747456852,AVAILABLE,Sunday,True
L02113,67548,LONG,AVAILABLE,-0.5050360503353442,AVAILABLE,NEUTRAL,AVAILABLE,1.9130340349920327,AVAILABLE,Sunday,True
L02114,67573,LONG,AVAILABLE,2.4407217940011217,AVAILABLE,NEUTRAL,AVAILABLE,2.4338265451536234,AVAILABLE,Monday,True
L02115,67616,SHORT,AVAILABLE,0.7987514877446927,AVAILABLE,NEUTRAL,AVAILABLE,1.9807665912835628,AVAILABLE,Monday,True
L02116,67653,SHORT,AVAILABLE,2.6640009718610886,AVAILABLE,NEUTRAL,AVAILABLE,2.3744361040933337,AVAILABLE,Monday,True
L02117,67727,SHORT,AVAILABLE,0.41645314965050595,AVAILABLE,NEUTRAL,AVAILABLE,1.6496448581151697,AVAILABLE,Monday,True
L02118,67746,LONG,AVAILABLE,0.5775077515207021,AVAILABLE,NEUTRAL,AVAILABLE,1.5672009965409972,AVAILABLE,Monday,True
L02119,67794,LONG,AVAILABLE,0.6374219589800064,AVAILABLE,NEUTRAL,AVAILABLE,0.9171781600504448,AVAILABLE,Monday,True
L02120,67803,LONG,AVAILABLE,1.6635560393903783,AVAILABLE,NEUTRAL,AVAILABLE,1.5716400891103668,AVAILABLE,Monday,True
L02121,67823,SHORT,AVAILABLE,0.4071784443657359,AVAILABLE,AGAINST_SINGLE,AVAILABLE,2.372975924778877,AVAILABLE,Monday,True
L02122,67836,LONG,AVAILABLE,0.5514748684438237,AVAILABLE,ALIGNED_SINGLE,AVAILABLE,2.002651785351877,AVAILABLE,Monday,True
L02123,67848,SHORT,AVAILABLE,3.5617203778794937,AVAILABLE,AGAINST_SINGLE,AVAILABLE,1.8388372201123893,AVAILABLE,Tuesday,True
L02124,67850,LONG,AVAILABLE,-0.4059913957979617,AVAILABLE,ALIGNED_SINGLE,AVAILABLE,2.6211762551928706,AVAILABLE,Tuesday,True
L02125,67873,SHORT,AVAILABLE,0.927677159433399,AVAILABLE,AGAINST_SINGLE,AVAILABLE,2.441192080037576,AVAILABLE,Tuesday,True
L02126,67991,SHORT,AVAILABLE,0.624136786735251,AVAILABLE,AGAINST_SINGLE,AVAILABLE,1.8897599917407917,AVAILABLE,Tuesday,True
L02127,68022,SHORT,AVAILABLE,1.6435281506003458,AVAILABLE,AGAINST_SINGLE,AVAILABLE,2.051126547033457,AVAILABLE,Tuesday,True
L02128,68074,SHORT,AVAILABLE,0.7416867166167479,AVAILABLE,AGAINST_SINGLE,AVAILABLE,1.2949776363796963,AVAILABLE,Tuesday,True
L02129,68086,SHORT,AVAILABLE,0.8929638106517452,AVAILABLE,AGAINST_SINGLE,AVAILABLE,1.2816001836176263,AVAILABLE,Tuesday,True
L02130,68098,SHORT,AVAILABLE,-0.5245014516149308,AVAILABLE,AGAINST_SINGLE,AVAILABLE,1.4132131610046776,AVAILABLE,Tuesday,True
L02131,68106,SHORT,AVAILABLE,0.17384801631573985,AVAILABLE,AGAINST_SINGLE,AVAILABLE,1.8337758748151733,AVAILABLE,Tuesday,True
L02132,68133,SHORT,AVAILABLE,0.31356745984536005,AVAILABLE,AGAINST_CONFIRMED,AVAILABLE,1.7402430719158244,AVAILABLE,Wednesday,True
L02133,68214,SHORT,AVAILABLE,0.9638978531051263,AVAILABLE,AGAINST_CONFIRMED,AVAILABLE,2.601026004721441,AVAILABLE,Wednesday,True
L02134,68265,SHORT,AVAILABLE,1.4521740662729306,AVAILABLE,AGAINST_CONFIRMED,AVAILABLE,2.034276793465188,AVAILABLE,Wednesday,True
L02135,68271,LONG,AVAILABLE,0.6616888057283073,AVAILABLE,ALIGNED_CONFIRMED,AVAILABLE,2.2188778746079914,AVAILABLE,Wednesday,True
L02136,68280,LONG,AVAILABLE,1.8651808947698312,AVAILABLE,ALIGNED_CONFIRMED,AVAILABLE,1.8418159786603039,AVAILABLE,Wednesday,True
L02137,68315,SHORT,AVAILABLE,1.314619939212582,AVAILABLE,AGAINST_CONFIRMED,AVAILABLE,1.3814723135584688,AVAILABLE,Wednesday,True
L02138,68330,SHORT,AVAILABLE,0.5808931984605269,AVAILABLE,AGAINST_CONFIRMED,AVAILABLE,1.2284390703053574,AVAILABLE,Wednesday,True
L02139,68391,SHORT,AVAILABLE,1.3230589717109769,AVAILABLE,AGAINST_CONFIRMED,AVAILABLE,2.015955477761828,AVAILABLE,Wednesday,True
L02140,68429,LONG,AVAILABLE,0.7108020763094451,AVAILABLE,ALIGNED_CONFIRMED,AVAILABLE,2.2494088021916694,AVAILABLE,Thursday,True
L02141,68475,LONG,AVAILABLE,0.4879478038535418,AVAILABLE,ALIGNED_CONFIRMED,AVAILABLE,2.935848526788766,AVAILABLE,Thursday,True
L02142,68531,SHORT,AVAILABLE,1.412053961563871,AVAILABLE,AGAINST_CONFIRMED,AVAILABLE,0.7004972241107664,AVAILABLE,Thursday,True
L02143,68540,LONG,AVAILABLE,1.2821707537843827,AVAILABLE,ALIGNED_CONFIRMED,AVAILABLE,1.7282366789213717,AVAILABLE,Thursday,True
L02144,68549,SHORT,AVAILABLE,1.6236571209820367,AVAILABLE,AGAINST_CONFIRMED,AVAILABLE,1.5235733566145753,AVAILABLE,Thursday,True
L02145,68558,LONG,AVAILABLE,0.3359592123981184,AVAILABLE,ALIGNED_CONFIRMED,AVAILABLE,1.463288504458951,AVAILABLE,Thursday,True
L02146,68578,SHORT,AVAILABLE,0.5871885194753927,AVAILABLE,AGAINST_CONFIRMED,AVAILABLE,2.049309238770058,AVAILABLE,Thursday,True
L02147,68657,LONG,AVAILABLE,0.22410727268501432,AVAILABLE,NEUTRAL,AVAILABLE,2.523063448998599,AVAILABLE,Sunday,True
L02148,68670,LONG,AVAILABLE,0.8495199416407582,AVAILABLE,NEUTRAL,AVAILABLE,1.315055454456679,AVAILABLE,Monday,True
L02149,68678,LONG,AVAILABLE,1.444746798356108,AVAILABLE,NEUTRAL,AVAILABLE,1.3857813262480174,AVAILABLE,Monday,True
L02150,68706,SHORT,AVAILABLE,1.7672609467903733,AVAILABLE,NEUTRAL,AVAILABLE,2.5669335745167463,AVAILABLE,Monday,True
L02151,68738,SHORT,AVAILABLE,0.9404158533257909,AVAILABLE,NEUTRAL,AVAILABLE,2.5148091130537114,AVAILABLE,Monday,True
L02152,68788,SHORT,AVAILABLE,1.4459296420781755,AVAILABLE,NEUTRAL,AVAILABLE,1.3825257174922083,AVAILABLE,Monday,True
L02153,68821,LONG,AVAILABLE,1.75342825799072,AVAILABLE,NEUTRAL,AVAILABLE,2.4339195090359165,AVAILABLE,Monday,True
L02154,68847,SHORT,AVAILABLE,1.2517486642855689,AVAILABLE,NEUTRAL,AVAILABLE,1.695208317753964,AVAILABLE,Monday,True
L02155,68861,LONG,AVAILABLE,0.8661003188500606,AVAILABLE,NEUTRAL,AVAILABLE,1.6578525248447065,AVAILABLE,Monday,True
L02156,68887,LONG,AVAILABLE,0.4069864356924783,AVAILABLE,NEUTRAL,AVAILABLE,1.8801920562706749,AVAILABLE,Monday,True
L02157,68963,LONG,AVAILABLE,1.6474285057673674,AVAILABLE,NEUTRAL,AVAILABLE,3.0188859442296994,AVAILABLE,Tuesday,True
L02158,68976,LONG,AVAILABLE,0.6837540841026843,AVAILABLE,NEUTRAL,AVAILABLE,1.897906519727706,AVAILABLE,Tuesday,True
L02159,69060,SHORT,AVAILABLE,0.8571279844472546,AVAILABLE,NEUTRAL,AVAILABLE,1.4137299202293987,AVAILABLE,Tuesday,True
L02160,69085,LONG,AVAILABLE,0.9941063620617269,AVAILABLE,NEUTRAL,AVAILABLE,1.4285346735258229,AVAILABLE,Tuesday,True
L02161,69098,SHORT,AVAILABLE,1.0702682340941287,AVAILABLE,NEUTRAL,AVAILABLE,1.2860773959037342,AVAILABLE,Tuesday,True
L02162,69112,LONG,AVAILABLE,0.4679678177482979,AVAILABLE,NEUTRAL,AVAILABLE,1.6686432155434905,AVAILABLE,Tuesday,True
L02163,69118,LONG,AVAILABLE,2.2951938836952923,AVAILABLE,NEUTRAL,AVAILABLE,2.1980427151103448,AVAILABLE,Tuesday,True
L02164,69153,SHORT,AVAILABLE,1.0766222432432755,AVAILABLE,NEUTRAL,AVAILABLE,1.5059855079457012,AVAILABLE,Tuesday,True
L02165,69171,SHORT,AVAILABLE,1.3079287579581724,AVAILABLE,NEUTRAL,AVAILABLE,1.2581972595424193,AVAILABLE,Tuesday,True
L02166,69227,SHORT,AVAILABLE,0.8699759313429163,AVAILABLE,AGAINST_SINGLE,AVAILABLE,2.418702737327769,AVAILABLE,Wednesday,True
L02167,69359,LONG,AVAILABLE,0.33341072099134655,AVAILABLE,ALIGNED_SINGLE,AVAILABLE,0.6316938404646112,AVAILABLE,Wednesday,True
L02168,69361,SHORT,AVAILABLE,0.3342298115200616,AVAILABLE,AGAINST_SINGLE,AVAILABLE,1.3793786296365145,AVAILABLE,Wednesday,True
L02169,69369,SHORT,AVAILABLE,1.290477613720872,AVAILABLE,AGAINST_SINGLE,AVAILABLE,1.4466087090459976,AVAILABLE,Wednesday,True
L02170,69372,LONG,AVAILABLE,-0.03518273515810311,AVAILABLE,ALIGNED_SINGLE,AVAILABLE,2.32508286882991,AVAILABLE,Wednesday,True
L02171,69390,LONG,AVAILABLE,-0.17912421234838968,AVAILABLE,ALIGNED_SINGLE,AVAILABLE,1.605920506052428,AVAILABLE,Wednesday,True
L02172,69406,LONG,AVAILABLE,1.0250085285608843,AVAILABLE,ALIGNED_SINGLE,AVAILABLE,1.9010894506495313,AVAILABLE,Wednesday,True
L02173,69456,LONG,AVAILABLE,0.6584495022279607,AVAILABLE,ALIGNED_SINGLE,AVAILABLE,1.7582830096183957,AVAILABLE,Wednesday,True
L02174,69475,SHORT,AVAILABLE,-0.5945220974055526,AVAILABLE,AGAINST_CONFIRMED,AVAILABLE,1.6386101664766,AVAILABLE,Wednesday,True
L02175,69484,LONG,AVAILABLE,0.48332650521057735,AVAILABLE,ALIGNED_CONFIRMED,AVAILABLE,1.758902366638676,AVAILABLE,Wednesday,True
L02176,69502,LONG,AVAILABLE,1.5778225115586726,AVAILABLE,ALIGNED_SINGLE,AVAILABLE,1.6316428438720252,AVAILABLE,Thursday,True
L02177,69532,SHORT,AVAILABLE,1.2746388675435836,AVAILABLE,AGAINST_SINGLE,AVAILABLE,1.2871014446763827,AVAILABLE,Thursday,True
L02178,69606,SHORT,AVAILABLE,0.8354128647407748,AVAILABLE,AGAINST_SINGLE,AVAILABLE,1.168236084670985,AVAILABLE,Thursday,True
L02179,69643,SHORT,AVAILABLE,2.1180845450535246,AVAILABLE,AGAINST_SINGLE,AVAILABLE,2.210366531547318,AVAILABLE,Thursday,True
L02180,69650,LONG,AVAILABLE,1.0362496094018159,AVAILABLE,ALIGNED_SINGLE,AVAILABLE,1.552769372979066,AVAILABLE,Thursday,True
L02181,69669,SHORT,AVAILABLE,1.3253133935658812,AVAILABLE,AGAINST_SINGLE,AVAILABLE,1.6242603361647476,AVAILABLE,Thursday,True
L02182,69698,SHORT,AVAILABLE,0.6785602282449404,AVAILABLE,AGAINST_SINGLE,AVAILABLE,1.4675911961087245,AVAILABLE,Thursday,True
L02183,69753,SHORT,AVAILABLE,1.1545465130867434,AVAILABLE,NEUTRAL,AVAILABLE,2.0237510234802647,AVAILABLE,Thursday,True
L02184,69771,LONG,AVAILABLE,0.15980715037553164,AVAILABLE,NEUTRAL,AVAILABLE,0.9924539261235604,AVAILABLE,Thursday,True
L02185,69780,LONG,AVAILABLE,0.733384731091171,AVAILABLE,NEUTRAL,AVAILABLE,1.4092507256174913,AVAILABLE,Friday,True
L02186,69809,LONG,AVAILABLE,0.5177707082076746,AVAILABLE,NEUTRAL,AVAILABLE,2.219810001670609,AVAILABLE,Friday,True
L02187,69882,LONG,AVAILABLE,1.5851635770236456,AVAILABLE,NEUTRAL,AVAILABLE,2.4747247748683123,AVAILABLE,Friday,True
L02188,69922,SHORT,AVAILABLE,0.9033513282736206,AVAILABLE,NEUTRAL,AVAILABLE,1.545082547025815,AVAILABLE,Friday,True
L02189,69924,LONG,AVAILABLE,2.0119177581394037,AVAILABLE,NEUTRAL,AVAILABLE,1.421288972710754,AVAILABLE,Friday,True
L02190,69927,SHORT,AVAILABLE,1.9104296581630091,AVAILABLE,NEUTRAL,AVAILABLE,2.0576209436130557,AVAILABLE,Friday,True
L02191,69950,SHORT,AVAILABLE,1.2008916727306898,AVAILABLE,NEUTRAL,AVAILABLE,1.6202974278791178,AVAILABLE,Friday,True
L02192,69976,LONG,AVAILABLE,0.391223871563624,AVAILABLE,NEUTRAL,AVAILABLE,2.0952385077502753,AVAILABLE,Friday,True
L02193,70046,LONG,AVAILABLE,0.6222394923622804,AVAILABLE,NEUTRAL,AVAILABLE,1.8498293313807996,AVAILABLE,Sunday,True
L02194,70080,SHORT,AVAILABLE,0.5967738929939062,AVAILABLE,NEUTRAL,AVAILABLE,1.2843467990190696,AVAILABLE,Monday,True
L02195,70129,SHORT,AVAILABLE,1.0368104244104057,AVAILABLE,NEUTRAL,AVAILABLE,1.2555759909224444,AVAILABLE,Monday,True
L02196,70134,SHORT,AVAILABLE,-0.3641172462300105,AVAILABLE,NEUTRAL,AVAILABLE,1.9410636544778817,AVAILABLE,Monday,True
L02197,70147,SHORT,AVAILABLE,0.16415209091397245,AVAILABLE,NEUTRAL,AVAILABLE,1.323935448901631,AVAILABLE,Monday,True
L02198,70187,SHORT,AVAILABLE,0.03608822125213196,AVAILABLE,NEUTRAL,AVAILABLE,0.785068260420718,AVAILABLE,Monday,True
L02199,70194,LONG,AVAILABLE,1.125775745260533,AVAILABLE,NEUTRAL,AVAILABLE,1.7058213566319032,AVAILABLE,Monday,True
L02200,70212,SHORT,AVAILABLE,0.5810467007262226,AVAILABLE,NEUTRAL,AVAILABLE,1.6160150943239413,AVAILABLE,Monday,True
L02201,70215,SHORT,AVAILABLE,0.07907917738319646,AVAILABLE,NEUTRAL,AVAILABLE,1.392817738022051,AVAILABLE,Monday,True
L02202,70236,LONG,AVAILABLE,1.4238181481662084,AVAILABLE,NEUTRAL,AVAILABLE,1.4574645217009463,AVAILABLE,Monday,True
L02203,70254,SHORT,AVAILABLE,1.122666046134732,AVAILABLE,NEUTRAL,AVAILABLE,1.9821943237899824,AVAILABLE,Monday,True
L02204,70262,SHORT,AVAILABLE,0.6840749828431705,AVAILABLE,NEUTRAL,AVAILABLE,1.4893286842496016,AVAILABLE,Monday,True
L02205,70318,SHORT,AVAILABLE,1.911768930123079,AVAILABLE,NEUTRAL,AVAILABLE,2.496671407541728,AVAILABLE,Monday,True
L02206,70343,SHORT,AVAILABLE,1.0169800767417736,AVAILABLE,NEUTRAL,AVAILABLE,1.4892576914496554,AVAILABLE,Tuesday,True
L02207,70362,SHORT,AVAILABLE,1.2391598865783422,AVAILABLE,NEUTRAL,AVAILABLE,1.37944876152986,AVAILABLE,Tuesday,True
L02208,70413,SHORT,AVAILABLE,3.315348116626008,AVAILABLE,NEUTRAL,AVAILABLE,2.887952241014787,AVAILABLE,Tuesday,True
L02209,70463,SHORT,AVAILABLE,0.5324506295177542,AVAILABLE,NEUTRAL,AVAILABLE,1.3190108915075927,AVAILABLE,Tuesday,True
L02210,70475,LONG,AVAILABLE,0.7305819946132631,AVAILABLE,NEUTRAL,AVAILABLE,1.7169367284747483,AVAILABLE,Tuesday,True
L02211,70501,SHORT,AVAILABLE,1.1997918756345578,AVAILABLE,NEUTRAL,AVAILABLE,2.097092718801,AVAILABLE,Tuesday,True
L02212,70528,SHORT,AVAILABLE,0.8271212516316849,AVAILABLE,NEUTRAL,AVAILABLE,1.2653027049489998,AVAILABLE,Tuesday,True
L02213,70549,SHORT,AVAILABLE,0.5753036061127338,AVAILABLE,NEUTRAL,AVAILABLE,1.4932382498509527,AVAILABLE,Tuesday,True
L02214,70568,SHORT,AVAILABLE,0.6370600969289081,AVAILABLE,NEUTRAL,AVAILABLE,1.2202752436284967,AVAILABLE,Tuesday,True
L02215,70580,SHORT,AVAILABLE,2.6862800407144247,AVAILABLE,NEUTRAL,AVAILABLE,1.90186369784893,AVAILABLE,Tuesday,True
L02216,70590,LONG,AVAILABLE,0.8828674051511715,AVAILABLE,NEUTRAL,AVAILABLE,1.4035592191107769,AVAILABLE,Tuesday,True
L02217,70612,LONG,AVAILABLE,1.294937419877277,AVAILABLE,ALIGNED_SINGLE,AVAILABLE,1.3465069079752587,AVAILABLE,Wednesday,True
L02218,70621,SHORT,AVAILABLE,0.9063146384372103,AVAILABLE,AGAINST_SINGLE,AVAILABLE,3.3871048711740044,AVAILABLE,Wednesday,True
L02219,70682,LONG,AVAILABLE,1.2144808862261978,AVAILABLE,ALIGNED_SINGLE,AVAILABLE,1.3834123328838264,AVAILABLE,Wednesday,True
L02220,70687,LONG,AVAILABLE,0.7078052452648476,AVAILABLE,ALIGNED_SINGLE,AVAILABLE,1.9132750623932397,AVAILABLE,Wednesday,True
L02221,70722,LONG,AVAILABLE,0.5334462630366625,AVAILABLE,ALIGNED_SINGLE,AVAILABLE,2.3271985394950874,AVAILABLE,Wednesday,True
L02222,70754,SHORT,AVAILABLE,0.509828373084372,AVAILABLE,AGAINST_SINGLE,AVAILABLE,1.0566966542201275,AVAILABLE,Wednesday,True
L02223,70775,SHORT,AVAILABLE,0.9797008387713029,AVAILABLE,AGAINST_SINGLE,AVAILABLE,1.3066630085326,AVAILABLE,Wednesday,True
L02224,70794,LONG,AVAILABLE,0.3157888852535219,AVAILABLE,ALIGNED_SINGLE,AVAILABLE,2.8849808438551094,AVAILABLE,Wednesday,True
L02225,70883,SHORT,AVAILABLE,1.7938150007975695,AVAILABLE,AGAINST_SINGLE,AVAILABLE,1.7778805077481286,AVAILABLE,Thursday,True
L02226,70892,SHORT,AVAILABLE,0.6715060406084721,AVAILABLE,AGAINST_SINGLE,AVAILABLE,1.877160287879683,AVAILABLE,Thursday,True
L02227,70943,SHORT,AVAILABLE,2.6304770282247616,AVAILABLE,AGAINST_SINGLE,AVAILABLE,2.1248704891852235,AVAILABLE,Thursday,True
L02228,71022,SHORT,AVAILABLE,0.4881986575593879,AVAILABLE,AGAINST_SINGLE,AVAILABLE,1.4475157382591965,AVAILABLE,Thursday,True
L02229,71024,LONG,AVAILABLE,-0.484987741721913,AVAILABLE,ALIGNED_SINGLE,AVAILABLE,1.614302132941025,AVAILABLE,Thursday,True
L02230,71041,SHORT,AVAILABLE,-0.1372853650620154,AVAILABLE,AGAINST_SINGLE,AVAILABLE,1.148550560674377,AVAILABLE,Thursday,True
L02231,71057,LONG,AVAILABLE,1.1392197271719262,AVAILABLE,ALIGNED_SINGLE,AVAILABLE,2.665432285057156,AVAILABLE,Thursday,True
L02232,71175,LONG,AVAILABLE,2.0757991121828785,AVAILABLE,AGAINST_SINGLE,AVAILABLE,2.318350185255123,AVAILABLE,Friday,True
L02233,71219,SHORT,AVAILABLE,1.3320982344364423,AVAILABLE,ALIGNED_SINGLE,AVAILABLE,1.4588073017864889,AVAILABLE,Friday,True
L02234,71332,SHORT,AVAILABLE,0.4182403693864481,AVAILABLE,ALIGNED_SINGLE,AVAILABLE,1.5995756556014298,AVAILABLE,Friday,True
L02235,71433,LONG,AVAILABLE,1.2421418926223615,AVAILABLE,NEUTRAL,AVAILABLE,2.8188770573027133,AVAILABLE,Monday,True
L02236,71458,SHORT,AVAILABLE,0.11353004308534127,AVAILABLE,NEUTRAL,AVAILABLE,2.080410493086884,AVAILABLE,Monday,True
L02237,71569,LONG,AVAILABLE,1.5599053002402707,AVAILABLE,NEUTRAL,AVAILABLE,1.4254388834646028,AVAILABLE,Monday,True
L02238,71578,SHORT,AVAILABLE,0.9347954497257589,AVAILABLE,NEUTRAL,AVAILABLE,2.8460324925171654,AVAILABLE,Monday,True
L02239,71598,SHORT,AVAILABLE,1.2261909368738226,AVAILABLE,NEUTRAL,AVAILABLE,1.4965281506286514,AVAILABLE,Monday,True
L02240,71603,SHORT,AVAILABLE,-0.1918214325586677,AVAILABLE,NEUTRAL,AVAILABLE,1.1553554534081654,AVAILABLE,Monday,True
L02241,71615,SHORT,AVAILABLE,-0.8119223935180926,AVAILABLE,NEUTRAL,AVAILABLE,2.814475317880447,AVAILABLE,Monday,True
L02242,71693,SHORT,AVAILABLE,0.9280069374924901,AVAILABLE,NEUTRAL,AVAILABLE,1.6573839224915514,AVAILABLE,Monday,True
L02243,71705,LONG,AVAILABLE,1.014404105379563,AVAILABLE,NEUTRAL,AVAILABLE,1.265778631175294,AVAILABLE,Tuesday,True
L02244,71714,LONG,AVAILABLE,1.8549243500539458,AVAILABLE,NEUTRAL,AVAILABLE,1.8082136303005232,AVAILABLE,Tuesday,True
L02245,71771,LONG,AVAILABLE,0.675706924375387,AVAILABLE,NEUTRAL,AVAILABLE,1.3023919551413772,AVAILABLE,Tuesday,True
L02246,71790,LONG,AVAILABLE,0.825671299942021,AVAILABLE,NEUTRAL,AVAILABLE,1.4060162751077134,AVAILABLE,Tuesday,True
L02247,71843,LONG,AVAILABLE,1.388484249950701,AVAILABLE,NEUTRAL,AVAILABLE,1.275730770201399,AVAILABLE,Tuesday,True
L02248,71852,SHORT,AVAILABLE,2.1413461731844707,AVAILABLE,NEUTRAL,AVAILABLE,1.7701243591755857,AVAILABLE,Tuesday,True
L02249,71867,LONG,AVAILABLE,1.0822533232743725,AVAILABLE,NEUTRAL,AVAILABLE,2.225775053881294,AVAILABLE,Tuesday,True
L02250,71888,LONG,AVAILABLE,2.0080685591964276,AVAILABLE,NEUTRAL,AVAILABLE,2.741032644534203,AVAILABLE,Tuesday,True
L02251,71917,LONG,AVAILABLE,2.119732304201707,AVAILABLE,NEUTRAL,AVAILABLE,1.742921396519839,AVAILABLE,Tuesday,True
L02252,71931,LONG,AVAILABLE,1.1521517367857075,AVAILABLE,NEUTRAL,AVAILABLE,1.7451849811320885,AVAILABLE,Tuesday,True
L02253,71947,LONG,AVAILABLE,1.7249466944539698,AVAILABLE,NEUTRAL,AVAILABLE,2.205408203236484,AVAILABLE,Tuesday,True
L02254,71991,SHORT,AVAILABLE,1.0210389668459436,AVAILABLE,NEUTRAL,AVAILABLE,1.3386185811140827,AVAILABLE,Wednesday,True
L02255,72013,SHORT,AVAILABLE,1.0268020125705135,AVAILABLE,NEUTRAL,AVAILABLE,1.476964268402421,AVAILABLE,Wednesday,True
L02256,72027,SHORT,AVAILABLE,0.0866428276358781,AVAILABLE,NEUTRAL,AVAILABLE,1.826459654712909,AVAILABLE,Wednesday,True
L02257,72053,SHORT,AVAILABLE,2.1992032136580915,AVAILABLE,NEUTRAL,AVAILABLE,1.8060273384470142,AVAILABLE,Wednesday,True
L02258,72067,SHORT,AVAILABLE,0.45236235911314404,AVAILABLE,NEUTRAL,AVAILABLE,1.6183149057622195,AVAILABLE,Wednesday,True
L02259,72120,SHORT,AVAILABLE,0.6650886312849877,AVAILABLE,NEUTRAL,AVAILABLE,1.0803470246787992,AVAILABLE,Wednesday,True
L02260,72125,LONG,AVAILABLE,1.165304025604004,AVAILABLE,NEUTRAL,AVAILABLE,1.6145893091128185,AVAILABLE,Wednesday,True
L02261,72130,LONG,AVAILABLE,0.2246504110499173,AVAILABLE,NEUTRAL,AVAILABLE,1.265714086429924,AVAILABLE,Wednesday,True
L02262,72141,LONG,AVAILABLE,0.4132461390997454,AVAILABLE,NEUTRAL,AVAILABLE,1.7605769688291466,AVAILABLE,Wednesday,True
L02263,72149,SHORT,AVAILABLE,1.7351007303600239,AVAILABLE,NEUTRAL,AVAILABLE,1.6790116936250576,AVAILABLE,Wednesday,True
L02264,72174,LONG,AVAILABLE,1.1249578007558376,AVAILABLE,NEUTRAL,AVAILABLE,1.2657956536950692,AVAILABLE,Wednesday,True
L02265,72180,LONG,AVAILABLE,1.090219676129414,AVAILABLE,NEUTRAL,AVAILABLE,1.1431432709361131,AVAILABLE,Wednesday,True
L02266,72235,SHORT,AVAILABLE,0.8676458203168198,AVAILABLE,NEUTRAL,AVAILABLE,2.1811499038678392,AVAILABLE,Wednesday,True
L02267,72254,LONG,AVAILABLE,0.11457427029094772,AVAILABLE,NEUTRAL,AVAILABLE,1.346194087245936,AVAILABLE,Wednesday,True
L02268,72260,LONG,AVAILABLE,0.11562222216423154,AVAILABLE,NEUTRAL,AVAILABLE,3.4524720536642453,AVAILABLE,Thursday,True
L02269,72271,SHORT,AVAILABLE,1.5370905117089504,AVAILABLE,NEUTRAL,AVAILABLE,2.004938765250781,AVAILABLE,Thursday,True
L02270,72302,LONG,AVAILABLE,0.5454273069094199,AVAILABLE,NEUTRAL,AVAILABLE,1.8275707023118948,AVAILABLE,Thursday,True
L02271,72326,LONG,AVAILABLE,0.9171872426244332,AVAILABLE,NEUTRAL,AVAILABLE,2.797050993042913,AVAILABLE,Thursday,True
L02272,72384,LONG,AVAILABLE,1.140979600157437,AVAILABLE,NEUTRAL,AVAILABLE,1.6525364389209178,AVAILABLE,Thursday,True
L02273,72414,SHORT,AVAILABLE,1.45663180005706,AVAILABLE,NEUTRAL,AVAILABLE,1.6920536186763975,AVAILABLE,Thursday,True
L02274,72472,LONG,AVAILABLE,2.5495271043985777,AVAILABLE,NEUTRAL,AVAILABLE,3.2357685674357475,AVAILABLE,Thursday,True
L02275,72590,LONG,AVAILABLE,2.8930588202447867,AVAILABLE,NEUTRAL,AVAILABLE,2.3395683022723563,AVAILABLE,Friday,True
L02276,72683,SHORT,AVAILABLE,0.003264615372193766,AVAILABLE,NEUTRAL,AVAILABLE,1.8576396940675228,AVAILABLE,Friday,True
L02277,72691,LONG,AVAILABLE,0.34890571401358794,AVAILABLE,NEUTRAL,AVAILABLE,1.6878168120856005,AVAILABLE,Friday,True
L02278,72696,LONG,AVAILABLE,1.1065462886578201,AVAILABLE,NEUTRAL,AVAILABLE,1.416823343614993,AVAILABLE,Friday,True
L02279,72713,SHORT,AVAILABLE,0.7657069015487238,AVAILABLE,NEUTRAL,AVAILABLE,2.2410791234525202,AVAILABLE,Friday,True
L02280,72814,LONG,AVAILABLE,0.3061981255838345,AVAILABLE,AGAINST_SINGLE,AVAILABLE,1.9024803112802202,AVAILABLE,Monday,True
L02281,72866,SHORT,AVAILABLE,0.8498515248122956,AVAILABLE,ALIGNED_SINGLE,AVAILABLE,1.3512068988981398,AVAILABLE,Monday,True
L02282,72952,LONG,AVAILABLE,0.5172639650220829,AVAILABLE,AGAINST_SINGLE,AVAILABLE,1.2023982256955483,AVAILABLE,Monday,True
L02283,72959,SHORT,AVAILABLE,1.516951098869442,AVAILABLE,ALIGNED_SINGLE,AVAILABLE,1.539659762146486,AVAILABLE,Monday,True
L02284,72976,LONG,AVAILABLE,0.6030762611757473,AVAILABLE,AGAINST_SINGLE,AVAILABLE,1.3954578691379258,AVAILABLE,Monday,True
L02285,72980,LONG,AVAILABLE,0.19907988466399285,AVAILABLE,AGAINST_SINGLE,AVAILABLE,1.2808574087059514,AVAILABLE,Monday,True
L02286,72984,LONG,AVAILABLE,0.06308082364348133,AVAILABLE,AGAINST_SINGLE,AVAILABLE,1.5228919427256984,AVAILABLE,Monday,True
L02287,72994,LONG,AVAILABLE,0.9923029218361618,AVAILABLE,AGAINST_SINGLE,AVAILABLE,2.010842451647508,AVAILABLE,Monday,True
L02288,73090,SHORT,AVAILABLE,1.1207313909793553,AVAILABLE,NEUTRAL,AVAILABLE,2.2653347858242916,AVAILABLE,Tuesday,True
L02289,73104,LONG,AVAILABLE,0.22558418216973908,AVAILABLE,NEUTRAL,AVAILABLE,2.1115180234917474,AVAILABLE,Tuesday,True
L02290,73124,LONG,AVAILABLE,0.6003913708168048,AVAILABLE,NEUTRAL,AVAILABLE,1.8828675931476702,AVAILABLE,Tuesday,True
L02291,73169,LONG,AVAILABLE,1.870176132520944,AVAILABLE,NEUTRAL,AVAILABLE,1.351152963725747,AVAILABLE,Tuesday,True
L02292,73186,LONG,AVAILABLE,0.897416110731745,AVAILABLE,NEUTRAL,AVAILABLE,1.5253293768708927,AVAILABLE,Tuesday,True
L02293,73208,LONG,AVAILABLE,1.1086991847510044,AVAILABLE,NEUTRAL,AVAILABLE,1.4666527974981975,AVAILABLE,Tuesday,True
L02294,73231,LONG,AVAILABLE,2.284037914529813,AVAILABLE,NEUTRAL,AVAILABLE,2.7708490987203658,AVAILABLE,Tuesday,True
L02295,73370,SHORT,AVAILABLE,0.37637956024780617,AVAILABLE,NEUTRAL,AVAILABLE,2.5822589053610496,AVAILABLE,Wednesday,True
L02296,73381,LONG,AVAILABLE,1.6850741229381754,AVAILABLE,NEUTRAL,AVAILABLE,2.19321581050216,AVAILABLE,Wednesday,True
L02297,73465,LONG,AVAILABLE,0.3597862109388109,AVAILABLE,NEUTRAL,AVAILABLE,1.9891595314434185,AVAILABLE,Wednesday,True
L02298,73482,LONG,AVAILABLE,1.7681480581710722,AVAILABLE,NEUTRAL,AVAILABLE,2.129664735945885,AVAILABLE,Wednesday,True
L02299,73499,LONG,AVAILABLE,-0.07253311471640742,AVAILABLE,NEUTRAL,AVAILABLE,0.6712247668958772,AVAILABLE,Wednesday,True
L02300,73500,SHORT,AVAILABLE,-0.18644902296869817,AVAILABLE,NEUTRAL,AVAILABLE,0.397431271076218,AVAILABLE,Wednesday,True
L02301,73507,LONG,AVAILABLE,0.6344176690298514,AVAILABLE,NEUTRAL,AVAILABLE,1.0757309525737127,AVAILABLE,Wednesday,True
L02302,73532,LONG,AVAILABLE,1.1458712298747646,AVAILABLE,NEUTRAL,AVAILABLE,2.407570279715958,AVAILABLE,Wednesday,True
L02303,73614,LONG,AVAILABLE,0.6216648878915768,AVAILABLE,AGAINST_SINGLE,AVAILABLE,0.8498122316257143,AVAILABLE,Wednesday,True
L02304,73650,SHORT,AVAILABLE,1.7273832958439295,AVAILABLE,ALIGNED_CONFIRMED,AVAILABLE,1.9364153979359064,AVAILABLE,Thursday,True
L02305,73664,SHORT,AVAILABLE,0.4207280361557978,AVAILABLE,ALIGNED_CONFIRMED,AVAILABLE,1.2789815306705414,AVAILABLE,Thursday,True
L02306,73753,SHORT,AVAILABLE,0.9878334259214065,AVAILABLE,ALIGNED_CONFIRMED,AVAILABLE,1.9731332937857216,AVAILABLE,Thursday,True
L02307,73771,SHORT,AVAILABLE,0.5624162249538298,AVAILABLE,ALIGNED_CONFIRMED,AVAILABLE,1.679446681746778,AVAILABLE,Thursday,True
L02308,73791,LONG,AVAILABLE,0.5127528133139073,AVAILABLE,AGAINST_CONFIRMED,AVAILABLE,0.9278322022765491,AVAILABLE,Thursday,True
L02309,73797,SHORT,AVAILABLE,0.6616018073922518,AVAILABLE,ALIGNED_CONFIRMED,AVAILABLE,1.49743631029747,AVAILABLE,Thursday,True
L02310,73809,LONG,AVAILABLE,0.35198283214319004,AVAILABLE,AGAINST_CONFIRMED,AVAILABLE,1.8387201726966833,AVAILABLE,Thursday,True
L02311,73838,LONG,AVAILABLE,0.08378456617536074,AVAILABLE,AGAINST_CONFIRMED,AVAILABLE,1.2403455774521337,AVAILABLE,Thursday,True
L02312,73841,LONG,AVAILABLE,0.6300926366690868,AVAILABLE,AGAINST_CONFIRMED,AVAILABLE,1.2567060174667353,AVAILABLE,Thursday,True
L02313,73912,SHORT,AVAILABLE,1.6838231637180094,AVAILABLE,ALIGNED_SINGLE,AVAILABLE,1.2694003020606737,AVAILABLE,Thursday,True
L02314,73931,LONG,AVAILABLE,1.2348806917762618,AVAILABLE,NEUTRAL,AVAILABLE,1.3930261727263922,AVAILABLE,Friday,True
L02315,73945,SHORT,AVAILABLE,1.3103903588014574,AVAILABLE,NEUTRAL,AVAILABLE,2.4951613576569427,AVAILABLE,Friday,True
L02316,73977,LONG,AVAILABLE,0.602645655980139,AVAILABLE,NEUTRAL,AVAILABLE,2.108728662302048,AVAILABLE,Friday,True
L02317,73999,LONG,AVAILABLE,0.3526962078226955,AVAILABLE,NEUTRAL,AVAILABLE,1.531627097663835,AVAILABLE,Friday,True
L02318,74025,LONG,AVAILABLE,0.8501725687469688,AVAILABLE,NEUTRAL,AVAILABLE,1.2519047552221394,AVAILABLE,Friday,True
L02319,74036,LONG,AVAILABLE,1.4015252985599504,AVAILABLE,NEUTRAL,AVAILABLE,1.7965811847334574,AVAILABLE,Friday,True
L02320,74072,SHORT,AVAILABLE,0.27393580499588094,AVAILABLE,NEUTRAL,AVAILABLE,2.8486298848613667,AVAILABLE,Friday,True
L02321,74089,SHORT,AVAILABLE,1.2062011307052904,AVAILABLE,NEUTRAL,AVAILABLE,2.8203926127911223,AVAILABLE,Friday,True
L02322,74169,SHORT,AVAILABLE,0.9569547448631477,AVAILABLE,AGAINST_SINGLE,AVAILABLE,1.8259817452895455,AVAILABLE,Sunday,True
L02323,74175,SHORT,AVAILABLE,1.0852045231083667,AVAILABLE,AGAINST_SINGLE,AVAILABLE,1.513470417087459,AVAILABLE,Sunday,True
L02324,74190,LONG,AVAILABLE,-0.18977852809471785,AVAILABLE,ALIGNED_SINGLE,AVAILABLE,2.0356352532363964,AVAILABLE,Monday,True
L02325,74198,LONG,AVAILABLE,0.25503510387620393,AVAILABLE,ALIGNED_SINGLE,AVAILABLE,1.4316540675017682,AVAILABLE,Monday,True
L02326,74211,LONG,AVAILABLE,1.1558521868401104,AVAILABLE,ALIGNED_SINGLE,AVAILABLE,1.872896672142537,AVAILABLE,Monday,True
L02327,74221,LONG,AVAILABLE,1.8339956963089625,AVAILABLE,ALIGNED_SINGLE,AVAILABLE,1.9188574037554342,AVAILABLE,Monday,True
L02328,74275,LONG,AVAILABLE,0.5602840277817936,AVAILABLE,ALIGNED_SINGLE,AVAILABLE,1.3571230821109785,AVAILABLE,Monday,True
L02329,74297,LONG,AVAILABLE,0.6571792943150429,AVAILABLE,ALIGNED_SINGLE,AVAILABLE,1.1760346886539312,AVAILABLE,Monday,True
L02330,74315,LONG,AVAILABLE,2.4107490092105968,AVAILABLE,ALIGNED_SINGLE,AVAILABLE,3.8559017085917326,AVAILABLE,Monday,True
L02331,74393,LONG,AVAILABLE,1.0702860858199172,AVAILABLE,ALIGNED_SINGLE,AVAILABLE,1.66363705779708,AVAILABLE,Monday,True
L02332,74492,SHORT,AVAILABLE,0.962098639252475,AVAILABLE,NEUTRAL,AVAILABLE,1.4841094780239392,AVAILABLE,Tuesday,True
L02333,74500,SHORT,AVAILABLE,1.3783776154757859,AVAILABLE,NEUTRAL,AVAILABLE,1.759488637578105,AVAILABLE,Tuesday,True
L02334,74540,SHORT,AVAILABLE,1.0456692357939508,AVAILABLE,NEUTRAL,AVAILABLE,2.178071430637429,AVAILABLE,Tuesday,True
L02335,74554,SHORT,AVAILABLE,1.1147172224650537,AVAILABLE,NEUTRAL,AVAILABLE,1.381828257529591,AVAILABLE,Tuesday,True
L02336,74558,SHORT,AVAILABLE,1.3876198706208969,AVAILABLE,NEUTRAL,AVAILABLE,1.8061738325631174,AVAILABLE,Tuesday,True
L02337,74576,SHORT,AVAILABLE,0.15077105048910583,AVAILABLE,NEUTRAL,AVAILABLE,1.3754754496882904,AVAILABLE,Tuesday,True
L02338,74609,SHORT,AVAILABLE,1.1477480134237927,AVAILABLE,NEUTRAL,AVAILABLE,1.590135134050399,AVAILABLE,Tuesday,True
L02339,74618,SHORT,AVAILABLE,0.9672333552512775,AVAILABLE,NEUTRAL,AVAILABLE,1.762479846877863,AVAILABLE,Tuesday,True
L02340,74635,SHORT,AVAILABLE,0.8886736664123339,AVAILABLE,NEUTRAL,AVAILABLE,1.2528720762616916,AVAILABLE,Tuesday,True
L02341,74642,SHORT,AVAILABLE,0.6551426739474182,AVAILABLE,NEUTRAL,AVAILABLE,1.1355629200835506,AVAILABLE,Tuesday,True
L02342,74727,LONG,AVAILABLE,2.511527423506684,AVAILABLE,NEUTRAL,AVAILABLE,1.6488984749473472,AVAILABLE,Tuesday,True
L02343,74787,SHORT,AVAILABLE,1.51978631171484,AVAILABLE,NEUTRAL,AVAILABLE,1.673886473224145,AVAILABLE,Wednesday,True
L02344,74806,SHORT,AVAILABLE,1.0505221446004518,AVAILABLE,NEUTRAL,AVAILABLE,1.1939722378316153,AVAILABLE,Wednesday,True
L02345,74827,SHORT,AVAILABLE,1.981883526782984,AVAILABLE,NEUTRAL,AVAILABLE,1.297828506003359,AVAILABLE,Wednesday,True
L02346,74862,SHORT,AVAILABLE,0.5248526499399374,AVAILABLE,NEUTRAL,AVAILABLE,1.5760123446446435,AVAILABLE,Wednesday,True
L02347,74877,SHORT,AVAILABLE,1.4874626663479737,AVAILABLE,NEUTRAL,AVAILABLE,1.7216672388452197,AVAILABLE,Wednesday,True
L02348,74879,LONG,AVAILABLE,0.20672271613860574,AVAILABLE,NEUTRAL,AVAILABLE,0.7639113581034367,AVAILABLE,Wednesday,True
L02349,74899,LONG,AVAILABLE,0.030164506664918832,AVAILABLE,NEUTRAL,AVAILABLE,2.447846706282151,AVAILABLE,Wednesday,True
L02350,74918,SHORT,AVAILABLE,0.12880636398060546,AVAILABLE,NEUTRAL,AVAILABLE,1.4076101990615248,AVAILABLE,Wednesday,True
L02351,74994,LONG,AVAILABLE,0.9953975469853715,AVAILABLE,NEUTRAL,AVAILABLE,0.8565207904306892,AVAILABLE,Wednesday,True
L02352,75003,SHORT,AVAILABLE,0.2847056852922449,AVAILABLE,NEUTRAL,AVAILABLE,1.0273680038239204,AVAILABLE,Wednesday,True
L02353,75022,SHORT,AVAILABLE,1.736701753912695,AVAILABLE,AGAINST_SINGLE,AVAILABLE,1.2047008028747923,AVAILABLE,Thursday,True
L02354,75029,LONG,AVAILABLE,0.5217115269461164,AVAILABLE,ALIGNED_SINGLE,AVAILABLE,1.3270398829273473,AVAILABLE,Thursday,True
L02355,75043,SHORT,AVAILABLE,1.7909811586714672,AVAILABLE,AGAINST_SINGLE,AVAILABLE,1.974100306269445,AVAILABLE,Thursday,True
L02356,75116,SHORT,AVAILABLE,2.0252072053363506,AVAILABLE,AGAINST_SINGLE,AVAILABLE,1.8546452050426545,AVAILABLE,Thursday,True
L02357,75154,SHORT,AVAILABLE,-0.4600399042522926,AVAILABLE,AGAINST_SINGLE,AVAILABLE,0.33852922235692623,AVAILABLE,Thursday,True
L02358,75165,SHORT,AVAILABLE,0.9262756532030116,AVAILABLE,AGAINST_SINGLE,AVAILABLE,1.616727993911891,AVAILABLE,Thursday,True
L02359,75173,SHORT,AVAILABLE,2.123514810564304,AVAILABLE,AGAINST_SINGLE,AVAILABLE,1.35291527167904,AVAILABLE,Thursday,True
L02360,75182,SHORT,AVAILABLE,1.863125588256036,AVAILABLE,AGAINST_SINGLE,AVAILABLE,1.7592036341584056,AVAILABLE,Thursday,True
L02361,75191,SHORT,AVAILABLE,0.250324366540556,AVAILABLE,AGAINST_SINGLE,AVAILABLE,1.2505637477868061,AVAILABLE,Thursday,True
L02362,75199,SHORT,AVAILABLE,1.1189881524109737,AVAILABLE,AGAINST_SINGLE,AVAILABLE,1.3326563973750025,AVAILABLE,Thursday,True
L02363,75232,LONG,AVAILABLE,1.3627548301942327,AVAILABLE,ALIGNED_SINGLE,AVAILABLE,2.285410138145104,AVAILABLE,Thursday,True
L02364,75282,LONG,AVAILABLE,0.7841147228723978,AVAILABLE,ALIGNED_CONFIRMED,AVAILABLE,1.3603750045768257,AVAILABLE,Thursday,True
L02365,75296,SHORT,AVAILABLE,1.4327203392730032,AVAILABLE,AGAINST_SINGLE,AVAILABLE,1.8284314861333666,AVAILABLE,Friday,True
L02366,75312,SHORT,AVAILABLE,0.670224446430409,AVAILABLE,AGAINST_SINGLE,AVAILABLE,1.5747524164786433,AVAILABLE,Friday,True
L02367,75320,SHORT,AVAILABLE,1.9108316970885895,AVAILABLE,AGAINST_SINGLE,AVAILABLE,2.100301912366401,AVAILABLE,Friday,True
L02368,75374,SHORT,AVAILABLE,0.3126527696689717,AVAILABLE,AGAINST_SINGLE,AVAILABLE,1.3586304275734808,AVAILABLE,Friday,True
L02369,75431,SHORT,AVAILABLE,0.21825781491962953,AVAILABLE,AGAINST_SINGLE,AVAILABLE,0.7658331391982734,AVAILABLE,Friday,True
L02370,75432,LONG,AVAILABLE,-0.10501395641499418,AVAILABLE,ALIGNED_SINGLE,AVAILABLE,0.48228299902410104,AVAILABLE,Friday,True
L02371,75443,LONG,AVAILABLE,2.404466763722037,AVAILABLE,ALIGNED_SINGLE,AVAILABLE,1.9100257149963893,AVAILABLE,Friday,True
L02372,75450,SHORT,AVAILABLE,1.3839730220405224,AVAILABLE,AGAINST_SINGLE,AVAILABLE,1.4825033086174917,AVAILABLE,Friday,True
L02373,75462,SHORT,AVAILABLE,1.6609160588175074,AVAILABLE,AGAINST_SINGLE,AVAILABLE,1.8630647187104654,AVAILABLE,Friday,True
L02374,75487,LONG,AVAILABLE,0.591020356673227,AVAILABLE,ALIGNED_SINGLE,AVAILABLE,1.2049749824204967,AVAILABLE,Friday,True
L02375,75557,LONG,AVAILABLE,0.38863323352408435,AVAILABLE,NEUTRAL,AVAILABLE,2.973721832392007,AVAILABLE,Sunday,True
L02376,75575,LONG,AVAILABLE,2.6298692172611475,AVAILABLE,NEUTRAL,AVAILABLE,2.218265247701668,AVAILABLE,Monday,True
L02377,75581,LONG,AVAILABLE,0.08211168156527636,AVAILABLE,NEUTRAL,AVAILABLE,2.2296406567683715,AVAILABLE,Monday,True
L02378,75629,LONG,AVAILABLE,0.15075553089402557,AVAILABLE,NEUTRAL,AVAILABLE,1.46129220896046,AVAILABLE,Monday,True
L02379,75643,LONG,AVAILABLE,2.1011806713928736,AVAILABLE,NEUTRAL,AVAILABLE,2.7047919193072096,AVAILABLE,Monday,True
L02380,75738,SHORT,AVAILABLE,1.8574383328615462,AVAILABLE,NEUTRAL,AVAILABLE,2.445754085627026,AVAILABLE,Monday,True
L02381,75849,SHORT,AVAILABLE,1.4005673361637647,AVAILABLE,ALIGNED_SINGLE,AVAILABLE,1.8557445226225238,AVAILABLE,Tuesday,True
L02382,75877,LONG,AVAILABLE,0.67711476162442,AVAILABLE,AGAINST_SINGLE,AVAILABLE,1.5737848559864696,AVAILABLE,Tuesday,True
L02383,75896,LONG,AVAILABLE,1.0431861905465372,AVAILABLE,AGAINST_SINGLE,AVAILABLE,1.300663130630924,AVAILABLE,Tuesday,True
L02384,75932,LONG,AVAILABLE,1.2909185277082216,AVAILABLE,AGAINST_SINGLE,AVAILABLE,2.040865289763546,AVAILABLE,Tuesday,True
L02385,75980,LONG,AVAILABLE,1.2360785479275413,AVAILABLE,AGAINST_SINGLE,AVAILABLE,1.7385030079003871,AVAILABLE,Tuesday,True
L02386,75990,SHORT,AVAILABLE,1.30841668010555,AVAILABLE,ALIGNED_SINGLE,AVAILABLE,1.462155476651625,AVAILABLE,Tuesday,True
L02387,75996,LONG,AVAILABLE,0.742449349466308,AVAILABLE,AGAINST_SINGLE,AVAILABLE,1.6773109330510496,AVAILABLE,Tuesday,True
L02388,76001,SHORT,AVAILABLE,1.506434881127304,AVAILABLE,ALIGNED_SINGLE,AVAILABLE,1.312787424986659,AVAILABLE,Tuesday,True
L02389,76008,LONG,AVAILABLE,0.8817760904015869,AVAILABLE,AGAINST_SINGLE,AVAILABLE,1.92914364558622,AVAILABLE,Tuesday,True
L02390,76015,LONG,AVAILABLE,1.509938336253684,AVAILABLE,AGAINST_SINGLE,AVAILABLE,1.8442328372287964,AVAILABLE,Tuesday,True
L02391,76035,LONG,AVAILABLE,0.14409541003955245,AVAILABLE,AGAINST_SINGLE,AVAILABLE,3.2639271131919703,AVAILABLE,Tuesday,True
L02392,76098,SHORT,AVAILABLE,-0.09379254979252975,AVAILABLE,NEUTRAL,AVAILABLE,1.8767396758132946,AVAILABLE,Tuesday,True
L02393,76111,SHORT,AVAILABLE,-0.18485123470562018,AVAILABLE,NEUTRAL,AVAILABLE,1.2843556510277658,AVAILABLE,Tuesday,True
L02394,76118,SHORT,AVAILABLE,0.7108534662072102,AVAILABLE,NEUTRAL,AVAILABLE,1.0968513317675068,AVAILABLE,Tuesday,True
L02395,76127,SHORT,AVAILABLE,0.8230750197612043,AVAILABLE,NEUTRAL,AVAILABLE,1.250569899218955,AVAILABLE,Wednesday,True
L02396,76142,LONG,AVAILABLE,1.041716717471401,AVAILABLE,NEUTRAL,AVAILABLE,1.6297763344022107,AVAILABLE,Wednesday,True
L02397,76161,LONG,AVAILABLE,1.1034202356985485,AVAILABLE,NEUTRAL,AVAILABLE,1.5408144651627986,AVAILABLE,Wednesday,True
L02398,76237,LONG,AVAILABLE,1.1826555438205553,AVAILABLE,NEUTRAL,AVAILABLE,1.7332753366659512,AVAILABLE,Wednesday,True
L02399,76264,SHORT,AVAILABLE,1.4502101749208203,AVAILABLE,NEUTRAL,AVAILABLE,1.427971417027999,AVAILABLE,Wednesday,True
L02400,76277,LONG,AVAILABLE,1.2719490358944814,AVAILABLE,NEUTRAL,AVAILABLE,1.9171237889417483,AVAILABLE,Wednesday,True
L02401,76291,LONG,AVAILABLE,0.2309717449177764,AVAILABLE,NEUTRAL,AVAILABLE,1.6448920201241735,AVAILABLE,Wednesday,True
L02402,76321,SHORT,AVAILABLE,1.2727034052073871,AVAILABLE,NEUTRAL,AVAILABLE,1.80998217881968,AVAILABLE,Wednesday,True
L02403,76374,SHORT,AVAILABLE,-0.5672138108509103,AVAILABLE,NEUTRAL,AVAILABLE,1.28942961449909,AVAILABLE,Wednesday,True
L02404,76390,SHORT,AVAILABLE,1.5265771837882982,AVAILABLE,NEUTRAL,AVAILABLE,1.4414244534350071,AVAILABLE,Wednesday,True
L02405,76396,LONG,AVAILABLE,0.7949229438203206,AVAILABLE,NEUTRAL,AVAILABLE,2.9022536279423132,AVAILABLE,Wednesday,True
L02406,76403,SHORT,AVAILABLE,0.9416225149835701,AVAILABLE,ALIGNED_SINGLE,AVAILABLE,1.9251384717807756,AVAILABLE,Thursday,True
L02407,76409,SHORT,AVAILABLE,1.0320059728010909,AVAILABLE,ALIGNED_SINGLE,AVAILABLE,1.4364500266161706,AVAILABLE,Thursday,True
L02408,76418,LONG,AVAILABLE,0.296895253526959,AVAILABLE,AGAINST_SINGLE,AVAILABLE,1.5834633159734794,AVAILABLE,Thursday,True
L02409,76419,SHORT,AVAILABLE,0.5596170736288727,AVAILABLE,ALIGNED_SINGLE,AVAILABLE,2.3984129893677997,AVAILABLE,Thursday,True
L02410,76447,LONG,AVAILABLE,1.2672185026935265,AVAILABLE,AGAINST_SINGLE,AVAILABLE,2.128890031373886,AVAILABLE,Thursday,True
L02411,76460,SHORT,AVAILABLE,0.5518763158057122,AVAILABLE,ALIGNED_SINGLE,AVAILABLE,2.622449873304985,AVAILABLE,Thursday,True
L02412,76491,SHORT,AVAILABLE,2.0169945502758284,AVAILABLE,ALIGNED_SINGLE,AVAILABLE,2.6780000617091075,AVAILABLE,Thursday,True
L02413,76568,LONG,AVAILABLE,1.0786702750384023,AVAILABLE,AGAINST_SINGLE,AVAILABLE,2.802426353848285,AVAILABLE,Thursday,True
L02414,76649,LONG,AVAILABLE,0.7039490566903666,AVAILABLE,AGAINST_SINGLE,AVAILABLE,2.006256391085979,AVAILABLE,Thursday,True
L02415,76663,SHORT,AVAILABLE,0.9395979565382951,AVAILABLE,ALIGNED_SINGLE,AVAILABLE,1.110675371713592,AVAILABLE,Thursday,True
L02416,76666,LONG,AVAILABLE,1.2866949271190302,AVAILABLE,AGAINST_SINGLE,AVAILABLE,3.8042911795417518,AVAILABLE,Thursday,True
L02417,76676,LONG,AVAILABLE,0.7915067215421446,AVAILABLE,AGAINST_SINGLE,AVAILABLE,2.1366631443598405,AVAILABLE,Friday,True
L02418,76693,LONG,AVAILABLE,1.5823708584922662,AVAILABLE,AGAINST_SINGLE,AVAILABLE,1.5465102115953708,AVAILABLE,Friday,True
L02419,76698,LONG,AVAILABLE,0.9546785944481733,AVAILABLE,AGAINST_SINGLE,AVAILABLE,1.2400331183888946,AVAILABLE,Friday,True
L02420,76748,LONG,AVAILABLE,1.3831251406714513,AVAILABLE,AGAINST_SINGLE,AVAILABLE,2.0578248765054856,AVAILABLE,Friday,True
L02421,76794,LONG,AVAILABLE,2.0823638287992225,AVAILABLE,AGAINST_SINGLE,AVAILABLE,2.268269484127073,AVAILABLE,Friday,True
L02422,76811,SHORT,AVAILABLE,0.6747162427544807,AVAILABLE,ALIGNED_SINGLE,AVAILABLE,0.6365253416868023,AVAILABLE,Friday,True
L02423,76821,LONG,AVAILABLE,0.423336507991294,AVAILABLE,AGAINST_SINGLE,AVAILABLE,1.298309932275142,AVAILABLE,Friday,True
L02424,76827,LONG,AVAILABLE,0.8460282076133521,AVAILABLE,AGAINST_SINGLE,AVAILABLE,1.1705409935771993,AVAILABLE,Friday,True
L02425,76832,LONG,AVAILABLE,0.8002046921307866,AVAILABLE,AGAINST_SINGLE,AVAILABLE,1.5189510326887954,AVAILABLE,Friday,True
L02426,76843,LONG,AVAILABLE,0.968044014447496,AVAILABLE,AGAINST_SINGLE,AVAILABLE,2.6111214656145774,AVAILABLE,Friday,True
L02427,76855,SHORT,AVAILABLE,1.0840124455635167,AVAILABLE,ALIGNED_SINGLE,AVAILABLE,1.3503074405846716,AVAILABLE,Friday,True
L02428,76930,SHORT,AVAILABLE,1.419243930264985,AVAILABLE,ALIGNED_SINGLE,AVAILABLE,2.149050761996134,AVAILABLE,Sunday,True
L02429,76947,LONG,AVAILABLE,0.38878459703449764,AVAILABLE,AGAINST_SINGLE,AVAILABLE,1.541521443419077,AVAILABLE,Sunday,True
L02430,76960,LONG,AVAILABLE,3.056493722431845,AVAILABLE,AGAINST_SINGLE,AVAILABLE,2.5091338910291068,AVAILABLE,Monday,True
L02431,77042,SHORT,AVAILABLE,1.550131664991908,AVAILABLE,ALIGNED_SINGLE,AVAILABLE,2.009041574044363,AVAILABLE,Monday,True
L02432,77087,LONG,AVAILABLE,0.5230383294875559,AVAILABLE,AGAINST_SINGLE,AVAILABLE,1.2006247577393505,AVAILABLE,Monday,True
L02433,77096,SHORT,AVAILABLE,0.44975303040594006,AVAILABLE,ALIGNED_SINGLE,AVAILABLE,2.6500443803185316,AVAILABLE,Monday,True
L02434,77113,SHORT,AVAILABLE,0.6468910595052701,AVAILABLE,ALIGNED_SINGLE,AVAILABLE,1.4326242335035073,AVAILABLE,Monday,True
L02435,77117,SHORT,AVAILABLE,0.9586117850925586,AVAILABLE,ALIGNED_SINGLE,AVAILABLE,1.4907929056479257,AVAILABLE,Monday,True
L02436,77139,LONG,AVAILABLE,0.28846520822743743,AVAILABLE,AGAINST_SINGLE,AVAILABLE,1.3660822993336443,AVAILABLE,Monday,True
L02437,77223,SHORT,AVAILABLE,0.7188364416376546,AVAILABLE,ALIGNED_SINGLE,AVAILABLE,1.889410348733833,AVAILABLE,Monday,True
L02438,77226,LONG,AVAILABLE,0.4603543444384737,AVAILABLE,AGAINST_SINGLE,AVAILABLE,3.3665679914479405,AVAILABLE,Tuesday,True
L02439,77244,LONG,AVAILABLE,1.9778977843274679,AVAILABLE,AGAINST_SINGLE,AVAILABLE,1.80696333526778,AVAILABLE,Tuesday,True
L02440,77268,LONG,AVAILABLE,1.0998680053177194,AVAILABLE,AGAINST_SINGLE,AVAILABLE,1.507875498772142,AVAILABLE,Tuesday,True
L02441,77284,LONG,AVAILABLE,0.5701658409078569,AVAILABLE,AGAINST_SINGLE,AVAILABLE,1.0142625521784872,AVAILABLE,Tuesday,True
L02442,77295,LONG,AVAILABLE,0.03515441185186953,AVAILABLE,AGAINST_SINGLE,AVAILABLE,1.5366030590918405,AVAILABLE,Tuesday,True
L02443,77356,LONG,AVAILABLE,2.6760424264766685,AVAILABLE,AGAINST_SINGLE,AVAILABLE,2.2593864128641576,AVAILABLE,Tuesday,True
L02444,77391,LONG,AVAILABLE,1.8771237402168006,AVAILABLE,AGAINST_SINGLE,AVAILABLE,3.313692501482962,AVAILABLE,Tuesday,True
L02445,77523,LONG,AVAILABLE,1.5119445933997617,AVAILABLE,NEUTRAL,AVAILABLE,2.763323531382719,AVAILABLE,Wednesday,True
L02446,77544,LONG,AVAILABLE,0.2934845662204337,AVAILABLE,NEUTRAL,AVAILABLE,1.4379541439528016,AVAILABLE,Wednesday,True
L02447,77642,SHORT,AVAILABLE,1.1660752236448335,AVAILABLE,NEUTRAL,AVAILABLE,1.450122609761963,AVAILABLE,Wednesday,True
L02448,77655,SHORT,AVAILABLE,1.1824682748205966,AVAILABLE,NEUTRAL,AVAILABLE,1.3820034692737324,AVAILABLE,Wednesday,True
L02449,77660,SHORT,AVAILABLE,-0.32302862158919515,AVAILABLE,NEUTRAL,AVAILABLE,1.2937447259539918,AVAILABLE,Wednesday,True
L02450,77672,LONG,AVAILABLE,2.2029575546726945,AVAILABLE,NEUTRAL,AVAILABLE,2.7127823019544195,AVAILABLE,Wednesday,True
L02451,77692,SHORT,AVAILABLE,0.9196771715414477,AVAILABLE,NEUTRAL,AVAILABLE,2.6808061023196768,AVAILABLE,Wednesday,True
L02452,77781,SHORT,AVAILABLE,0.6096373463322836,AVAILABLE,NEUTRAL,AVAILABLE,2.1843396913241375,AVAILABLE,Thursday,True
L02453,77801,SHORT,AVAILABLE,1.3704866953321304,AVAILABLE,NEUTRAL,AVAILABLE,2.014833719759941,AVAILABLE,Thursday,True
L02454,77827,LONG,AVAILABLE,1.788766120067588,AVAILABLE,NEUTRAL,AVAILABLE,1.4771243057515007,AVAILABLE,Thursday,True
L02455,77847,LONG,AVAILABLE,0.8132282736956827,AVAILABLE,NEUTRAL,AVAILABLE,2.0514273507761773,AVAILABLE,Thursday,True
L02456,77871,LONG,AVAILABLE,1.0649724789133177,AVAILABLE,NEUTRAL,AVAILABLE,1.5613931534134868,AVAILABLE,Thursday,True
L02457,77912,LONG,AVAILABLE,0.4257074664762564,AVAILABLE,NEUTRAL,AVAILABLE,2.270553969253265,AVAILABLE,Thursday,True
L02458,77927,LONG,AVAILABLE,0.3567654129620617,AVAILABLE,NEUTRAL,AVAILABLE,1.564936136685209,AVAILABLE,Thursday,True
L02459,77933,LONG,AVAILABLE,0.23839291331066112,AVAILABLE,NEUTRAL,AVAILABLE,1.3807181863847464,AVAILABLE,Thursday,True
L02460,77943,LONG,AVAILABLE,3.0792179964423347,AVAILABLE,NEUTRAL,AVAILABLE,1.8123087575387382,AVAILABLE,Thursday,True
L02461,78000,SHORT,AVAILABLE,1.0949333029573982,AVAILABLE,NEUTRAL,AVAILABLE,2.2575295184986657,AVAILABLE,Thursday,True
L02462,78030,SHORT,AVAILABLE,0.33975390370066366,AVAILABLE,NEUTRAL,AVAILABLE,1.2229717134379814,AVAILABLE,Thursday,True
L02463,78058,LONG,AVAILABLE,1.3727852141972579,AVAILABLE,NEUTRAL,AVAILABLE,1.4526913852740175,AVAILABLE,Friday,True
L02464,78079,LONG,AVAILABLE,0.3271778283856629,AVAILABLE,NEUTRAL,AVAILABLE,1.3623683972710634,AVAILABLE,Friday,True
L02465,78086,LONG,AVAILABLE,1.0809332278285382,AVAILABLE,NEUTRAL,AVAILABLE,1.4446830266730484,AVAILABLE,Friday,True
L02466,78130,LONG,AVAILABLE,0.6861258947118336,AVAILABLE,NEUTRAL,AVAILABLE,3.1081102097940265,AVAILABLE,Friday,True
L02467,78233,LONG,AVAILABLE,0.27660307930747197,AVAILABLE,NEUTRAL,AVAILABLE,2.0067713388697563,AVAILABLE,Friday,True
L02468,78328,SHORT,AVAILABLE,2.068693340087716,AVAILABLE,NEUTRAL,AVAILABLE,1.8048303948396924,AVAILABLE,Sunday,True
L02469,78470,SHORT,AVAILABLE,0.5773194842801797,AVAILABLE,NEUTRAL,AVAILABLE,1.4337509848568228,AVAILABLE,Monday,True
L02470,78479,LONG,AVAILABLE,2.7082053277902083,AVAILABLE,NEUTRAL,AVAILABLE,2.8887929050464196,AVAILABLE,Monday,True
L02471,78537,SHORT,AVAILABLE,1.6370742713355155,AVAILABLE,NEUTRAL,AVAILABLE,2.1189678979855486,AVAILABLE,Monday,True
L02472,78557,SHORT,AVAILABLE,1.045194936764041,AVAILABLE,NEUTRAL,AVAILABLE,1.5548853283246706,AVAILABLE,Monday,True
L02473,78567,SHORT,AVAILABLE,0.7672507649243319,AVAILABLE,NEUTRAL,AVAILABLE,1.82526215831441,AVAILABLE,Monday,True
L02474,78589,LONG,AVAILABLE,-0.16707810817262783,AVAILABLE,ALIGNED_SINGLE,AVAILABLE,1.5587220003083826,AVAILABLE,Tuesday,True
L02475,78601,LONG,AVAILABLE,0.36168605003958,AVAILABLE,ALIGNED_SINGLE,AVAILABLE,2.210425639405288,AVAILABLE,Tuesday,True
L02476,78640,LONG,AVAILABLE,0.4772309550572859,AVAILABLE,ALIGNED_SINGLE,AVAILABLE,2.2470446426987913,AVAILABLE,Tuesday,True
L02477,78663,LONG,AVAILABLE,0.5333237692097201,AVAILABLE,ALIGNED_SINGLE,AVAILABLE,1.8187693412815706,AVAILABLE,Tuesday,True
L02478,78668,LONG,AVAILABLE,1.487964202493883,AVAILABLE,ALIGNED_SINGLE,AVAILABLE,1.558446150559178,AVAILABLE,Tuesday,True
L02479,78686,LONG,AVAILABLE,0.017779819500660713,AVAILABLE,ALIGNED_SINGLE,AVAILABLE,1.1391694552055445,AVAILABLE,Tuesday,True
L02480,78694,LONG,AVAILABLE,1.9638335610442046,AVAILABLE,ALIGNED_SINGLE,AVAILABLE,1.8410151271214101,AVAILABLE,Tuesday,True
L02481,78727,LONG,AVAILABLE,0.8416755081502147,AVAILABLE,ALIGNED_SINGLE,AVAILABLE,1.5775372975091533,AVAILABLE,Tuesday,True
L02482,78741,SHORT,AVAILABLE,1.3324505749587328,AVAILABLE,AGAINST_SINGLE,AVAILABLE,1.4506465730490323,AVAILABLE,Tuesday,True
L02483,78772,LONG,AVAILABLE,1.358819653174705,AVAILABLE,ALIGNED_SINGLE,AVAILABLE,1.540110940674449,AVAILABLE,Tuesday,True
L02484,78796,LONG,AVAILABLE,1.7246008106987356,AVAILABLE,ALIGNED_SINGLE,AVAILABLE,2.7341650919880234,AVAILABLE,Tuesday,True
L02485,78830,LONG,AVAILABLE,0.8832734015075965,AVAILABLE,ALIGNED_SINGLE,AVAILABLE,1.4979475387703227,AVAILABLE,Tuesday,True
L02486,78837,LONG,AVAILABLE,1.263336010350174,AVAILABLE,ALIGNED_SINGLE,AVAILABLE,1.4998871988422395,AVAILABLE,Tuesday,True
L02487,78843,SHORT,AVAILABLE,1.129612037074302,AVAILABLE,AGAINST_SINGLE,AVAILABLE,1.6874102857344055,AVAILABLE,Tuesday,True
L02488,78855,SHORT,AVAILABLE,1.3024161892922688,AVAILABLE,NEUTRAL,AVAILABLE,2.054936490962551,AVAILABLE,Wednesday,True
L02489,78886,LONG,AVAILABLE,1.3709641091054776,AVAILABLE,NEUTRAL,AVAILABLE,1.6358720764412247,AVAILABLE,Wednesday,True
L02490,78906,LONG,AVAILABLE,0.07174391461761473,AVAILABLE,NEUTRAL,AVAILABLE,1.881134152932716,AVAILABLE,Wednesday,True
L02491,78947,LONG,AVAILABLE,1.3516231207689258,AVAILABLE,NEUTRAL,AVAILABLE,1.622759423532981,AVAILABLE,Wednesday,True
L02492,78998,LONG,AVAILABLE,1.5818013949824172,AVAILABLE,NEUTRAL,AVAILABLE,1.831148384221946,AVAILABLE,Wednesday,True
L02493,79004,SHORT,AVAILABLE,0.2246999416188382,AVAILABLE,NEUTRAL,AVAILABLE,2.2619408663794593,AVAILABLE,Wednesday,True
L02494,79017,LONG,AVAILABLE,0.6637230009484528,AVAILABLE,NEUTRAL,AVAILABLE,1.937520889741556,AVAILABLE,Wednesday,True
L02495,79109,SHORT,AVAILABLE,0.7098996946657348,AVAILABLE,NEUTRAL,AVAILABLE,2.2502270609717208,AVAILABLE,Wednesday,True
L02496,79130,LONG,AVAILABLE,0.5508642374838332,AVAILABLE,AGAINST_SINGLE,AVAILABLE,1.382297907983886,AVAILABLE,Thursday,True
L02497,79189,LONG,AVAILABLE,0.3849974847345753,AVAILABLE,AGAINST_SINGLE,AVAILABLE,1.1562529190372646,AVAILABLE,Thursday,True
L02498,79266,LONG,AVAILABLE,0.20831968754397728,AVAILABLE,AGAINST_SINGLE,AVAILABLE,1.399975183859267,AVAILABLE,Thursday,True
L02499,79277,LONG,AVAILABLE,0.7262683650003241,AVAILABLE,AGAINST_SINGLE,AVAILABLE,1.5083002078385948,AVAILABLE,Thursday,True
L02500,79289,SHORT,AVAILABLE,1.6049621120372901,AVAILABLE,ALIGNED_SINGLE,AVAILABLE,2.5464167085421425,AVAILABLE,Thursday,True
L02501,79336,SHORT,AVAILABLE,0.28948139606720286,AVAILABLE,ALIGNED_SINGLE,AVAILABLE,1.9227131648666465,AVAILABLE,Thursday,True
L02502,79348,SHORT,AVAILABLE,0.2670868083761372,AVAILABLE,ALIGNED_SINGLE,AVAILABLE,1.8227429276734566,AVAILABLE,Thursday,True
L02503,79384,LONG,AVAILABLE,0.7746309157729417,AVAILABLE,AGAINST_CONFIRMED,AVAILABLE,1.309913600380039,AVAILABLE,Thursday,True
L02504,79391,LONG,AVAILABLE,0.1814505640662232,AVAILABLE,AGAINST_CONFIRMED,AVAILABLE,1.2695174596476848,AVAILABLE,Thursday,True
L02505,79402,LONG,AVAILABLE,1.8942041290058433,AVAILABLE,AGAINST_CONFIRMED,AVAILABLE,1.377160373363408,AVAILABLE,Thursday,True
L02506,79409,SHORT,AVAILABLE,1.0525181226491118,AVAILABLE,ALIGNED_SINGLE,AVAILABLE,1.2834402174303932,AVAILABLE,Friday,True
L02507,79421,SHORT,AVAILABLE,2.757773447626776,AVAILABLE,ALIGNED_SINGLE,AVAILABLE,3.0501616010675323,AVAILABLE,Friday,True
L02508,79478,SHORT,AVAILABLE,1.5426713623802466,AVAILABLE,ALIGNED_SINGLE,AVAILABLE,2.129240076325701,AVAILABLE,Friday,True
L02509,79489,SHORT,AVAILABLE,1.5066087247885607,AVAILABLE,ALIGNED_SINGLE,AVAILABLE,1.38354373946958,AVAILABLE,Friday,True
L02510,79499,SHORT,AVAILABLE,1.0887427936557457,AVAILABLE,ALIGNED_SINGLE,AVAILABLE,1.2321825509831068,AVAILABLE,Friday,True
L02511,79523,SHORT,AVAILABLE,2.0884922199363123,AVAILABLE,ALIGNED_SINGLE,AVAILABLE,2.2626650877278016,AVAILABLE,Friday,True
L02512,79536,SHORT,AVAILABLE,0.8723387635315921,AVAILABLE,ALIGNED_SINGLE,AVAILABLE,1.889317814204579,AVAILABLE,Friday,True
L02513,79558,LONG,AVAILABLE,1.538806534233777,AVAILABLE,AGAINST_SINGLE,AVAILABLE,1.7231823090570537,AVAILABLE,Friday,True
L02514,79575,SHORT,AVAILABLE,2.7479188984973226,AVAILABLE,ALIGNED_SINGLE,AVAILABLE,2.292185255155783,AVAILABLE,Friday,True
L02515,79591,SHORT,AVAILABLE,1.2230215241758922,AVAILABLE,ALIGNED_SINGLE,AVAILABLE,2.6230394883635713,AVAILABLE,Friday,True
L02516,79663,LONG,AVAILABLE,0.4387186150024667,AVAILABLE,NEUTRAL,AVAILABLE,3.4790283203907677,AVAILABLE,Sunday,True
L02517,79730,LONG,AVAILABLE,0.03444054521580419,AVAILABLE,NEUTRAL,AVAILABLE,1.533939941119396,AVAILABLE,Monday,True
L02518,79739,LONG,AVAILABLE,1.3727478868609384,AVAILABLE,NEUTRAL,AVAILABLE,1.7242546005592718,AVAILABLE,Monday,True
L02519,79774,LONG,AVAILABLE,0.9746948919585918,AVAILABLE,NEUTRAL,AVAILABLE,1.9079295344766365,AVAILABLE,Monday,True
L02520,79783,LONG,AVAILABLE,0.8010279004566727,AVAILABLE,NEUTRAL,AVAILABLE,1.3200962919194907,AVAILABLE,Monday,True
L02521,79795,LONG,AVAILABLE,0.37436287434411586,AVAILABLE,NEUTRAL,AVAILABLE,1.67070802756089,AVAILABLE,Monday,True
L02522,79822,SHORT,AVAILABLE,0.3286499457243707,AVAILABLE,NEUTRAL,AVAILABLE,1.3917043830642395,AVAILABLE,Monday,True
L02523,79828,LONG,AVAILABLE,0.5058452672564779,AVAILABLE,NEUTRAL,AVAILABLE,1.6905200096940611,AVAILABLE,Monday,True
L02524,79859,LONG,AVAILABLE,0.6720378139111607,AVAILABLE,NEUTRAL,AVAILABLE,1.553409644745511,AVAILABLE,Monday,True
L02525,79933,LONG,AVAILABLE,0.044298045140287616,AVAILABLE,NEUTRAL,AVAILABLE,0.7085956145921427,AVAILABLE,Monday,True
L02526,79935,SHORT,AVAILABLE,-0.16177443223262974,AVAILABLE,NEUTRAL,AVAILABLE,1.410323943467782,AVAILABLE,Monday,True
L02527,79949,SHORT,AVAILABLE,0.7302870108089659,AVAILABLE,NEUTRAL,AVAILABLE,1.1708291561784558,AVAILABLE,Monday,True
L02528,79953,LONG,AVAILABLE,0.05401513336090423,AVAILABLE,NEUTRAL,AVAILABLE,1.7707455254012228,AVAILABLE,Monday,True
L02529,79958,LONG,AVAILABLE,0.257718475425111,AVAILABLE,NEUTRAL,AVAILABLE,1.9968562974400952,AVAILABLE,Tuesday,True
L02530,79964,SHORT,AVAILABLE,1.832557994488858,AVAILABLE,NEUTRAL,AVAILABLE,2.61072715206007,AVAILABLE,Tuesday,True
L02531,79969,LONG,AVAILABLE,1.5639766507552941,AVAILABLE,NEUTRAL,AVAILABLE,2.006567379153569,AVAILABLE,Tuesday,True
L02532,79981,LONG,AVAILABLE,0.940758149655452,AVAILABLE,NEUTRAL,AVAILABLE,2.3765839954379677,AVAILABLE,Tuesday,True
L02533,80026,SHORT,AVAILABLE,1.7279283018559592,AVAILABLE,NEUTRAL,AVAILABLE,2.2051305516099666,AVAILABLE,Tuesday,True
L02534,80044,SHORT,AVAILABLE,1.3469669740771513,AVAILABLE,NEUTRAL,AVAILABLE,1.6781334993523753,AVAILABLE,Tuesday,True
L02535,80092,LONG,AVAILABLE,0.22466833285260715,AVAILABLE,NEUTRAL,AVAILABLE,0.6443114503552491,AVAILABLE,Tuesday,True
L02536,80094,SHORT,AVAILABLE,0.4153798514609412,AVAILABLE,NEUTRAL,AVAILABLE,0.49690523091493244,AVAILABLE,Tuesday,True
L02537,80096,LONG,AVAILABLE,-0.2704613808590055,AVAILABLE,NEUTRAL,AVAILABLE,0.8999559210014296,AVAILABLE,Tuesday,True
L02538,80103,LONG,AVAILABLE,1.1492044182220178,AVAILABLE,NEUTRAL,AVAILABLE,1.3302040691555763,AVAILABLE,Tuesday,True
L02539,80105,SHORT,AVAILABLE,-0.2880515839647303,AVAILABLE,NEUTRAL,AVAILABLE,1.4652615715938873,AVAILABLE,Tuesday,True
L02540,80130,LONG,AVAILABLE,1.6141487522619786,AVAILABLE,NEUTRAL,AVAILABLE,2.0585005809316237,AVAILABLE,Tuesday,True
L02541,80164,LONG,AVAILABLE,0.3402973841495786,AVAILABLE,NEUTRAL,AVAILABLE,1.1116140351721473,AVAILABLE,Tuesday,True
L02542,80172,LONG,AVAILABLE,0.9861311825380028,AVAILABLE,NEUTRAL,AVAILABLE,1.3597662979554654,AVAILABLE,Tuesday,True
L02543,80180,LONG,AVAILABLE,-0.48214686504577803,AVAILABLE,NEUTRAL,AVAILABLE,1.9039529986020136,AVAILABLE,Tuesday,True
L02544,80231,LONG,AVAILABLE,1.357215499551468,AVAILABLE,NEUTRAL,AVAILABLE,2.541368879326901,AVAILABLE,Wednesday,True
L02545,80243,SHORT,AVAILABLE,3.0748455948680022,AVAILABLE,NEUTRAL,AVAILABLE,2.4190561922777247,AVAILABLE,Wednesday,True
L02546,80303,LONG,AVAILABLE,0.18708411950205112,AVAILABLE,NEUTRAL,AVAILABLE,1.8438459733796662,AVAILABLE,Wednesday,True
L02547,80314,LONG,AVAILABLE,0.39934820714730945,AVAILABLE,NEUTRAL,AVAILABLE,1.3197855889694068,AVAILABLE,Wednesday,True
L02548,80332,LONG,AVAILABLE,0.2964535928352095,AVAILABLE,NEUTRAL,AVAILABLE,1.0952968259787608,AVAILABLE,Wednesday,True
L02549,80340,LONG,AVAILABLE,1.9218401382428087,AVAILABLE,NEUTRAL,AVAILABLE,2.132528316106393,AVAILABLE,Wednesday,True
L02550,80351,LONG,AVAILABLE,0.15175439446448177,AVAILABLE,NEUTRAL,AVAILABLE,1.3661980478704605,AVAILABLE,Wednesday,True
L02551,80371,SHORT,AVAILABLE,0.8167365078249558,AVAILABLE,NEUTRAL,AVAILABLE,1.1822201413543354,AVAILABLE,Wednesday,True
L02552,80383,LONG,AVAILABLE,1.0892380544478275,AVAILABLE,NEUTRAL,AVAILABLE,1.6136257858391048,AVAILABLE,Wednesday,True
L02553,80390,SHORT,AVAILABLE,0.9718139541720617,AVAILABLE,NEUTRAL,AVAILABLE,1.350341115360883,AVAILABLE,Wednesday,True
L02554,80400,LONG,AVAILABLE,0.7758854637950955,AVAILABLE,NEUTRAL,AVAILABLE,2.711120709963802,AVAILABLE,Wednesday,True
L02555,80488,LONG,AVAILABLE,0.4427477494816261,AVAILABLE,NEUTRAL,AVAILABLE,2.2527463370912257,AVAILABLE,Wednesday,True
L02556,80509,SHORT,AVAILABLE,0.6657060304244741,AVAILABLE,NEUTRAL,AVAILABLE,2.1485617502551557,AVAILABLE,Thursday,True
L02557,80527,SHORT,AVAILABLE,1.0668060763696123,AVAILABLE,NEUTRAL,AVAILABLE,1.9679117280507448,AVAILABLE,Thursday,True
L02558,80547,SHORT,AVAILABLE,1.1187927298401719,AVAILABLE,NEUTRAL,AVAILABLE,1.5962158747011264,AVAILABLE,Thursday,True
L02559,80568,SHORT,AVAILABLE,1.309303213217051,AVAILABLE,NEUTRAL,AVAILABLE,1.793463204990595,AVAILABLE,Thursday,True
L02560,80654,SHORT,AVAILABLE,0.7013919920999108,AVAILABLE,NEUTRAL,AVAILABLE,3.0877664522464165,AVAILABLE,Thursday,True
L02561,80673,SHORT,AVAILABLE,1.4892853852485908,AVAILABLE,NEUTRAL,AVAILABLE,1.389555522601265,AVAILABLE,Thursday,True
L02562,80694,LONG,AVAILABLE,0.9679048741587066,AVAILABLE,NEUTRAL,AVAILABLE,2.7676098129412186,AVAILABLE,Thursday,True
L02563,80789,LONG,AVAILABLE,1.9407732304915706,AVAILABLE,NEUTRAL,AVAILABLE,2.1817991726024912,AVAILABLE,Friday,True
L02564,80811,LONG,AVAILABLE,0.8426470684025722,AVAILABLE,NEUTRAL,AVAILABLE,1.4600074447372724,AVAILABLE,Friday,True
L02565,80828,LONG,AVAILABLE,0.33636876988977354,AVAILABLE,NEUTRAL,AVAILABLE,1.2129962390801483,AVAILABLE,Friday,True
L02566,80859,LONG,AVAILABLE,0.6616544825513638,AVAILABLE,NEUTRAL,AVAILABLE,2.334333915149114,AVAILABLE,Friday,True
L02567,80920,LONG,AVAILABLE,1.2465960564317045,AVAILABLE,NEUTRAL,AVAILABLE,1.7319425709444618,AVAILABLE,Friday,True
L02568,80927,SHORT,AVAILABLE,0.3402015034681479,AVAILABLE,NEUTRAL,AVAILABLE,2.219095893378244,AVAILABLE,Friday,True
L02569,80932,SHORT,AVAILABLE,0.9031774309889611,AVAILABLE,NEUTRAL,AVAILABLE,1.8091554214638952,AVAILABLE,Friday,True
L02570,80962,LONG,AVAILABLE,1.9220661979412266,AVAILABLE,NEUTRAL,AVAILABLE,2.0096296088145835,AVAILABLE,Friday,True
L02571,80985,LONG,AVAILABLE,0.7687212523932062,AVAILABLE,NEUTRAL,AVAILABLE,1.4541062824992637,AVAILABLE,Friday,True
L02572,81016,LONG,AVAILABLE,1.3300611960785675,AVAILABLE,NEUTRAL,AVAILABLE,1.3192597479070718,AVAILABLE,Friday,True
L02573,81027,LONG,AVAILABLE,1.0300045033435117,AVAILABLE,NEUTRAL,AVAILABLE,1.1798868173174257,AVAILABLE,Friday,True
L02574,81037,LONG,AVAILABLE,0.19066377584359515,AVAILABLE,NEUTRAL,AVAILABLE,1.874226668012527,AVAILABLE,Sunday,True
L02575,81068,SHORT,AVAILABLE,1.0966309711911046,AVAILABLE,NEUTRAL,AVAILABLE,1.4974575157749874,AVAILABLE,Monday,True
L02576,81092,LONG,AVAILABLE,0.9734132996769869,AVAILABLE,NEUTRAL,AVAILABLE,2.276905837646999,AVAILABLE,Monday,True
L02577,81131,LONG,AVAILABLE,1.9246534804151343,AVAILABLE,NEUTRAL,AVAILABLE,3.395832275093664,AVAILABLE,Monday,True
L02578,81205,SHORT,AVAILABLE,1.1168168735533184,AVAILABLE,NEUTRAL,AVAILABLE,1.5018042585703666,AVAILABLE,Monday,True
L02579,81215,SHORT,AVAILABLE,0.49495244449752546,AVAILABLE,NEUTRAL,AVAILABLE,1.3942810961827201,AVAILABLE,Monday,True
L02580,81226,SHORT,AVAILABLE,1.213295090316745,AVAILABLE,NEUTRAL,AVAILABLE,1.9112681069585014,AVAILABLE,Monday,True
L02581,81237,LONG,AVAILABLE,0.8824918166981632,AVAILABLE,NEUTRAL,AVAILABLE,1.078451781406405,AVAILABLE,Monday,True
L02582,81319,LONG,AVAILABLE,0.86655834809585,AVAILABLE,AGAINST_SINGLE,AVAILABLE,1.3304529192420271,AVAILABLE,Monday,True
L02583,81337,LONG,AVAILABLE,1.3419369347909806,AVAILABLE,AGAINST_SINGLE,AVAILABLE,2.0082453773197746,AVAILABLE,Tuesday,True
L02584,81360,SHORT,AVAILABLE,1.1003775263914617,AVAILABLE,ALIGNED_SINGLE,AVAILABLE,1.4199787213094515,AVAILABLE,Tuesday,True
L02585,81371,SHORT,AVAILABLE,1.1466391116045302,AVAILABLE,ALIGNED_SINGLE,AVAILABLE,1.2314920476064821,AVAILABLE,Tuesday,True
L02586,81375,SHORT,AVAILABLE,0.6232859428329348,AVAILABLE,ALIGNED_SINGLE,AVAILABLE,1.1778539574383968,AVAILABLE,Tuesday,True
L02587,81409,SHORT,AVAILABLE,0.4052979596715723,AVAILABLE,ALIGNED_SINGLE,AVAILABLE,2.064166014211188,AVAILABLE,Tuesday,True
L02588,81483,SHORT,AVAILABLE,1.338085270666866,AVAILABLE,ALIGNED_SINGLE,AVAILABLE,1.026892830105204,AVAILABLE,Tuesday,True
L02589,81486,LONG,AVAILABLE,0.48290455218380945,AVAILABLE,AGAINST_SINGLE,AVAILABLE,1.090343021031855,AVAILABLE,Tuesday,True
L02590,81489,SHORT,AVAILABLE,0.6641597187474527,AVAILABLE,ALIGNED_SINGLE,AVAILABLE,1.1393317485966357,AVAILABLE,Tuesday,True
L02591,81494,SHORT,AVAILABLE,1.118491818495469,AVAILABLE,ALIGNED_SINGLE,AVAILABLE,1.3570643858095224,AVAILABLE,Tuesday,True
L02592,81500,LONG,AVAILABLE,3.1663043496109493,AVAILABLE,AGAINST_SINGLE,AVAILABLE,1.7266493529350015,AVAILABLE,Tuesday,True
L02593,81501,SHORT,AVAILABLE,-0.2645512019490542,AVAILABLE,ALIGNED_SINGLE,AVAILABLE,3.3557253869070456,AVAILABLE,Tuesday,True
L02594,81539,LONG,AVAILABLE,1.0926287879876073,AVAILABLE,AGAINST_SINGLE,AVAILABLE,1.7710603226151107,AVAILABLE,Tuesday,True
L02595,81614,LONG,AVAILABLE,0.9939423201039199,AVAILABLE,NEUTRAL,AVAILABLE,2.233806390284859,AVAILABLE,Wednesday,True
L02596,81622,LONG,AVAILABLE,1.7076566123492565,AVAILABLE,NEUTRAL,AVAILABLE,1.9944130527021209,AVAILABLE,Wednesday,True
L02597,81626,LONG,AVAILABLE,1.8235126793420475,AVAILABLE,NEUTRAL,AVAILABLE,2.1541460700341672,AVAILABLE,Wednesday,True
L02598,81644,LONG,AVAILABLE,0.8270805856812325,AVAILABLE,NEUTRAL,AVAILABLE,1.307628264991149,AVAILABLE,Wednesday,True
L02599,81653,LONG,AVAILABLE,0.541821701700648,AVAILABLE,NEUTRAL,AVAILABLE,0.8562458931513252,AVAILABLE,Wednesday,True
L02600,81672,LONG,AVAILABLE,0.3774117175602014,AVAILABLE,NEUTRAL,AVAILABLE,0.8679592865232862,AVAILABLE,Wednesday,True
L02601,81722,LONG,AVAILABLE,0.5360825699582427,AVAILABLE,NEUTRAL,AVAILABLE,1.3351934965582437,AVAILABLE,Wednesday,True
L02602,81735,LONG,AVAILABLE,1.021011966610133,AVAILABLE,NEUTRAL,AVAILABLE,1.522366192660498,AVAILABLE,Wednesday,True
L02603,81745,LONG,AVAILABLE,-0.7657834027375278,AVAILABLE,NEUTRAL,AVAILABLE,1.8098374855523947,AVAILABLE,Wednesday,True
L02604,81761,LONG,AVAILABLE,2.6344604407360546,AVAILABLE,NEUTRAL,AVAILABLE,2.0857518055586284,AVAILABLE,Wednesday,True
L02605,81765,SHORT,AVAILABLE,0.8532277028606109,AVAILABLE,NEUTRAL,AVAILABLE,1.9536992475584536,AVAILABLE,Wednesday,True
L02606,81782,SHORT,AVAILABLE,0.29510885350292354,AVAILABLE,NEUTRAL,AVAILABLE,1.6104971311171694,AVAILABLE,Wednesday,True
L02607,81802,LONG,AVAILABLE,0.015787957420368502,AVAILABLE,NEUTRAL,AVAILABLE,1.7573543333304373,AVAILABLE,Wednesday,True
L02608,81827,LONG,AVAILABLE,1.005676069202641,AVAILABLE,NEUTRAL,AVAILABLE,1.5964792845474893,AVAILABLE,Wednesday,True
L02609,81870,LONG,AVAILABLE,3.3068316415098473,AVAILABLE,NEUTRAL,AVAILABLE,2.7470423320178377,AVAILABLE,Wednesday,True
L02610,81880,LONG,AVAILABLE,2.9074286215678318,AVAILABLE,NEUTRAL,AVAILABLE,2.3369995236493866,AVAILABLE,Wednesday,True
L02611,81912,SHORT,AVAILABLE,0.901365115053849,AVAILABLE,ALIGNED_SINGLE,AVAILABLE,1.9985306026275644,AVAILABLE,Thursday,True
L02612,82024,LONG,AVAILABLE,0.7703272971532201,AVAILABLE,AGAINST_SINGLE,AVAILABLE,1.0527878668018573,AVAILABLE,Thursday,True
L02613,82025,SHORT,AVAILABLE,-0.24258712339176206,AVAILABLE,ALIGNED_SINGLE,AVAILABLE,0.42919033903636883,AVAILABLE,Thursday,True
L02614,82031,LONG,AVAILABLE,0.1947829314893843,AVAILABLE,AGAINST_SINGLE,AVAILABLE,1.0916201864998407,AVAILABLE,Thursday,True
L02615,82040,LONG,AVAILABLE,1.7379330971664189,AVAILABLE,AGAINST_SINGLE,AVAILABLE,2.0579278558533445,AVAILABLE,Thursday,True
L02616,82059,LONG,AVAILABLE,1.525349735019538,AVAILABLE,AGAINST_SINGLE,AVAILABLE,1.8610672075973718,AVAILABLE,Thursday,True
L02617,82083,SHORT,AVAILABLE,0.5211097224875557,AVAILABLE,ALIGNED_SINGLE,AVAILABLE,2.0328543737542444,AVAILABLE,Thursday,True
L02618,82139,SHORT,AVAILABLE,0.3664020630531991,AVAILABLE,ALIGNED_CONFIRMED,AVAILABLE,1.3932859441336405,AVAILABLE,Thursday,True
L02619,82153,SHORT,AVAILABLE,2.295978870654861,AVAILABLE,ALIGNED_CONFIRMED,AVAILABLE,2.625508789062569,AVAILABLE,Thursday,True
L02620,82184,LONG,AVAILABLE,1.2034779619073066,AVAILABLE,AGAINST_SINGLE,AVAILABLE,1.9767934900841768,AVAILABLE,Friday,True
L02621,82236,LONG,AVAILABLE,1.0237630267956663,AVAILABLE,AGAINST_SINGLE,AVAILABLE,1.762924714445247,AVAILABLE,Friday,True
L02622,82254,LONG,AVAILABLE,0.07350175948216144,AVAILABLE,AGAINST_SINGLE,AVAILABLE,1.375963284078208,AVAILABLE,Friday,True
L02623,82303,LONG,AVAILABLE,1.2030725432074616,AVAILABLE,AGAINST_SINGLE,AVAILABLE,1.759517850660644,AVAILABLE,Friday,True
L02624,82320,LONG,AVAILABLE,0.8932089961427508,AVAILABLE,AGAINST_SINGLE,AVAILABLE,1.914984262915295,AVAILABLE,Friday,True
L02625,82332,LONG,AVAILABLE,0.9403683391898567,AVAILABLE,AGAINST_SINGLE,AVAILABLE,1.4448388016823368,AVAILABLE,Friday,True
L02626,82338,LONG,AVAILABLE,0.5605122621231708,AVAILABLE,AGAINST_SINGLE,AVAILABLE,1.235870366572994,AVAILABLE,Friday,True
L02627,82341,LONG,AVAILABLE,1.4942400624907926,AVAILABLE,AGAINST_SINGLE,AVAILABLE,1.4818909471835895,AVAILABLE,Friday,True
L02628,82351,SHORT,AVAILABLE,1.4606222493481462,AVAILABLE,ALIGNED_SINGLE,AVAILABLE,2.3286836870483523,AVAILABLE,Friday,True
L02629,82448,SHORT,AVAILABLE,1.0867855335868672,AVAILABLE,NEUTRAL,AVAILABLE,2.0588254904698178,AVAILABLE,Monday,True
L02630,82453,LONG,AVAILABLE,0.5242596127313476,AVAILABLE,NEUTRAL,AVAILABLE,3.93414671585325,AVAILABLE,Monday,True
L02631,82475,SHORT,AVAILABLE,1.3007800339292395,AVAILABLE,NEUTRAL,AVAILABLE,1.4610406439417736,AVAILABLE,Monday,True
L02632,82553,SHORT,AVAILABLE,0.5935263731836676,AVAILABLE,NEUTRAL,AVAILABLE,1.5991140665140489,AVAILABLE,Monday,True
L02633,82579,SHORT,AVAILABLE,0.5223067486307938,AVAILABLE,NEUTRAL,AVAILABLE,1.54636562200008,AVAILABLE,Monday,True
L02634,82588,LONG,AVAILABLE,1.1269854761592575,AVAILABLE,NEUTRAL,AVAILABLE,2.0375216627545925,AVAILABLE,Monday,True
L02635,82611,SHORT,AVAILABLE,1.2770609424442423,AVAILABLE,NEUTRAL,AVAILABLE,1.6559083616962824,AVAILABLE,Monday,True
L02636,82659,LONG,AVAILABLE,1.322730530811641,AVAILABLE,NEUTRAL,AVAILABLE,1.7474724239852268,AVAILABLE,Monday,True
L02637,82691,LONG,AVAILABLE,0.9810687821339864,AVAILABLE,ALIGNED_SINGLE,AVAILABLE,1.8781534137427613,AVAILABLE,Monday,True
L02638,82698,LONG,AVAILABLE,1.1366256178463499,AVAILABLE,ALIGNED_SINGLE,AVAILABLE,1.3595965220836752,AVAILABLE,Monday,True
L02639,82706,SHORT,AVAILABLE,0.7899613887187512,AVAILABLE,AGAINST_SINGLE,AVAILABLE,1.1017042483832253,AVAILABLE,Monday,True
L02640,82717,SHORT,AVAILABLE,0.623353098408271,AVAILABLE,AGAINST_CONFIRMED,AVAILABLE,1.0489943054028503,AVAILABLE,Tuesday,True
L02641,82733,SHORT,AVAILABLE,0.7751989226797821,AVAILABLE,AGAINST_CONFIRMED,AVAILABLE,1.8806390639540458,AVAILABLE,Tuesday,True
L02642,82767,SHORT,AVAILABLE,0.9609712443597435,AVAILABLE,AGAINST_CONFIRMED,AVAILABLE,1.914590902186958,AVAILABLE,Tuesday,True
L02643,82826,SHORT,AVAILABLE,0.5731273007671619,AVAILABLE,AGAINST_CONFIRMED,AVAILABLE,1.4590336815957057,AVAILABLE,Tuesday,True
L02644,82847,SHORT,AVAILABLE,0.6734390926268362,AVAILABLE,AGAINST_CONFIRMED,AVAILABLE,1.0292600258178857,AVAILABLE,Tuesday,True
L02645,82858,LONG,AVAILABLE,0.5308320522355782,AVAILABLE,ALIGNED_CONFIRMED,AVAILABLE,1.5187468550168277,AVAILABLE,Tuesday,True
L02646,82872,SHORT,AVAILABLE,1.6714362296939134,AVAILABLE,AGAINST_CONFIRMED,AVAILABLE,1.8621591415356558,AVAILABLE,Tuesday,True
L02647,82900,LONG,AVAILABLE,0.17651573257203507,AVAILABLE,ALIGNED_CONFIRMED,AVAILABLE,2.2828481029254477,AVAILABLE,Tuesday,True
L02648,82973,LONG,AVAILABLE,0.36725995826667895,AVAILABLE,ALIGNED_SINGLE,AVAILABLE,1.0806717566547777,AVAILABLE,Tuesday,True
L02649,82986,SHORT,AVAILABLE,0.934686585452551,AVAILABLE,AGAINST_SINGLE,AVAILABLE,1.6024113000014304,AVAILABLE,Tuesday,True
L02650,82998,SHORT,AVAILABLE,1.0579591301210136,AVAILABLE,AGAINST_SINGLE,AVAILABLE,1.7812551421851026,AVAILABLE,Wednesday,True
L02651,83009,SHORT,AVAILABLE,0.8851015896127781,AVAILABLE,AGAINST_SINGLE,AVAILABLE,2.2501785020609746,AVAILABLE,Wednesday,True
L02652,83035,LONG,AVAILABLE,0.4607791495616815,AVAILABLE,ALIGNED_SINGLE,AVAILABLE,1.282301427457289,AVAILABLE,Wednesday,True
L02653,83050,LONG,AVAILABLE,0.9302533588542127,AVAILABLE,ALIGNED_SINGLE,AVAILABLE,2.4746314981811977,AVAILABLE,Wednesday,True
L02654,83097,LONG,AVAILABLE,1.046172469851522,AVAILABLE,ALIGNED_SINGLE,AVAILABLE,1.6225682626936697,AVAILABLE,Wednesday,True
L02655,83139,LONG,AVAILABLE,1.1454660960471652,AVAILABLE,ALIGNED_SINGLE,AVAILABLE,1.5754060921931752,AVAILABLE,Wednesday,True
L02656,83147,SHORT,AVAILABLE,1.0284563699490328,AVAILABLE,AGAINST_SINGLE,AVAILABLE,1.640207317623174,AVAILABLE,Wednesday,True
L02657,83168,SHORT,AVAILABLE,1.9854983266708934,AVAILABLE,AGAINST_SINGLE,AVAILABLE,2.1414518737063792,AVAILABLE,Wednesday,True
L02658,83190,SHORT,AVAILABLE,1.133348314762971,AVAILABLE,AGAINST_SINGLE,AVAILABLE,1.1630590563213106,AVAILABLE,Wednesday,True
L02659,83207,SHORT,AVAILABLE,6.110856453667242,AVAILABLE,AGAINST_SINGLE,AVAILABLE,2.0028661727081576,AVAILABLE,Wednesday,True
L02660,83215,LONG,AVAILABLE,1.681119246463862,AVAILABLE,ALIGNED_SINGLE,AVAILABLE,2.5066374410563155,AVAILABLE,Wednesday,True
L02661,83232,LONG,AVAILABLE,0.9805073871365223,AVAILABLE,ALIGNED_SINGLE,AVAILABLE,1.7721610184951007,AVAILABLE,Wednesday,True
L02662,83264,SHORT,AVAILABLE,0.9343887749727979,AVAILABLE,AGAINST_SINGLE,AVAILABLE,1.3896985140766691,AVAILABLE,Wednesday,True
L02663,83298,SHORT,AVAILABLE,0.7214327389474933,AVAILABLE,NEUTRAL,AVAILABLE,1.332222112731991,AVAILABLE,Thursday,True
L02664,83413,LONG,AVAILABLE,2.4431695895872614,AVAILABLE,NEUTRAL,AVAILABLE,1.3626870494950512,AVAILABLE,Thursday,True
L02665,83417,SHORT,AVAILABLE,1.4758440569615496,AVAILABLE,NEUTRAL,AVAILABLE,2.6227591149899276,AVAILABLE,Thursday,True
L02666,83432,SHORT,AVAILABLE,1.6454048329030688,AVAILABLE,NEUTRAL,AVAILABLE,2.2516688274025176,AVAILABLE,Thursday,True
L02667,83446,LONG,AVAILABLE,0.9521804561075567,AVAILABLE,NEUTRAL,AVAILABLE,1.4929891175413468,AVAILABLE,Thursday,True
L02668,83471,LONG,AVAILABLE,0.9347974866515195,AVAILABLE,NEUTRAL,AVAILABLE,1.4266316923031976,AVAILABLE,Thursday,True
L02669,83503,LONG,AVAILABLE,1.7780158754478168,AVAILABLE,NEUTRAL,AVAILABLE,2.088949134902069,AVAILABLE,Thursday,True
L02670,83531,SHORT,AVAILABLE,2.044386081516442,AVAILABLE,NEUTRAL,AVAILABLE,1.6664968002284597,AVAILABLE,Thursday,True
L02671,83549,LONG,AVAILABLE,0.8968730250657383,AVAILABLE,AGAINST_SINGLE,AVAILABLE,1.1313873012823128,AVAILABLE,Friday,True
L02672,83560,LONG,AVAILABLE,0.9307864490028507,AVAILABLE,AGAINST_SINGLE,AVAILABLE,0.9869027958306128,AVAILABLE,Friday,True
L02673,83608,LONG,AVAILABLE,0.5935613738526448,AVAILABLE,AGAINST_SINGLE,AVAILABLE,2.1036084602550025,AVAILABLE,Friday,True
L02674,83683,LONG,AVAILABLE,1.3041262262011892,AVAILABLE,AGAINST_SINGLE,AVAILABLE,1.6074146198223807,AVAILABLE,Friday,True
L02675,83692,SHORT,AVAILABLE,0.9168790363086738,AVAILABLE,ALIGNED_SINGLE,AVAILABLE,1.682506257124896,AVAILABLE,Friday,True
L02676,83702,SHORT,AVAILABLE,0.5429846322986978,AVAILABLE,ALIGNED_SINGLE,AVAILABLE,2.2549612590601233,AVAILABLE,Friday,True
L02677,83749,SHORT,AVAILABLE,0.8708504363264562,AVAILABLE,ALIGNED_SINGLE,AVAILABLE,1.546998819137235,AVAILABLE,Sunday,True
L02678,83762,SHORT,AVAILABLE,1.0202946496224563,AVAILABLE,ALIGNED_SINGLE,AVAILABLE,1.9620278151879862,AVAILABLE,Sunday,True
L02679,83771,LONG,AVAILABLE,1.7740358270081429,AVAILABLE,AGAINST_SINGLE,AVAILABLE,1.8540346008608715,AVAILABLE,Monday,True
L02680,83792,SHORT,AVAILABLE,0.3076580822400658,AVAILABLE,ALIGNED_SINGLE,AVAILABLE,2.880269863003443,AVAILABLE,Monday,True
L02681,83914,LONG,AVAILABLE,0.2688833304566207,AVAILABLE,AGAINST_SINGLE,AVAILABLE,1.3457318177164368,AVAILABLE,Monday,True
L02682,83936,LONG,AVAILABLE,2.3413973485324333,AVAILABLE,AGAINST_SINGLE,AVAILABLE,1.9294815388179085,AVAILABLE,Monday,True
L02683,83968,LONG,AVAILABLE,0.8608489354771759,AVAILABLE,AGAINST_SINGLE,AVAILABLE,2.093173315669993,AVAILABLE,Monday,True
L02684,84027,SHORT,AVAILABLE,0.42858512308350843,AVAILABLE,NEUTRAL,AVAILABLE,1.184230188489992,AVAILABLE,Monday,True
L02685,84030,SHORT,AVAILABLE,-0.08408616224351957,AVAILABLE,NEUTRAL,AVAILABLE,1.167473036843737,AVAILABLE,Monday,True
L02686,84036,LONG,AVAILABLE,0.6636639088963685,AVAILABLE,NEUTRAL,AVAILABLE,1.1888208997103034,AVAILABLE,Monday,True
L02687,84044,SHORT,AVAILABLE,0.530473981146901,AVAILABLE,NEUTRAL,AVAILABLE,1.4978550922121978,AVAILABLE,Monday,True
L02688,84054,LONG,AVAILABLE,1.0372100838636398,AVAILABLE,NEUTRAL,AVAILABLE,2.1053045426139017,AVAILABLE,Tuesday,True
L02689,84060,SHORT,AVAILABLE,0.6537131141542216,AVAILABLE,NEUTRAL,AVAILABLE,2.074972401001926,AVAILABLE,Tuesday,True
L02690,84076,LONG,AVAILABLE,1.3323582352967713,AVAILABLE,NEUTRAL,AVAILABLE,2.0516570508045815,AVAILABLE,Tuesday,True
L02691,84094,LONG,AVAILABLE,0.9152991913877677,AVAILABLE,NEUTRAL,AVAILABLE,1.9743602454699019,AVAILABLE,Tuesday,True
L02692,84113,LONG,AVAILABLE,0.5373599068922048,AVAILABLE,NEUTRAL,AVAILABLE,2.4001303823479776,AVAILABLE,Tuesday,True
L02693,84131,LONG,AVAILABLE,0.5632208790393708,AVAILABLE,NEUTRAL,AVAILABLE,1.1389828605428525,AVAILABLE,Tuesday,True
L02694,84149,LONG,AVAILABLE,0.5577594759943247,AVAILABLE,NEUTRAL,AVAILABLE,1.7630658198042788,AVAILABLE,Tuesday,True
L02695,84185,SHORT,AVAILABLE,0.9344950245639604,AVAILABLE,NEUTRAL,AVAILABLE,1.2584544153642305,AVAILABLE,Tuesday,True
L02696,84198,LONG,AVAILABLE,0.7260170917499875,AVAILABLE,NEUTRAL,AVAILABLE,1.3468239832916233,AVAILABLE,Tuesday,True
L02697,84207,LONG,AVAILABLE,0.004738221686209392,AVAILABLE,NEUTRAL,AVAILABLE,1.387466868977693,AVAILABLE,Tuesday,True
L02698,84220,SHORT,AVAILABLE,0.6154560723780375,AVAILABLE,NEUTRAL,AVAILABLE,1.5592217008829152,AVAILABLE,Tuesday,True
L02699,84302,SHORT,AVAILABLE,0.129382541789125,AVAILABLE,NEUTRAL,AVAILABLE,0.8134695412232618,AVAILABLE,Tuesday,True
L02700,84322,LONG,AVAILABLE,2.3892127276043733,AVAILABLE,NEUTRAL,AVAILABLE,2.953439596893397,AVAILABLE,Tuesday,True
L02701,84340,LONG,AVAILABLE,1.0435536016095326,AVAILABLE,NEUTRAL,AVAILABLE,2.760212250078556,AVAILABLE,Wednesday,True
L02702,84366,LONG,AVAILABLE,1.3086968761789215,AVAILABLE,NEUTRAL,AVAILABLE,1.496127358443963,AVAILABLE,Wednesday,True
L02703,84465,LONG,AVAILABLE,0.7015577789340784,AVAILABLE,NEUTRAL,AVAILABLE,1.702484755587253,AVAILABLE,Wednesday,True
L02704,84486,LONG,AVAILABLE,2.4715147243171165,AVAILABLE,NEUTRAL,AVAILABLE,2.22130752865337,AVAILABLE,Wednesday,True
L02705,84541,LONG,AVAILABLE,1.87391975682896,AVAILABLE,NEUTRAL,AVAILABLE,3.1037923177739803,AVAILABLE,Wednesday,True
L02706,84601,SHORT,AVAILABLE,1.1586141798467842,AVAILABLE,ALIGNED_CONFIRMED,AVAILABLE,1.7305631789892273,AVAILABLE,Thursday,True
L02707,84609,LONG,AVAILABLE,2.3664095973541035,AVAILABLE,AGAINST_CONFIRMED,AVAILABLE,2.4449547439374264,AVAILABLE,Thursday,True
L02708,84626,LONG,AVAILABLE,0.6085326545649741,AVAILABLE,AGAINST_CONFIRMED,AVAILABLE,1.787215396502991,AVAILABLE,Thursday,True
L02709,84738,LONG,AVAILABLE,0.4060717070172166,AVAILABLE,AGAINST_CONFIRMED,AVAILABLE,1.2176884633112344,AVAILABLE,Thursday,True
L02710,84761,SHORT,AVAILABLE,0.9694588571922279,AVAILABLE,ALIGNED_CONFIRMED,AVAILABLE,1.952592623914528,AVAILABLE,Thursday,True
L02711,84797,SHORT,AVAILABLE,0.719249879339022,AVAILABLE,ALIGNED_CONFIRMED,AVAILABLE,1.0927099710566148,AVAILABLE,Thursday,True
L02712,84821,SHORT,AVAILABLE,0.6120113570502042,AVAILABLE,ALIGNED_CONFIRMED,AVAILABLE,1.5353418370739194,AVAILABLE,Thursday,True
L02713,84852,SHORT,AVAILABLE,-0.2426309879702097,AVAILABLE,ALIGNED_SINGLE,AVAILABLE,1.0432237546962015,AVAILABLE,Thursday,True
L02714,84857,LONG,AVAILABLE,1.7151888053580127,AVAILABLE,AGAINST_SINGLE,AVAILABLE,1.4727039145298078,AVAILABLE,Thursday,True
L02715,84860,SHORT,AVAILABLE,0.9819671351422729,AVAILABLE,ALIGNED_SINGLE,AVAILABLE,1.9884182377434503,AVAILABLE,Thursday,True
L02716,84877,LONG,AVAILABLE,0.9986892552656115,AVAILABLE,NEUTRAL,AVAILABLE,1.6456538609200493,AVAILABLE,Friday,True
L02717,84914,LONG,AVAILABLE,1.2465104833769953,AVAILABLE,NEUTRAL,AVAILABLE,2.349896172399998,AVAILABLE,Friday,True
L02718,84968,SHORT,AVAILABLE,1.6078426597356152,AVAILABLE,NEUTRAL,AVAILABLE,1.8014010878626743,AVAILABLE,Friday,True
L02719,84998,SHORT,AVAILABLE,0.6181533528308306,AVAILABLE,NEUTRAL,AVAILABLE,1.4917412381471393,AVAILABLE,Friday,True
L02720,85009,SHORT,AVAILABLE,1.5365331844471701,AVAILABLE,NEUTRAL,AVAILABLE,1.1434585180520178,AVAILABLE,Friday,True
L02721,85021,LONG,AVAILABLE,0.8065999923875434,AVAILABLE,NEUTRAL,AVAILABLE,1.3149728687643891,AVAILABLE,Friday,True
L02722,85029,LONG,AVAILABLE,0.3938985320533949,AVAILABLE,NEUTRAL,AVAILABLE,1.981235050176602,AVAILABLE,Friday,True
L02723,85032,SHORT,AVAILABLE,0.14260542719230346,AVAILABLE,NEUTRAL,AVAILABLE,2.8074894691826824,AVAILABLE,Friday,True
L02724,85055,SHORT,AVAILABLE,1.1184289587542602,AVAILABLE,NEUTRAL,AVAILABLE,1.6882747086264822,AVAILABLE,Friday,True
L02725,85071,SHORT,AVAILABLE,0.6038818792065604,AVAILABLE,NEUTRAL,AVAILABLE,1.234658278510913,AVAILABLE,Friday,True
L02726,85129,SHORT,AVAILABLE,3.15508481340355,AVAILABLE,NEUTRAL,AVAILABLE,1.890228407709952,AVAILABLE,Sunday,True
L02727,85136,LONG,AVAILABLE,1.8746773141164874,AVAILABLE,NEUTRAL,AVAILABLE,2.027227264062469,AVAILABLE,Sunday,True
L02728,85147,LONG,AVAILABLE,0.9827763653563819,AVAILABLE,NEUTRAL,AVAILABLE,1.856601803480819,AVAILABLE,Sunday,True
L02729,85158,LONG,AVAILABLE,1.3957938170737187,AVAILABLE,NEUTRAL,AVAILABLE,1.5980126283978406,AVAILABLE,Monday,True
L02730,85221,LONG,AVAILABLE,1.6673022308740606,AVAILABLE,NEUTRAL,AVAILABLE,2.2086799912670503,AVAILABLE,Monday,True
L02731,85278,LONG,AVAILABLE,0.1965685027317484,AVAILABLE,NEUTRAL,AVAILABLE,2.4431993166478465,AVAILABLE,Monday,True
L02732,85299,SHORT,AVAILABLE,1.4867013123101427,AVAILABLE,NEUTRAL,AVAILABLE,2.2096843105356507,AVAILABLE,Monday,True
L02733,85325,LONG,AVAILABLE,1.1995335271282375,AVAILABLE,NEUTRAL,AVAILABLE,3.441420550095653,AVAILABLE,Monday,True
L02734,85460,LONG,AVAILABLE,0.6915798320075929,AVAILABLE,NEUTRAL,AVAILABLE,2.69386228535506,AVAILABLE,Tuesday,True
L02735,85524,SHORT,AVAILABLE,0.3994624749784615,AVAILABLE,NEUTRAL,AVAILABLE,1.2225671049154132,AVAILABLE,Tuesday,True
L02736,85572,SHORT,AVAILABLE,0.8068936865013457,AVAILABLE,NEUTRAL,AVAILABLE,1.6159593564364731,AVAILABLE,Tuesday,True
L02737,85584,LONG,AVAILABLE,1.7466604279388749,AVAILABLE,NEUTRAL,AVAILABLE,2.066279722681825,AVAILABLE,Tuesday,True
L02738,85605,SHORT,AVAILABLE,0.6774105191203277,AVAILABLE,NEUTRAL,AVAILABLE,2.407199883170607,AVAILABLE,Tuesday,True
L02739,85679,LONG,AVAILABLE,0.9427234008854177,AVAILABLE,NEUTRAL,AVAILABLE,2.3120222453670283,AVAILABLE,Tuesday,True
L02740,85683,SHORT,AVAILABLE,1.2800215964149046,AVAILABLE,NEUTRAL,AVAILABLE,1.1749417683693384,AVAILABLE,Tuesday,True
L02741,85692,LONG,AVAILABLE,1.8016922713890073,AVAILABLE,NEUTRAL,AVAILABLE,1.044537223077273,AVAILABLE,Tuesday,True
L02742,85694,SHORT,AVAILABLE,0.1777084084055496,AVAILABLE,NEUTRAL,AVAILABLE,1.3942741751519552,AVAILABLE,Tuesday,True
L02743,85730,LONG,AVAILABLE,0.9969598106491129,AVAILABLE,AGAINST_SINGLE,AVAILABLE,1.7092630488306952,AVAILABLE,Wednesday,True
L02744,85769,LONG,AVAILABLE,1.2581997445897921,AVAILABLE,AGAINST_SINGLE,AVAILABLE,1.3606152657309722,AVAILABLE,Wednesday,True
L02745,85783,LONG,AVAILABLE,0.9420185715882877,AVAILABLE,AGAINST_SINGLE,AVAILABLE,1.4416618001242605,AVAILABLE,Wednesday,True
L02746,85790,LONG,AVAILABLE,0.6744240015998012,AVAILABLE,AGAINST_SINGLE,AVAILABLE,1.564278777944296,AVAILABLE,Wednesday,True
L02747,85849,SHORT,AVAILABLE,1.5050334779831136,AVAILABLE,ALIGNED_SINGLE,AVAILABLE,2.348413778233835,AVAILABLE,Wednesday,True
L02748,85880,SHORT,AVAILABLE,1.8979568560451898,AVAILABLE,ALIGNED_SINGLE,AVAILABLE,2.1232249694392467,AVAILABLE,Wednesday,True
L02749,85956,SHORT,AVAILABLE,-0.6860125338452264,AVAILABLE,ALIGNED_SINGLE,AVAILABLE,0.6150252490401578,AVAILABLE,Wednesday,True
L02750,85969,SHORT,AVAILABLE,2.1056589372114574,AVAILABLE,ALIGNED_SINGLE,AVAILABLE,1.3947939585327742,AVAILABLE,Wednesday,True
L02751,85980,LONG,AVAILABLE,0.613613834692186,AVAILABLE,NEUTRAL,AVAILABLE,1.6063933553747194,AVAILABLE,Thursday,True
L02752,85987,SHORT,AVAILABLE,1.6767124937660716,AVAILABLE,NEUTRAL,AVAILABLE,1.6884088945996165,AVAILABLE,Thursday,True
L02753,85995,SHORT,AVAILABLE,2.033801376705518,AVAILABLE,NEUTRAL,AVAILABLE,2.480619523109698,AVAILABLE,Thursday,True
L02754,86031,SHORT,AVAILABLE,1.3285982725156458,AVAILABLE,NEUTRAL,AVAILABLE,1.7230324336398062,AVAILABLE,Thursday,True
L02755,86059,SHORT,AVAILABLE,1.167033140577961,AVAILABLE,NEUTRAL,AVAILABLE,1.8286939349266689,AVAILABLE,Thursday,True
L02756,86088,SHORT,AVAILABLE,1.4004570512680468,AVAILABLE,NEUTRAL,AVAILABLE,1.2950599773685725,AVAILABLE,Thursday,True
L02757,86122,SHORT,AVAILABLE,1.3362437752846867,AVAILABLE,NEUTRAL,AVAILABLE,1.2988757235535784,AVAILABLE,Thursday,True
L02758,86125,SHORT,AVAILABLE,0.23433858946650943,AVAILABLE,NEUTRAL,AVAILABLE,1.401554155663751,AVAILABLE,Thursday,True
L02759,86151,SHORT,AVAILABLE,0.4371936260697214,AVAILABLE,NEUTRAL,AVAILABLE,1.6540705061834284,AVAILABLE,Thursday,True
L02760,86239,SHORT,AVAILABLE,0.35191520217162864,AVAILABLE,AGAINST_SINGLE,AVAILABLE,1.4547950017632816,AVAILABLE,Thursday,True
L02761,86250,SHORT,AVAILABLE,1.0769201701345603,AVAILABLE,AGAINST_SINGLE,AVAILABLE,2.5395769624960094,AVAILABLE,Thursday,True
L02762,86282,SHORT,AVAILABLE,0.3780516425205251,AVAILABLE,AGAINST_CONFIRMED,AVAILABLE,2.5799415541543875,AVAILABLE,Friday,True
L02763,86428,LONG,AVAILABLE,0.8130971242135282,AVAILABLE,ALIGNED_CONFIRMED,AVAILABLE,2.2160244049441395,AVAILABLE,Friday,True
L02764,86480,SHORT,AVAILABLE,2.2253371107525015,AVAILABLE,AGAINST_SINGLE,AVAILABLE,2.048217491471216,AVAILABLE,Sunday,True
L02765,86489,LONG,AVAILABLE,0.44190774189885,AVAILABLE,ALIGNED_SINGLE,AVAILABLE,1.6280000856504857,AVAILABLE,Monday,True
L02766,86506,SHORT,AVAILABLE,1.4761499148230468,AVAILABLE,AGAINST_SINGLE,AVAILABLE,1.6273098740197962,AVAILABLE,Monday,True
L02767,86549,LONG,AVAILABLE,1.1055811556249147,AVAILABLE,ALIGNED_SINGLE,AVAILABLE,1.261510474467218,AVAILABLE,Monday,True
L02768,86559,LONG,AVAILABLE,0.3419436873462755,AVAILABLE,ALIGNED_SINGLE,AVAILABLE,1.6108495962416882,AVAILABLE,Monday,True
L02769,86604,LONG,AVAILABLE,0.5861434886467627,AVAILABLE,ALIGNED_SINGLE,AVAILABLE,2.1779322513838033,AVAILABLE,Monday,True
L02770,86623,SHORT,AVAILABLE,0.3742867270447281,AVAILABLE,AGAINST_SINGLE,AVAILABLE,1.506329079679388,AVAILABLE,Monday,True
L02771,86639,LONG,AVAILABLE,1.8815701120471988,AVAILABLE,ALIGNED_SINGLE,AVAILABLE,2.4666420504962283,AVAILABLE,Monday,True
L02772,86662,LONG,AVAILABLE,1.1839622823231823,AVAILABLE,ALIGNED_SINGLE,AVAILABLE,1.342628288449024,AVAILABLE,Monday,True
L02773,86700,SHORT,AVAILABLE,0.7413464370298345,AVAILABLE,AGAINST_SINGLE,AVAILABLE,1.3351283052143215,AVAILABLE,Monday,True
L02774,86711,SHORT,AVAILABLE,0.8076483168719477,AVAILABLE,AGAINST_SINGLE,AVAILABLE,1.6911556045956113,AVAILABLE,Monday,True
L02775,86744,SHORT,AVAILABLE,1.1747469834337623,AVAILABLE,AGAINST_SINGLE,AVAILABLE,1.3262980664313828,AVAILABLE,Monday,True
L02776,86749,LONG,AVAILABLE,0.6033958208481267,AVAILABLE,ALIGNED_SINGLE,AVAILABLE,1.175553408099705,AVAILABLE,Monday,True
L02777,86753,LONG,AVAILABLE,0.04580577971790071,AVAILABLE,ALIGNED_SINGLE,AVAILABLE,0.9230015136087278,AVAILABLE,Monday,True
L02778,86764,LONG,AVAILABLE,1.2396110830399936,AVAILABLE,ALIGNED_SINGLE,AVAILABLE,2.5108484976202314,AVAILABLE,Tuesday,True
L02779,86780,LONG,AVAILABLE,1.0176004807792576,AVAILABLE,ALIGNED_SINGLE,AVAILABLE,3.2556465548629645,AVAILABLE,Tuesday,True
L02780,86807,LONG,AVAILABLE,1.475210086178825,AVAILABLE,ALIGNED_SINGLE,AVAILABLE,1.7768058767115098,AVAILABLE,Tuesday,True
L02781,86824,LONG,AVAILABLE,1.2974737215231817,AVAILABLE,ALIGNED_SINGLE,AVAILABLE,1.518833567293752,AVAILABLE,Tuesday,True
L02782,86829,LONG,AVAILABLE,1.0184387933313677,AVAILABLE,ALIGNED_SINGLE,AVAILABLE,1.6967806763554982,AVAILABLE,Tuesday,True
L02783,86916,SHORT,AVAILABLE,0.7342277476612196,AVAILABLE,AGAINST_SINGLE,AVAILABLE,2.2986363864290804,AVAILABLE,Tuesday,True
L02784,86925,SHORT,AVAILABLE,0.6191397083439174,AVAILABLE,AGAINST_SINGLE,AVAILABLE,1.5692729750498686,AVAILABLE,Tuesday,True
L02785,86954,LONG,AVAILABLE,0.8631736684857051,AVAILABLE,ALIGNED_SINGLE,AVAILABLE,1.4358692222824527,AVAILABLE,Tuesday,True
L02786,86997,LONG,AVAILABLE,0.6816166484150435,AVAILABLE,ALIGNED_SINGLE,AVAILABLE,3.4693076785978834,AVAILABLE,Tuesday,True
L02787,87159,LONG,AVAILABLE,1.46116590537823,AVAILABLE,AGAINST_SINGLE,AVAILABLE,1.5193876424911148,AVAILABLE,Wednesday,True
L02788,87175,LONG,AVAILABLE,1.9607805902241096,AVAILABLE,AGAINST_SINGLE,AVAILABLE,1.5431986228432941,AVAILABLE,Wednesday,True
L02789,87190,SHORT,AVAILABLE,0.7817783524586348,AVAILABLE,ALIGNED_SINGLE,AVAILABLE,1.8376266993375587,AVAILABLE,Wednesday,True
L02790,87227,LONG,AVAILABLE,0.3665618427111976,AVAILABLE,AGAINST_SINGLE,AVAILABLE,1.8581739934485157,AVAILABLE,Wednesday,True
L02791,87271,SHORT,AVAILABLE,0.8175881105285177,AVAILABLE,ALIGNED_SINGLE,AVAILABLE,1.3774119278862798,AVAILABLE,Wednesday,True
L02792,87288,LONG,AVAILABLE,-0.4651700319071774,AVAILABLE,AGAINST_CONFIRMED,AVAILABLE,0.9792607244648707,AVAILABLE,Wednesday,True
L02793,87309,LONG,AVAILABLE,-0.19209941580415107,AVAILABLE,AGAINST_CONFIRMED,AVAILABLE,1.1643774579433137,AVAILABLE,Wednesday,True
L02794,87315,SHORT,AVAILABLE,0.028233146933022722,AVAILABLE,ALIGNED_CONFIRMED,AVAILABLE,2.425061777520249,AVAILABLE,Thursday,True
L02795,87331,LONG,AVAILABLE,1.1393382249441932,AVAILABLE,AGAINST_CONFIRMED,AVAILABLE,1.8344729318123294,AVAILABLE,Thursday,True
L02796,87358,LONG,AVAILABLE,0.5232992839010413,AVAILABLE,AGAINST_CONFIRMED,AVAILABLE,1.996522568766871,AVAILABLE,Thursday,True
L02797,87416,SHORT,AVAILABLE,0.12625724302593974,AVAILABLE,ALIGNED_CONFIRMED,AVAILABLE,1.4636175119432966,AVAILABLE,Thursday,True
L02798,87450,LONG,AVAILABLE,1.3151063995089536,AVAILABLE,AGAINST_CONFIRMED,AVAILABLE,0.9614312440335463,AVAILABLE,Thursday,True
L02799,87459,SHORT,AVAILABLE,1.8828247407398933,AVAILABLE,ALIGNED_CONFIRMED,AVAILABLE,2.654990764948122,AVAILABLE,Thursday,True
L02800,87466,SHORT,AVAILABLE,1.0506531539744968,AVAILABLE,ALIGNED_CONFIRMED,AVAILABLE,2.27169462182521,AVAILABLE,Thursday,True
L02801,87477,SHORT,AVAILABLE,1.043859382672115,AVAILABLE,ALIGNED_CONFIRMED,AVAILABLE,1.4154683426402497,AVAILABLE,Thursday,True
L02802,87481,SHORT,AVAILABLE,-0.07810528588481208,AVAILABLE,ALIGNED_CONFIRMED,AVAILABLE,1.9087605913936567,AVAILABLE,Thursday,True
L02803,87514,SHORT,AVAILABLE,1.1957939047856692,AVAILABLE,ALIGNED_CONFIRMED,AVAILABLE,1.7391114723159755,AVAILABLE,Thursday,True
L02804,87564,SHORT,AVAILABLE,0.5197213393927131,AVAILABLE,ALIGNED_SINGLE,AVAILABLE,1.2325717916185641,AVAILABLE,Thursday,True
L02805,87595,LONG,AVAILABLE,1.21709040584646,AVAILABLE,NEUTRAL,AVAILABLE,2.234708487924943,AVAILABLE,Friday,True
L02806,87599,SHORT,AVAILABLE,0.5072289105644661,AVAILABLE,NEUTRAL,AVAILABLE,1.443780693825133,AVAILABLE,Friday,True
L02807,87612,LONG,AVAILABLE,1.7032244681690691,AVAILABLE,NEUTRAL,AVAILABLE,2.066246640315866,AVAILABLE,Friday,True
L02808,87626,SHORT,AVAILABLE,0.7695989030578705,AVAILABLE,NEUTRAL,AVAILABLE,1.8738673341600105,AVAILABLE,Friday,True
L02809,87657,LONG,AVAILABLE,1.2836332154553967,AVAILABLE,NEUTRAL,AVAILABLE,1.549951368861073,AVAILABLE,Friday,True
L02810,87698,LONG,AVAILABLE,0.7758640809615037,AVAILABLE,NEUTRAL,AVAILABLE,1.906070783676716,AVAILABLE,Friday,True
L02811,87724,SHORT,AVAILABLE,1.8442314532451387,AVAILABLE,NEUTRAL,AVAILABLE,0.6024131490643879,AVAILABLE,Friday,True
L02812,87727,LONG,AVAILABLE,1.6043872465595799,AVAILABLE,NEUTRAL,AVAILABLE,2.0976028030184057,AVAILABLE,Friday,True
L02813,87736,SHORT,AVAILABLE,1.870544418023339,AVAILABLE,NEUTRAL,AVAILABLE,2.384494840248622,AVAILABLE,Friday,True
L02814,87751,LONG,AVAILABLE,1.743929417469782,AVAILABLE,NEUTRAL,AVAILABLE,2.002276698614709,AVAILABLE,Friday,True
L02815,87763,LONG,AVAILABLE,-0.7512788969342149,AVAILABLE,NEUTRAL,AVAILABLE,3.2257646196791305,AVAILABLE,Friday,True
L02816,87858,LONG,AVAILABLE,1.0276814770536804,AVAILABLE,NEUTRAL,AVAILABLE,1.5707487985435469,AVAILABLE,Sunday,True
L02817,87868,SHORT,AVAILABLE,2.2546712877571116,AVAILABLE,NEUTRAL,AVAILABLE,3.484140604365599,AVAILABLE,Monday,True
L02818,87876,LONG,AVAILABLE,0.473070945268266,AVAILABLE,NEUTRAL,AVAILABLE,2.013875894484,AVAILABLE,Monday,True
L02819,87922,LONG,AVAILABLE,1.1317715156042807,AVAILABLE,NEUTRAL,AVAILABLE,1.5641277006627992,AVAILABLE,Monday,True
L02820,87940,LONG,AVAILABLE,1.7875576946595102,AVAILABLE,NEUTRAL,AVAILABLE,2.324215773628979,AVAILABLE,Monday,True
L02821,88000,LONG,AVAILABLE,-0.2785197102572723,AVAILABLE,NEUTRAL,AVAILABLE,0.8880787546338145,AVAILABLE,Monday,True
L02822,88004,SHORT,AVAILABLE,0.9588143233929987,AVAILABLE,NEUTRAL,AVAILABLE,1.049222684464969,AVAILABLE,Monday,True
L02823,88011,LONG,AVAILABLE,1.1922391372122298,AVAILABLE,NEUTRAL,AVAILABLE,1.2982557275278523,AVAILABLE,Monday,True
L02824,88046,LONG,AVAILABLE,0.9164252671130918,AVAILABLE,NEUTRAL,AVAILABLE,2.213410178469956,AVAILABLE,Monday,True
L02825,88070,LONG,AVAILABLE,1.0843652536889854,AVAILABLE,NEUTRAL,AVAILABLE,2.3236862061259247,AVAILABLE,Monday,True
L02826,88144,LONG,AVAILABLE,-0.03494772865876839,AVAILABLE,AGAINST_SINGLE,AVAILABLE,2.2765491992763147,AVAILABLE,Tuesday,True
L02827,88151,SHORT,AVAILABLE,0.7321672615963681,AVAILABLE,ALIGNED_SINGLE,AVAILABLE,1.1783301793811267,AVAILABLE,Tuesday,True
L02828,88171,SHORT,AVAILABLE,1.1668129854573643,AVAILABLE,ALIGNED_SINGLE,AVAILABLE,1.36440146026277,AVAILABLE,Tuesday,True
L02829,88214,SHORT,AVAILABLE,0.391469342404523,AVAILABLE,ALIGNED_SINGLE,AVAILABLE,1.6409656514522055,AVAILABLE,Tuesday,True
L02830,88284,SHORT,AVAILABLE,0.7414257115420972,AVAILABLE,ALIGNED_SINGLE,AVAILABLE,2.234508474923739,AVAILABLE,Tuesday,True
L02831,88305,SHORT,AVAILABLE,1.0772111364249246,AVAILABLE,ALIGNED_SINGLE,AVAILABLE,2.6670397206809997,AVAILABLE,Tuesday,True
L02832,88392,SHORT,AVAILABLE,0.27754526591438505,AVAILABLE,ALIGNED_SINGLE,AVAILABLE,0.4619095529526832,AVAILABLE,Tuesday,True
L02833,88396,LONG,AVAILABLE,0.30882934243481425,AVAILABLE,AGAINST_SINGLE,AVAILABLE,1.0341046409074426,AVAILABLE,Tuesday,True
L02834,88407,LONG,AVAILABLE,-0.06371814078118024,AVAILABLE,AGAINST_SINGLE,AVAILABLE,1.2190416056906204,AVAILABLE,Tuesday,True
L02835,88417,SHORT,AVAILABLE,0.6393835720022385,AVAILABLE,NEUTRAL,AVAILABLE,1.2079078723156103,AVAILABLE,Wednesday,True
L02836,88429,SHORT,AVAILABLE,0.8840978639544084,AVAILABLE,NEUTRAL,AVAILABLE,1.632367506660046,AVAILABLE,Wednesday,True
L02837,88447,LONG,AVAILABLE,1.9029004607151567,AVAILABLE,NEUTRAL,AVAILABLE,2.126487665635577,AVAILABLE,Wednesday,True
L02838,88466,LONG,AVAILABLE,0.6717290871578528,AVAILABLE,NEUTRAL,AVAILABLE,1.3217891829908515,AVAILABLE,Wednesday,True
L02839,88482,LONG,AVAILABLE,1.073307064170598,AVAILABLE,NEUTRAL,AVAILABLE,1.9412822302791581,AVAILABLE,Wednesday,True
L02840,88494,LONG,AVAILABLE,0.6294699479556501,AVAILABLE,NEUTRAL,AVAILABLE,1.762791653575998,AVAILABLE,Wednesday,True
L02841,88514,LONG,AVAILABLE,-0.19355769007509024,AVAILABLE,NEUTRAL,AVAILABLE,1.4883241321184366,AVAILABLE,Wednesday,True
L02842,88576,SHORT,AVAILABLE,1.0562628092108628,AVAILABLE,NEUTRAL,AVAILABLE,2.508133129950006,AVAILABLE,Wednesday,True
L02843,88619,LONG,AVAILABLE,0.41009035164622487,AVAILABLE,NEUTRAL,AVAILABLE,1.7823113429485946,AVAILABLE,Wednesday,True
L02844,88640,SHORT,AVAILABLE,1.6330581171714647,AVAILABLE,NEUTRAL,AVAILABLE,3.063882289833511,AVAILABLE,Wednesday,True
L02845,88673,SHORT,AVAILABLE,1.061766536423237,AVAILABLE,NEUTRAL,AVAILABLE,1.5509045894457436,AVAILABLE,Wednesday,True
L02846,88695,LONG,AVAILABLE,0.9954850896554945,AVAILABLE,ALIGNED_SINGLE,AVAILABLE,1.0328825838082274,AVAILABLE,Thursday,True
L02847,88700,LONG,AVAILABLE,-0.48709200946422393,AVAILABLE,ALIGNED_SINGLE,AVAILABLE,1.2386218290163742,AVAILABLE,Thursday,True
L02848,88728,LONG,AVAILABLE,0.7161961978030147,AVAILABLE,ALIGNED_SINGLE,AVAILABLE,1.9238233607522641,AVAILABLE,Thursday,True
L02849,88773,LONG,AVAILABLE,0.977714149737831,AVAILABLE,ALIGNED_SINGLE,AVAILABLE,1.7534396030313895,AVAILABLE,Thursday,True
L02850,88829,LONG,AVAILABLE,0.9839771975039989,AVAILABLE,ALIGNED_SINGLE,AVAILABLE,2.2545508896317386,AVAILABLE,Thursday,True
L02851,88836,SHORT,AVAILABLE,1.101336958349007,AVAILABLE,AGAINST_SINGLE,AVAILABLE,1.7092760599426762,AVAILABLE,Thursday,True
L02852,88852,LONG,AVAILABLE,1.4973801633805501,AVAILABLE,ALIGNED_SINGLE,AVAILABLE,3.129528117345209,AVAILABLE,Thursday,True
L02853,88929,LONG,AVAILABLE,1.3161425532959705,AVAILABLE,ALIGNED_SINGLE,AVAILABLE,2.135776757685929,AVAILABLE,Thursday,True
L02854,88973,SHORT,AVAILABLE,1.8263400239562062,AVAILABLE,NEUTRAL,AVAILABLE,2.1577215510374494,AVAILABLE,Friday,True
L02855,88988,SHORT,AVAILABLE,1.7668613566670555,AVAILABLE,NEUTRAL,AVAILABLE,1.4678921354027707,AVAILABLE,Friday,True
L02856,89003,LONG,AVAILABLE,2.2289902996983284,AVAILABLE,NEUTRAL,AVAILABLE,2.074907833932293,AVAILABLE,Friday,True
L02857,89013,SHORT,AVAILABLE,1.0631135978121167,AVAILABLE,NEUTRAL,AVAILABLE,2.888124956074188,AVAILABLE,Friday,True
L02858,89104,LONG,AVAILABLE,1.1678306219901542,AVAILABLE,NEUTRAL,AVAILABLE,0.4355530878825378,AVAILABLE,Friday,True
L02859,89105,SHORT,AVAILABLE,0.06607613764651307,AVAILABLE,NEUTRAL,AVAILABLE,0.7026480985354115,AVAILABLE,Friday,True
L02860,89110,SHORT,AVAILABLE,-0.5396035021881554,AVAILABLE,NEUTRAL,AVAILABLE,1.241382883606166,AVAILABLE,Friday,True
L02861,89130,LONG,AVAILABLE,2.7577018287069404,AVAILABLE,NEUTRAL,AVAILABLE,1.800959204463086,AVAILABLE,Friday,True
L02862,89145,SHORT,AVAILABLE,0.4210149528463289,AVAILABLE,NEUTRAL,AVAILABLE,1.3612386256796143,AVAILABLE,Friday,True
L02863,89165,SHORT,AVAILABLE,0.7668091261864369,AVAILABLE,NEUTRAL,AVAILABLE,1.1118066450285808,AVAILABLE,Friday,True
L02864,89242,LONG,AVAILABLE,0.8805111649876426,AVAILABLE,AGAINST_SINGLE,AVAILABLE,1.3398541624107971,AVAILABLE,Sunday,True
L02865,89243,SHORT,AVAILABLE,0.9597054641411314,AVAILABLE,ALIGNED_SINGLE,AVAILABLE,2.331900708069275,AVAILABLE,Monday,True
L02866,89258,SHORT,AVAILABLE,1.447777570736111,AVAILABLE,ALIGNED_SINGLE,AVAILABLE,2.489300760289116,AVAILABLE,Monday,True
L02867,89285,SHORT,AVAILABLE,1.042090865000706,AVAILABLE,ALIGNED_SINGLE,AVAILABLE,1.7636819950296285,AVAILABLE,Monday,True
L02868,89349,SHORT,AVAILABLE,1.1401597014590439,AVAILABLE,ALIGNED_SINGLE,AVAILABLE,2.209902242735954,AVAILABLE,Monday,True
L02869,89381,LONG,AVAILABLE,3.2325926383331813,AVAILABLE,AGAINST_SINGLE,AVAILABLE,1.0824298733261257,AVAILABLE,Monday,True
L02870,89386,SHORT,AVAILABLE,1.572533922808624,AVAILABLE,ALIGNED_SINGLE,AVAILABLE,3.0982275861583295,AVAILABLE,Monday,True
L02871,89403,LONG,AVAILABLE,0.6895531078339515,AVAILABLE,AGAINST_SINGLE,AVAILABLE,1.0681247515255878,AVAILABLE,Monday,True
L02872,89416,LONG,AVAILABLE,1.5317943781407715,AVAILABLE,AGAINST_SINGLE,AVAILABLE,1.5027347759295586,AVAILABLE,Monday,True
L02873,89499,LONG,AVAILABLE,0.7052209997068888,AVAILABLE,NEUTRAL,AVAILABLE,0.9341717761478089,AVAILABLE,Monday,True
L02874,89501,SHORT,AVAILABLE,-0.4135457731522587,AVAILABLE,NEUTRAL,AVAILABLE,1.0898015358487565,AVAILABLE,Monday,True
L02875,89508,LONG,AVAILABLE,2.34689349208788,AVAILABLE,NEUTRAL,AVAILABLE,1.6853694271223478,AVAILABLE,Monday,True
L02876,89538,SHORT,AVAILABLE,0.8275391683439429,AVAILABLE,NEUTRAL,AVAILABLE,2.063077629224503,AVAILABLE,Tuesday,True
L02877,89570,SHORT,AVAILABLE,0.9081287499016049,AVAILABLE,NEUTRAL,AVAILABLE,1.8696933082659255,AVAILABLE,Tuesday,True
L02878,89605,SHORT,AVAILABLE,1.5033050550518774,AVAILABLE,NEUTRAL,AVAILABLE,2.4896465434221113,AVAILABLE,Tuesday,True
L02879,89665,LONG,AVAILABLE,0.9847890419045994,AVAILABLE,NEUTRAL,AVAILABLE,1.3393601366219159,AVAILABLE,Tuesday,True
L02880,89669,SHORT,AVAILABLE,-0.15376245893336185,AVAILABLE,NEUTRAL,AVAILABLE,1.5291578526196041,AVAILABLE,Tuesday,True
L02881,89672,LONG,AVAILABLE,0.0995610329427745,AVAILABLE,NEUTRAL,AVAILABLE,1.730427764598149,AVAILABLE,Tuesday,True
L02882,89687,LONG,AVAILABLE,1.1139399895453952,AVAILABLE,NEUTRAL,AVAILABLE,1.70590124670536,AVAILABLE,Tuesday,True
L02883,89708,SHORT,AVAILABLE,1.5382234276680538,AVAILABLE,NEUTRAL,AVAILABLE,1.9016558384745483,AVAILABLE,Tuesday,True
L02884,89763,SHORT,AVAILABLE,0.8455318630261515,AVAILABLE,NEUTRAL,AVAILABLE,1.4849135576691794,AVAILABLE,Tuesday,True
L02885,89774,LONG,AVAILABLE,0.6632294159568786,AVAILABLE,ALIGNED_SINGLE,AVAILABLE,1.3540162710114318,AVAILABLE,Tuesday,True
L02886,89780,SHORT,AVAILABLE,1.1182233261794599,AVAILABLE,AGAINST_SINGLE,AVAILABLE,1.3908881883070718,AVAILABLE,Tuesday,True
L02887,89840,SHORT,AVAILABLE,0.5174572835394216,AVAILABLE,AGAINST_CONFIRMED,AVAILABLE,2.016755564092849,AVAILABLE,Wednesday,True
L02888,89855,LONG,AVAILABLE,0.6234566945644687,AVAILABLE,ALIGNED_CONFIRMED,AVAILABLE,16.890044784382255,AVAILABLE,Wednesday,True
L02889,90213,LONG,AVAILABLE,1.1619765992137776,AVAILABLE,ALIGNED_CONFIRMED,AVAILABLE,2.5471460169786537,AVAILABLE,Thursday,True
L02890,90233,LONG,AVAILABLE,2.100068395469992,AVAILABLE,ALIGNED_CONFIRMED,AVAILABLE,2.7407382609699984,AVAILABLE,Thursday,True
L02891,90243,LONG,AVAILABLE,0.8244166332899425,AVAILABLE,ALIGNED_CONFIRMED,AVAILABLE,1.3513308286648853,AVAILABLE,Thursday,True
L02892,90325,LONG,AVAILABLE,-0.07845956202582836,AVAILABLE,ALIGNED_SINGLE,AVAILABLE,0.2204673291265676,AVAILABLE,Thursday,True
L02893,90331,SHORT,AVAILABLE,0.3364804068483779,AVAILABLE,AGAINST_SINGLE,AVAILABLE,0.7328852960658073,AVAILABLE,Thursday,True
L02894,90339,LONG,AVAILABLE,0.443292830388167,AVAILABLE,ALIGNED_SINGLE,AVAILABLE,0.9361393763170412,AVAILABLE,Thursday,True
L02895,90352,LONG,AVAILABLE,1.9238561428848637,AVAILABLE,NEUTRAL,AVAILABLE,2.068726514834314,AVAILABLE,Friday,True
L02896,90359,SHORT,AVAILABLE,1.6446544957859413,AVAILABLE,NEUTRAL,AVAILABLE,1.1257591866049301,AVAILABLE,Friday,True
L02897,90367,LONG,AVAILABLE,1.9569742277368627,AVAILABLE,NEUTRAL,AVAILABLE,1.5928359541919717,AVAILABLE,Friday,True
L02898,90400,LONG,AVAILABLE,0.5738691841103746,AVAILABLE,NEUTRAL,AVAILABLE,2.3728635678857057,AVAILABLE,Friday,True
L02899,90413,LONG,AVAILABLE,1.9918642337003911,AVAILABLE,NEUTRAL,AVAILABLE,1.7087439907432187,AVAILABLE,Friday,True
L02900,90420,LONG,AVAILABLE,0.9596002654156404,AVAILABLE,NEUTRAL,AVAILABLE,1.1961061766484595,AVAILABLE,Friday,True
L02901,90460,SHORT,AVAILABLE,0.2673543295073212,AVAILABLE,NEUTRAL,AVAILABLE,2.093418354714226,AVAILABLE,Friday,True
L02902,90475,SHORT,AVAILABLE,1.138294446102457,AVAILABLE,NEUTRAL,AVAILABLE,1.6931723306869175,AVAILABLE,Friday,True
L02903,90490,LONG,AVAILABLE,0.7399275455242473,AVAILABLE,NEUTRAL,AVAILABLE,1.5469852720788762,AVAILABLE,Friday,True
L02904,90510,LONG,AVAILABLE,2.0729274491319427,AVAILABLE,NEUTRAL,AVAILABLE,1.5169567455123794,AVAILABLE,Friday,True
L02905,90522,SHORT,AVAILABLE,0.6935091991879152,AVAILABLE,NEUTRAL,AVAILABLE,1.630709658388554,AVAILABLE,Friday,True
L02906,90544,SHORT,AVAILABLE,0.2502723786046197,AVAILABLE,NEUTRAL,AVAILABLE,1.6312381405146235,AVAILABLE,Friday,True
L02907,90613,SHORT,AVAILABLE,1.2018471415418321,AVAILABLE,ALIGNED_SINGLE,AVAILABLE,2.736927492558316,AVAILABLE,Sunday,True
L02908,90628,SHORT,AVAILABLE,3.6407932226362427,AVAILABLE,ALIGNED_SINGLE,AVAILABLE,3.0827435313237883,AVAILABLE,Monday,True
L02909,90786,LONG,AVAILABLE,0.2984708073177275,AVAILABLE,AGAINST_SINGLE,AVAILABLE,1.5422983378911792,AVAILABLE,Monday,True
L02910,90802,LONG,AVAILABLE,1.3697658642192683,AVAILABLE,AGAINST_SINGLE,AVAILABLE,1.5861981150115627,AVAILABLE,Monday,True
L02911,90877,SHORT,AVAILABLE,-0.11899754213351216,AVAILABLE,NEUTRAL,AVAILABLE,1.2821943106244327,AVAILABLE,Monday,True
L02912,90898,LONG,AVAILABLE,0.5414981780632572,AVAILABLE,NEUTRAL,AVAILABLE,1.4658020179245637,AVAILABLE,Monday,True
L02913,90936,LONG,AVAILABLE,0.5599190491316072,AVAILABLE,NEUTRAL,AVAILABLE,1.4337090256429783,AVAILABLE,Tuesday,True
L02914,90969,LONG,AVAILABLE,1.9559008464245908,AVAILABLE,NEUTRAL,AVAILABLE,2.1789438367153267,AVAILABLE,Tuesday,True
L02915,91029,LONG,AVAILABLE,1.387703019718382,AVAILABLE,NEUTRAL,AVAILABLE,1.9104246551135773,AVAILABLE,Tuesday,True
L02916,91049,SHORT,AVAILABLE,0.44181813716060353,AVAILABLE,NEUTRAL,AVAILABLE,1.2800480586190992,AVAILABLE,Tuesday,True
L02917,91054,SHORT,AVAILABLE,0.8604829493692041,AVAILABLE,NEUTRAL,AVAILABLE,1.6595569563472299,AVAILABLE,Tuesday,True
L02918,91068,LONG,AVAILABLE,0.5015921422437402,AVAILABLE,NEUTRAL,AVAILABLE,1.4194550850923706,AVAILABLE,Tuesday,True
L02919,91076,LONG,AVAILABLE,1.3422389348140495,AVAILABLE,NEUTRAL,AVAILABLE,2.1627286260093914,AVAILABLE,Tuesday,True
L02920,91099,SHORT,AVAILABLE,0.39573644366069693,AVAILABLE,NEUTRAL,AVAILABLE,1.3560775322716838,AVAILABLE,Tuesday,True
L02921,91165,LONG,AVAILABLE,1.1780378288911288,AVAILABLE,NEUTRAL,AVAILABLE,1.8580948945707787,AVAILABLE,Tuesday,True
L02922,91184,SHORT,AVAILABLE,0.73152785436463,AVAILABLE,ALIGNED_SINGLE,AVAILABLE,1.6776266549516026,AVAILABLE,Wednesday,True
L02923,91192,LONG,AVAILABLE,1.0876179680985878,AVAILABLE,AGAINST_SINGLE,AVAILABLE,1.7028740964105868,AVAILABLE,Wednesday,True
L02924,91209,SHORT,AVAILABLE,1.05909746302189,AVAILABLE,ALIGNED_SINGLE,AVAILABLE,1.6429085980342986,AVAILABLE,Wednesday,True
L02925,91269,SHORT,AVAILABLE,0.8841115359352741,AVAILABLE,ALIGNED_SINGLE,AVAILABLE,1.2822204920248084,AVAILABLE,Wednesday,True
L02926,91319,SHORT,AVAILABLE,1.5238926621395026,AVAILABLE,ALIGNED_SINGLE,AVAILABLE,1.7010838335621958,AVAILABLE,Wednesday,True
L02927,91330,LONG,AVAILABLE,0.40817612038660256,AVAILABLE,AGAINST_SINGLE,AVAILABLE,3.318494756269538,AVAILABLE,Wednesday,True
L02928,91347,LONG,AVAILABLE,1.6983769033436678,AVAILABLE,AGAINST_SINGLE,AVAILABLE,2.2943849825106444,AVAILABLE,Wednesday,True
L02929,91397,SHORT,AVAILABLE,1.2369421688295466,AVAILABLE,ALIGNED_SINGLE,AVAILABLE,2.6613514414911137,AVAILABLE,Wednesday,True
L02930,91407,SHORT,AVAILABLE,0.7820282028004789,AVAILABLE,ALIGNED_SINGLE,AVAILABLE,2.292573352685492,AVAILABLE,Wednesday,True
L02931,91449,SHORT,AVAILABLE,0.9661751514459508,AVAILABLE,ALIGNED_SINGLE,AVAILABLE,2.1074945980015927,AVAILABLE,Wednesday,True
L02932,91463,LONG,AVAILABLE,3.5078431347886863,AVAILABLE,NEUTRAL,AVAILABLE,1.8648666855173142,AVAILABLE,Thursday,True
L02933,91517,LONG,AVAILABLE,1.3849117090254284,AVAILABLE,NEUTRAL,AVAILABLE,2.2497261099854073,AVAILABLE,Thursday,True
L02934,91527,LONG,AVAILABLE,0.2430255411714174,AVAILABLE,NEUTRAL,AVAILABLE,1.563949651741765,AVAILABLE,Thursday,True
L02935,91588,SHORT,AVAILABLE,0.4078783871870083,AVAILABLE,NEUTRAL,AVAILABLE,0.7157301864206312,AVAILABLE,Thursday,True
L02936,91598,SHORT,AVAILABLE,0.6624953265182534,AVAILABLE,NEUTRAL,AVAILABLE,0.9801830634371154,AVAILABLE,Thursday,True
L02937,91602,LONG,AVAILABLE,0.2724746993430474,AVAILABLE,NEUTRAL,AVAILABLE,1.035821021168168,AVAILABLE,Thursday,True
L02938,91609,LONG,AVAILABLE,1.2354697659714158,AVAILABLE,NEUTRAL,AVAILABLE,1.412153116840854,AVAILABLE,Thursday,True
L02939,91622,SHORT,AVAILABLE,1.7101749297354487,AVAILABLE,NEUTRAL,AVAILABLE,2.7583094291804477,AVAILABLE,Thursday,True
L02940,91844,LONG,AVAILABLE,1.3609465876156412,AVAILABLE,ALIGNED_SINGLE,AVAILABLE,1.479126459273278,AVAILABLE,Friday,True
L02941,91887,LONG,AVAILABLE,1.7224782828512804,AVAILABLE,ALIGNED_SINGLE,AVAILABLE,1.7317785231067044,AVAILABLE,Friday,True
L02942,91897,LONG,AVAILABLE,1.0165842258348061,AVAILABLE,ALIGNED_SINGLE,AVAILABLE,1.7132370505154804,AVAILABLE,Friday,True
L02943,91990,SHORT,AVAILABLE,0.6503200324479387,AVAILABLE,NEUTRAL,AVAILABLE,3.320324030764424,AVAILABLE,Sunday,True
L02944,92026,LONG,AVAILABLE,1.0045607327384123,AVAILABLE,NEUTRAL,AVAILABLE,1.3882544883725245,AVAILABLE,Monday,True
L02945,92120,LONG,AVAILABLE,2.1592427845589888,AVAILABLE,NEUTRAL,AVAILABLE,2.2075760188658875,AVAILABLE,Monday,True
L02946,92135,LONG,AVAILABLE,0.9488443962577372,AVAILABLE,NEUTRAL,AVAILABLE,1.72704126049392,AVAILABLE,Monday,True
L02947,92141,LONG,AVAILABLE,0.8345093228274006,AVAILABLE,NEUTRAL,AVAILABLE,1.4169909861987788,AVAILABLE,Monday,True
L02948,92149,SHORT,AVAILABLE,1.7205601681831975,AVAILABLE,NEUTRAL,AVAILABLE,2.1381036132077083,AVAILABLE,Monday,True
L02949,92173,LONG,AVAILABLE,0.136440713760296,AVAILABLE,NEUTRAL,AVAILABLE,2.2967942858898107,AVAILABLE,Monday,True
L02950,92261,LONG,AVAILABLE,0.9499290151554504,AVAILABLE,AGAINST_SINGLE,AVAILABLE,1.455880682721427,AVAILABLE,Monday,True
L02951,92286,SHORT,AVAILABLE,0.3565776857604373,AVAILABLE,ALIGNED_SINGLE,AVAILABLE,3.282371674987006,AVAILABLE,Tuesday,True
L02952,92298,LONG,AVAILABLE,1.0163719326881098,AVAILABLE,AGAINST_SINGLE,AVAILABLE,2.15172002701405,AVAILABLE,Tuesday,True
L02953,92379,SHORT,AVAILABLE,1.6970347867264397,AVAILABLE,ALIGNED_SINGLE,AVAILABLE,2.0480909966948593,AVAILABLE,Tuesday,True
L02954,92424,SHORT,AVAILABLE,2.2090009692991,AVAILABLE,ALIGNED_SINGLE,AVAILABLE,3.2202995324807193,AVAILABLE,Tuesday,True
L02955,92434,SHORT,AVAILABLE,1.3107607460674802,AVAILABLE,ALIGNED_SINGLE,AVAILABLE,2.236797518683212,AVAILABLE,Tuesday,True
L02956,92450,SHORT,AVAILABLE,0.6228573215713261,AVAILABLE,ALIGNED_SINGLE,AVAILABLE,1.3734717973116508,AVAILABLE,Tuesday,True
L02957,92488,SHORT,AVAILABLE,1.0796045545032484,AVAILABLE,ALIGNED_SINGLE,AVAILABLE,2.4190499465126907,AVAILABLE,Tuesday,True
L02958,92532,SHORT,AVAILABLE,0.034473471402399716,AVAILABLE,NEUTRAL,AVAILABLE,0.46245680841575704,AVAILABLE,Tuesday,True
L02959,92535,LONG,AVAILABLE,0.27797433559108803,AVAILABLE,NEUTRAL,AVAILABLE,0.7563048753359715,AVAILABLE,Tuesday,True
L02960,92542,SHORT,AVAILABLE,2.925160570787048,AVAILABLE,NEUTRAL,AVAILABLE,2.1844599982318402,AVAILABLE,Tuesday,True
L02961,92554,LONG,AVAILABLE,1.0076965495478416,AVAILABLE,NEUTRAL,AVAILABLE,2.221066935574146,AVAILABLE,Tuesday,True
L02962,92610,SHORT,AVAILABLE,1.0809476557309903,AVAILABLE,NEUTRAL,AVAILABLE,1.6520178797005367,AVAILABLE,Wednesday,True
L02963,92640,SHORT,AVAILABLE,0.9098763583920432,AVAILABLE,NEUTRAL,AVAILABLE,1.555946177261874,AVAILABLE,Wednesday,True
L02964,92707,SHORT,AVAILABLE,1.6999257467663498,AVAILABLE,NEUTRAL,AVAILABLE,2.882804562510504,AVAILABLE,Wednesday,True
L02965,92744,SHORT,AVAILABLE,0.648989608065982,AVAILABLE,NEUTRAL,AVAILABLE,1.712040093497612,AVAILABLE,Wednesday,True
L02966,92784,SHORT,AVAILABLE,0.8039043216987485,AVAILABLE,NEUTRAL,AVAILABLE,1.975827336294709,AVAILABLE,Wednesday,True
L02967,92808,SHORT,AVAILABLE,-0.5417401944166771,AVAILABLE,AGAINST_SINGLE,AVAILABLE,1.8402431882801866,AVAILABLE,Wednesday,True
L02968,92831,SHORT,AVAILABLE,1.2078414085008258,AVAILABLE,AGAINST_CONFIRMED,AVAILABLE,2.5655329805069047,AVAILABLE,Thursday,True
L02969,92845,SHORT,AVAILABLE,1.133211971035727,AVAILABLE,AGAINST_CONFIRMED,AVAILABLE,1.8440652573098877,AVAILABLE,Thursday,True
L02970,92861,SHORT,AVAILABLE,0.9285401845431022,AVAILABLE,AGAINST_CONFIRMED,AVAILABLE,1.5430488323386444,AVAILABLE,Thursday,True
L02971,92974,LONG,AVAILABLE,0.5689786151443477,AVAILABLE,ALIGNED_CONFIRMED,AVAILABLE,1.909763927870895,AVAILABLE,Thursday,True
L02972,92980,LONG,AVAILABLE,1.0669822528786774,AVAILABLE,ALIGNED_CONFIRMED,AVAILABLE,1.550231368974247,AVAILABLE,Thursday,True
L02973,92984,SHORT,AVAILABLE,2.0772512514038235,AVAILABLE,AGAINST_CONFIRMED,AVAILABLE,1.4014301374947395,AVAILABLE,Thursday,True
L02974,92993,LONG,AVAILABLE,0.8663587282252985,AVAILABLE,ALIGNED_CONFIRMED,AVAILABLE,2.5871152654422023,AVAILABLE,Thursday,True
L02975,93003,SHORT,AVAILABLE,0.3701494826795791,AVAILABLE,AGAINST_CONFIRMED,AVAILABLE,1.6389038287958866,AVAILABLE,Thursday,True
L02976,93032,LONG,AVAILABLE,0.6498086372884739,AVAILABLE,ALIGNED_CONFIRMED,AVAILABLE,1.9469705471100558,AVAILABLE,Thursday,True
L02977,93086,LONG,AVAILABLE,1.1449310458425666,AVAILABLE,ALIGNED_CONFIRMED,AVAILABLE,1.0731223854697227,AVAILABLE,Thursday,True
L02978,93109,SHORT,AVAILABLE,2.2498314007147613,AVAILABLE,AGAINST_SINGLE,AVAILABLE,1.7731442464970781,AVAILABLE,Friday,True
L02979,93119,LONG,AVAILABLE,2.1073953291497554,AVAILABLE,ALIGNED_SINGLE,AVAILABLE,1.9299495377550584,AVAILABLE,Friday,True
L02980,93138,SHORT,AVAILABLE,1.6034490888476076,AVAILABLE,AGAINST_SINGLE,AVAILABLE,1.291773775488542,AVAILABLE,Friday,True
L02981,93163,SHORT,AVAILABLE,0.2695104738918786,AVAILABLE,AGAINST_SINGLE,AVAILABLE,1.1843543991750525,AVAILABLE,Friday,True
L02982,93195,SHORT,AVAILABLE,0.6583981267404718,AVAILABLE,AGAINST_SINGLE,AVAILABLE,1.7813309140733289,AVAILABLE,Friday,True
L02983,93221,SHORT,AVAILABLE,0.42232014277603086,AVAILABLE,AGAINST_SINGLE,AVAILABLE,2.200188832646804,AVAILABLE,Friday,True
L02984,93229,SHORT,AVAILABLE,1.395747990982219,AVAILABLE,AGAINST_SINGLE,AVAILABLE,1.665720196948579,AVAILABLE,Friday,True
L02985,93250,SHORT,AVAILABLE,0.27568332451161853,AVAILABLE,AGAINST_SINGLE,AVAILABLE,1.1834117751344493,AVAILABLE,Friday,True
L02986,93257,LONG,AVAILABLE,4.762935783215602,AVAILABLE,ALIGNED_SINGLE,AVAILABLE,2.3219235452334464,AVAILABLE,Friday,True
L02987,93266,SHORT,AVAILABLE,0.00344017629730344,AVAILABLE,AGAINST_SINGLE,AVAILABLE,2.547572430660253,AVAILABLE,Friday,True
L02988,93408,LONG,AVAILABLE,0.5688345125074019,AVAILABLE,ALIGNED_SINGLE,AVAILABLE,1.7636235435727825,AVAILABLE,Monday,True
L02989,93465,SHORT,AVAILABLE,0.2141974519566645,AVAILABLE,AGAINST_SINGLE,AVAILABLE,1.68995138129442,AVAILABLE,Monday,True
L02990,93494,LONG,AVAILABLE,2.23782750151149,AVAILABLE,ALIGNED_SINGLE,AVAILABLE,2.0095613769589367,AVAILABLE,Monday,True
L02991,93509,LONG,AVAILABLE,1.0039506081715182,AVAILABLE,ALIGNED_SINGLE,AVAILABLE,1.721821307186791,AVAILABLE,Monday,True
L02992,93520,SHORT,AVAILABLE,0.7747602245653374,AVAILABLE,AGAINST_SINGLE,AVAILABLE,1.2219729646560933,AVAILABLE,Monday,True
L02993,93526,LONG,AVAILABLE,2.0113596156685776,AVAILABLE,ALIGNED_SINGLE,AVAILABLE,1.9879915194832094,AVAILABLE,Monday,True
L02994,93554,SHORT,AVAILABLE,0.9486808689811543,AVAILABLE,AGAINST_SINGLE,AVAILABLE,1.3601890333072655,AVAILABLE,Monday,True
L02995,93570,SHORT,AVAILABLE,1.1775628376675267,AVAILABLE,AGAINST_SINGLE,AVAILABLE,1.5490634431235337,AVAILABLE,Monday,True
L02996,93595,SHORT,AVAILABLE,1.3443203607895402,AVAILABLE,AGAINST_SINGLE,AVAILABLE,1.9692447185204491,AVAILABLE,Monday,True
L02997,93621,SHORT,AVAILABLE,1.1605765743521237,AVAILABLE,AGAINST_SINGLE,AVAILABLE,2.141129550462375,AVAILABLE,Monday,True
L02998,93642,SHORT,AVAILABLE,2.4594055388376503,AVAILABLE,AGAINST_SINGLE,AVAILABLE,2.2807153211595055,AVAILABLE,Tuesday,True
L02999,93661,SHORT,AVAILABLE,1.5597476159805344,AVAILABLE,AGAINST_SINGLE,AVAILABLE,1.6449958026146723,AVAILABLE,Tuesday,True
L03000,93726,LONG,AVAILABLE,0.6899416245065525,AVAILABLE,ALIGNED_SINGLE,AVAILABLE,0.8629067616023591,AVAILABLE,Tuesday,True
L03001,93769,SHORT,AVAILABLE,0.3997622312734648,AVAILABLE,AGAINST_SINGLE,AVAILABLE,1.515476636656028,AVAILABLE,Tuesday,True
L03002,93775,LONG,AVAILABLE,1.282889108985096,AVAILABLE,ALIGNED_SINGLE,AVAILABLE,0.9710815295749322,AVAILABLE,Tuesday,True
L03003,93778,SHORT,AVAILABLE,0.8240487727035626,AVAILABLE,AGAINST_SINGLE,AVAILABLE,1.5825005326825505,AVAILABLE,Tuesday,True
L03004,93792,SHORT,AVAILABLE,0.3065982190350607,AVAILABLE,AGAINST_SINGLE,AVAILABLE,1.104965553912914,AVAILABLE,Tuesday,True
L03005,93795,SHORT,AVAILABLE,-0.4211756846375933,AVAILABLE,AGAINST_SINGLE,AVAILABLE,0.9671757764820256,AVAILABLE,Tuesday,True
L03006,93804,LONG,AVAILABLE,0.7167929196522228,AVAILABLE,ALIGNED_SINGLE,AVAILABLE,1.0872507714787931,AVAILABLE,Tuesday,True
L03007,93811,SHORT,AVAILABLE,0.6792724912751724,AVAILABLE,AGAINST_SINGLE,AVAILABLE,1.9661036800254783,AVAILABLE,Tuesday,True
L03008,93821,LONG,AVAILABLE,1.2511675426784956,AVAILABLE,ALIGNED_SINGLE,AVAILABLE,2.1219729991657656,AVAILABLE,Tuesday,True
L03009,93853,LONG,AVAILABLE,1.3993966033153626,AVAILABLE,ALIGNED_SINGLE,AVAILABLE,1.8755480160416853,AVAILABLE,Tuesday,True
L03010,93892,SHORT,AVAILABLE,0.7918261768297992,AVAILABLE,AGAINST_SINGLE,AVAILABLE,1.5298614051327244,AVAILABLE,Tuesday,True
L03011,93897,LONG,AVAILABLE,1.6157149555102948,AVAILABLE,ALIGNED_SINGLE,AVAILABLE,2.0488016890334824,AVAILABLE,Tuesday,True
L03012,93946,SHORT,AVAILABLE,1.5082882121074601,AVAILABLE,AGAINST_SINGLE,AVAILABLE,2.0766907541660546,AVAILABLE,Wednesday,True
L03013,94024,SHORT,AVAILABLE,0.8740017073468983,AVAILABLE,AGAINST_SINGLE,AVAILABLE,2.7030935718809874,AVAILABLE,Wednesday,True
L03014,94055,LONG,AVAILABLE,3.7287751366124575,AVAILABLE,ALIGNED_SINGLE,AVAILABLE,1.5971507240656266,AVAILABLE,Wednesday,True
L03015,94064,SHORT,AVAILABLE,1.5801574525698319,AVAILABLE,AGAINST_SINGLE,AVAILABLE,1.7108976316539608,AVAILABLE,Wednesday,True
L03016,94170,LONG,AVAILABLE,1.2822951221846923,AVAILABLE,ALIGNED_SINGLE,AVAILABLE,1.7340670075918108,AVAILABLE,Wednesday,True
L03017,94193,SHORT,AVAILABLE,2.0077313989469565,AVAILABLE,AGAINST_SINGLE,AVAILABLE,3.4718992296420836,AVAILABLE,Thursday,True
L03018,94244,LONG,AVAILABLE,1.6157850788527905,AVAILABLE,ALIGNED_SINGLE,AVAILABLE,1.6626421925365344,AVAILABLE,Thursday,True
L03019,94264,LONG,AVAILABLE,1.6787778693975275,AVAILABLE,ALIGNED_SINGLE,AVAILABLE,1.9682390544374324,AVAILABLE,Thursday,True
L03020,94283,LONG,AVAILABLE,1.543248527566788,AVAILABLE,ALIGNED_SINGLE,AVAILABLE,1.5097968079287871,AVAILABLE,Thursday,True
L03021,94319,SHORT,AVAILABLE,1.6744709540408875,AVAILABLE,AGAINST_SINGLE,AVAILABLE,1.2598920141077155,AVAILABLE,Thursday,True
L03022,94327,LONG,AVAILABLE,1.6449006268009578,AVAILABLE,ALIGNED_SINGLE,AVAILABLE,1.434612861603267,AVAILABLE,Thursday,True
L03023,94341,SHORT,AVAILABLE,0.32619085092363026,AVAILABLE,AGAINST_SINGLE,AVAILABLE,1.5700346823124247,AVAILABLE,Thursday,True
L03024,94357,LONG,AVAILABLE,0.40054172144707384,AVAILABLE,ALIGNED_SINGLE,AVAILABLE,2.297953103011721,AVAILABLE,Thursday,True
L03025,94379,LONG,AVAILABLE,1.137630799286078,AVAILABLE,ALIGNED_SINGLE,AVAILABLE,1.709298815176639,AVAILABLE,Thursday,True
L03026,94427,LONG,AVAILABLE,0.3819948912973723,AVAILABLE,ALIGNED_SINGLE,AVAILABLE,2.241712713052799,AVAILABLE,Thursday,True
L03027,94443,SHORT,AVAILABLE,0.523890982668338,AVAILABLE,NEUTRAL,AVAILABLE,2.1133101675923704,AVAILABLE,Thursday,True
L03028,94456,SHORT,AVAILABLE,0.9598787342104174,AVAILABLE,NEUTRAL,AVAILABLE,1.235928389851577,AVAILABLE,Thursday,True
L03029,94488,LONG,AVAILABLE,0.7021718819297273,AVAILABLE,NEUTRAL,AVAILABLE,1.1378338848578973,AVAILABLE,Friday,True
L03030,94610,SHORT,AVAILABLE,1.5602582965430853,AVAILABLE,NEUTRAL,AVAILABLE,3.0255824687490236,AVAILABLE,Friday,True
L03031,94624,SHORT,AVAILABLE,1.9325357346798324,AVAILABLE,NEUTRAL,AVAILABLE,2.2020586788352463,AVAILABLE,Friday,True
L03032,94711,LONG,AVAILABLE,0.2244163086557576,AVAILABLE,NEUTRAL,AVAILABLE,1.0752702826661702,AVAILABLE,Sunday,True
L03033,94713,SHORT,AVAILABLE,-0.2716240425958609,AVAILABLE,NEUTRAL,AVAILABLE,1.5314198988918004,AVAILABLE,Sunday,True
L03034,94724,SHORT,AVAILABLE,1.9251551074870514,AVAILABLE,NEUTRAL,AVAILABLE,2.1516239465748557,AVAILABLE,Sunday,True
L03035,94734,LONG,AVAILABLE,0.8013180716326941,AVAILABLE,NEUTRAL,AVAILABLE,1.7213001320802634,AVAILABLE,Monday,True
L03036,94753,SHORT,AVAILABLE,2.0459882413280064,AVAILABLE,NEUTRAL,AVAILABLE,2.5511411236434203,AVAILABLE,Monday,True
L03037,94874,SHORT,AVAILABLE,1.0699005134051802,AVAILABLE,NEUTRAL,AVAILABLE,1.082937182449374,AVAILABLE,Monday,True
L03038,94892,LONG,AVAILABLE,0.3474279535746259,AVAILABLE,NEUTRAL,AVAILABLE,1.916836925066513,AVAILABLE,Monday,True
L03039,94922,SHORT,AVAILABLE,1.0980771530472742,AVAILABLE,NEUTRAL,AVAILABLE,1.4085337389364672,AVAILABLE,Monday,True
L03040,94932,SHORT,AVAILABLE,0.4088072368234408,AVAILABLE,NEUTRAL,AVAILABLE,1.0461213347280907,AVAILABLE,Monday,True
L03041,94987,SHORT,AVAILABLE,0.05310794162518556,AVAILABLE,NEUTRAL,AVAILABLE,1.1881326969670103,AVAILABLE,Monday,True
L03042,94995,LONG,AVAILABLE,1.1321732387886037,AVAILABLE,NEUTRAL,AVAILABLE,1.2852799514269395,AVAILABLE,Monday,True
L03043,95000,LONG,AVAILABLE,1.1263914221214935,AVAILABLE,NEUTRAL,AVAILABLE,1.6469048294963011,AVAILABLE,Monday,True
L03044,95011,SHORT,AVAILABLE,0.983348261110449,AVAILABLE,NEUTRAL,AVAILABLE,2.5753262504059657,AVAILABLE,Tuesday,True
L03045,95024,SHORT,AVAILABLE,1.222780888308669,AVAILABLE,NEUTRAL,AVAILABLE,1.588851904016475,AVAILABLE,Tuesday,True
L03046,95046,LONG,AVAILABLE,1.2684791740839505,AVAILABLE,NEUTRAL,AVAILABLE,1.6582777523392458,AVAILABLE,Tuesday,True
L03047,95066,LONG,AVAILABLE,0.2728514872612563,AVAILABLE,NEUTRAL,AVAILABLE,1.3802146939851492,AVAILABLE,Tuesday,True
L03048,95078,LONG,AVAILABLE,0.5763280038009535,AVAILABLE,NEUTRAL,AVAILABLE,1.7687922539234524,AVAILABLE,Tuesday,True
L03049,95153,LONG,AVAILABLE,1.5109451635187128,AVAILABLE,NEUTRAL,AVAILABLE,1.2413408008205487,AVAILABLE,Tuesday,True
L03050,95155,SHORT,AVAILABLE,-0.1616851702278838,AVAILABLE,NEUTRAL,AVAILABLE,1.1376935532200685,AVAILABLE,Tuesday,True
L03051,95162,SHORT,AVAILABLE,0.661573320483597,AVAILABLE,NEUTRAL,AVAILABLE,1.7132607945828253,AVAILABLE,Tuesday,True
L03052,95172,LONG,AVAILABLE,0.8980275864080208,AVAILABLE,NEUTRAL,AVAILABLE,0.7660850850036999,AVAILABLE,Tuesday,True
L03053,95202,LONG,AVAILABLE,0.5475462615308263,AVAILABLE,NEUTRAL,AVAILABLE,1.8119093538265256,AVAILABLE,Tuesday,True
L03054,95265,SHORT,AVAILABLE,0.5698029768525432,AVAILABLE,NEUTRAL,AVAILABLE,0.8930788306522478,AVAILABLE,Tuesday,True
L03055,95284,LONG,AVAILABLE,1.3650542841012188,AVAILABLE,NEUTRAL,AVAILABLE,1.4129584842579679,AVAILABLE,Tuesday,True
L03056,95297,SHORT,AVAILABLE,1.2762279050939414,AVAILABLE,NEUTRAL,AVAILABLE,1.531774343761173,AVAILABLE,Wednesday,True
L03057,95299,LONG,AVAILABLE,-0.1685463397024571,AVAILABLE,NEUTRAL,AVAILABLE,2.6222324892583955,AVAILABLE,Wednesday,True
L03058,95320,SHORT,AVAILABLE,0.20630622023326825,AVAILABLE,NEUTRAL,AVAILABLE,1.4398473571347201,AVAILABLE,Wednesday,True
L03059,95388,SHORT,AVAILABLE,0.6229561734299,AVAILABLE,NEUTRAL,AVAILABLE,1.3125804944705015,AVAILABLE,Wednesday,True
L03060,95424,SHORT,AVAILABLE,0.41442134779220446,AVAILABLE,NEUTRAL,AVAILABLE,1.323470953529835,AVAILABLE,Wednesday,True
L03061,95431,LONG,AVAILABLE,0.5342576380180929,AVAILABLE,NEUTRAL,AVAILABLE,1.4504367557845617,AVAILABLE,Wednesday,True
L03062,95470,SHORT,AVAILABLE,0.151159354817871,AVAILABLE,NEUTRAL,AVAILABLE,2.018708122699529,AVAILABLE,Wednesday,True
L03063,95483,SHORT,AVAILABLE,1.0554332044258092,AVAILABLE,NEUTRAL,AVAILABLE,1.2119852172931975,AVAILABLE,Wednesday,True
L03064,95544,SHORT,AVAILABLE,0.33963612335138227,AVAILABLE,NEUTRAL,AVAILABLE,2.029334749462761,AVAILABLE,Wednesday,True
L03065,95564,LONG,AVAILABLE,1.1309342863507572,AVAILABLE,NEUTRAL,AVAILABLE,1.4223642145891302,AVAILABLE,Thursday,True
L03066,95586,LONG,AVAILABLE,1.2726828151150873,AVAILABLE,NEUTRAL,AVAILABLE,1.8246502435928678,AVAILABLE,Thursday,True
L03067,95634,LONG,AVAILABLE,1.7113355632680707,AVAILABLE,NEUTRAL,AVAILABLE,1.4647842291313313,AVAILABLE,Thursday,True
L03068,95714,LONG,AVAILABLE,1.0311498702055313,AVAILABLE,NEUTRAL,AVAILABLE,2.192581329119786,AVAILABLE,Thursday,True
L03069,95723,SHORT,AVAILABLE,0.18172980630316882,AVAILABLE,NEUTRAL,AVAILABLE,2.79049603421459,AVAILABLE,Thursday,True
L03070,95749,SHORT,AVAILABLE,0.864984364078159,AVAILABLE,NEUTRAL,AVAILABLE,2.0822398361941636,AVAILABLE,Thursday,True
L03071,95862,SHORT,AVAILABLE,1.2993510969692734,AVAILABLE,AGAINST_SINGLE,AVAILABLE,2.807039090326373,AVAILABLE,Friday,True
L03072,95898,SHORT,AVAILABLE,0.7762645981709022,AVAILABLE,AGAINST_SINGLE,AVAILABLE,1.923726432834832,AVAILABLE,Friday,True
L03073,95923,SHORT,AVAILABLE,0.9746678586970876,AVAILABLE,AGAINST_SINGLE,AVAILABLE,1.4520470822370684,AVAILABLE,Friday,True
L03074,95932,SHORT,AVAILABLE,0.3825207476837236,AVAILABLE,AGAINST_SINGLE,AVAILABLE,1.0376777751374195,AVAILABLE,Friday,True
L03075,95951,SHORT,AVAILABLE,2.7707635714719494,AVAILABLE,AGAINST_SINGLE,AVAILABLE,2.784502692544916,AVAILABLE,Friday,True
L03076,95982,SHORT,AVAILABLE,0.7665544737939982,AVAILABLE,AGAINST_SINGLE,AVAILABLE,1.6439315306968503,AVAILABLE,Friday,True
L03077,95996,LONG,AVAILABLE,1.0723921462683825,AVAILABLE,ALIGNED_SINGLE,AVAILABLE,2.7971130498584045,AVAILABLE,Friday,True
L03078,96046,SHORT,AVAILABLE,2.0200729288992583,AVAILABLE,AGAINST_SINGLE,AVAILABLE,1.7121114200215237,AVAILABLE,Friday,True
L03079,96097,SHORT,AVAILABLE,1.1769134084731294,AVAILABLE,AGAINST_SINGLE,AVAILABLE,1.6453417492053541,AVAILABLE,Sunday,True
L03080,96106,LONG,AVAILABLE,1.2860119272327504,AVAILABLE,ALIGNED_SINGLE,AVAILABLE,1.2995718742195257,AVAILABLE,Sunday,True
L03081,96118,SHORT,AVAILABLE,3.2310289789280136,AVAILABLE,AGAINST_SINGLE,AVAILABLE,2.7693461648165636,AVAILABLE,Monday,True
L03082,96123,LONG,AVAILABLE,1.461554002794133,AVAILABLE,ALIGNED_SINGLE,AVAILABLE,2.4199677942996645,AVAILABLE,Monday,True
L03083,96146,SHORT,AVAILABLE,2.141682397692145,AVAILABLE,AGAINST_SINGLE,AVAILABLE,1.8629271488231576,AVAILABLE,Monday,True
L03084,96191,SHORT,AVAILABLE,1.3563030035664534,AVAILABLE,AGAINST_SINGLE,AVAILABLE,2.224122989846542,AVAILABLE,Monday,True
L03085,96251,LONG,AVAILABLE,0.8622809898530381,AVAILABLE,ALIGNED_SINGLE,AVAILABLE,0.6962467560703014,AVAILABLE,Monday,True
L03086,96255,SHORT,AVAILABLE,0.42097311476541643,AVAILABLE,AGAINST_SINGLE,AVAILABLE,2.8540728057107074,AVAILABLE,Monday,True
L03087,96277,SHORT,AVAILABLE,0.43592285905732814,AVAILABLE,AGAINST_SINGLE,AVAILABLE,1.3550144081403115,AVAILABLE,Monday,True
L03088,96280,SHORT,AVAILABLE,0.046898545476723875,AVAILABLE,AGAINST_SINGLE,AVAILABLE,1.2328460971486002,AVAILABLE,Monday,True
L03089,96312,LONG,AVAILABLE,0.2350530501311718,AVAILABLE,ALIGNED_SINGLE,AVAILABLE,2.518490620359662,AVAILABLE,Monday,True
L03090,96335,LONG,AVAILABLE,1.0424366345531897,AVAILABLE,ALIGNED_SINGLE,AVAILABLE,1.637297962408481,AVAILABLE,Monday,True
L03091,96401,SHORT,AVAILABLE,1.4365930204819082,AVAILABLE,AGAINST_SINGLE,AVAILABLE,1.7738675229842398,AVAILABLE,Tuesday,True
L03092,96431,LONG,AVAILABLE,0.4389207048751019,AVAILABLE,ALIGNED_SINGLE,AVAILABLE,2.2388511034672844,AVAILABLE,Tuesday,True
L03093,96558,LONG,AVAILABLE,1.3701772126215963,AVAILABLE,ALIGNED_SINGLE,AVAILABLE,1.544663492665755,AVAILABLE,Tuesday,True
L03094,96583,SHORT,AVAILABLE,0.8124260217360241,AVAILABLE,AGAINST_SINGLE,AVAILABLE,1.9958987651687636,AVAILABLE,Tuesday,True
L03095,96635,SHORT,AVAILABLE,0.7363381127704054,AVAILABLE,AGAINST_SINGLE,AVAILABLE,1.2513011702601435,AVAILABLE,Tuesday,True
L03096,96644,LONG,AVAILABLE,1.6963679902769613,AVAILABLE,ALIGNED_SINGLE,AVAILABLE,1.2669387357654747,AVAILABLE,Tuesday,True
L03097,96655,SHORT,AVAILABLE,1.1842700813228864,AVAILABLE,AGAINST_SINGLE,AVAILABLE,1.5773172180699289,AVAILABLE,Tuesday,True
L03098,96678,LONG,AVAILABLE,1.9328535337188304,AVAILABLE,ALIGNED_SINGLE,AVAILABLE,1.969438124370464,AVAILABLE,Wednesday,True
L03099,96747,LONG,AVAILABLE,0.8955998482707948,AVAILABLE,ALIGNED_SINGLE,AVAILABLE,2.147621396083776,AVAILABLE,Wednesday,True
L03100,96767,LONG,AVAILABLE,0.8441087194311958,AVAILABLE,ALIGNED_SINGLE,AVAILABLE,1.5803273804727964,AVAILABLE,Wednesday,True
L03101,96783,LONG,AVAILABLE,0.8582817936717801,AVAILABLE,ALIGNED_SINGLE,AVAILABLE,1.8039988634854454,AVAILABLE,Wednesday,True
L03102,96793,LONG,AVAILABLE,1.309534475956576,AVAILABLE,ALIGNED_SINGLE,AVAILABLE,1.9099928676460827,AVAILABLE,Wednesday,True
L03103,96816,SHORT,AVAILABLE,1.027223278635725,AVAILABLE,AGAINST_SINGLE,AVAILABLE,1.1617784317248279,AVAILABLE,Wednesday,True
L03104,96828,LONG,AVAILABLE,0.5602469113132709,AVAILABLE,ALIGNED_SINGLE,AVAILABLE,2.119104882106159,AVAILABLE,Wednesday,True
L03105,96836,SHORT,AVAILABLE,1.405191039557246,AVAILABLE,AGAINST_SINGLE,AVAILABLE,1.613617833639931,AVAILABLE,Wednesday,True
L03106,96853,LONG,AVAILABLE,1.2448172940590587,AVAILABLE,ALIGNED_SINGLE,AVAILABLE,2.325869036171045,AVAILABLE,Wednesday,True
L03107,96943,SHORT,AVAILABLE,0.5727277427884185,AVAILABLE,NEUTRAL,AVAILABLE,1.7486170041916325,AVAILABLE,Thursday,True
L03108,96971,SHORT,AVAILABLE,1.2144934157222949,AVAILABLE,NEUTRAL,AVAILABLE,1.63817869175775,AVAILABLE,Thursday,True
L03109,97037,LONG,AVAILABLE,0.585269334906587,AVAILABLE,NEUTRAL,AVAILABLE,1.3685708934482197,AVAILABLE,Thursday,True
L03110,97055,LONG,AVAILABLE,0.434918473906217,AVAILABLE,NEUTRAL,AVAILABLE,1.0556097049747226,AVAILABLE,Thursday,True
L03111,97070,LONG,AVAILABLE,0.9733558602772031,AVAILABLE,NEUTRAL,AVAILABLE,2.5869283962447804,AVAILABLE,Thursday,True
L03112,97087,SHORT,AVAILABLE,1.2085699845912248,AVAILABLE,NEUTRAL,AVAILABLE,1.4381193347374832,AVAILABLE,Thursday,True
L03113,97103,LONG,AVAILABLE,0.9389594701946383,AVAILABLE,NEUTRAL,AVAILABLE,1.7582845214308762,AVAILABLE,Thursday,True
L03114,97113,LONG,AVAILABLE,0.5101649048022149,AVAILABLE,NEUTRAL,AVAILABLE,1.800503867470342,AVAILABLE,Thursday,True
L03115,97147,SHORT,AVAILABLE,1.1508856095623816,AVAILABLE,NEUTRAL,AVAILABLE,1.3516362694773019,AVAILABLE,Thursday,True
L03116,97174,SHORT,AVAILABLE,2.181032303692642,AVAILABLE,NEUTRAL,AVAILABLE,1.9508491775755032,AVAILABLE,Thursday,True
L03117,97195,LONG,AVAILABLE,1.1513569018701961,AVAILABLE,AGAINST_SINGLE,AVAILABLE,0.5934763278218106,AVAILABLE,Thursday,True
L03118,97207,SHORT,AVAILABLE,1.2099489678725655,AVAILABLE,ALIGNED_SINGLE,AVAILABLE,1.4052792873112945,AVAILABLE,Thursday,True
L03119,97219,LONG,AVAILABLE,1.3736719958306796,AVAILABLE,AGAINST_CONFIRMED,AVAILABLE,2.0263343259286803,AVAILABLE,Friday,True
L03120,97230,LONG,AVAILABLE,1.728391824453812,AVAILABLE,AGAINST_CONFIRMED,AVAILABLE,1.659496893114143,AVAILABLE,Friday,True
L03121,97246,LONG,AVAILABLE,0.7789380626639855,AVAILABLE,AGAINST_CONFIRMED,AVAILABLE,1.5636258572969428,AVAILABLE,Friday,True
L03122,97291,LONG,AVAILABLE,0.9049898893465707,AVAILABLE,AGAINST_CONFIRMED,AVAILABLE,1.5627374400853142,AVAILABLE,Friday,True
L03123,97319,SHORT,AVAILABLE,0.5156419231372409,AVAILABLE,ALIGNED_CONFIRMED,AVAILABLE,1.2333201275262844,AVAILABLE,Friday,True
L03124,97366,LONG,AVAILABLE,1.746731593653197,AVAILABLE,AGAINST_CONFIRMED,AVAILABLE,1.4770443444542989,AVAILABLE,Friday,True
L03125,97368,SHORT,AVAILABLE,0.27480227457386414,AVAILABLE,ALIGNED_CONFIRMED,AVAILABLE,1.6643811509988973,AVAILABLE,Friday,True
L03126,97372,LONG,AVAILABLE,1.4595593391012969,AVAILABLE,AGAINST_CONFIRMED,AVAILABLE,1.3281144067743944,AVAILABLE,Friday,True
L03127,97386,SHORT,AVAILABLE,3.1259412122489323,AVAILABLE,ALIGNED_CONFIRMED,AVAILABLE,2.6422924821525364,AVAILABLE,Friday,True
L03128,97396,LONG,AVAILABLE,0.3755754516248881,AVAILABLE,AGAINST_CONFIRMED,AVAILABLE,2.5262863781386216,AVAILABLE,Friday,True
L03129,97446,LONG,AVAILABLE,0.5480052996109802,AVAILABLE,AGAINST_CONFIRMED,AVAILABLE,1.430506212743959,AVAILABLE,Friday,True
L03130,97471,LONG,AVAILABLE,0.2234846840402188,AVAILABLE,AGAINST_SINGLE,AVAILABLE,2.5577634867859045,AVAILABLE,Sunday,True
L03131,97493,LONG,AVAILABLE,1.5948885985190044,AVAILABLE,AGAINST_SINGLE,AVAILABLE,2.7027519409307246,AVAILABLE,Sunday,True
L03132,97505,SHORT,AVAILABLE,1.2432290284908527,AVAILABLE,ALIGNED_SINGLE,AVAILABLE,1.6043702115534926,AVAILABLE,Monday,True
L03133,97529,LONG,AVAILABLE,1.959782334600541,AVAILABLE,AGAINST_SINGLE,AVAILABLE,2.3158374057068896,AVAILABLE,Monday,True
L03134,97634,SHORT,AVAILABLE,1.9712714374991995,AVAILABLE,ALIGNED_SINGLE,AVAILABLE,2.066098505437929,AVAILABLE,Monday,True
L03135,97651,LONG,AVAILABLE,1.433607857807347,AVAILABLE,AGAINST_SINGLE,AVAILABLE,1.909596090298023,AVAILABLE,Monday,True
L03136,97669,LONG,AVAILABLE,1.9328755529604817,AVAILABLE,AGAINST_SINGLE,AVAILABLE,1.6435751243561652,AVAILABLE,Monday,True
L03137,97750,SHORT,AVAILABLE,2.3225330017993904,AVAILABLE,ALIGNED_SINGLE,AVAILABLE,1.900566234481059,AVAILABLE,Monday,True
L03138,97764,LONG,AVAILABLE,1.05302238234882,AVAILABLE,AGAINST_SINGLE,AVAILABLE,1.5367800828356444,AVAILABLE,Monday,True
L03139,97778,SHORT,AVAILABLE,1.7715073398621617,AVAILABLE,ALIGNED_SINGLE,AVAILABLE,1.7797990289752559,AVAILABLE,Tuesday,True
L03140,97794,LONG,AVAILABLE,1.1865083995522252,AVAILABLE,AGAINST_SINGLE,AVAILABLE,1.893149912434172,AVAILABLE,Tuesday,True
L03141,97805,LONG,AVAILABLE,2.1498248489261775,AVAILABLE,AGAINST_SINGLE,AVAILABLE,2.337495861869712,AVAILABLE,Tuesday,True
L03142,97830,LONG,AVAILABLE,0.9252863724998946,AVAILABLE,AGAINST_SINGLE,AVAILABLE,1.2749961566690176,AVAILABLE,Tuesday,True
L03143,97836,LONG,AVAILABLE,2.148798190124724,AVAILABLE,AGAINST_SINGLE,AVAILABLE,1.087319483888699,AVAILABLE,Tuesday,True
L03144,97850,LONG,AVAILABLE,1.3270126252823737,AVAILABLE,AGAINST_SINGLE,AVAILABLE,2.3087951941022387,AVAILABLE,Tuesday,True
L03145,97891,LONG,AVAILABLE,0.40723633242572044,AVAILABLE,AGAINST_SINGLE,AVAILABLE,1.134112979731673,AVAILABLE,Tuesday,True
L03146,97907,LONG,AVAILABLE,0.5860182477665434,AVAILABLE,AGAINST_SINGLE,AVAILABLE,0.5757900816978159,AVAILABLE,Tuesday,True
L03147,97912,SHORT,AVAILABLE,0.8380215730884185,AVAILABLE,ALIGNED_SINGLE,AVAILABLE,1.212268720386767,AVAILABLE,Tuesday,True
L03148,97932,LONG,AVAILABLE,2.2830729250967323,AVAILABLE,AGAINST_SINGLE,AVAILABLE,2.6166163690517577,AVAILABLE,Tuesday,True
L03149,98019,LONG,AVAILABLE,0.6217223464372943,AVAILABLE,AGAINST_SINGLE,AVAILABLE,1.305325442442579,AVAILABLE,Tuesday,True
L03150,98025,SHORT,AVAILABLE,0.9803316221967914,AVAILABLE,ALIGNED_SINGLE,AVAILABLE,1.7301036937763075,AVAILABLE,Tuesday,True
L03151,98044,SHORT,AVAILABLE,1.9630598466374662,AVAILABLE,ALIGNED_SINGLE,AVAILABLE,1.5834954981341296,AVAILABLE,Tuesday,True
L03152,98050,LONG,AVAILABLE,1.239273789908179,AVAILABLE,AGAINST_SINGLE,AVAILABLE,2.362912260279847,AVAILABLE,Wednesday,True
L03153,98061,LONG,AVAILABLE,1.091943047727613,AVAILABLE,AGAINST_SINGLE,AVAILABLE,1.9830041374668006,AVAILABLE,Wednesday,True
L03154,98074,LONG,AVAILABLE,1.2781017067504357,AVAILABLE,AGAINST_SINGLE,AVAILABLE,1.8929708553589,AVAILABLE,Wednesday,True
L03155,98091,LONG,AVAILABLE,1.9081407358313236,AVAILABLE,AGAINST_SINGLE,AVAILABLE,1.8658381725294872,AVAILABLE,Wednesday,True
L03156,98196,SHORT,AVAILABLE,0.16362829055476363,AVAILABLE,ALIGNED_SINGLE,AVAILABLE,2.1087495972926154,AVAILABLE,Wednesday,True
L03157,98223,SHORT,AVAILABLE,0.6708629968227933,AVAILABLE,ALIGNED_SINGLE,AVAILABLE,2.0379705050691483,AVAILABLE,Wednesday,True
L03158,98304,SHORT,AVAILABLE,0.2510348279328454,AVAILABLE,ALIGNED_SINGLE,AVAILABLE,1.7037576421035605,AVAILABLE,Wednesday,True
L03159,98311,LONG,AVAILABLE,0.9114597068406597,AVAILABLE,AGAINST_SINGLE,AVAILABLE,1.3218701178594923,AVAILABLE,Wednesday,True
L03160,98318,LONG,AVAILABLE,1.2970202688470147,AVAILABLE,AGAINST_SINGLE,AVAILABLE,1.4234341995303363,AVAILABLE,Wednesday,True
L03161,98383,SHORT,AVAILABLE,1.1921243353821482,AVAILABLE,ALIGNED_SINGLE,AVAILABLE,1.5779314093289705,AVAILABLE,Thursday,True
L03162,98425,SHORT,AVAILABLE,0.6494423104225209,AVAILABLE,ALIGNED_SINGLE,AVAILABLE,1.736963212358347,AVAILABLE,Thursday,True
L03163,98485,SHORT,AVAILABLE,0.9867649154772661,AVAILABLE,ALIGNED_SINGLE,AVAILABLE,2.3719349783196977,AVAILABLE,Thursday,True
L03164,98493,LONG,AVAILABLE,1.2552323781705277,AVAILABLE,AGAINST_SINGLE,AVAILABLE,5.101860485166064,AVAILABLE,Thursday,True
L03165,98748,SHORT,AVAILABLE,6.733779531124586,AVAILABLE,AGAINST_SINGLE,AVAILABLE,1.7729282056834392,AVAILABLE,Friday,True
L03166,98759,LONG,AVAILABLE,1.3818055469922104,AVAILABLE,ALIGNED_SINGLE,AVAILABLE,3.2660752942001525,AVAILABLE,Friday,True
L03167,99266,LONG,AVAILABLE,1.742305174796568,AVAILABLE,NEUTRAL,AVAILABLE,2.450433962095357,AVAILABLE,Tuesday,True
L03168,99277,SHORT,AVAILABLE,0.18411652841273343,AVAILABLE,NEUTRAL,AVAILABLE,1.4368508886547107,AVAILABLE,Tuesday,True
L03169,99314,LONG,AVAILABLE,1.2049270318629701,AVAILABLE,NEUTRAL,AVAILABLE,2.017784902388344,AVAILABLE,Tuesday,True
L03170,99369,LONG,AVAILABLE,1.909210893792437,AVAILABLE,NEUTRAL,AVAILABLE,2.401651403956576,AVAILABLE,Tuesday,True
L03171,99385,LONG,AVAILABLE,0.08696703891233616,AVAILABLE,NEUTRAL,AVAILABLE,1.0260081598059665,AVAILABLE,Tuesday,True
L03172,99390,SHORT,AVAILABLE,1.4874175816704092,AVAILABLE,NEUTRAL,AVAILABLE,1.3437696852935888,AVAILABLE,Tuesday,True
L03173,99400,LONG,AVAILABLE,1.3896313400719844,AVAILABLE,AGAINST_SINGLE,AVAILABLE,1.8931144516301193,AVAILABLE,Wednesday,True
L03174,99421,SHORT,AVAILABLE,0.5337409369652337,AVAILABLE,ALIGNED_SINGLE,AVAILABLE,1.2916378289920296,AVAILABLE,Wednesday,True
L03175,99435,SHORT,AVAILABLE,0.1667747472099908,AVAILABLE,ALIGNED_SINGLE,AVAILABLE,1.7269709459508653,AVAILABLE,Wednesday,True
L03176,99490,SHORT,AVAILABLE,0.5365648764355205,AVAILABLE,ALIGNED_SINGLE,AVAILABLE,1.5145891281678407,AVAILABLE,Wednesday,True
L03177,99537,SHORT,AVAILABLE,2.285245223497046,AVAILABLE,ALIGNED_SINGLE,AVAILABLE,2.317013444524604,AVAILABLE,Wednesday,True
L03178,99547,LONG,AVAILABLE,1.5613314142293733,AVAILABLE,AGAINST_SINGLE,AVAILABLE,1.594211512845959,AVAILABLE,Wednesday,True
L03179,99559,SHORT,AVAILABLE,0.7904583153460154,AVAILABLE,ALIGNED_SINGLE,AVAILABLE,2.7554588076936453,AVAILABLE,Wednesday,True
L03180,99579,LONG,AVAILABLE,1.5741332817228928,AVAILABLE,AGAINST_SINGLE,AVAILABLE,2.476624663112106,AVAILABLE,Wednesday,True
L03181,99742,SHORT,AVAILABLE,0.9035316641991519,AVAILABLE,NEUTRAL,AVAILABLE,2.4845843634188967,AVAILABLE,Thursday,True
L03182,99786,LONG,AVAILABLE,0.6775163769937791,AVAILABLE,NEUTRAL,AVAILABLE,1.5570805203235578,AVAILABLE,Thursday,True
L03183,99806,LONG,AVAILABLE,0.4511225690461202,AVAILABLE,NEUTRAL,AVAILABLE,0.7999406570516241,AVAILABLE,Thursday,True
L03184,99809,SHORT,AVAILABLE,0.2912139916482478,AVAILABLE,NEUTRAL,AVAILABLE,0.7305969821190162,AVAILABLE,Thursday,True
L03185,99830,LONG,AVAILABLE,1.401957894404788,AVAILABLE,NEUTRAL,AVAILABLE,2.7945336268825107,AVAILABLE,Thursday,True
L03186,99921,LONG,AVAILABLE,1.598424692858849,AVAILABLE,NEUTRAL,AVAILABLE,1.308747153470516,AVAILABLE,Thursday,True
L03187,99924,SHORT,AVAILABLE,0.6151821232017619,AVAILABLE,NEUTRAL,AVAILABLE,1.1845837753416077,AVAILABLE,Thursday,True
L03188,99933,LONG,AVAILABLE,0.1044457644587494,AVAILABLE,NEUTRAL,AVAILABLE,1.4543020099275923,AVAILABLE,Thursday,True
L03189,99945,LONG,AVAILABLE,1.1558386347876997,AVAILABLE,NEUTRAL,AVAILABLE,1.5669494535796717,AVAILABLE,Friday,True
L03190,99961,SHORT,AVAILABLE,2.7951156642797335,AVAILABLE,NEUTRAL,AVAILABLE,1.9556274043634092,AVAILABLE,Friday,True
L03191,99994,LONG,AVAILABLE,2.2058356817135794,AVAILABLE,NEUTRAL,AVAILABLE,1.6649269931272095,AVAILABLE,Friday,True
L03192,100023,SHORT,AVAILABLE,1.9870510118546891,AVAILABLE,NEUTRAL,AVAILABLE,2.1009510560934705,AVAILABLE,Friday,True
L03193,100094,LONG,AVAILABLE,2.4091360015318153,AVAILABLE,NEUTRAL,AVAILABLE,1.6363237081618478,AVAILABLE,Friday,True
L03194,100095,SHORT,AVAILABLE,0.16762588572287784,AVAILABLE,NEUTRAL,AVAILABLE,1.1404598554041654,AVAILABLE,Friday,True
L03195,100114,SHORT,AVAILABLE,0.13912607275297711,AVAILABLE,NEUTRAL,AVAILABLE,1.2071193470376829,AVAILABLE,Friday,True
L03196,100206,LONG,AVAILABLE,0.7853611526042744,AVAILABLE,NEUTRAL,AVAILABLE,2.3449133823670714,AVAILABLE,Sunday,True
L03197,100236,LONG,AVAILABLE,-0.14290906894349525,AVAILABLE,NEUTRAL,AVAILABLE,1.3128664237895982,AVAILABLE,Monday,True
L03198,100239,LONG,AVAILABLE,1.2899857089395603,AVAILABLE,NEUTRAL,AVAILABLE,1.3941078168092662,AVAILABLE,Monday,True
L03199,100251,SHORT,AVAILABLE,0.7978067486947615,AVAILABLE,NEUTRAL,AVAILABLE,1.07456221038889,AVAILABLE,Monday,True
L03200,100279,LONG,AVAILABLE,1.431314520935583,AVAILABLE,NEUTRAL,AVAILABLE,1.6535085468117436,AVAILABLE,Monday,True
L03201,100343,LONG,AVAILABLE,1.34135794424778,AVAILABLE,NEUTRAL,AVAILABLE,1.8129180304136308,AVAILABLE,Monday,True
L03202,100380,LONG,AVAILABLE,2.116817186786145,AVAILABLE,NEUTRAL,AVAILABLE,2.8446331156435996,AVAILABLE,Monday,True
L03203,100430,SHORT,AVAILABLE,0.19570232505909288,AVAILABLE,NEUTRAL,AVAILABLE,1.6561425549023712,AVAILABLE,Monday,True
L03204,100475,SHORT,AVAILABLE,1.0065314822584017,AVAILABLE,ALIGNED_SINGLE,AVAILABLE,1.4249556377394177,AVAILABLE,Monday,True
L03205,100501,LONG,AVAILABLE,0.46135007274851847,AVAILABLE,AGAINST_SINGLE,AVAILABLE,1.3646063753420197,AVAILABLE,Tuesday,True
L03206,100503,LONG,AVAILABLE,0.7396177940301204,AVAILABLE,AGAINST_SINGLE,AVAILABLE,1.297432563519259,AVAILABLE,Tuesday,True
