trade_id,direction,momentum_status,roc_atr_3,alignment_status,alignment,structure_status,origin_dist_atr,context_status,weekday,all_available
L00001,SHORT,AVAILABLE,0.9607147511874308,UNAVAILABLE,UNAVAILABLE,AVAILABLE,1.1713381095821478,AVAILABLE,Monday,False
L00002,SHORT,AVAILABLE,0.2763443955987913,UNAVAILABLE,UNAVAILABLE,AVAILABLE,1.4898648249336126,AVAILABLE,Monday,False
L00003,SHORT,AVAILABLE,1.545367622782584,UNAVAILABLE,UNAVAILABLE,AVAILABLE,1.7976694915284046,AVAILABLE,Tuesday,False
L00005,LONG,AVAILABLE,1.448349130844808,UNAVAILABLE,UNAVAILABLE,AVAILABLE,1.556277107878863,AVAILABLE,Tuesday,False
L00007,LONG,AVAILABLE,0.2559307035439124,UNAVAILABLE,UNAVAILABLE,AVAILABLE,1.717199562937164,AVAILABLE,Tuesday,False
L00008,SHORT,AVAILABLE,1.108951230847576,UNAVAILABLE,UNAVAILABLE,AVAILABLE,1.4089240385441029,AVAILABLE,Tuesday,False
L00010,SHORT,AVAILABLE,0.8669182991892995,UNAVAILABLE,UNAVAILABLE,AVAILABLE,1.539498947070662,AVAILABLE,Tuesday,False
L00011,SHORT,AVAILABLE,2.327956699818575,UNAVAILABLE,UNAVAILABLE,AVAILABLE,1.7310942162642786,AVAILABLE,Tuesday,False
L00012,SHORT,AVAILABLE,2.418782547400491,UNAVAILABLE,UNAVAILABLE,AVAILABLE,2.16252817954447,AVAILABLE,Tuesday,False
L00013,SHORT,AVAILABLE,1.40650608127358,UNAVAILABLE,UNAVAILABLE,AVAILABLE,2.847660198691151,AVAILABLE,Tuesday,False
L00016,SHORT,AVAILABLE,0.6244812363840624,UNAVAILABLE,UNAVAILABLE,AVAILABLE,1.298772133175709,AVAILABLE,Wednesday,False
L00018,SHORT,AVAILABLE,0.2771510782182738,UNAVAILABLE,UNAVAILABLE,AVAILABLE,1.2704219952078768,AVAILABLE,Wednesday,False
L00019,SHORT,AVAILABLE,0.4334122096720905,UNAVAILABLE,UNAVAILABLE,AVAILABLE,1.6802181417876003,AVAILABLE,Wednesday,False
L00022,SHORT,AVAILABLE,0.4077787665080978,UNAVAILABLE,UNAVAILABLE,AVAILABLE,2.10531196230976,AVAILABLE,Wednesday,False
L00023,SHORT,AVAILABLE,0.2194594298224444,UNAVAILABLE,UNAVAILABLE,AVAILABLE,1.847668529701444,AVAILABLE,Wednesday,False
L00024,SHORT,AVAILABLE,2.283456790279456,UNAVAILABLE,UNAVAILABLE,AVAILABLE,1.691528339192632,AVAILABLE,Wednesday,False
L00025,SHORT,AVAILABLE,0.5331365418312012,UNAVAILABLE,UNAVAILABLE,AVAILABLE,1.3915405020087512,AVAILABLE,Wednesday,False
L00026,SHORT,AVAILABLE,0.6122868988010659,UNAVAILABLE,UNAVAILABLE,AVAILABLE,2.6781399920175493,AVAILABLE,Wednesday,False
L00027,LONG,AVAILABLE,0.0543951947455359,AVAILABLE,ALIGNED_CONFIRMED,AVAILABLE,1.2158642300745506,AVAILABLE,Thursday,True
L00028,LONG,AVAILABLE,1.1594097953961082,AVAILABLE,ALIGNED_CONFIRMED,AVAILABLE,2.518130065566136,AVAILABLE,Thursday,True
L00029,LONG,AVAILABLE,1.5185732666219736,AVAILABLE,ALIGNED_CONFIRMED,AVAILABLE,2.1476601032839437,AVAILABLE,Thursday,True
L00031,SHORT,AVAILABLE,0.8926598526102216,AVAILABLE,AGAINST_CONFIRMED,AVAILABLE,1.432819755771331,AVAILABLE,Thursday,True
L00033,SHORT,AVAILABLE,0.5546782971555059,AVAILABLE,AGAINST_CONFIRMED,AVAILABLE,3.092335242057401,AVAILABLE,Thursday,True
L00034,LONG,AVAILABLE,1.8021419075038776,AVAILABLE,ALIGNED_CONFIRMED,AVAILABLE,2.320288664778384,AVAILABLE,Thursday,True
L00035,SHORT,AVAILABLE,1.0225259776353457,AVAILABLE,AGAINST_SINGLE,AVAILABLE,1.097354972677966,AVAILABLE,Monday,True
L00037,SHORT,AVAILABLE,1.0788053571089675,AVAILABLE,AGAINST_SINGLE,AVAILABLE,1.356685096632682,AVAILABLE,Monday,True
L00040,SHORT,AVAILABLE,0.926482755895771,AVAILABLE,AGAINST_SINGLE,AVAILABLE,1.79421307442389,AVAILABLE,Monday,True
L00041,SHORT,AVAILABLE,2.007755084333955,AVAILABLE,AGAINST_SINGLE,AVAILABLE,2.309310415444551,AVAILABLE,Monday,True
L00044,SHORT,AVAILABLE,0.5747640309977632,AVAILABLE,AGAINST_SINGLE,AVAILABLE,1.9631092852688103,AVAILABLE,Monday,True
L00045,SHORT,AVAILABLE,1.1619027706580811,AVAILABLE,AGAINST_SINGLE,AVAILABLE,1.9978601577016508,AVAILABLE,Monday,True
L00046,LONG,AVAILABLE,2.1728225522133835,AVAILABLE,ALIGNED_SINGLE,AVAILABLE,2.9568146094792893,AVAILABLE,Tuesday,True
L00047,SHORT,AVAILABLE,1.526362565859418,AVAILABLE,AGAINST_SINGLE,AVAILABLE,1.7541127226327493,AVAILABLE,Tuesday,True
L00048,SHORT,AVAILABLE,1.119627488628841,AVAILABLE,AGAINST_SINGLE,AVAILABLE,2.11650156041659,AVAILABLE,Tuesday,True
L00051,SHORT,AVAILABLE,0.6966526217124678,AVAILABLE,AGAINST_SINGLE,AVAILABLE,1.149931206579698,AVAILABLE,Tuesday,True
L00052,SHORT,AVAILABLE,0.3760304142290334,AVAILABLE,AGAINST_SINGLE,AVAILABLE,1.1838706155770795,AVAILABLE,Tuesday,True
L00053,LONG,AVAILABLE,1.5091895478168849,AVAILABLE,ALIGNED_SINGLE,AVAILABLE,2.664675149006789,AVAILABLE,Tuesday,True
L00054,LONG,AVAILABLE,0.9001111537526294,AVAILABLE,ALIGNED_SINGLE,AVAILABLE,2.088150705473029,AVAILABLE,Tuesday,True
L00055,LONG,AVAILABLE,0.3815456466851728,AVAILABLE,ALIGNED_SINGLE,AVAILABLE,2.409328905726124,AVAILABLE,Tuesday,True
L00056,LONG,AVAILABLE,1.351952314833308,AVAILABLE,ALIGNED_SINGLE,AVAILABLE,1.7739996931168245,AVAILABLE,Tuesday,True
L00057,LONG,AVAILABLE,1.5939462840469587,AVAILABLE,ALIGNED_SINGLE,AVAILABLE,2.356772254445884,AVAILABLE,Tuesday,True
L00058,SHORT,AVAILABLE,1.5198145132733771,AVAILABLE,AGAINST_SINGLE,AVAILABLE,2.238179690264776,AVAILABLE,Wednesday,True
L00059,SHORT,AVAILABLE,1.465326361242976,AVAILABLE,AGAINST_SINGLE,AVAILABLE,1.5973605405176938,AVAILABLE,Wednesday,True
L00060,LONG,AVAILABLE,0.7325025631140931,AVAILABLE,ALIGNED_SINGLE,AVAILABLE,2.77540171531847,AVAILABLE,Wednesday,True
L00062,LONG,AVAILABLE,1.7878978849813043,AVAILABLE,ALIGNED_SINGLE,AVAILABLE,2.2290435131067907,AVAILABLE,Wednesday,True
L00063,LONG,AVAILABLE,1.4430253243590618,AVAILABLE,ALIGNED_SINGLE,AVAILABLE,2.27149724660345,AVAILABLE,Wednesday,True
L00064,SHORT,AVAILABLE,2.248781042038676,AVAILABLE,ALIGNED_SINGLE,AVAILABLE,2.418186508070537,AVAILABLE,Thursday,True
L00065,SHORT,AVAILABLE,0.182636135465243,AVAILABLE,ALIGNED_SINGLE,AVAILABLE,1.7565473348072649,AVAILABLE,Thursday,True
L00067,LONG,AVAILABLE,0.8143973184418961,AVAILABLE,AGAINST_SINGLE,AVAILABLE,1.8684015776813423,AVAILABLE,Thursday,True
L00068,SHORT,AVAILABLE,2.8218016729054325,AVAILABLE,ALIGNED_SINGLE,AVAILABLE,2.552404961768584,AVAILABLE,Thursday,True
L00071,LONG,AVAILABLE,1.489237659017384,AVAILABLE,NEUTRAL,AVAILABLE,1.5982451163700533,AVAILABLE,Friday,True
L00072,LONG,AVAILABLE,0.8310273171874101,AVAILABLE,NEUTRAL,AVAILABLE,2.0495032287194457,AVAILABLE,Friday,True
L00073,LONG,AVAILABLE,0.0497648667715069,AVAILABLE,NEUTRAL,AVAILABLE,1.0936394312158464,AVAILABLE,Friday,True
L00075,LONG,AVAILABLE,1.326215970610391,AVAILABLE,NEUTRAL,AVAILABLE,1.959570133637623,AVAILABLE,Friday,True
L00076,LONG,AVAILABLE,1.721318952299331,AVAILABLE,NEUTRAL,AVAILABLE,2.2067074628997894,AVAILABLE,Friday,True
L00077,SHORT,AVAILABLE,3.275851372199956,AVAILABLE,NEUTRAL,AVAILABLE,3.20821309850689,AVAILABLE,Sunday,True
L00078,LONG,AVAILABLE,1.2584289774843975,AVAILABLE,NEUTRAL,AVAILABLE,1.6836076169509082,AVAILABLE,Monday,True
L00079,LONG,AVAILABLE,0.949364520725646,AVAILABLE,NEUTRAL,AVAILABLE,2.042001341896529,AVAILABLE,Monday,True
L00080,SHORT,AVAILABLE,1.3160710694035245,AVAILABLE,NEUTRAL,AVAILABLE,1.5227526621432936,AVAILABLE,Monday,True
L00081,LONG,AVAILABLE,1.3407413317083292,AVAILABLE,NEUTRAL,AVAILABLE,3.240543388805858,AVAILABLE,Monday,True
L00082,SHORT,AVAILABLE,1.5945608645211948,AVAILABLE,NEUTRAL,AVAILABLE,2.0976086048106817,AVAILABLE,Monday,True
L00083,SHORT,AVAILABLE,0.7677528236329031,AVAILABLE,NEUTRAL,AVAILABLE,1.1284492904937242,AVAILABLE,Monday,True
L00084,SHORT,AVAILABLE,0.7239909745532325,AVAILABLE,NEUTRAL,AVAILABLE,0.9984318737652048,AVAILABLE,Monday,True
L00085,SHORT,AVAILABLE,0.3241281694554825,AVAILABLE,NEUTRAL,AVAILABLE,1.1197813814473263,AVAILABLE,Monday,True
L00086,SHORT,AVAILABLE,0.6464801880592838,AVAILABLE,NEUTRAL,AVAILABLE,1.2545561449237506,AVAILABLE,Monday,True
L00087,LONG,AVAILABLE,1.5917727476299453,AVAILABLE,NEUTRAL,AVAILABLE,2.005529353742687,AVAILABLE,Monday,True
L00088,LONG,AVAILABLE,1.132616459229269,AVAILABLE,NEUTRAL,AVAILABLE,2.020152376341884,AVAILABLE,Tuesday,True
L00089,LONG,AVAILABLE,1.12379984262995,AVAILABLE,NEUTRAL,AVAILABLE,1.567464800720892,AVAILABLE,Tuesday,True
L00090,LONG,AVAILABLE,1.080972421965993,AVAILABLE,NEUTRAL,AVAILABLE,1.937676550301469,AVAILABLE,Tuesday,True
L00092,SHORT,AVAILABLE,0.2838195575508668,AVAILABLE,NEUTRAL,AVAILABLE,0.970978186673522,AVAILABLE,Tuesday,True
L00093,LONG,AVAILABLE,0.396803873726218,AVAILABLE,NEUTRAL,AVAILABLE,2.620838368439914,AVAILABLE,Tuesday,True
L00095,LONG,AVAILABLE,0.9639834788612476,AVAILABLE,NEUTRAL,AVAILABLE,1.799075356801242,AVAILABLE,Tuesday,True
L00096,SHORT,AVAILABLE,1.012672954099159,AVAILABLE,NEUTRAL,AVAILABLE,1.833414916343368,AVAILABLE,Tuesday,True
L00099,LONG,AVAILABLE,0.2341142191615179,AVAILABLE,NEUTRAL,AVAILABLE,1.1570482290686406,AVAILABLE,Tuesday,True
L00100,LONG,AVAILABLE,0.9523888529206976,AVAILABLE,NEUTRAL,AVAILABLE,2.216047099404129,AVAILABLE,Tuesday,True
L00101,SHORT,AVAILABLE,1.255471333432192,AVAILABLE,NEUTRAL,AVAILABLE,2.762765020910701,AVAILABLE,Wednesday,True
L00102,LONG,AVAILABLE,0.8202883815138313,AVAILABLE,NEUTRAL,AVAILABLE,2.000403041658068,AVAILABLE,Wednesday,True
L00103,LONG,AVAILABLE,0.9857417235659272,AVAILABLE,NEUTRAL,AVAILABLE,1.2638316185309348,AVAILABLE,Wednesday,True
L00105,LONG,AVAILABLE,1.3159783983114637,AVAILABLE,NEUTRAL,AVAILABLE,1.8942112871370915,AVAILABLE,Wednesday,True
L00106,LONG,AVAILABLE,1.217006439188317,AVAILABLE,NEUTRAL,AVAILABLE,1.686283191766382,AVAILABLE,Wednesday,True
L00107,LONG,AVAILABLE,0.4779973761852628,AVAILABLE,NEUTRAL,AVAILABLE,1.9968579726102091,AVAILABLE,Wednesday,True
L00108,LONG,AVAILABLE,0.7784237701864146,AVAILABLE,NEUTRAL,AVAILABLE,1.978001312421774,AVAILABLE,Wednesday,True
L00109,SHORT,AVAILABLE,1.1892573557161232,AVAILABLE,NEUTRAL,AVAILABLE,1.8580626981427009,AVAILABLE,Wednesday,True
L00110,LONG,AVAILABLE,0.4043458486326335,AVAILABLE,NEUTRAL,AVAILABLE,1.6959080910805475,AVAILABLE,Wednesday,True
L00111,LONG,AVAILABLE,0.7864621224550298,AVAILABLE,AGAINST_SINGLE,AVAILABLE,2.0140013693018863,AVAILABLE,Thursday,True
L00112,LONG,AVAILABLE,0.7496509440805945,AVAILABLE,AGAINST_SINGLE,AVAILABLE,1.4047852822229652,AVAILABLE,Thursday,True
L00113,LONG,AVAILABLE,0.7306592836073813,AVAILABLE,AGAINST_SINGLE,AVAILABLE,1.5290658017706114,AVAILABLE,Thursday,True
L00115,SHORT,AVAILABLE,0.1629848863509735,AVAILABLE,ALIGNED_SINGLE,AVAILABLE,1.2400040574260374,AVAILABLE,Thursday,True
L00117,SHORT,AVAILABLE,1.7762286971539534,AVAILABLE,ALIGNED_SINGLE,AVAILABLE,2.099783077348972,AVAILABLE,Thursday,True
L00119,SHORT,AVAILABLE,0.9781827286941236,AVAILABLE,ALIGNED_CONFIRMED,AVAILABLE,2.2442110235228827,AVAILABLE,Thursday,True
L00120,SHORT,AVAILABLE,1.2111197557764837,AVAILABLE,ALIGNED_CONFIRMED,AVAILABLE,1.4619143539007091,AVAILABLE,Friday,True
L00121,LONG,AVAILABLE,1.3034876973082807,AVAILABLE,AGAINST_CONFIRMED,AVAILABLE,2.343350509717781,AVAILABLE,Friday,True
L00122,SHORT,AVAILABLE,1.0501805713497292,AVAILABLE,ALIGNED_CONFIRMED,AVAILABLE,1.5273062971895233,AVAILABLE,Friday,True
L00124,SHORT,AVAILABLE,0.0819264517298135,AVAILABLE,ALIGNED_CONFIRMED,AVAILABLE,1.5892784123086374,AVAILABLE,Friday,True
L00126,SHORT,AVAILABLE,1.1504222617318571,AVAILABLE,ALIGNED_CONFIRMED,AVAILABLE,1.681750749081865,AVAILABLE,Friday,True
L00127,LONG,AVAILABLE,2.493467296656849,AVAILABLE,AGAINST_CONFIRMED,AVAILABLE,2.41149431341864,AVAILABLE,Friday,True
L00129,SHORT,AVAILABLE,0.8270524586332988,AVAILABLE,NEUTRAL,AVAILABLE,1.4185410381305674,AVAILABLE,Sunday,True
L00130,SHORT,AVAILABLE,1.185048067012323,AVAILABLE,NEUTRAL,AVAILABLE,2.0416055429991933,AVAILABLE,Monday,True
L00131,SHORT,AVAILABLE,0.8888529670339468,AVAILABLE,NEUTRAL,AVAILABLE,2.09345667874104,AVAILABLE,Monday,True
L00133,SHORT,AVAILABLE,1.1053470066857574,AVAILABLE,NEUTRAL,AVAILABLE,0.8808095532519584,AVAILABLE,Monday,True
L00134,SHORT,AVAILABLE,0.9999140753574632,AVAILABLE,NEUTRAL,AVAILABLE,1.2321374395518023,AVAILABLE,Monday,True
L00135,SHORT,AVAILABLE,-0.1552764877458265,AVAILABLE,NEUTRAL,AVAILABLE,2.4310283426048764,AVAILABLE,Monday,True
L00136,LONG,AVAILABLE,0.7598081750313403,AVAILABLE,NEUTRAL,AVAILABLE,1.3151115669610594,AVAILABLE,Monday,True
L00137,SHORT,AVAILABLE,1.848155003706088,AVAILABLE,NEUTRAL,AVAILABLE,2.368569188113619,AVAILABLE,Monday,True
L00138,SHORT,AVAILABLE,0.9991562246978568,AVAILABLE,NEUTRAL,AVAILABLE,2.184385834500987,AVAILABLE,Monday,True
L00141,SHORT,AVAILABLE,0.2612148617088323,AVAILABLE,NEUTRAL,AVAILABLE,1.2155553879611645,AVAILABLE,Tuesday,True
L00142,LONG,AVAILABLE,1.4328314366173134,AVAILABLE,NEUTRAL,AVAILABLE,1.6846147639201914,AVAILABLE,Tuesday,True
L00144,SHORT,AVAILABLE,1.7833990522980596,AVAILABLE,NEUTRAL,AVAILABLE,1.5253460156031335,AVAILABLE,Tuesday,True
L00145,SHORT,AVAILABLE,0.466847829669557,AVAILABLE,NEUTRAL,AVAILABLE,1.0163716857528071,AVAILABLE,Tuesday,True
L00146,SHORT,AVAILABLE,0.6049001102202298,AVAILABLE,NEUTRAL,AVAILABLE,1.4223758779773816,AVAILABLE,Tuesday,True
L00147,SHORT,AVAILABLE,1.2004409693294336,AVAILABLE,NEUTRAL,AVAILABLE,1.38870579144971,AVAILABLE,Tuesday,True
L00148,SHORT,AVAILABLE,1.9680782532719447,AVAILABLE,NEUTRAL,AVAILABLE,1.6746290722496526,AVAILABLE,Tuesday,True
L00149,LONG,AVAILABLE,1.618535467435769,AVAILABLE,ALIGNED_SINGLE,AVAILABLE,2.139039148838502,AVAILABLE,Tuesday,True
L00150,LONG,AVAILABLE,0.0732450069299294,AVAILABLE,ALIGNED_CONFIRMED,AVAILABLE,2.142315350998369,AVAILABLE,Wednesday,True
L00151,LONG,AVAILABLE,1.069856360430714,AVAILABLE,ALIGNED_CONFIRMED,AVAILABLE,1.6147642915746094,AVAILABLE,Wednesday,True
L00152,LONG,AVAILABLE,0.3699252907975199,AVAILABLE,ALIGNED_CONFIRMED,AVAILABLE,0.8453190233001869,AVAILABLE,Wednesday,True
L00153,SHORT,AVAILABLE,1.748112485655776,AVAILABLE,AGAINST_CONFIRMED,AVAILABLE,1.4481792119047094,AVAILABLE,Wednesday,True
L00155,SHORT,AVAILABLE,1.1338810087800666,AVAILABLE,AGAINST_CONFIRMED,AVAILABLE,1.4571437574390025,AVAILABLE,Wednesday,True
L00156,LONG,AVAILABLE,0.6613148875771677,AVAILABLE,ALIGNED_CONFIRMED,AVAILABLE,2.3871880833255577,AVAILABLE,Wednesday,True
L00157,LONG,AVAILABLE,1.2726387391580916,AVAILABLE,ALIGNED_SINGLE,AVAILABLE,1.2115886323802991,AVAILABLE,Wednesday,True
L00158,SHORT,AVAILABLE,-0.644692473605705,AVAILABLE,AGAINST_SINGLE,AVAILABLE,0.813566379527834,AVAILABLE,Wednesday,True
L00159,SHORT,AVAILABLE,0.5828404849612138,AVAILABLE,NEUTRAL,AVAILABLE,1.6498972071488576,AVAILABLE,Thursday,True
L00160,SHORT,AVAILABLE,1.6477283512370031,AVAILABLE,NEUTRAL,AVAILABLE,1.8918120298466203,AVAILABLE,Thursday,True
L00161,LONG,AVAILABLE,1.1554577990983914,AVAILABLE,NEUTRAL,AVAILABLE,2.305671302038273,AVAILABLE,Thursday,True
L00162,SHORT,AVAILABLE,1.1495173710713746,AVAILABLE,NEUTRAL,AVAILABLE,1.803787260293304,AVAILABLE,Thursday,True
L00163,LONG,AVAILABLE,0.1644204486203568,AVAILABLE,NEUTRAL,AVAILABLE,3.7128973570482144,AVAILABLE,Thursday,True
L00164,LONG,AVAILABLE,0.9771589528995734,AVAILABLE,NEUTRAL,AVAILABLE,1.5035539858616565,AVAILABLE,Thursday,True
L00166,SHORT,AVAILABLE,1.959596894943295,AVAILABLE,NEUTRAL,AVAILABLE,1.721821888446444,AVAILABLE,Thursday,True
L00167,LONG,AVAILABLE,1.1899733383815851,AVAILABLE,AGAINST_SINGLE,AVAILABLE,2.289173395376009,AVAILABLE,Friday,True
L00168,SHORT,AVAILABLE,2.4440355667965874,AVAILABLE,ALIGNED_SINGLE,AVAILABLE,2.3373128652643995,AVAILABLE,Friday,True
L00169,SHORT,AVAILABLE,1.042432749522564,AVAILABLE,ALIGNED_SINGLE,AVAILABLE,1.871253189163086,AVAILABLE,Friday,True
L00170,SHORT,AVAILABLE,0.9681317176637853,AVAILABLE,ALIGNED_SINGLE,AVAILABLE,2.58566766058068,AVAILABLE,Friday,True
L00174,LONG,AVAILABLE,1.5517624168823334,AVAILABLE,AGAINST_SINGLE,AVAILABLE,2.3411560843908314,AVAILABLE,Sunday,True
L00175,LONG,AVAILABLE,1.4108044984227988,AVAILABLE,AGAINST_SINGLE,AVAILABLE,1.8855420020367164,AVAILABLE,Monday,True
L00176,LONG,AVAILABLE,1.4108392994242207,AVAILABLE,AGAINST_SINGLE,AVAILABLE,1.868697150631767,AVAILABLE,Monday,True
L00178,SHORT,AVAILABLE,1.6718064149824745,AVAILABLE,ALIGNED_SINGLE,AVAILABLE,1.1359156039965217,AVAILABLE,Monday,True
L00179,SHORT,AVAILABLE,0.7383941457996538,AVAILABLE,ALIGNED_SINGLE,AVAILABLE,1.6666185697312887,AVAILABLE,Monday,True
L00180,SHORT,AVAILABLE,1.2314949626577976,AVAILABLE,ALIGNED_SINGLE,AVAILABLE,2.319419493934748,AVAILABLE,Monday,True
L00181,SHORT,AVAILABLE,1.8827133259977151,AVAILABLE,ALIGNED_SINGLE,AVAILABLE,1.7482271485535794,AVAILABLE,Monday,True
L00182,SHORT,AVAILABLE,-0.062598542277866,AVAILABLE,ALIGNED_SINGLE,AVAILABLE,2.559898955755465,AVAILABLE,Monday,True
L00183,SHORT,AVAILABLE,1.5730739848875466,AVAILABLE,ALIGNED_CONFIRMED,AVAILABLE,1.82739710380461,AVAILABLE,Tuesday,True
L00184,LONG,AVAILABLE,0.6952919675746424,AVAILABLE,AGAINST_CONFIRMED,AVAILABLE,2.7010446170125766,AVAILABLE,Tuesday,True
L00185,SHORT,AVAILABLE,1.5149332059274374,AVAILABLE,ALIGNED_CONFIRMED,AVAILABLE,2.5249246624736004,AVAILABLE,Tuesday,True
L00186,SHORT,AVAILABLE,0.914823462296652,AVAILABLE,ALIGNED_CONFIRMED,AVAILABLE,1.9072687801616215,AVAILABLE,Tuesday,True
L00187,SHORT,AVAILABLE,0.3216506516935579,AVAILABLE,ALIGNED_CONFIRMED,AVAILABLE,1.1608742173953523,AVAILABLE,Tuesday,True
L00188,LONG,AVAILABLE,1.6121213509807049,AVAILABLE,AGAINST_CONFIRMED,AVAILABLE,1.8318647139378093,AVAILABLE,Tuesday,True
L00189,LONG,AVAILABLE,0.2638321151961345,AVAILABLE,AGAINST_CONFIRMED,AVAILABLE,1.6955457669265983,AVAILABLE,Tuesday,True
L00190,LONG,AVAILABLE,1.6293550717507823,AVAILABLE,AGAINST_CONFIRMED,AVAILABLE,2.1254323822464163,AVAILABLE,Tuesday,True
L00191,SHORT,AVAILABLE,0.5522820337175504,AVAILABLE,ALIGNED_SINGLE,AVAILABLE,0.8832978627416196,AVAILABLE,Tuesday,True
L00192,SHORT,AVAILABLE,1.3720281075552243,AVAILABLE,ALIGNED_SINGLE,AVAILABLE,1.898201244103928,AVAILABLE,Tuesday,True
L00194,LONG,AVAILABLE,1.6100624924085165,AVAILABLE,NEUTRAL,AVAILABLE,1.6680745778482553,AVAILABLE,Wednesday,True
L00195,LONG,AVAILABLE,0.7245553894931478,AVAILABLE,NEUTRAL,AVAILABLE,1.4803715624913756,AVAILABLE,Wednesday,True
L00197,LONG,AVAILABLE,0.051591500192277,AVAILABLE,NEUTRAL,AVAILABLE,2.458873703992309,AVAILABLE,Wednesday,True
L00198,LONG,AVAILABLE,0.2226448674337796,AVAILABLE,NEUTRAL,AVAILABLE,2.0233627227912936,AVAILABLE,Wednesday,True
L00199,LONG,AVAILABLE,1.1199969387528,AVAILABLE,NEUTRAL,AVAILABLE,2.2466176868555454,AVAILABLE,Wednesday,True
L00200,SHORT,AVAILABLE,0.1588508451658401,AVAILABLE,NEUTRAL,AVAILABLE,0.9990538908296288,AVAILABLE,Wednesday,True
L00201,SHORT,AVAILABLE,-0.0752054148909025,AVAILABLE,NEUTRAL,AVAILABLE,1.4561622414673243,AVAILABLE,Wednesday,True
L00203,SHORT,AVAILABLE,1.8562103672580883,AVAILABLE,NEUTRAL,AVAILABLE,2.427618091097689,AVAILABLE,Thursday,True
L00206,SHORT,AVAILABLE,1.270315483098357,AVAILABLE,NEUTRAL,AVAILABLE,1.5495257182719928,AVAILABLE,Thursday,True
L00207,SHORT,AVAILABLE,0.2738822059832092,AVAILABLE,NEUTRAL,AVAILABLE,1.7289626842307395,AVAILABLE,Thursday,True
L00208,SHORT,AVAILABLE,1.4309253540442048,AVAILABLE,NEUTRAL,AVAILABLE,1.9995577029094675,AVAILABLE,Thursday,True
L00209,SHORT,AVAILABLE,2.009835671289058,AVAILABLE,ALIGNED_SINGLE,AVAILABLE,1.8471046152377737,AVAILABLE,Thursday,True
L00210,LONG,AVAILABLE,2.170992109783488,AVAILABLE,AGAINST_SINGLE,AVAILABLE,1.5331092310310988,AVAILABLE,Friday,True
L00211,LONG,AVAILABLE,-0.0238668159103444,AVAILABLE,AGAINST_SINGLE,AVAILABLE,2.0430108406570704,AVAILABLE,Friday,True
L00212,LONG,AVAILABLE,0.7961284932714755,AVAILABLE,AGAINST_SINGLE,AVAILABLE,1.5979594939737742,AVAILABLE,Friday,True
L00213,LONG,AVAILABLE,1.3516324632212096,AVAILABLE,AGAINST_SINGLE,AVAILABLE,1.8473892621314023,AVAILABLE,Friday,True
L00214,LONG,AVAILABLE,1.3477087463026194,AVAILABLE,AGAINST_SINGLE,AVAILABLE,2.63237959222956,AVAILABLE,Friday,True
L00216,SHORT,AVAILABLE,0.1005002193760492,AVAILABLE,ALIGNED_SINGLE,AVAILABLE,1.457873583901402,AVAILABLE,Friday,True
L00217,SHORT,AVAILABLE,1.1017056745376148,AVAILABLE,ALIGNED_SINGLE,AVAILABLE,1.2850878454623929,AVAILABLE,Friday,True
L00218,SHORT,AVAILABLE,0.8679582814261265,AVAILABLE,ALIGNED_SINGLE,AVAILABLE,1.8080025880133723,AVAILABLE,Friday,True
L00219,SHORT,AVAILABLE,1.181629772578609,AVAILABLE,ALIGNED_SINGLE,AVAILABLE,1.2609327040934764,AVAILABLE,Friday,True
L00220,SHORT,AVAILABLE,1.433341561706152,AVAILABLE,ALIGNED_SINGLE,AVAILABLE,2.367852935570136,AVAILABLE,Friday,True
L00222,LONG,AVAILABLE,1.8665813491858416,AVAILABLE,NEUTRAL,AVAILABLE,5.026589043178184,AVAILABLE,Monday,True
L00223,LONG,AVAILABLE,1.0560664089395573,AVAILABLE,NEUTRAL,AVAILABLE,2.1306606445967144,AVAILABLE,Monday,True
L00224,SHORT,AVAILABLE,0.6469890947230782,AVAILABLE,NEUTRAL,AVAILABLE,0.8543759501307582,AVAILABLE,Monday,True
L00226,SHORT,AVAILABLE,0.5366987483257638,AVAILABLE,NEUTRAL,AVAILABLE,1.7414052149908463,AVAILABLE,Monday,True
L00227,LONG,AVAILABLE,0.8790217302614808,AVAILABLE,NEUTRAL,AVAILABLE,1.215471241513787,AVAILABLE,Monday,True
L00228,LONG,AVAILABLE,2.211904945098305,AVAILABLE,NEUTRAL,AVAILABLE,2.318987331616533,AVAILABLE,Monday,True
L00229,LONG,AVAILABLE,1.871764331520864,AVAILABLE,NEUTRAL,AVAILABLE,2.046687244460276,AVAILABLE,Monday,True
L00230,LONG,AVAILABLE,0.2900362108260064,AVAILABLE,NEUTRAL,AVAILABLE,1.965875350565484,AVAILABLE,Tuesday,True
L00231,LONG,AVAILABLE,0.5898820994132868,AVAILABLE,NEUTRAL,AVAILABLE,1.9849441402262256,AVAILABLE,Tuesday,True
L00232,SHORT,AVAILABLE,1.192395747103114,AVAILABLE,NEUTRAL,AVAILABLE,1.8047844883878696,AVAILABLE,Tuesday,True
L00234,LONG,AVAILABLE,1.2574798891930494,AVAILABLE,NEUTRAL,AVAILABLE,1.891731193493511,AVAILABLE,Tuesday,True
L00235,SHORT,AVAILABLE,0.4843939046098793,AVAILABLE,NEUTRAL,AVAILABLE,1.6616728115798594,AVAILABLE,Tuesday,True
L00240,SHORT,AVAILABLE,1.2690024040674437,AVAILABLE,NEUTRAL,AVAILABLE,1.7935915985364537,AVAILABLE,Tuesday,True
L00241,SHORT,AVAILABLE,0.4428314542560291,AVAILABLE,NEUTRAL,AVAILABLE,1.0981837187348171,AVAILABLE,Tuesday,True
L00243,SHORT,AVAILABLE,2.085778472650883,AVAILABLE,NEUTRAL,AVAILABLE,2.987508217905814,AVAILABLE,Tuesday,True
L00244,SHORT,AVAILABLE,1.3286346708099466,AVAILABLE,NEUTRAL,AVAILABLE,3.443642949355547,AVAILABLE,Wednesday,True
L00246,LONG,AVAILABLE,0.9459458503389856,AVAILABLE,NEUTRAL,AVAILABLE,0.6912546593899074,AVAILABLE,Wednesday,True
L00248,LONG,AVAILABLE,0.6500607330616529,AVAILABLE,NEUTRAL,AVAILABLE,1.3499411030308726,AVAILABLE,Wednesday,True
L00249,LONG,AVAILABLE,1.1227473337690688,AVAILABLE,NEUTRAL,AVAILABLE,2.7550351609153827,AVAILABLE,Wednesday,True
L00251,SHORT,AVAILABLE,0.4734858836445704,AVAILABLE,NEUTRAL,AVAILABLE,0.8957860578948076,AVAILABLE,Wednesday,True
L00253,SHORT,AVAILABLE,0.7467374760002636,AVAILABLE,NEUTRAL,AVAILABLE,1.111840736150771,AVAILABLE,Wednesday,True
L00254,SHORT,AVAILABLE,1.1679917027463822,AVAILABLE,NEUTRAL,AVAILABLE,1.21897894870437,AVAILABLE,Wednesday,True
L00255,SHORT,AVAILABLE,1.2740058884960568,AVAILABLE,AGAINST_SINGLE,AVAILABLE,1.6345495523781466,AVAILABLE,Thursday,True
L00256,SHORT,AVAILABLE,0.8762097045114909,AVAILABLE,AGAINST_SINGLE,AVAILABLE,1.5594023453450776,AVAILABLE,Thursday,True
L00259,SHORT,AVAILABLE,0.8979839158383385,AVAILABLE,AGAINST_SINGLE,AVAILABLE,1.7242440190972106,AVAILABLE,Thursday,True
L00260,SHORT,AVAILABLE,1.3957151617822452,AVAILABLE,AGAINST_SINGLE,AVAILABLE,1.261556724570443,AVAILABLE,Thursday,True
L00261,LONG,AVAILABLE,1.1906772094764928,AVAILABLE,ALIGNED_SINGLE,AVAILABLE,2.8889373859215937,AVAILABLE,Thursday,True
L00263,SHORT,AVAILABLE,0.1281859586915587,AVAILABLE,NEUTRAL,AVAILABLE,1.514051145868794,AVAILABLE,Friday,True
L00265,SHORT,AVAILABLE,1.106195492518781,AVAILABLE,NEUTRAL,AVAILABLE,1.7786755583142346,AVAILABLE,Friday,True
L00266,LONG,AVAILABLE,0.3807860708286216,AVAILABLE,NEUTRAL,AVAILABLE,3.262945772560177,AVAILABLE,Friday,True
L00267,LONG,AVAILABLE,1.0584790457302782,AVAILABLE,NEUTRAL,AVAILABLE,2.4497541524264275,AVAILABLE,Monday,True
L00268,SHORT,AVAILABLE,0.8397782637628564,AVAILABLE,NEUTRAL,AVAILABLE,1.5641723260228175,AVAILABLE,Monday,True
L00269,SHORT,AVAILABLE,0.6744149474704361,AVAILABLE,NEUTRAL,AVAILABLE,1.6951536375372729,AVAILABLE,Monday,True
L00270,SHORT,AVAILABLE,0.3652817867310451,AVAILABLE,NEUTRAL,AVAILABLE,1.5165360270167048,AVAILABLE,Monday,True
L00271,LONG,AVAILABLE,1.236596950167467,AVAILABLE,NEUTRAL,AVAILABLE,2.4172379417333096,AVAILABLE,Tuesday,True
L00273,LONG,AVAILABLE,0.152677024758705,AVAILABLE,NEUTRAL,AVAILABLE,2.357657292524839,AVAILABLE,Tuesday,True
L00274,LONG,AVAILABLE,0.0650440023871548,AVAILABLE,NEUTRAL,AVAILABLE,1.850790631695958,AVAILABLE,Tuesday,True
L00276,SHORT,AVAILABLE,0.3339712996025749,AVAILABLE,NEUTRAL,AVAILABLE,1.2669915464374666,AVAILABLE,Tuesday,True
L00278,LONG,AVAILABLE,0.5989388099683396,AVAILABLE,NEUTRAL,AVAILABLE,2.511833064616892,AVAILABLE,Tuesday,True
L00280,SHORT,AVAILABLE,-1.8716317135704088,AVAILABLE,NEUTRAL,AVAILABLE,1.1627122564976966,AVAILABLE,Tuesday,True
L00281,SHORT,AVAILABLE,0.6514026822301893,AVAILABLE,NEUTRAL,AVAILABLE,0.95551626743845,AVAILABLE,Tuesday,True
L00283,LONG,AVAILABLE,1.1343996777124972,AVAILABLE,NEUTRAL,AVAILABLE,2.115860517371965,AVAILABLE,Wednesday,True
L00284,LONG,AVAILABLE,1.0283315246884184,AVAILABLE,NEUTRAL,AVAILABLE,1.860759662713024,AVAILABLE,Wednesday,True
L00285,SHORT,AVAILABLE,0.9941853554999556,AVAILABLE,NEUTRAL,AVAILABLE,1.683265007446762,AVAILABLE,Wednesday,True
L00287,LONG,AVAILABLE,0.516648189333429,AVAILABLE,NEUTRAL,AVAILABLE,1.750052683883344,AVAILABLE,Wednesday,True
L00289,LONG,AVAILABLE,0.8136825453468411,AVAILABLE,NEUTRAL,AVAILABLE,2.2898775925705026,AVAILABLE,Wednesday,True
L00290,LONG,AVAILABLE,0.3841131352921381,AVAILABLE,NEUTRAL,AVAILABLE,1.4439206903802115,AVAILABLE,Wednesday,True
L00292,LONG,AVAILABLE,0.9949697912141124,AVAILABLE,AGAINST_CONFIRMED,AVAILABLE,2.2507694631770985,AVAILABLE,Thursday,True
L00294,SHORT,AVAILABLE,0.5209805756729609,AVAILABLE,ALIGNED_CONFIRMED,AVAILABLE,1.8490001025024283,AVAILABLE,Thursday,True
L00295,SHORT,AVAILABLE,1.534060318460309,AVAILABLE,ALIGNED_CONFIRMED,AVAILABLE,2.028303749939557,AVAILABLE,Thursday,True
L00296,SHORT,AVAILABLE,0.6287038247124493,AVAILABLE,ALIGNED_CONFIRMED,AVAILABLE,2.282018597175836,AVAILABLE,Thursday,True
L00297,SHORT,AVAILABLE,1.2634123234753107,AVAILABLE,ALIGNED_SINGLE,AVAILABLE,2.3467510194628507,AVAILABLE,Thursday,True
L00298,LONG,AVAILABLE,0.3219438443949032,AVAILABLE,AGAINST_SINGLE,AVAILABLE,1.2629431858962528,AVAILABLE,Thursday,True
L00300,SHORT,AVAILABLE,1.6565700254575886,AVAILABLE,NEUTRAL,AVAILABLE,2.465225350154605,AVAILABLE,Friday,True
L00301,LONG,AVAILABLE,1.438098364385229,AVAILABLE,NEUTRAL,AVAILABLE,1.7936861860451552,AVAILABLE,Friday,True
L00302,LONG,AVAILABLE,0.2481996364417566,AVAILABLE,NEUTRAL,AVAILABLE,1.179881148316002,AVAILABLE,Friday,True
L00304,LONG,AVAILABLE,0.7083927956210417,AVAILABLE,NEUTRAL,AVAILABLE,2.272158881119722,AVAILABLE,Friday,True
L00307,LONG,AVAILABLE,0.7183204544592754,AVAILABLE,NEUTRAL,AVAILABLE,1.937692745186761,AVAILABLE,Friday,True
L00308,SHORT,AVAILABLE,0.5249055517827143,AVAILABLE,NEUTRAL,AVAILABLE,2.2833637249793357,AVAILABLE,Sunday,True
L00309,SHORT,AVAILABLE,0.6473874063555427,AVAILABLE,NEUTRAL,AVAILABLE,1.8325554657291647,AVAILABLE,Monday,True
L00312,SHORT,AVAILABLE,0.3331516152219329,AVAILABLE,NEUTRAL,AVAILABLE,1.0270575454553803,AVAILABLE,Monday,True
L00313,SHORT,AVAILABLE,0.4585131617782497,AVAILABLE,NEUTRAL,AVAILABLE,1.2401351539898162,AVAILABLE,Monday,True
L00314,SHORT,AVAILABLE,0.0820098972956109,AVAILABLE,NEUTRAL,AVAILABLE,1.1154781788892554,AVAILABLE,Monday,True
L00315,SHORT,AVAILABLE,1.5343499848691755,AVAILABLE,NEUTRAL,AVAILABLE,1.532479213018818,AVAILABLE,Monday,True
L00316,LONG,AVAILABLE,0.3445379375821377,AVAILABLE,NEUTRAL,AVAILABLE,1.7062341675246384,AVAILABLE,Monday,True
L00317,LONG,AVAILABLE,1.23740057390516,AVAILABLE,NEUTRAL,AVAILABLE,2.3112097174600565,AVAILABLE,Tuesday,True
L00318,LONG,AVAILABLE,0.6102952331011282,AVAILABLE,NEUTRAL,AVAILABLE,1.269028829456527,AVAILABLE,Tuesday,True
L00320,LONG,AVAILABLE,0.6498558003994079,AVAILABLE,NEUTRAL,AVAILABLE,1.7654787406650536,AVAILABLE,Tuesday,True
L00323,SHORT,AVAILABLE,0.2056636599743813,AVAILABLE,NEUTRAL,AVAILABLE,1.2075063117786056,AVAILABLE,Tuesday,True
L00324,LONG,AVAILABLE,1.6015937975055865,AVAILABLE,NEUTRAL,AVAILABLE,2.6708835112300027,AVAILABLE,Tuesday,True
L00325,SHORT,AVAILABLE,0.8235907812639643,AVAILABLE,AGAINST_SINGLE,AVAILABLE,2.622310650755864,AVAILABLE,Tuesday,True
L00326,LONG,AVAILABLE,1.1805275386210878,AVAILABLE,ALIGNED_SINGLE,AVAILABLE,2.6139973712634146,AVAILABLE,Wednesday,True
L00327,LONG,AVAILABLE,0.3698251467860731,AVAILABLE,ALIGNED_SINGLE,AVAILABLE,1.5027836158014047,AVAILABLE,Wednesday,True
L00329,LONG,AVAILABLE,0.5938430441857732,AVAILABLE,ALIGNED_SINGLE,AVAILABLE,7.388301176194169,AVAILABLE,Wednesday,True
L00330,LONG,AVAILABLE,0.4687983103667809,AVAILABLE,ALIGNED_SINGLE,AVAILABLE,1.8493746667496995,AVAILABLE,Wednesday,True
L00331,SHORT,AVAILABLE,-0.4338247988468496,AVAILABLE,AGAINST_SINGLE,AVAILABLE,1.580540904831829,AVAILABLE,Wednesday,True
L00332,SHORT,AVAILABLE,1.091049030182887,AVAILABLE,AGAINST_SINGLE,AVAILABLE,1.49762632621966,AVAILABLE,Wednesday,True
L00333,SHORT,AVAILABLE,1.0504359793996938,AVAILABLE,AGAINST_SINGLE,AVAILABLE,2.404842449429998,AVAILABLE,Wednesday,True
L00334,LONG,AVAILABLE,0.7732498723422783,AVAILABLE,NEUTRAL,AVAILABLE,1.5812803924012124,AVAILABLE,Thursday,True
L00336,LONG,AVAILABLE,0.6063114278467648,AVAILABLE,NEUTRAL,AVAILABLE,1.0850778475197356,AVAILABLE,Thursday,True
L00337,LONG,AVAILABLE,1.1721187569472855,AVAILABLE,NEUTRAL,AVAILABLE,1.7699408672102257,AVAILABLE,Thursday,True
L00338,LONG,AVAILABLE,0.2318651226383215,AVAILABLE,NEUTRAL,AVAILABLE,2.2204706137396126,AVAILABLE,Thursday,True
L00339,LONG,AVAILABLE,1.017260412453983,AVAILABLE,NEUTRAL,AVAILABLE,2.087141439875844,AVAILABLE,Thursday,True
L00340,LONG,AVAILABLE,0.9053515882940404,AVAILABLE,NEUTRAL,AVAILABLE,2.2544806638294093,AVAILABLE,Thursday,True
L00341,SHORT,AVAILABLE,0.4438122831221593,AVAILABLE,NEUTRAL,AVAILABLE,2.3706550245932303,AVAILABLE,Thursday,True
L00343,SHORT,AVAILABLE,1.3506161025946235,AVAILABLE,NEUTRAL,AVAILABLE,2.1392246285679897,AVAILABLE,Friday,True
L00345,LONG,AVAILABLE,0.1284136404035676,AVAILABLE,NEUTRAL,AVAILABLE,2.045968389226136,AVAILABLE,Friday,True
L00346,LONG,AVAILABLE,0.3309337299698303,AVAILABLE,NEUTRAL,AVAILABLE,2.010204086772576,AVAILABLE,Friday,True
L00348,LONG,AVAILABLE,0.9087666670156668,AVAILABLE,NEUTRAL,AVAILABLE,1.1434368348537154,AVAILABLE,Friday,True
L00349,LONG,AVAILABLE,0.4119952349411011,AVAILABLE,NEUTRAL,AVAILABLE,2.8391513129481782,AVAILABLE,Friday,True
L00350,LONG,AVAILABLE,1.2344982679873264,AVAILABLE,NEUTRAL,AVAILABLE,2.3657887484412017,AVAILABLE,Friday,True
L00351,LONG,AVAILABLE,1.2377073392020568,AVAILABLE,NEUTRAL,AVAILABLE,2.051716094555371,AVAILABLE,Friday,True
L00352,LONG,AVAILABLE,0.9126781553018276,AVAILABLE,NEUTRAL,AVAILABLE,2.110402984683786,AVAILABLE,Friday,True
L00353,SHORT,AVAILABLE,2.2453832848559694,AVAILABLE,NEUTRAL,AVAILABLE,2.297311437775822,AVAILABLE,Sunday,True
L00354,LONG,AVAILABLE,0.0203285644638431,AVAILABLE,NEUTRAL,AVAILABLE,2.388035643327184,AVAILABLE,Monday,True
L00355,LONG,AVAILABLE,1.7159657402851438,AVAILABLE,NEUTRAL,AVAILABLE,2.133397836326239,AVAILABLE,Monday,True
L00356,SHORT,AVAILABLE,2.03773656033833,AVAILABLE,NEUTRAL,AVAILABLE,2.2491201929064624,AVAILABLE,Monday,True
L00357,SHORT,AVAILABLE,2.489361653322684,AVAILABLE,NEUTRAL,AVAILABLE,1.550550029801233,AVAILABLE,Monday,True
L00359,SHORT,AVAILABLE,1.4684396951968883,AVAILABLE,NEUTRAL,AVAILABLE,1.5595571385561395,AVAILABLE,Monday,True
L00360,LONG,AVAILABLE,0.658738356098495,AVAILABLE,NEUTRAL,AVAILABLE,1.7100250152137113,AVAILABLE,Monday,True
L00361,SHORT,AVAILABLE,1.1261885024566427,AVAILABLE,NEUTRAL,AVAILABLE,1.7841796679546087,AVAILABLE,Monday,True
L00362,SHORT,AVAILABLE,0.8304586842667141,AVAILABLE,NEUTRAL,AVAILABLE,1.6488485986259331,AVAILABLE,Monday,True
L00363,LONG,AVAILABLE,0.92470331715668,AVAILABLE,AGAINST_SINGLE,AVAILABLE,1.6303603811919962,AVAILABLE,Monday,True
L00365,LONG,AVAILABLE,0.7745386206583698,AVAILABLE,AGAINST_SINGLE,AVAILABLE,1.421375661005137,AVAILABLE,Tuesday,True
L00366,SHORT,AVAILABLE,1.4112671618008292,AVAILABLE,ALIGNED_SINGLE,AVAILABLE,1.888860946252306,AVAILABLE,Tuesday,True
L00367,SHORT,AVAILABLE,0.911893372331194,AVAILABLE,ALIGNED_SINGLE,AVAILABLE,1.624433122660308,AVAILABLE,Tuesday,True
L00371,LONG,AVAILABLE,0.5874766064354331,AVAILABLE,AGAINST_SINGLE,AVAILABLE,1.1599278651112863,AVAILABLE,Tuesday,True
L00372,LONG,AVAILABLE,1.1342681492720588,AVAILABLE,AGAINST_SINGLE,AVAILABLE,1.1989804444027776,AVAILABLE,Tuesday,True
L00373,LONG,AVAILABLE,0.4517192725431178,AVAILABLE,AGAINST_SINGLE,AVAILABLE,1.573309821441527,AVAILABLE,Tuesday,True
L00375,SHORT,AVAILABLE,0.7124571869682036,AVAILABLE,NEUTRAL,AVAILABLE,1.6970179696665575,AVAILABLE,Tuesday,True
L00377,SHORT,AVAILABLE,1.121173833670479,AVAILABLE,NEUTRAL,AVAILABLE,1.573766529987669,AVAILABLE,Wednesday,True
L00379,SHORT,AVAILABLE,0.9436928209019808,AVAILABLE,NEUTRAL,AVAILABLE,1.311028281637225,AVAILABLE,Wednesday,True
L00380,SHORT,AVAILABLE,0.3463560415449536,AVAILABLE,NEUTRAL,AVAILABLE,1.3649607689606298,AVAILABLE,Wednesday,True
L00383,LONG,AVAILABLE,0.6852328046620068,AVAILABLE,NEUTRAL,AVAILABLE,0.4190414106708007,AVAILABLE,Wednesday,True
L00384,SHORT,AVAILABLE,1.399506060447102,AVAILABLE,NEUTRAL,AVAILABLE,1.1276633848550317,AVAILABLE,Wednesday,True
L00385,SHORT,AVAILABLE,2.777245236677488,AVAILABLE,NEUTRAL,AVAILABLE,3.2038832185698625,AVAILABLE,Wednesday,True
L00387,SHORT,AVAILABLE,0.7051914276845562,AVAILABLE,AGAINST_SINGLE,AVAILABLE,2.5753454500818758,AVAILABLE,Wednesday,True
L00388,SHORT,AVAILABLE,1.6776046556403257,AVAILABLE,AGAINST_SINGLE,AVAILABLE,1.6607751380215463,AVAILABLE,Thursday,True
L00389,SHORT,AVAILABLE,0.5769116186046108,AVAILABLE,AGAINST_SINGLE,AVAILABLE,1.1601532740154523,AVAILABLE,Thursday,True
L00391,SHORT,AVAILABLE,1.0732091491947706,AVAILABLE,AGAINST_SINGLE,AVAILABLE,0.8105414492366548,AVAILABLE,Thursday,True
L00392,LONG,AVAILABLE,0.6279947037454046,AVAILABLE,ALIGNED_SINGLE,AVAILABLE,1.5261192170853195,AVAILABLE,Thursday,True
L00393,SHORT,AVAILABLE,1.0139097771660022,AVAILABLE,AGAINST_SINGLE,AVAILABLE,1.5990628728890337,AVAILABLE,Thursday,True
L00394,SHORT,AVAILABLE,0.8767346817039137,AVAILABLE,AGAINST_SINGLE,AVAILABLE,1.7833531748115403,AVAILABLE,Thursday,True
L00395,LONG,AVAILABLE,1.5351276754837455,AVAILABLE,ALIGNED_SINGLE,AVAILABLE,2.0122601378265865,AVAILABLE,Thursday,True
L00397,SHORT,AVAILABLE,2.3752023423888207,AVAILABLE,AGAINST_CONFIRMED,AVAILABLE,1.926065426825241,AVAILABLE,Friday,True
L00398,LONG,AVAILABLE,1.2740117891190834,AVAILABLE,ALIGNED_CONFIRMED,AVAILABLE,3.353291341219561,AVAILABLE,Friday,True
L00399,LONG,AVAILABLE,0.9687489883198,AVAILABLE,ALIGNED_SINGLE,AVAILABLE,1.757510507191734,AVAILABLE,Monday,True
L00400,LONG,AVAILABLE,0.5145066600713207,AVAILABLE,ALIGNED_SINGLE,AVAILABLE,1.5625010313120924,AVAILABLE,Monday,True
L00401,SHORT,AVAILABLE,0.8694729250500614,AVAILABLE,AGAINST_SINGLE,AVAILABLE,1.372050822103409,AVAILABLE,Monday,True
L00402,LONG,AVAILABLE,0.6043529641840631,AVAILABLE,ALIGNED_SINGLE,AVAILABLE,2.125079956996362,AVAILABLE,Monday,True
L00403,LONG,AVAILABLE,0.4209366113137792,AVAILABLE,ALIGNED_SINGLE,AVAILABLE,2.58355078637974,AVAILABLE,Monday,True
L00404,LONG,AVAILABLE,0.6352376973506371,AVAILABLE,ALIGNED_SINGLE,AVAILABLE,2.5827777170730606,AVAILABLE,Monday,True
L00405,LONG,AVAILABLE,0.3657263678130127,AVAILABLE,ALIGNED_SINGLE,AVAILABLE,3.6244354635893816,AVAILABLE,Tuesday,True
L00406,LONG,AVAILABLE,2.3100642985661564,AVAILABLE,ALIGNED_SINGLE,AVAILABLE,3.13251890340282,AVAILABLE,Tuesday,True
L00407,SHORT,AVAILABLE,0.9485758572623824,AVAILABLE,ALIGNED_SINGLE,AVAILABLE,2.485527909354007,AVAILABLE,Wednesday,True
L00408,SHORT,AVAILABLE,1.743768717612216,AVAILABLE,ALIGNED_SINGLE,AVAILABLE,1.8594572169892256,AVAILABLE,Wednesday,True
L00409,SHORT,AVAILABLE,0.4417331214154391,AVAILABLE,ALIGNED_SINGLE,AVAILABLE,1.26888489308314,AVAILABLE,Wednesday,True
L00411,LONG,AVAILABLE,1.2237627830754512,AVAILABLE,AGAINST_SINGLE,AVAILABLE,2.9351546555200727,AVAILABLE,Wednesday,True
L00413,SHORT,AVAILABLE,0.5015542615241358,AVAILABLE,ALIGNED_CONFIRMED,AVAILABLE,2.141942089942933,AVAILABLE,Wednesday,True
L00414,SHORT,AVAILABLE,1.8284084829719744,AVAILABLE,ALIGNED_CONFIRMED,AVAILABLE,2.635927020949814,AVAILABLE,Thursday,True
L00415,LONG,AVAILABLE,0.0353996520137787,AVAILABLE,AGAINST_CONFIRMED,AVAILABLE,2.127766347486904,AVAILABLE,Thursday,True
L00416,LONG,AVAILABLE,1.4449590392896117,AVAILABLE,AGAINST_CONFIRMED,AVAILABLE,2.124224464808345,AVAILABLE,Thursday,True
L00417,LONG,AVAILABLE,0.3675140236165436,AVAILABLE,AGAINST_CONFIRMED,AVAILABLE,0.7401698134783538,AVAILABLE,Thursday,True
L00418,LONG,AVAILABLE,1.4834230796757435,AVAILABLE,AGAINST_CONFIRMED,AVAILABLE,2.1751224994704303,AVAILABLE,Thursday,True
L00421,SHORT,AVAILABLE,0.4232467584431018,AVAILABLE,ALIGNED_CONFIRMED,AVAILABLE,1.6075643227933778,AVAILABLE,Thursday,True
L00422,LONG,AVAILABLE,0.9376194501044388,AVAILABLE,AGAINST_CONFIRMED,AVAILABLE,2.1053884987122933,AVAILABLE,Friday,True
L00423,LONG,AVAILABLE,1.7693965814475012,AVAILABLE,AGAINST_CONFIRMED,AVAILABLE,2.258622483849296,AVAILABLE,Friday,True
L00424,LONG,AVAILABLE,0.5715613550059306,AVAILABLE,AGAINST_CONFIRMED,AVAILABLE,1.6925381266654052,AVAILABLE,Friday,True
L00425,LONG,AVAILABLE,1.2615373407217134,AVAILABLE,AGAINST_CONFIRMED,AVAILABLE,1.6858865312257307,AVAILABLE,Friday,True
L00426,LONG,AVAILABLE,1.4521573600195083,AVAILABLE,AGAINST_CONFIRMED,AVAILABLE,1.6193866960292225,AVAILABLE,Friday,True
L00428,SHORT,AVAILABLE,0.1188402413270945,AVAILABLE,ALIGNED_CONFIRMED,AVAILABLE,2.365541462637357,AVAILABLE,Friday,True
L00429,SHORT,AVAILABLE,1.4204965786651138,AVAILABLE,ALIGNED_SINGLE,AVAILABLE,2.853598873425788,AVAILABLE,Sunday,True
L00430,LONG,AVAILABLE,0.6715777330127406,AVAILABLE,AGAINST_SINGLE,AVAILABLE,2.134626371418975,AVAILABLE,Monday,True
L00432,LONG,AVAILABLE,1.6834910312066442,AVAILABLE,AGAINST_SINGLE,AVAILABLE,3.3132094023496843,AVAILABLE,Monday,True
L00434,LONG,AVAILABLE,0.7216291992610567,AVAILABLE,AGAINST_SINGLE,AVAILABLE,2.4894333727250064,AVAILABLE,Monday,True
L00435,SHORT,AVAILABLE,2.6909479025458647,AVAILABLE,ALIGNED_SINGLE,AVAILABLE,2.7633670042896634,AVAILABLE,Monday,True
L00436,SHORT,AVAILABLE,0.998368128833497,AVAILABLE,ALIGNED_SINGLE,AVAILABLE,1.5073814084430972,AVAILABLE,Monday,True
L00437,LONG,AVAILABLE,2.2175210530327947,AVAILABLE,NEUTRAL,AVAILABLE,2.711000747485921,AVAILABLE,Tuesday,True
L00438,LONG,AVAILABLE,1.6316223501243892,AVAILABLE,NEUTRAL,AVAILABLE,1.8263409734172216,AVAILABLE,Tuesday,True
L00440,LONG,AVAILABLE,1.6684123192342293,AVAILABLE,NEUTRAL,AVAILABLE,2.4779274031754897,AVAILABLE,Tuesday,True
L00441,LONG,AVAILABLE,1.1169022833668798,AVAILABLE,NEUTRAL,AVAILABLE,2.0119823457230424,AVAILABLE,Tuesday,True
L00442,SHORT,AVAILABLE,0.1161880039008166,AVAILABLE,NEUTRAL,AVAILABLE,1.0269531085418817,AVAILABLE,Tuesday,True
L00443,LONG,AVAILABLE,0.0698238811877131,AVAILABLE,NEUTRAL,AVAILABLE,0.8600487377290378,AVAILABLE,Tuesday,True
L00445,SHORT,AVAILABLE,2.0668557078471435,AVAILABLE,ALIGNED_SINGLE,AVAILABLE,2.540708376019518,AVAILABLE,Wednesday,True
L00446,SHORT,AVAILABLE,1.5057387119467756,AVAILABLE,ALIGNED_SINGLE,AVAILABLE,1.6059772755510282,AVAILABLE,Wednesday,True
L00447,SHORT,AVAILABLE,0.7648578223140364,AVAILABLE,ALIGNED_SINGLE,AVAILABLE,1.9714731320382943,AVAILABLE,Wednesday,True
L00448,SHORT,AVAILABLE,1.775124367734496,AVAILABLE,ALIGNED_SINGLE,AVAILABLE,1.12310596188754,AVAILABLE,Wednesday,True
L00449,LONG,AVAILABLE,0.213902954849241,AVAILABLE,AGAINST_SINGLE,AVAILABLE,1.1646866622918275,AVAILABLE,Wednesday,True
L00450,SHORT,AVAILABLE,0.7327028174921919,AVAILABLE,ALIGNED_SINGLE,AVAILABLE,1.4640530867400343,AVAILABLE,Wednesday,True
L00453,SHORT,AVAILABLE,1.415005697043808,AVAILABLE,ALIGNED_SINGLE,AVAILABLE,1.8836535795765297,AVAILABLE,Wednesday,True
L00455,LONG,AVAILABLE,0.7788836907686041,AVAILABLE,NEUTRAL,AVAILABLE,1.229963436721052,AVAILABLE,Thursday,True
L00456,SHORT,AVAILABLE,1.1883581669507297,AVAILABLE,NEUTRAL,AVAILABLE,1.9201794405200097,AVAILABLE,Thursday,True
L00460,LONG,AVAILABLE,2.239950131257807,AVAILABLE,NEUTRAL,AVAILABLE,2.2922974127777658,AVAILABLE,Thursday,True
L00461,LONG,AVAILABLE,0.5583062083635264,AVAILABLE,NEUTRAL,AVAILABLE,2.261023410505105,AVAILABLE,Thursday,True
L00463,LONG,AVAILABLE,0.61362439850604,AVAILABLE,NEUTRAL,AVAILABLE,1.9714173567346127,AVAILABLE,Friday,True
L00464,LONG,AVAILABLE,0.5374677348753449,AVAILABLE,NEUTRAL,AVAILABLE,2.0768532130452484,AVAILABLE,Friday,True
L00465,LONG,AVAILABLE,1.8003604793147847,AVAILABLE,NEUTRAL,AVAILABLE,1.6740156029678008,AVAILABLE,Friday,True
L00467,LONG,AVAILABLE,1.606136714052391,AVAILABLE,NEUTRAL,AVAILABLE,2.153599251178409,AVAILABLE,Friday,True
L00468,LONG,AVAILABLE,1.4208185305618422,AVAILABLE,NEUTRAL,AVAILABLE,1.7708838696885394,AVAILABLE,Friday,True
L00469,LONG,AVAILABLE,1.7612545446533394,AVAILABLE,NEUTRAL,AVAILABLE,1.7852985550077776,AVAILABLE,Friday,True
L00470,LONG,AVAILABLE,3.838073346925946,AVAILABLE,NEUTRAL,AVAILABLE,4.230229986638738,AVAILABLE,Sunday,True
L00471,SHORT,AVAILABLE,0.352372469148371,AVAILABLE,NEUTRAL,AVAILABLE,1.3328088331348973,AVAILABLE,Monday,True
L00472,SHORT,AVAILABLE,0.5124032021202949,AVAILABLE,NEUTRAL,AVAILABLE,1.1781810614259736,AVAILABLE,Monday,True
L00474,SHORT,AVAILABLE,1.6396288295989714,AVAILABLE,NEUTRAL,AVAILABLE,1.6536195933345603,AVAILABLE,Monday,True
L00475,SHORT,AVAILABLE,0.9473423828073634,AVAILABLE,NEUTRAL,AVAILABLE,1.2734395355938437,AVAILABLE,Monday,True
L00476,SHORT,AVAILABLE,0.1370135450651097,AVAILABLE,NEUTRAL,AVAILABLE,1.2988501790207023,AVAILABLE,Monday,True
L00477,SHORT,AVAILABLE,0.5545905899296854,AVAILABLE,NEUTRAL,AVAILABLE,1.6035729506138945,AVAILABLE,Monday,True
L00480,SHORT,AVAILABLE,1.2032197414304209,AVAILABLE,ALIGNED_SINGLE,AVAILABLE,2.551961341247343,AVAILABLE,Monday,True
L00481,SHORT,AVAILABLE,0.4779631588616602,AVAILABLE,ALIGNED_SINGLE,AVAILABLE,1.4248816701893263,AVAILABLE,Tuesday,True
L00482,SHORT,AVAILABLE,0.738708409587866,AVAILABLE,ALIGNED_SINGLE,AVAILABLE,1.4241133727087545,AVAILABLE,Tuesday,True
L00483,SHORT,AVAILABLE,0.3788951991890698,AVAILABLE,ALIGNED_SINGLE,AVAILABLE,2.2167085099573938,AVAILABLE,Tuesday,True
L00484,SHORT,AVAILABLE,0.3101174679859559,AVAILABLE,ALIGNED_SINGLE,AVAILABLE,1.3895158692767222,AVAILABLE,Tuesday,True
L00485,SHORT,AVAILABLE,1.035908031449566,AVAILABLE,ALIGNED_SINGLE,AVAILABLE,1.3378293728377364,AVAILABLE,Tuesday,True
L00486,SHORT,AVAILABLE,1.343659764977688,AVAILABLE,ALIGNED_SINGLE,AVAILABLE,1.5598580120111387,AVAILABLE,Tuesday,True
L00488,LONG,AVAILABLE,0.8671598684779073,AVAILABLE,AGAINST_SINGLE,AVAILABLE,1.3993955165840146,AVAILABLE,Tuesday,True
L00489,LONG,AVAILABLE,0.2055035859619977,AVAILABLE,AGAINST_SINGLE,AVAILABLE,1.367407101147404,AVAILABLE,Tuesday,True
L00491,LONG,AVAILABLE,0.9021161388903852,AVAILABLE,AGAINST_SINGLE,AVAILABLE,0.9385946247162292,AVAILABLE,Tuesday,True
L00492,SHORT,AVAILABLE,0.8161412935722288,AVAILABLE,NEUTRAL,AVAILABLE,0.8380757908066845,AVAILABLE,Tuesday,True
L00495,SHORT,AVAILABLE,1.657355228045204,AVAILABLE,AGAINST_SINGLE,AVAILABLE,1.9361545704319576,AVAILABLE,Wednesday,True
L00496,LONG,AVAILABLE,0.5393255012372167,AVAILABLE,ALIGNED_SINGLE,AVAILABLE,1.4331430533638554,AVAILABLE,Wednesday,True
L00498,SHORT,AVAILABLE,2.2020083005556947,AVAILABLE,AGAINST_SINGLE,AVAILABLE,1.9753470201907728,AVAILABLE,Wednesday,True
L00500,SHORT,AVAILABLE,1.98105619187826,AVAILABLE,AGAINST_SINGLE,AVAILABLE,1.5585357246828615,AVAILABLE,Wednesday,True
L00501,LONG,AVAILABLE,0.4252675088051825,AVAILABLE,ALIGNED_SINGLE,AVAILABLE,1.4875143194177292,AVAILABLE,Wednesday,True
L00502,SHORT,AVAILABLE,1.768601441557844,AVAILABLE,AGAINST_SINGLE,AVAILABLE,1.8562469114261693,AVAILABLE,Wednesday,True
L00504,LONG,AVAILABLE,0.4858537917775473,AVAILABLE,ALIGNED_CONFIRMED,AVAILABLE,1.628746303772847,AVAILABLE,Thursday,True
L00507,LONG,AVAILABLE,1.090969644147654,AVAILABLE,ALIGNED_CONFIRMED,AVAILABLE,3.555766346615829,AVAILABLE,Thursday,True
L00508,LONG,AVAILABLE,1.2169939376117238,AVAILABLE,NEUTRAL,AVAILABLE,3.199791853130234,AVAILABLE,Monday,True
L00509,LONG,AVAILABLE,1.5170994822567552,AVAILABLE,NEUTRAL,AVAILABLE,1.722767544082501,AVAILABLE,Monday,True
L00510,LONG,AVAILABLE,1.4839963322911935,AVAILABLE,NEUTRAL,AVAILABLE,1.4808609772063328,AVAILABLE,Monday,True
L00512,LONG,AVAILABLE,0.7269180514718204,AVAILABLE,NEUTRAL,AVAILABLE,2.5453949693225493,AVAILABLE,Monday,True
L00513,SHORT,AVAILABLE,0.8604314795460278,AVAILABLE,NEUTRAL,AVAILABLE,2.151118410410843,AVAILABLE,Monday,True
L00514,SHORT,AVAILABLE,1.5110197217458117,AVAILABLE,NEUTRAL,AVAILABLE,1.6215698239013985,AVAILABLE,Monday,True
L00515,SHORT,AVAILABLE,1.2829232478246502,AVAILABLE,NEUTRAL,AVAILABLE,2.7942591254555342,AVAILABLE,Monday,True
L00516,LONG,AVAILABLE,0.9094998316804578,AVAILABLE,NEUTRAL,AVAILABLE,1.3900651156178867,AVAILABLE,Tuesday,True
L00517,LONG,AVAILABLE,1.0302772522429895,AVAILABLE,NEUTRAL,AVAILABLE,1.5305059412507824,AVAILABLE,Tuesday,True
L00518,LONG,AVAILABLE,0.2265702954034964,AVAILABLE,NEUTRAL,AVAILABLE,1.183274391022208,AVAILABLE,Tuesday,True
L00520,LONG,AVAILABLE,0.0883210567249389,AVAILABLE,NEUTRAL,AVAILABLE,1.6136307444103155,AVAILABLE,Tuesday,True
L00522,SHORT,AVAILABLE,-0.3097817376559102,AVAILABLE,NEUTRAL,AVAILABLE,0.9979152094156278,AVAILABLE,Tuesday,True
L00524,SHORT,AVAILABLE,0.4193151766322751,AVAILABLE,NEUTRAL,AVAILABLE,1.275805443527097,AVAILABLE,Tuesday,True
L00525,LONG,AVAILABLE,1.196043354392267,AVAILABLE,NEUTRAL,AVAILABLE,2.2889623918177397,AVAILABLE,Tuesday,True
L00526,LONG,AVAILABLE,0.1393107468003719,AVAILABLE,NEUTRAL,AVAILABLE,2.5644626852553256,AVAILABLE,Tuesday,True
L00527,SHORT,AVAILABLE,1.2923515382816877,AVAILABLE,NEUTRAL,AVAILABLE,1.1184339304874171,AVAILABLE,Tuesday,True
L00530,LONG,AVAILABLE,0.3051074007171426,AVAILABLE,NEUTRAL,AVAILABLE,2.663653959281203,AVAILABLE,Wednesday,True
L00531,LONG,AVAILABLE,1.2906482735819096,AVAILABLE,NEUTRAL,AVAILABLE,2.0627697298752423,AVAILABLE,Wednesday,True
L00532,LONG,AVAILABLE,2.1530495068806554,AVAILABLE,NEUTRAL,AVAILABLE,2.1789592847865897,AVAILABLE,Wednesday,True
L00533,SHORT,AVAILABLE,1.2513404559010548,AVAILABLE,NEUTRAL,AVAILABLE,1.427000502565725,AVAILABLE,Wednesday,True
L00534,SHORT,AVAILABLE,1.1662296000598116,AVAILABLE,NEUTRAL,AVAILABLE,1.435016600474218,AVAILABLE,Wednesday,True
L00535,SHORT,AVAILABLE,1.139265385437849,AVAILABLE,NEUTRAL,AVAILABLE,1.0571831663351463,AVAILABLE,Wednesday,True
L00537,SHORT,AVAILABLE,0.466588870393294,AVAILABLE,NEUTRAL,AVAILABLE,1.3048167038176646,AVAILABLE,Wednesday,True
L00538,SHORT,AVAILABLE,1.3189114454316486,AVAILABLE,NEUTRAL,AVAILABLE,1.623418597372687,AVAILABLE,Wednesday,True
L00539,SHORT,AVAILABLE,1.3402815347449748,AVAILABLE,NEUTRAL,AVAILABLE,1.6923228486105102,AVAILABLE,Thursday,True
L00540,SHORT,AVAILABLE,1.0935092561591486,AVAILABLE,NEUTRAL,AVAILABLE,2.099192214752782,AVAILABLE,Thursday,True
L00542,SHORT,AVAILABLE,0.8467618869818588,AVAILABLE,NEUTRAL,AVAILABLE,1.631587748385596,AVAILABLE,Thursday,True
L00544,LONG,AVAILABLE,0.7935752729853921,AVAILABLE,NEUTRAL,AVAILABLE,1.7498653790852206,AVAILABLE,Thursday,True
L00545,SHORT,AVAILABLE,1.1280779931936524,AVAILABLE,NEUTRAL,AVAILABLE,1.721550727219205,AVAILABLE,Thursday,True
L00546,LONG,AVAILABLE,0.9565998040106412,AVAILABLE,NEUTRAL,AVAILABLE,2.0903825148318584,AVAILABLE,Thursday,True
L00547,SHORT,AVAILABLE,1.941045338769144,AVAILABLE,NEUTRAL,AVAILABLE,1.634353273242592,AVAILABLE,Thursday,True
L00548,LONG,AVAILABLE,1.538881942312959,AVAILABLE,NEUTRAL,AVAILABLE,1.5557599042496189,AVAILABLE,Thursday,True
L00549,SHORT,AVAILABLE,2.4149495898738285,AVAILABLE,AGAINST_SINGLE,AVAILABLE,2.3970107338542626,AVAILABLE,Friday,True
L00550,SHORT,AVAILABLE,2.678727474473669,AVAILABLE,AGAINST_SINGLE,AVAILABLE,3.192841226831846,AVAILABLE,Friday,True
L00552,SHORT,AVAILABLE,0.3743113841214155,AVAILABLE,AGAINST_SINGLE,AVAILABLE,1.498589440453162,AVAILABLE,Friday,True
L00553,SHORT,AVAILABLE,1.0112023100175678,AVAILABLE,AGAINST_SINGLE,AVAILABLE,1.3660287809608342,AVAILABLE,Friday,True
L00554,SHORT,AVAILABLE,1.9324858783505572,AVAILABLE,AGAINST_SINGLE,AVAILABLE,1.4141882723409052,AVAILABLE,Friday,True
L00555,SHORT,AVAILABLE,0.0002477459572744,AVAILABLE,AGAINST_SINGLE,AVAILABLE,1.0597226734836165,AVAILABLE,Friday,True
L00556,SHORT,AVAILABLE,1.4807535439396684,AVAILABLE,AGAINST_SINGLE,AVAILABLE,1.8404353024042128,AVAILABLE,Friday,True
L00557,SHORT,AVAILABLE,1.3453881377086636,AVAILABLE,AGAINST_SINGLE,AVAILABLE,1.805279918466424,AVAILABLE,Sunday,True
L00558,LONG,AVAILABLE,1.2786933915512806,AVAILABLE,ALIGNED_SINGLE,AVAILABLE,1.49265716077889,AVAILABLE,Monday,True
L00559,LONG,AVAILABLE,0.9754217492673934,AVAILABLE,ALIGNED_SINGLE,AVAILABLE,1.378388966740663,AVAILABLE,Monday,True
L00560,LONG,AVAILABLE,0.991482692925526,AVAILABLE,ALIGNED_SINGLE,AVAILABLE,1.9373223922637253,AVAILABLE,Monday,True
L00562,LONG,AVAILABLE,0.3490343586030842,AVAILABLE,ALIGNED_SINGLE,AVAILABLE,1.1838884616534824,AVAILABLE,Monday,True
L00563,LONG,AVAILABLE,0.738844784663982,AVAILABLE,ALIGNED_SINGLE,AVAILABLE,2.2115838301083723,AVAILABLE,Monday,True
L00564,LONG,AVAILABLE,1.7849859323080952,AVAILABLE,ALIGNED_SINGLE,AVAILABLE,1.7825547354063316,AVAILABLE,Monday,True
L00567,SHORT,AVAILABLE,0.7761413519307392,AVAILABLE,AGAINST_SINGLE,AVAILABLE,1.3167100632050208,AVAILABLE,Tuesday,True
L00568,LONG,AVAILABLE,0.2271309608904632,AVAILABLE,ALIGNED_SINGLE,AVAILABLE,2.088704512827244,AVAILABLE,Tuesday,True
L00569,LONG,AVAILABLE,1.8363468517574224,AVAILABLE,ALIGNED_SINGLE,AVAILABLE,2.2427733350735557,AVAILABLE,Tuesday,True
L00570,LONG,AVAILABLE,1.0810931047478032,AVAILABLE,ALIGNED_SINGLE,AVAILABLE,2.3156776578203964,AVAILABLE,Tuesday,True
L00571,SHORT,AVAILABLE,0.8683589266791973,AVAILABLE,ALIGNED_SINGLE,AVAILABLE,1.5114939976697463,AVAILABLE,Wednesday,True
L00572,SHORT,AVAILABLE,0.4952659560626268,AVAILABLE,ALIGNED_SINGLE,AVAILABLE,1.2568604256847813,AVAILABLE,Wednesday,True
L00574,SHORT,AVAILABLE,1.1627347106073431,AVAILABLE,ALIGNED_SINGLE,AVAILABLE,1.2745302040520137,AVAILABLE,Wednesday,True
L00575,SHORT,AVAILABLE,1.0608500564317784,AVAILABLE,ALIGNED_SINGLE,AVAILABLE,1.4009735001559178,AVAILABLE,Wednesday,True
L00576,LONG,AVAILABLE,1.0724072710666075,AVAILABLE,AGAINST_SINGLE,AVAILABLE,1.5110297998458009,AVAILABLE,Wednesday,True
L00578,LONG,AVAILABLE,0.7925831579312066,AVAILABLE,AGAINST_SINGLE,AVAILABLE,1.531975933758897,AVAILABLE,Wednesday,True
L00579,LONG,AVAILABLE,1.6539148389227294,AVAILABLE,AGAINST_SINGLE,AVAILABLE,1.5428766080515266,AVAILABLE,Wednesday,True
L00580,LONG,AVAILABLE,0.9613894805010766,AVAILABLE,AGAINST_SINGLE,AVAILABLE,1.6109940752948142,AVAILABLE,Wednesday,True
L00581,LONG,AVAILABLE,1.4085844355637274,AVAILABLE,AGAINST_SINGLE,AVAILABLE,1.6970636175049878,AVAILABLE,Wednesday,True
L00582,SHORT,AVAILABLE,1.8430706883850745,AVAILABLE,ALIGNED_SINGLE,AVAILABLE,2.516528604850523,AVAILABLE,Wednesday,True
L00583,LONG,AVAILABLE,1.6253770918308363,AVAILABLE,NEUTRAL,AVAILABLE,2.181487037452269,AVAILABLE,Thursday,True
L00584,LONG,AVAILABLE,1.487840007794588,AVAILABLE,NEUTRAL,AVAILABLE,1.6070151392322722,AVAILABLE,Thursday,True
L00586,LONG,AVAILABLE,0.4201246202199269,AVAILABLE,NEUTRAL,AVAILABLE,1.312119983505251,AVAILABLE,Thursday,True
L00588,LONG,AVAILABLE,1.6385583598756173,AVAILABLE,NEUTRAL,AVAILABLE,2.0105203937082456,AVAILABLE,Thursday,True
L00589,SHORT,AVAILABLE,0.8502184154733573,AVAILABLE,NEUTRAL,AVAILABLE,1.1497418996625794,AVAILABLE,Thursday,True
L00591,SHORT,AVAILABLE,2.2933716207970787,AVAILABLE,NEUTRAL,AVAILABLE,2.2450826923069456,AVAILABLE,Thursday,True
L00592,SHORT,AVAILABLE,1.142824480987541,AVAILABLE,NEUTRAL,AVAILABLE,1.512954291679903,AVAILABLE,Thursday,True
L00593,LONG,AVAILABLE,0.9256522814799464,AVAILABLE,NEUTRAL,AVAILABLE,1.2828245219649796,AVAILABLE,Friday,True
L00594,LONG,AVAILABLE,0.9197282142343248,AVAILABLE,NEUTRAL,AVAILABLE,1.323604961033276,AVAILABLE,Friday,True
L00595,SHORT,AVAILABLE,1.3791944944975607,AVAILABLE,NEUTRAL,AVAILABLE,1.7473836466670274,AVAILABLE,Friday,True
L00596,LONG,AVAILABLE,-0.0266458299250798,AVAILABLE,NEUTRAL,AVAILABLE,1.3838368405292507,AVAILABLE,Friday,True
L00598,SHORT,AVAILABLE,1.7260041452015742,AVAILABLE,NEUTRAL,AVAILABLE,1.888986811780399,AVAILABLE,Friday,True
L00600,SHORT,AVAILABLE,0.3949198139038058,AVAILABLE,NEUTRAL,AVAILABLE,1.2729043850657205,AVAILABLE,Friday,True
L00601,LONG,AVAILABLE,0.8030742387145382,AVAILABLE,NEUTRAL,AVAILABLE,1.604846014421161,AVAILABLE,Friday,True
L00602,LONG,AVAILABLE,0.4812520771111139,AVAILABLE,NEUTRAL,AVAILABLE,1.0489645584083234,AVAILABLE,Friday,True
L00603,LONG,AVAILABLE,0.6091045423974808,AVAILABLE,NEUTRAL,AVAILABLE,1.0390811419394297,AVAILABLE,Friday,True
L00604,LONG,AVAILABLE,1.4059806446737717,AVAILABLE,NEUTRAL,AVAILABLE,1.558998477093901,AVAILABLE,Friday,True
L00606,SHORT,AVAILABLE,0.9431595409909036,AVAILABLE,NEUTRAL,AVAILABLE,1.5222678112550725,AVAILABLE,Monday,True
L00608,SHORT,AVAILABLE,1.3995815270580063,AVAILABLE,NEUTRAL,AVAILABLE,1.5825025597386897,AVAILABLE,Monday,True
L00609,SHORT,AVAILABLE,0.8191965178229953,AVAILABLE,AGAINST_SINGLE,AVAILABLE,1.571431262541488,AVAILABLE,Monday,True
L00611,LONG,AVAILABLE,1.6337508639315317,AVAILABLE,ALIGNED_SINGLE,AVAILABLE,2.076654957448483,AVAILABLE,Tuesday,True
L00612,LONG,AVAILABLE,1.6571621594977213,AVAILABLE,ALIGNED_SINGLE,AVAILABLE,1.8402509361380024,AVAILABLE,Tuesday,True
L00613,LONG,AVAILABLE,0.1039632025237642,AVAILABLE,ALIGNED_SINGLE,AVAILABLE,1.4608928276539108,AVAILABLE,Tuesday,True
L00614,LONG,AVAILABLE,0.6350031346481202,AVAILABLE,ALIGNED_SINGLE,AVAILABLE,1.0834274253206695,AVAILABLE,Tuesday,True
L00615,LONG,AVAILABLE,0.6745861545401393,AVAILABLE,ALIGNED_SINGLE,AVAILABLE,2.5336519005301725,AVAILABLE,Tuesday,True
L00617,LONG,AVAILABLE,0.917822683013784,AVAILABLE,ALIGNED_SINGLE,AVAILABLE,6.85089228740716,AVAILABLE,Tuesday,True
L00618,LONG,AVAILABLE,0.625599020810137,AVAILABLE,ALIGNED_CONFIRMED,AVAILABLE,1.979263077964553,AVAILABLE,Wednesday,True
L00619,LONG,AVAILABLE,0.2897743596320156,AVAILABLE,NEUTRAL,AVAILABLE,2.375488802946983,AVAILABLE,Thursday,True
L00620,LONG,AVAILABLE,1.1854048531008017,AVAILABLE,NEUTRAL,AVAILABLE,2.435298907784965,AVAILABLE,Thursday,True
L00621,LONG,AVAILABLE,0.0631828811122349,AVAILABLE,NEUTRAL,AVAILABLE,2.2191431360126965,AVAILABLE,Thursday,True
L00622,LONG,AVAILABLE,1.655971466027555,AVAILABLE,NEUTRAL,AVAILABLE,1.6896513116252,AVAILABLE,Thursday,True
L00623,LONG,AVAILABLE,0.8468188113936436,AVAILABLE,NEUTRAL,AVAILABLE,1.0369009019316349,AVAILABLE,Thursday,True
L00624,LONG,AVAILABLE,0.6810582321888012,AVAILABLE,NEUTRAL,AVAILABLE,1.5556550717690203,AVAILABLE,Thursday,True
L00625,LONG,AVAILABLE,0.4474184843011746,AVAILABLE,NEUTRAL,AVAILABLE,2.357271257250603,AVAILABLE,Thursday,True
L00626,LONG,AVAILABLE,0.3202521447885849,AVAILABLE,NEUTRAL,AVAILABLE,2.1765209595975348,AVAILABLE,Thursday,True
L00627,SHORT,AVAILABLE,0.9033344924937796,AVAILABLE,NEUTRAL,AVAILABLE,1.4564659444331745,AVAILABLE,Thursday,True
L00630,SHORT,AVAILABLE,1.9080059098243385,AVAILABLE,NEUTRAL,AVAILABLE,1.924447156333274,AVAILABLE,Thursday,True
L00631,SHORT,AVAILABLE,1.6845437972502622,AVAILABLE,ALIGNED_SINGLE,AVAILABLE,1.658367025915415,AVAILABLE,Friday,True
L00632,LONG,AVAILABLE,0.3381548205012818,AVAILABLE,AGAINST_SINGLE,AVAILABLE,1.745899128318446,AVAILABLE,Friday,True
L00633,LONG,AVAILABLE,1.4364945639598417,AVAILABLE,AGAINST_SINGLE,AVAILABLE,1.7704519081822807,AVAILABLE,Friday,True
L00634,LONG,AVAILABLE,1.150836160017407,AVAILABLE,AGAINST_SINGLE,AVAILABLE,1.823506019000736,AVAILABLE,Friday,True
L00635,LONG,AVAILABLE,1.3495506951869929,AVAILABLE,AGAINST_SINGLE,AVAILABLE,1.361906090938721,AVAILABLE,Friday,True
L00636,LONG,AVAILABLE,1.857328694591189,AVAILABLE,AGAINST_SINGLE,AVAILABLE,2.0284525007043364,AVAILABLE,Friday,True
L00637,LONG,AVAILABLE,0.5221659776858509,AVAILABLE,AGAINST_SINGLE,AVAILABLE,1.842996441497136,AVAILABLE,Friday,True
L00638,LONG,AVAILABLE,1.3704493087874914,AVAILABLE,AGAINST_SINGLE,AVAILABLE,1.6857241795042497,AVAILABLE,Friday,True
L00639,LONG,AVAILABLE,0.0868438384219603,AVAILABLE,AGAINST_SINGLE,AVAILABLE,1.5958441405493116,AVAILABLE,Friday,True
L00640,SHORT,AVAILABLE,0.6556399894002972,AVAILABLE,ALIGNED_SINGLE,AVAILABLE,1.8976079777510728,AVAILABLE,Friday,True
L00641,LONG,AVAILABLE,0.6158112065269082,AVAILABLE,AGAINST_SINGLE,AVAILABLE,1.7037726631801935,AVAILABLE,Friday,True
L00642,LONG,AVAILABLE,2.3463927208337667,AVAILABLE,AGAINST_SINGLE,AVAILABLE,2.880395260780518,AVAILABLE,Sunday,True
L00643,SHORT,AVAILABLE,0.902908897753887,AVAILABLE,ALIGNED_SINGLE,AVAILABLE,1.8437117981420423,AVAILABLE,Monday,True
L00647,LONG,AVAILABLE,0.1166618797760269,AVAILABLE,AGAINST_SINGLE,AVAILABLE,1.890437088376109,AVAILABLE,Monday,True
L00648,LONG,AVAILABLE,0.228085094588382,AVAILABLE,AGAINST_SINGLE,AVAILABLE,2.6234995370469414,AVAILABLE,Monday,True
L00649,SHORT,AVAILABLE,1.1251890464259426,AVAILABLE,ALIGNED_CONFIRMED,AVAILABLE,1.8714607157187169,AVAILABLE,Tuesday,True
L00650,LONG,AVAILABLE,1.5779251869666415,AVAILABLE,AGAINST_CONFIRMED,AVAILABLE,1.674474044949843,AVAILABLE,Tuesday,True
L00651,SHORT,AVAILABLE,0.728054789554548,AVAILABLE,ALIGNED_CONFIRMED,AVAILABLE,1.1640966506724637,AVAILABLE,Tuesday,True
L00652,LONG,AVAILABLE,-0.348070189853702,AVAILABLE,AGAINST_CONFIRMED,AVAILABLE,2.1995312487439325,AVAILABLE,Tuesday,True
L00655,SHORT,AVAILABLE,0.6573043723784094,AVAILABLE,ALIGNED_SINGLE,AVAILABLE,1.514042435030495,AVAILABLE,Tuesday,True
L00656,SHORT,AVAILABLE,1.7950370448973978,AVAILABLE,NEUTRAL,AVAILABLE,2.588642092482166,AVAILABLE,Wednesday,True
L00657,LONG,AVAILABLE,2.096131656418024,AVAILABLE,NEUTRAL,AVAILABLE,2.030651619074273,AVAILABLE,Wednesday,True
L00658,SHORT,AVAILABLE,0.915599976414014,AVAILABLE,NEUTRAL,AVAILABLE,1.3797112859231797,AVAILABLE,Wednesday,True
L00659,SHORT,AVAILABLE,-0.6733436954026004,AVAILABLE,NEUTRAL,AVAILABLE,0.9188873374893068,AVAILABLE,Wednesday,True
L00661,SHORT,AVAILABLE,1.5512950623608437,AVAILABLE,NEUTRAL,AVAILABLE,1.5807256951496274,AVAILABLE,Wednesday,True
L00662,LONG,AVAILABLE,1.3928095669406677,AVAILABLE,NEUTRAL,AVAILABLE,1.8897711390463696,AVAILABLE,Wednesday,True
L00663,LONG,AVAILABLE,0.542169409422798,AVAILABLE,NEUTRAL,AVAILABLE,1.5215355509830089,AVAILABLE,Wednesday,True
L00664,SHORT,AVAILABLE,-0.0673053526393956,AVAILABLE,NEUTRAL,AVAILABLE,1.5180031299184689,AVAILABLE,Thursday,True
L00665,SHORT,AVAILABLE,0.9692498459280008,AVAILABLE,NEUTRAL,AVAILABLE,1.515292786173315,AVAILABLE,Thursday,True
L00666,SHORT,AVAILABLE,1.3370992903721683,AVAILABLE,NEUTRAL,AVAILABLE,1.5489101184339986,AVAILABLE,Thursday,True
L00667,SHORT,AVAILABLE,1.0503459567500657,AVAILABLE,NEUTRAL,AVAILABLE,1.4328412409960467,AVAILABLE,Thursday,True
L00668,SHORT,AVAILABLE,0.7276738478157888,AVAILABLE,NEUTRAL,AVAILABLE,1.7927573278104814,AVAILABLE,Thursday,True
L00669,SHORT,AVAILABLE,0.4947075424183657,AVAILABLE,NEUTRAL,AVAILABLE,1.6880813856077796,AVAILABLE,Thursday,True
L00670,SHORT,AVAILABLE,1.7079355705733024,AVAILABLE,NEUTRAL,AVAILABLE,1.4191441555073907,AVAILABLE,Thursday,True
L00671,LONG,AVAILABLE,1.3304922994003463,AVAILABLE,NEUTRAL,AVAILABLE,1.6622632351576911,AVAILABLE,Thursday,True
L00673,SHORT,AVAILABLE,-0.2783907968359629,AVAILABLE,NEUTRAL,AVAILABLE,0.7045243740956091,AVAILABLE,Thursday,True
L00676,LONG,AVAILABLE,1.0053222821553498,AVAILABLE,NEUTRAL,AVAILABLE,2.2717124101774315,AVAILABLE,Thursday,True
L00678,LONG,AVAILABLE,0.9094038515657682,AVAILABLE,NEUTRAL,AVAILABLE,2.3637833459046123,AVAILABLE,Friday,True
L00679,SHORT,AVAILABLE,0.6540169987539678,AVAILABLE,NEUTRAL,AVAILABLE,2.2511760437718125,AVAILABLE,Friday,True
L00680,SHORT,AVAILABLE,0.930614305379089,AVAILABLE,NEUTRAL,AVAILABLE,2.6870291292373114,AVAILABLE,Friday,True
L00681,SHORT,AVAILABLE,1.136704945085136,AVAILABLE,NEUTRAL,AVAILABLE,1.1771534991026584,AVAILABLE,Friday,True
L00682,SHORT,AVAILABLE,0.6755103237581159,AVAILABLE,NEUTRAL,AVAILABLE,1.99581344139682,AVAILABLE,Friday,True
L00683,SHORT,AVAILABLE,0.5215292420109933,AVAILABLE,NEUTRAL,AVAILABLE,1.432631118844526,AVAILABLE,Friday,True
L00684,SHORT,AVAILABLE,1.4173398965175432,AVAILABLE,NEUTRAL,AVAILABLE,1.603986407846132,AVAILABLE,Sunday,True
L00685,LONG,AVAILABLE,1.1101649431958318,AVAILABLE,NEUTRAL,AVAILABLE,1.7965325540171897,AVAILABLE,Sunday,True
L00687,SHORT,AVAILABLE,1.4790680991963754,AVAILABLE,NEUTRAL,AVAILABLE,2.0292025302066112,AVAILABLE,Monday,True
L00688,LONG,AVAILABLE,1.423803256408209,AVAILABLE,NEUTRAL,AVAILABLE,1.7919384470516777,AVAILABLE,Monday,True
L00689,SHORT,AVAILABLE,1.6725304769518774,AVAILABLE,NEUTRAL,AVAILABLE,2.143607806666574,AVAILABLE,Monday,True
L00690,SHORT,AVAILABLE,-0.7440756621637588,AVAILABLE,AGAINST_SINGLE,AVAILABLE,1.2984690516301824,AVAILABLE,Monday,True
L00691,SHORT,AVAILABLE,0.1017501801874856,AVAILABLE,AGAINST_SINGLE,AVAILABLE,1.8420185796880657,AVAILABLE,Monday,True
L00692,SHORT,AVAILABLE,1.4301939682850575,AVAILABLE,AGAINST_CONFIRMED,AVAILABLE,1.819140643561976,AVAILABLE,Tuesday,True
L00693,LONG,AVAILABLE,1.2164698392493931,AVAILABLE,ALIGNED_CONFIRMED,AVAILABLE,1.334588232542475,AVAILABLE,Tuesday,True
L00694,LONG,AVAILABLE,1.250181242210457,AVAILABLE,ALIGNED_CONFIRMED,AVAILABLE,1.9589678142151563,AVAILABLE,Tuesday,True
L00696,LONG,AVAILABLE,1.5026091861748332,AVAILABLE,ALIGNED_CONFIRMED,AVAILABLE,1.4334041869950018,AVAILABLE,Tuesday,True
L00697,SHORT,AVAILABLE,0.264651681635529,AVAILABLE,AGAINST_CONFIRMED,AVAILABLE,2.224441156860455,AVAILABLE,Tuesday,True
L00698,SHORT,AVAILABLE,1.7180754509376202,AVAILABLE,AGAINST_CONFIRMED,AVAILABLE,1.3109378013449522,AVAILABLE,Tuesday,True
L00699,SHORT,AVAILABLE,0.9289219747050868,AVAILABLE,AGAINST_CONFIRMED,AVAILABLE,1.259308248307764,AVAILABLE,Tuesday,True
L00701,LONG,AVAILABLE,0.6040029469146049,AVAILABLE,ALIGNED_CONFIRMED,AVAILABLE,1.2927379247054749,AVAILABLE,Tuesday,True
L00703,LONG,AVAILABLE,1.7990289483138158,AVAILABLE,ALIGNED_CONFIRMED,AVAILABLE,2.3188889679722333,AVAILABLE,Wednesday,True
L00704,LONG,AVAILABLE,1.012088162982414,AVAILABLE,ALIGNED_CONFIRMED,AVAILABLE,1.7681362087938892,AVAILABLE,Wednesday,True
L00705,LONG,AVAILABLE,0.3856214774413541,AVAILABLE,ALIGNED_CONFIRMED,AVAILABLE,1.4874579702430524,AVAILABLE,Wednesday,True
L00707,LONG,AVAILABLE,1.8427509627417096,AVAILABLE,ALIGNED_CONFIRMED,AVAILABLE,1.9827146614534816,AVAILABLE,Wednesday,True
L00708,SHORT,AVAILABLE,0.6138933262266347,AVAILABLE,AGAINST_CONFIRMED,AVAILABLE,1.314997064634433,AVAILABLE,Wednesday,True
L00709,LONG,AVAILABLE,0.5275149260069053,AVAILABLE,ALIGNED_CONFIRMED,AVAILABLE,1.7781934226909624,AVAILABLE,Wednesday,True
L00710,SHORT,AVAILABLE,1.385561508915822,AVAILABLE,AGAINST_CONFIRMED,AVAILABLE,1.427482559040253,AVAILABLE,Wednesday,True
L00711,SHORT,AVAILABLE,1.0149836687288745,AVAILABLE,AGAINST_CONFIRMED,AVAILABLE,1.3216306549284629,AVAILABLE,Wednesday,True
L00712,SHORT,AVAILABLE,0.366859224592088,AVAILABLE,AGAINST_SINGLE,AVAILABLE,2.5019176312285767,AVAILABLE,Wednesday,True
L00713,LONG,AVAILABLE,-0.1354676530427647,AVAILABLE,NEUTRAL,AVAILABLE,2.1187885542311524,AVAILABLE,Thursday,True
L00714,SHORT,AVAILABLE,1.2834638606653843,AVAILABLE,NEUTRAL,AVAILABLE,2.0307710153090444,AVAILABLE,Thursday,True
L00716,SHORT,AVAILABLE,1.306690637054977,AVAILABLE,NEUTRAL,AVAILABLE,1.641535917566301,AVAILABLE,Thursday,True
L00717,SHORT,AVAILABLE,2.0469079450736065,AVAILABLE,NEUTRAL,AVAILABLE,2.437144788640257,AVAILABLE,Thursday,True
L00718,SHORT,AVAILABLE,1.4079091723071129,AVAILABLE,NEUTRAL,AVAILABLE,1.915388354574978,AVAILABLE,Thursday,True
L00719,SHORT,AVAILABLE,1.6517571853607649,AVAILABLE,NEUTRAL,AVAILABLE,1.5919199448150367,AVAILABLE,Thursday,True
L00721,SHORT,AVAILABLE,0.4498137654224471,AVAILABLE,NEUTRAL,AVAILABLE,2.4467685351899937,AVAILABLE,Thursday,True
L00722,LONG,AVAILABLE,1.237545185271086,AVAILABLE,NEUTRAL,AVAILABLE,1.3325537702998764,AVAILABLE,Friday,True
L00723,LONG,AVAILABLE,1.3540695334249702,AVAILABLE,NEUTRAL,AVAILABLE,2.0244274978367924,AVAILABLE,Friday,True
L00724,SHORT,AVAILABLE,1.8022440704417075,AVAILABLE,NEUTRAL,AVAILABLE,2.091627015095664,AVAILABLE,Friday,True
L00725,LONG,AVAILABLE,0.1506326672529633,AVAILABLE,NEUTRAL,AVAILABLE,3.255646709749553,AVAILABLE,Friday,True
L00726,LONG,AVAILABLE,1.549517202061867,AVAILABLE,ALIGNED_SINGLE,AVAILABLE,2.700955424706669,AVAILABLE,Monday,True
L00727,LONG,AVAILABLE,1.0919383795901267,AVAILABLE,ALIGNED_SINGLE,AVAILABLE,1.3958499829394944,AVAILABLE,Monday,True
L00728,LONG,AVAILABLE,1.0896956631231107,AVAILABLE,ALIGNED_SINGLE,AVAILABLE,1.851915317445191,AVAILABLE,Monday,True
L00730,LONG,AVAILABLE,0.5245189563656089,AVAILABLE,ALIGNED_SINGLE,AVAILABLE,1.5735504086975742,AVAILABLE,Monday,True
L00731,LONG,AVAILABLE,-0.4682265749684197,AVAILABLE,ALIGNED_SINGLE,AVAILABLE,2.4684137591541244,AVAILABLE,Monday,True
L00732,SHORT,AVAILABLE,1.266916757555088,AVAILABLE,AGAINST_SINGLE,AVAILABLE,1.8061859377999572,AVAILABLE,Monday,True
L00733,LONG,AVAILABLE,1.100263458530909,AVAILABLE,ALIGNED_SINGLE,AVAILABLE,2.1677291301504304,AVAILABLE,Monday,True
L00735,LONG,AVAILABLE,1.135206199894321,AVAILABLE,NEUTRAL,AVAILABLE,1.2828246491752555,AVAILABLE,Monday,True
L00737,LONG,AVAILABLE,1.461005667933486,AVAILABLE,NEUTRAL,AVAILABLE,2.294646408881253,AVAILABLE,Tuesday,True
L00738,SHORT,AVAILABLE,0.0495228344852926,AVAILABLE,NEUTRAL,AVAILABLE,1.928312667347826,AVAILABLE,Tuesday,True
L00739,LONG,AVAILABLE,1.1646414505098286,AVAILABLE,NEUTRAL,AVAILABLE,2.8065249429935464,AVAILABLE,Tuesday,True
L00740,SHORT,AVAILABLE,0.8471711452588798,AVAILABLE,NEUTRAL,AVAILABLE,1.9014227720273096,AVAILABLE,Tuesday,True
L00742,SHORT,AVAILABLE,0.670308313065211,AVAILABLE,NEUTRAL,AVAILABLE,2.5652606936868128,AVAILABLE,Tuesday,True
L00743,SHORT,AVAILABLE,1.0170788693924555,AVAILABLE,ALIGNED_SINGLE,AVAILABLE,1.4457960756868984,AVAILABLE,Wednesday,True
L00744,SHORT,AVAILABLE,0.0747394068763481,AVAILABLE,ALIGNED_SINGLE,AVAILABLE,1.4924122054204432,AVAILABLE,Wednesday,True
L00746,LONG,AVAILABLE,1.6188640344267775,AVAILABLE,AGAINST_SINGLE,AVAILABLE,1.2663055092974298,AVAILABLE,Wednesday,True
L00748,LONG,AVAILABLE,1.528448586372582,AVAILABLE,AGAINST_SINGLE,AVAILABLE,1.6125072751398286,AVAILABLE,Wednesday,True
L00749,LONG,AVAILABLE,0.7288151063846222,AVAILABLE,AGAINST_SINGLE,AVAILABLE,1.6177839838660777,AVAILABLE,Wednesday,True
L00752,LONG,AVAILABLE,1.2210244035646054,AVAILABLE,AGAINST_SINGLE,AVAILABLE,1.836135115604872,AVAILABLE,Wednesday,True
L00753,SHORT,AVAILABLE,1.5703372254031809,AVAILABLE,AGAINST_SINGLE,AVAILABLE,2.9079038181998142,AVAILABLE,Thursday,True
L00754,LONG,AVAILABLE,1.4800341693882952,AVAILABLE,ALIGNED_SINGLE,AVAILABLE,1.9011427612204848,AVAILABLE,Thursday,True
L00756,SHORT,AVAILABLE,0.073807998857066,AVAILABLE,AGAINST_SINGLE,AVAILABLE,0.4015345785619018,AVAILABLE,Thursday,True
L00757,SHORT,AVAILABLE,0.0059893026469389,AVAILABLE,AGAINST_SINGLE,AVAILABLE,1.3581854173705326,AVAILABLE,Thursday,True
L00758,LONG,AVAILABLE,0.6488181166888249,AVAILABLE,ALIGNED_SINGLE,AVAILABLE,3.0473141491112097,AVAILABLE,Thursday,True
L00759,LONG,AVAILABLE,1.9001828574102133,AVAILABLE,ALIGNED_SINGLE,AVAILABLE,2.3738413178161366,AVAILABLE,Thursday,True
L00762,LONG,AVAILABLE,0.963713138798016,AVAILABLE,ALIGNED_SINGLE,AVAILABLE,1.368209359556815,AVAILABLE,Thursday,True
L00763,SHORT,AVAILABLE,1.2109814688310498,AVAILABLE,NEUTRAL,AVAILABLE,1.469725297346727,AVAILABLE,Friday,True
L00764,SHORT,AVAILABLE,0.5418155133818757,AVAILABLE,NEUTRAL,AVAILABLE,1.3804401086747375,AVAILABLE,Friday,True
L00765,SHORT,AVAILABLE,-0.0419951964653096,AVAILABLE,NEUTRAL,AVAILABLE,1.6692656889414983,AVAILABLE,Friday,True
L00766,SHORT,AVAILABLE,2.2425334371744503,AVAILABLE,NEUTRAL,AVAILABLE,2.2469770676368013,AVAILABLE,Friday,True
L00769,LONG,AVAILABLE,1.11626322670103,AVAILABLE,NEUTRAL,AVAILABLE,2.4403498725862725,AVAILABLE,Friday,True
L00772,SHORT,AVAILABLE,1.052445334421991,AVAILABLE,NEUTRAL,AVAILABLE,1.6187304099785207,AVAILABLE,Monday,True
L00773,SHORT,AVAILABLE,0.6114179292254638,AVAILABLE,NEUTRAL,AVAILABLE,2.5393055841023293,AVAILABLE,Monday,True
L00774,SHORT,AVAILABLE,1.4266454557518344,AVAILABLE,NEUTRAL,AVAILABLE,2.298717583890531,AVAILABLE,Monday,True
L00775,LONG,AVAILABLE,0.3975681160045837,AVAILABLE,NEUTRAL,AVAILABLE,0.4233781685061383,AVAILABLE,Monday,True
L00776,SHORT,AVAILABLE,0.6237126895381945,AVAILABLE,NEUTRAL,AVAILABLE,0.3182558059705105,AVAILABLE,Monday,True
L00777,LONG,AVAILABLE,1.0939541603263978,AVAILABLE,NEUTRAL,AVAILABLE,1.7307110838442383,AVAILABLE,Monday,True
L00778,LONG,AVAILABLE,0.633319847564041,AVAILABLE,NEUTRAL,AVAILABLE,2.125992494604008,AVAILABLE,Monday,True
L00779,LONG,AVAILABLE,0.5654291236260011,AVAILABLE,NEUTRAL,AVAILABLE,1.1697881727834265,AVAILABLE,Monday,True
L00780,LONG,AVAILABLE,1.073011741411122,AVAILABLE,NEUTRAL,AVAILABLE,0.938877031602391,AVAILABLE,Monday,True
L00781,LONG,AVAILABLE,1.2655826265161894,AVAILABLE,NEUTRAL,AVAILABLE,1.3761120032384495,AVAILABLE,Monday,True
L00782,SHORT,AVAILABLE,-0.3896850867848756,AVAILABLE,NEUTRAL,AVAILABLE,1.2980235540984053,AVAILABLE,Monday,True
L00783,SHORT,AVAILABLE,0.5854010293960895,AVAILABLE,NEUTRAL,AVAILABLE,1.3115780987373913,AVAILABLE,Monday,True
L00785,SHORT,AVAILABLE,1.4083493896335697,AVAILABLE,NEUTRAL,AVAILABLE,2.0444314656113853,AVAILABLE,Tuesday,True
L00788,SHORT,AVAILABLE,0.7572141936476698,AVAILABLE,NEUTRAL,AVAILABLE,1.7499704534085931,AVAILABLE,Tuesday,True
L00789,LONG,AVAILABLE,2.1537942798092917,AVAILABLE,NEUTRAL,AVAILABLE,3.277144789203055,AVAILABLE,Tuesday,True
L00790,LONG,AVAILABLE,1.7335720470122329,AVAILABLE,NEUTRAL,AVAILABLE,1.481386801564034,AVAILABLE,Tuesday,True
L00792,LONG,AVAILABLE,0.509119872022746,AVAILABLE,NEUTRAL,AVAILABLE,1.3119946532638511,AVAILABLE,Wednesday,True
L00794,SHORT,AVAILABLE,1.0881419902176277,AVAILABLE,NEUTRAL,AVAILABLE,1.4173865556381766,AVAILABLE,Wednesday,True
L00795,SHORT,AVAILABLE,1.1925461590527742,AVAILABLE,NEUTRAL,AVAILABLE,1.5353091154225385,AVAILABLE,Wednesday,True
L00796,SHORT,AVAILABLE,0.3760722141189339,AVAILABLE,NEUTRAL,AVAILABLE,1.8167592757605704,AVAILABLE,Wednesday,True
L00797,SHORT,AVAILABLE,1.8243235702495315,AVAILABLE,NEUTRAL,AVAILABLE,1.982803401052845,AVAILABLE,Wednesday,True
L00798,SHORT,AVAILABLE,0.643539259675786,AVAILABLE,NEUTRAL,AVAILABLE,1.0776882859324812,AVAILABLE,Wednesday,True
L00799,SHORT,AVAILABLE,1.00645458064572,AVAILABLE,NEUTRAL,AVAILABLE,2.155121846899172,AVAILABLE,Wednesday,True
L00800,SHORT,AVAILABLE,0.5952906396770068,AVAILABLE,NEUTRAL,AVAILABLE,2.423163280234893,AVAILABLE,Wednesday,True
L00802,SHORT,AVAILABLE,2.171007170509061,AVAILABLE,NEUTRAL,AVAILABLE,2.2692841285331267,AVAILABLE,Wednesday,True
L00803,LONG,AVAILABLE,1.2286606817565262,AVAILABLE,NEUTRAL,AVAILABLE,1.8774905979162144,AVAILABLE,Thursday,True
L00805,LONG,AVAILABLE,0.6070417561917206,AVAILABLE,NEUTRAL,AVAILABLE,1.5366062437138055,AVAILABLE,Thursday,True
L00806,LONG,AVAILABLE,1.4180342117678737,AVAILABLE,NEUTRAL,AVAILABLE,2.1024995617472952,AVAILABLE,Thursday,True
L00809,SHORT,AVAILABLE,0.6252940639366866,AVAILABLE,NEUTRAL,AVAILABLE,1.3663876695438395,AVAILABLE,Thursday,True
L00810,SHORT,AVAILABLE,-0.2158893274052254,AVAILABLE,NEUTRAL,AVAILABLE,1.2343477750778469,AVAILABLE,Thursday,True
L00811,SHORT,AVAILABLE,0.6358747111641571,AVAILABLE,NEUTRAL,AVAILABLE,1.1161302116536618,AVAILABLE,Thursday,True
L00812,LONG,AVAILABLE,1.8976807194724097,AVAILABLE,NEUTRAL,AVAILABLE,1.5263552003350582,AVAILABLE,Thursday,True
L00813,LONG,AVAILABLE,0.2996049573490659,AVAILABLE,NEUTRAL,AVAILABLE,2.2585796226179333,AVAILABLE,Friday,True
L00814,LONG,AVAILABLE,0.8415177923587159,AVAILABLE,NEUTRAL,AVAILABLE,1.6008316743654745,AVAILABLE,Friday,True
L00815,LONG,AVAILABLE,0.859642307709933,AVAILABLE,NEUTRAL,AVAILABLE,1.5054019460400712,AVAILABLE,Friday,True
L00817,LONG,AVAILABLE,0.2810926233834921,AVAILABLE,NEUTRAL,AVAILABLE,1.5758307639446605,AVAILABLE,Friday,True
L00818,LONG,AVAILABLE,1.193880500213676,AVAILABLE,NEUTRAL,AVAILABLE,2.079362276886631,AVAILABLE,Friday,True
L00819,LONG,AVAILABLE,0.052651780158747,AVAILABLE,NEUTRAL,AVAILABLE,1.8132983158253508,AVAILABLE,Friday,True
L00821,LONG,AVAILABLE,0.3713710590734804,AVAILABLE,NEUTRAL,AVAILABLE,1.668778829375405,AVAILABLE,Sunday,True
L00823,LONG,AVAILABLE,1.2783489695445087,AVAILABLE,NEUTRAL,AVAILABLE,1.3558934425945397,AVAILABLE,Monday,True
L00825,SHORT,AVAILABLE,1.4623971377765843,AVAILABLE,NEUTRAL,AVAILABLE,1.7256093502496073,AVAILABLE,Monday,True
L00827,SHORT,AVAILABLE,0.4002260536806172,AVAILABLE,NEUTRAL,AVAILABLE,1.295565361488887,AVAILABLE,Monday,True
L00828,SHORT,AVAILABLE,0.4218376294873021,AVAILABLE,NEUTRAL,AVAILABLE,1.2745529187424445,AVAILABLE,Monday,True
L00829,LONG,AVAILABLE,0.6914505799534046,AVAILABLE,NEUTRAL,AVAILABLE,1.2607895408814973,AVAILABLE,Monday,True
L00830,LONG,AVAILABLE,1.868505698609988,AVAILABLE,NEUTRAL,AVAILABLE,2.2012279071145047,AVAILABLE,Tuesday,True
L00831,SHORT,AVAILABLE,2.374158360608175,AVAILABLE,NEUTRAL,AVAILABLE,2.437459429866529,AVAILABLE,Tuesday,True
L00832,SHORT,AVAILABLE,1.4153916803615771,AVAILABLE,NEUTRAL,AVAILABLE,2.429447261749126,AVAILABLE,Tuesday,True
L00833,SHORT,AVAILABLE,0.4312774916986889,AVAILABLE,NEUTRAL,AVAILABLE,2.115998022626696,AVAILABLE,Tuesday,True
L00835,LONG,AVAILABLE,1.8184503009995168,AVAILABLE,NEUTRAL,AVAILABLE,1.3041863993883682,AVAILABLE,Tuesday,True
L00836,SHORT,AVAILABLE,1.821550309492935,AVAILABLE,NEUTRAL,AVAILABLE,1.5796568809784086,AVAILABLE,Tuesday,True
L00837,SHORT,AVAILABLE,0.680989924757237,AVAILABLE,NEUTRAL,AVAILABLE,1.4540780183620934,AVAILABLE,Wednesday,True
L00838,LONG,AVAILABLE,2.033895920553765,AVAILABLE,NEUTRAL,AVAILABLE,1.829551699839825,AVAILABLE,Wednesday,True
L00839,LONG,AVAILABLE,0.5195250672019408,AVAILABLE,NEUTRAL,AVAILABLE,1.6178396071210288,AVAILABLE,Wednesday,True
L00841,LONG,AVAILABLE,0.9212024821402612,AVAILABLE,NEUTRAL,AVAILABLE,1.3423080269191,AVAILABLE,Wednesday,True
L00842,SHORT,AVAILABLE,2.231383651106749,AVAILABLE,NEUTRAL,AVAILABLE,1.570514471795045,AVAILABLE,Wednesday,True
L00843,SHORT,AVAILABLE,0.4279833579005908,AVAILABLE,NEUTRAL,AVAILABLE,1.5943579306349702,AVAILABLE,Wednesday,True
L00844,SHORT,AVAILABLE,0.0634736038089972,AVAILABLE,NEUTRAL,AVAILABLE,1.900687998682476,AVAILABLE,Wednesday,True
L00846,LONG,AVAILABLE,1.7124780703492222,AVAILABLE,ALIGNED_SINGLE,AVAILABLE,1.3582312637959577,AVAILABLE,Thursday,True
L00847,LONG,AVAILABLE,0.2698933069974001,AVAILABLE,ALIGNED_SINGLE,AVAILABLE,1.242287828565908,AVAILABLE,Thursday,True
L00848,LONG,AVAILABLE,-0.110837397130363,AVAILABLE,ALIGNED_SINGLE,AVAILABLE,3.88465865112401,AVAILABLE,Thursday,True
L00849,SHORT,AVAILABLE,0.9820621160316444,AVAILABLE,AGAINST_SINGLE,AVAILABLE,1.274045320495821,AVAILABLE,Thursday,True
L00853,SHORT,AVAILABLE,0.254283173232156,AVAILABLE,AGAINST_SINGLE,AVAILABLE,1.473368343819858,AVAILABLE,Thursday,True
L00854,SHORT,AVAILABLE,0.5638385854292577,AVAILABLE,AGAINST_SINGLE,AVAILABLE,0.7306248329675764,AVAILABLE,Thursday,True
L00855,SHORT,AVAILABLE,1.0573902022147772,AVAILABLE,AGAINST_SINGLE,AVAILABLE,1.305128828298719,AVAILABLE,Thursday,True
L00856,SHORT,AVAILABLE,0.3046258312212081,AVAILABLE,AGAINST_SINGLE,AVAILABLE,2.383898030279009,AVAILABLE,Thursday,True
L00857,LONG,AVAILABLE,0.3375911290187868,AVAILABLE,ALIGNED_CONFIRMED,AVAILABLE,1.202041259922488,AVAILABLE,Thursday,True
L00858,LONG,AVAILABLE,0.6577440635030575,AVAILABLE,ALIGNED_CONFIRMED,AVAILABLE,1.3639324268602295,AVAILABLE,Thursday,True
L00859,LONG,AVAILABLE,1.0327101214492458,AVAILABLE,ALIGNED_CONFIRMED,AVAILABLE,1.223757397774677,AVAILABLE,Friday,True
L00863,LONG,AVAILABLE,0.6995911366185922,AVAILABLE,ALIGNED_CONFIRMED,AVAILABLE,1.378669798323262,AVAILABLE,Friday,True
L00864,LONG,AVAILABLE,0.8706697096643499,AVAILABLE,ALIGNED_CONFIRMED,AVAILABLE,1.4579090496770346,AVAILABLE,Friday,True
L00865,SHORT,AVAILABLE,1.3403637508774309,AVAILABLE,AGAINST_CONFIRMED,AVAILABLE,1.737105864233553,AVAILABLE,Friday,True
L00866,SHORT,AVAILABLE,0.4803275883381285,AVAILABLE,AGAINST_CONFIRMED,AVAILABLE,1.479346592645893,AVAILABLE,Friday,True
L00868,SHORT,AVAILABLE,1.2399808513820645,AVAILABLE,AGAINST_CONFIRMED,AVAILABLE,2.610578430973076,AVAILABLE,Friday,True
L00869,LONG,AVAILABLE,1.0250394114873471,AVAILABLE,ALIGNED_SINGLE,AVAILABLE,2.122449368095216,AVAILABLE,Monday,True
L00870,SHORT,AVAILABLE,0.3799824788744473,AVAILABLE,AGAINST_SINGLE,AVAILABLE,2.914932140301053,AVAILABLE,Monday,True
L00872,SHORT,AVAILABLE,0.1750325659978248,AVAILABLE,AGAINST_SINGLE,AVAILABLE,1.1638826765114447,AVAILABLE,Monday,True
L00873,LONG,AVAILABLE,1.293060624645024,AVAILABLE,ALIGNED_SINGLE,AVAILABLE,1.2769337237277272,AVAILABLE,Monday,True
L00874,LONG,AVAILABLE,-0.0852420157012493,AVAILABLE,ALIGNED_SINGLE,AVAILABLE,1.0871638045039809,AVAILABLE,Monday,True
L00875,SHORT,AVAILABLE,0.7712297222370669,AVAILABLE,AGAINST_SINGLE,AVAILABLE,1.41629582977883,AVAILABLE,Monday,True
L00876,SHORT,AVAILABLE,0.9779655247978308,AVAILABLE,AGAINST_SINGLE,AVAILABLE,1.7490488132075055,AVAILABLE,Monday,True
L00877,LONG,AVAILABLE,0.0505343363182478,AVAILABLE,ALIGNED_SINGLE,AVAILABLE,1.3027301770695543,AVAILABLE,Monday,True
L00878,SHORT,AVAILABLE,0.6003929048590962,AVAILABLE,AGAINST_SINGLE,AVAILABLE,1.93073192991247,AVAILABLE,Monday,True
L00879,LONG,AVAILABLE,-0.1157123796157207,AVAILABLE,ALIGNED_SINGLE,AVAILABLE,1.2562822461704506,AVAILABLE,Monday,True
L00880,SHORT,AVAILABLE,1.255921982069177,AVAILABLE,AGAINST_SINGLE,AVAILABLE,1.7705867266178006,AVAILABLE,Tuesday,True
L00881,SHORT,AVAILABLE,0.8568404563063702,AVAILABLE,AGAINST_SINGLE,AVAILABLE,3.2784281647550624,AVAILABLE,Tuesday,True
L00882,LONG,AVAILABLE,0.640803386287893,AVAILABLE,ALIGNED_SINGLE,AVAILABLE,2.4935226208676897,AVAILABLE,Tuesday,True
L00884,SHORT,AVAILABLE,2.5301164753823566,AVAILABLE,AGAINST_SINGLE,AVAILABLE,2.3020248301401747,AVAILABLE,Tuesday,True
L00885,LONG,AVAILABLE,2.370716391350602,AVAILABLE,ALIGNED_SINGLE,AVAILABLE,1.9339823672684344,AVAILABLE,Tuesday,True
L00886,SHORT,AVAILABLE,0.6635876462218574,AVAILABLE,AGAINST_SINGLE,AVAILABLE,1.145268347813818,AVAILABLE,Tuesday,True
L00887,SHORT,AVAILABLE,0.5442762700365775,AVAILABLE,AGAINST_SINGLE,AVAILABLE,1.344308833923353,AVAILABLE,Tuesday,True
L00889,SHORT,AVAILABLE,2.3677169076383104,AVAILABLE,AGAINST_SINGLE,AVAILABLE,1.7887023868499947,AVAILABLE,Tuesday,True
L00890,LONG,AVAILABLE,0.6053521617827016,AVAILABLE,ALIGNED_SINGLE,AVAILABLE,1.529217570007947,AVAILABLE,Tuesday,True
L00891,SHORT,AVAILABLE,0.2579465012426489,AVAILABLE,AGAINST_CONFIRMED,AVAILABLE,2.8661599172096226,AVAILABLE,Wednesday,True
L00892,SHORT,AVAILABLE,1.1729010795802013,AVAILABLE,AGAINST_CONFIRMED,AVAILABLE,2.781102178642529,AVAILABLE,Wednesday,True
L00894,LONG,AVAILABLE,0.4325140523766086,AVAILABLE,ALIGNED_CONFIRMED,AVAILABLE,1.4110462699200206,AVAILABLE,Wednesday,True
L00895,SHORT,AVAILABLE,0.6790199688070072,AVAILABLE,AGAINST_CONFIRMED,AVAILABLE,1.773769590646499,AVAILABLE,Wednesday,True
L00896,SHORT,AVAILABLE,1.3276923067519408,AVAILABLE,AGAINST_CONFIRMED,AVAILABLE,1.5175279345248756,AVAILABLE,Wednesday,True
L00900,LONG,AVAILABLE,0.8427828765023866,AVAILABLE,ALIGNED_CONFIRMED,AVAILABLE,1.976514013241378,AVAILABLE,Wednesday,True
L00901,LONG,AVAILABLE,1.2061495807145972,AVAILABLE,ALIGNED_CONFIRMED,AVAILABLE,2.185700045917676,AVAILABLE,Thursday,True
L00902,LONG,AVAILABLE,0.8063718938626273,AVAILABLE,ALIGNED_CONFIRMED,AVAILABLE,4.195086654244794,AVAILABLE,Thursday,True
L00903,SHORT,AVAILABLE,0.7240210167369382,AVAILABLE,AGAINST_CONFIRMED,AVAILABLE,2.5936047357885768,AVAILABLE,Thursday,True
L00905,LONG,AVAILABLE,1.2219053812872536,AVAILABLE,ALIGNED_CONFIRMED,AVAILABLE,1.6114987101044536,AVAILABLE,Thursday,True
L00906,LONG,AVAILABLE,1.1518833329614595,AVAILABLE,ALIGNED_SINGLE,AVAILABLE,1.4583844143030078,AVAILABLE,Thursday,True
L00907,SHORT,AVAILABLE,0.6262932257201386,AVAILABLE,NEUTRAL,AVAILABLE,1.929487819544462,AVAILABLE,Friday,True
L00908,SHORT,AVAILABLE,0.6031356611304025,AVAILABLE,NEUTRAL,AVAILABLE,1.1219034866976232,AVAILABLE,Friday,True
L00909,SHORT,AVAILABLE,0.600595073567025,AVAILABLE,NEUTRAL,AVAILABLE,1.8464022946534704,AVAILABLE,Friday,True
L00910,LONG,AVAILABLE,0.530677639019629,AVAILABLE,NEUTRAL,AVAILABLE,1.2312381095152467,AVAILABLE,Friday,True
L00911,LONG,AVAILABLE,0.8624865936893329,AVAILABLE,NEUTRAL,AVAILABLE,1.5687245320771614,AVAILABLE,Friday,True
L00913,SHORT,AVAILABLE,1.3174643266732855,AVAILABLE,NEUTRAL,AVAILABLE,1.1490861213096557,AVAILABLE,Friday,True
L00914,SHORT,AVAILABLE,0.4589767896529315,AVAILABLE,NEUTRAL,AVAILABLE,1.733858755160166,AVAILABLE,Sunday,True
L00915,SHORT,AVAILABLE,1.3675762424615514,AVAILABLE,NEUTRAL,AVAILABLE,1.9781977303829672,AVAILABLE,Monday,True
L00916,LONG,AVAILABLE,0.4489335477506539,AVAILABLE,NEUTRAL,AVAILABLE,1.6232623355567892,AVAILABLE,Monday,True
L00917,SHORT,AVAILABLE,0.7148710102108558,AVAILABLE,NEUTRAL,AVAILABLE,2.0161320467182646,AVAILABLE,Monday,True
L00918,SHORT,AVAILABLE,0.6087249677045937,AVAILABLE,NEUTRAL,AVAILABLE,2.306820558620598,AVAILABLE,Monday,True
L00919,SHORT,AVAILABLE,0.353538870190938,AVAILABLE,NEUTRAL,AVAILABLE,2.203875934147105,AVAILABLE,Monday,True
L00920,SHORT,AVAILABLE,1.5301450534307377,AVAILABLE,NEUTRAL,AVAILABLE,1.5152161828277413,AVAILABLE,Monday,True
L00921,SHORT,AVAILABLE,2.336523527301329,AVAILABLE,NEUTRAL,AVAILABLE,1.85057900056516,AVAILABLE,Monday,True
L00923,LONG,AVAILABLE,0.3642481927579204,AVAILABLE,ALIGNED_SINGLE,AVAILABLE,1.614697100186057,AVAILABLE,Monday,True
L00924,SHORT,AVAILABLE,1.3124608028793143,AVAILABLE,AGAINST_SINGLE,AVAILABLE,1.685746790875892,AVAILABLE,Tuesday,True
L00925,SHORT,AVAILABLE,1.9548600385002068,AVAILABLE,AGAINST_SINGLE,AVAILABLE,1.4707511478880388,AVAILABLE,Tuesday,True
L00926,SHORT,AVAILABLE,1.1355240490449343,AVAILABLE,AGAINST_SINGLE,AVAILABLE,1.5965754666886074,AVAILABLE,Tuesday,True
L00927,SHORT,AVAILABLE,0.7050480944705587,AVAILABLE,AGAINST_SINGLE,AVAILABLE,1.4327714722049942,AVAILABLE,Tuesday,True
L00928,LONG,AVAILABLE,-0.0510752654290332,AVAILABLE,ALIGNED_SINGLE,AVAILABLE,0.2935727104110424,AVAILABLE,Tuesday,True
L00929,SHORT,AVAILABLE,0.6177149093207893,AVAILABLE,AGAINST_SINGLE,AVAILABLE,0.8715312025799702,AVAILABLE,Tuesday,True
L00930,LONG,AVAILABLE,1.077456272488266,AVAILABLE,ALIGNED_SINGLE,AVAILABLE,1.893694630589289,AVAILABLE,Tuesday,True
L00931,LONG,AVAILABLE,2.3013971438372764,AVAILABLE,ALIGNED_SINGLE,AVAILABLE,1.7483474196642237,AVAILABLE,Tuesday,True
L00932,SHORT,AVAILABLE,1.267010391116787,AVAILABLE,AGAINST_SINGLE,AVAILABLE,1.5546979665942948,AVAILABLE,Tuesday,True
L00933,LONG,AVAILABLE,0.5046882655902031,AVAILABLE,ALIGNED_SINGLE,AVAILABLE,2.525259307224596,AVAILABLE,Tuesday,True
L00934,LONG,AVAILABLE,0.9470680007428864,AVAILABLE,ALIGNED_SINGLE,AVAILABLE,2.0378784872311573,AVAILABLE,Tuesday,True
L00935,LONG,AVAILABLE,0.8308307390738716,AVAILABLE,ALIGNED_SINGLE,AVAILABLE,1.8825984045491275,AVAILABLE,Tuesday,True
L00937,LONG,AVAILABLE,0.8677990927765533,AVAILABLE,ALIGNED_SINGLE,AVAILABLE,1.6266805403990523,AVAILABLE,Wednesday,True
L00939,SHORT,AVAILABLE,-0.2177584027043414,AVAILABLE,AGAINST_SINGLE,AVAILABLE,1.2213539474590307,AVAILABLE,Wednesday,True
L00940,SHORT,AVAILABLE,1.128931269994335,AVAILABLE,AGAINST_SINGLE,AVAILABLE,1.718187158937519,AVAILABLE,Wednesday,True
L00941,SHORT,AVAILABLE,1.3801500036280314,AVAILABLE,AGAINST_SINGLE,AVAILABLE,1.0949603275697632,AVAILABLE,Wednesday,True
L00942,SHORT,AVAILABLE,0.3267345333544542,AVAILABLE,AGAINST_SINGLE,AVAILABLE,1.3256272138360317,AVAILABLE,Wednesday,True
L00943,SHORT,AVAILABLE,2.3331707010563068,AVAILABLE,AGAINST_SINGLE,AVAILABLE,1.4818909855708415,AVAILABLE,Wednesday,True
L00944,LONG,AVAILABLE,0.7819797168368251,AVAILABLE,ALIGNED_SINGLE,AVAILABLE,1.2105689711798204,AVAILABLE,Wednesday,True
L00945,SHORT,AVAILABLE,-0.4327936390288643,AVAILABLE,AGAINST_SINGLE,AVAILABLE,2.200612381120877,AVAILABLE,Wednesday,True
L00946,LONG,AVAILABLE,1.2054101066884333,AVAILABLE,ALIGNED_SINGLE,AVAILABLE,2.0367531869913784,AVAILABLE,Wednesday,True
L00947,LONG,AVAILABLE,1.825095397152192,AVAILABLE,ALIGNED_SINGLE,AVAILABLE,2.2280242743862027,AVAILABLE,Wednesday,True
L00948,LONG,AVAILABLE,1.9227495910284604,AVAILABLE,ALIGNED_SINGLE,AVAILABLE,2.961098696654596,AVAILABLE,Wednesday,True
L00949,SHORT,AVAILABLE,0.6324077738467262,AVAILABLE,NEUTRAL,AVAILABLE,1.461787960763827,AVAILABLE,Thursday,True
L00951,LONG,AVAILABLE,0.528327425170547,AVAILABLE,NEUTRAL,AVAILABLE,1.6640927504691372,AVAILABLE,Thursday,True
L00952,LONG,AVAILABLE,1.209113761792451,AVAILABLE,NEUTRAL,AVAILABLE,2.93758987317546,AVAILABLE,Thursday,True
L00954,LONG,AVAILABLE,0.9141936362304226,AVAILABLE,NEUTRAL,AVAILABLE,2.584131267966288,AVAILABLE,Thursday,True
L00955,SHORT,AVAILABLE,1.386543818526161,AVAILABLE,NEUTRAL,AVAILABLE,2.468960164772415,AVAILABLE,Thursday,True
L00956,SHORT,AVAILABLE,2.0187885146127544,AVAILABLE,ALIGNED_SINGLE,AVAILABLE,1.284220964257406,AVAILABLE,Friday,True
L00963,SHORT,AVAILABLE,0.6047378053901324,AVAILABLE,NEUTRAL,AVAILABLE,1.1510609165018493,AVAILABLE,Monday,True
L00966,SHORT,AVAILABLE,0.5771873428891953,AVAILABLE,NEUTRAL,AVAILABLE,2.1150909340198525,AVAILABLE,Monday,True
L00967,SHORT,AVAILABLE,1.5296434468856268,AVAILABLE,NEUTRAL,AVAILABLE,2.228021129119388,AVAILABLE,Monday,True
L00968,SHORT,AVAILABLE,1.212866703196756,AVAILABLE,NEUTRAL,AVAILABLE,1.885316135885411,AVAILABLE,Tuesday,True
L00971,SHORT,AVAILABLE,0.487982107830082,AVAILABLE,NEUTRAL,AVAILABLE,1.302378997830745,AVAILABLE,Tuesday,True
L00973,SHORT,AVAILABLE,1.425284662664849,AVAILABLE,NEUTRAL,AVAILABLE,2.0311851178894487,AVAILABLE,Tuesday,True
L00976,LONG,AVAILABLE,1.183518331888262,AVAILABLE,NEUTRAL,AVAILABLE,1.4081305185043231,AVAILABLE,Tuesday,True
L00977,LONG,AVAILABLE,0.059778035357208,AVAILABLE,NEUTRAL,AVAILABLE,1.3230541019539028,AVAILABLE,Tuesday,True
L00978,SHORT,AVAILABLE,1.073049763463309,AVAILABLE,NEUTRAL,AVAILABLE,1.3018557248976537,AVAILABLE,Tuesday,True
L00979,SHORT,AVAILABLE,-0.4393912837121211,AVAILABLE,AGAINST_SINGLE,AVAILABLE,1.2641335464004742,AVAILABLE,Wednesday,True
L00981,LONG,AVAILABLE,1.0773214650759604,AVAILABLE,ALIGNED_SINGLE,AVAILABLE,2.149187473263864,AVAILABLE,Wednesday,True
L00983,LONG,AVAILABLE,-0.3828530401268041,AVAILABLE,ALIGNED_SINGLE,AVAILABLE,2.552386029062452,AVAILABLE,Wednesday,True
L00985,SHORT,AVAILABLE,0.3941993572779905,AVAILABLE,AGAINST_SINGLE,AVAILABLE,1.3831952458893184,AVAILABLE,Wednesday,True
L00986,SHORT,AVAILABLE,0.8065785833577214,AVAILABLE,AGAINST_SINGLE,AVAILABLE,1.7210896664618132,AVAILABLE,Wednesday,True
L00987,SHORT,AVAILABLE,0.9204897384458248,AVAILABLE,AGAINST_SINGLE,AVAILABLE,1.2886767138899462,AVAILABLE,Wednesday,True
L00988,SHORT,AVAILABLE,0.3135015245668637,AVAILABLE,AGAINST_SINGLE,AVAILABLE,1.1574059111539174,AVAILABLE,Wednesday,True
L00989,SHORT,AVAILABLE,1.0464595242705397,AVAILABLE,AGAINST_SINGLE,AVAILABLE,1.2874135931073176,AVAILABLE,Wednesday,True
L00990,SHORT,AVAILABLE,-0.133647120064215,AVAILABLE,AGAINST_SINGLE,AVAILABLE,2.73936668531478,AVAILABLE,Wednesday,True
L00991,LONG,AVAILABLE,1.399988660292709,AVAILABLE,ALIGNED_SINGLE,AVAILABLE,1.7466870617510308,AVAILABLE,Wednesday,True
L00993,SHORT,AVAILABLE,0.9361742284493828,AVAILABLE,NEUTRAL,AVAILABLE,1.3326685265385816,AVAILABLE,Thursday,True
L00994,LONG,AVAILABLE,-0.0502258231185363,AVAILABLE,NEUTRAL,AVAILABLE,1.1414411468214969,AVAILABLE,Thursday,True
L00995,SHORT,AVAILABLE,1.0185556753093945,AVAILABLE,NEUTRAL,AVAILABLE,1.5242694718316296,AVAILABLE,Thursday,True
L00996,LONG,AVAILABLE,1.2799576099766627,AVAILABLE,NEUTRAL,AVAILABLE,2.515323579960329,AVAILABLE,Thursday,True
L00997,SHORT,AVAILABLE,0.4820766477177056,AVAILABLE,ALIGNED_SINGLE,AVAILABLE,1.3276736759572572,AVAILABLE,Friday,True
L00998,LONG,AVAILABLE,1.0106697352526852,AVAILABLE,AGAINST_SINGLE,AVAILABLE,2.0301735463013597,AVAILABLE,Friday,True
L01000,SHORT,AVAILABLE,1.2457992816206225,AVAILABLE,ALIGNED_SINGLE,AVAILABLE,1.924106781712973,AVAILABLE,Friday,True
L01001,SHORT,AVAILABLE,0.3748356255468727,AVAILABLE,ALIGNED_SINGLE,AVAILABLE,2.134362618732576,AVAILABLE,Friday,True
L01002,SHORT,AVAILABLE,1.324060919561675,AVAILABLE,ALIGNED_SINGLE,AVAILABLE,1.237144886805815,AVAILABLE,Friday,True
L01003,SHORT,AVAILABLE,0.6217408471406091,AVAILABLE,ALIGNED_SINGLE,AVAILABLE,1.279139306587615,AVAILABLE,Friday,True
L01004,SHORT,AVAILABLE,1.3342595599052218,AVAILABLE,NEUTRAL,AVAILABLE,2.248322906651925,AVAILABLE,Sunday,True
L01005,SHORT,AVAILABLE,1.6460552352468103,AVAILABLE,NEUTRAL,AVAILABLE,2.1757644781029204,AVAILABLE,Monday,True
L01006,SHORT,AVAILABLE,1.445671853643168,AVAILABLE,NEUTRAL,AVAILABLE,1.938671408794543,AVAILABLE,Monday,True
L01007,SHORT,AVAILABLE,0.9140521974211424,AVAILABLE,NEUTRAL,AVAILABLE,3.0565290313919373,AVAILABLE,Monday,True
L01008,SHORT,AVAILABLE,1.233608646184021,AVAILABLE,NEUTRAL,AVAILABLE,1.899265077084611,AVAILABLE,Monday,True
L01009,SHORT,AVAILABLE,1.415676891382557,AVAILABLE,NEUTRAL,AVAILABLE,1.4961976988765031,AVAILABLE,Monday,True
L01010,SHORT,AVAILABLE,0.4197797085347114,AVAILABLE,NEUTRAL,AVAILABLE,0.8708339788753138,AVAILABLE,Monday,True
L01011,LONG,AVAILABLE,0.8439749184973802,AVAILABLE,NEUTRAL,AVAILABLE,2.189145021099564,AVAILABLE,Monday,True
L01012,SHORT,AVAILABLE,0.898268231093593,AVAILABLE,NEUTRAL,AVAILABLE,1.3291712892630902,AVAILABLE,Monday,True
L01013,LONG,AVAILABLE,0.1707822547501962,AVAILABLE,ALIGNED_SINGLE,AVAILABLE,0.9926388174518922,AVAILABLE,Monday,True
L01016,SHORT,AVAILABLE,1.182644091659559,AVAILABLE,AGAINST_CONFIRMED,AVAILABLE,1.4237863745648818,AVAILABLE,Tuesday,True
L01017,SHORT,AVAILABLE,1.0825830541804466,AVAILABLE,AGAINST_CONFIRMED,AVAILABLE,1.5378466982364916,AVAILABLE,Tuesday,True
L01018,SHORT,AVAILABLE,1.6140918921966445,AVAILABLE,AGAINST_CONFIRMED,AVAILABLE,2.4542352896884188,AVAILABLE,Tuesday,True
L01020,LONG,AVAILABLE,0.7542507299709535,AVAILABLE,ALIGNED_CONFIRMED,AVAILABLE,1.675215537297616,AVAILABLE,Tuesday,True
L01021,SHORT,AVAILABLE,2.168480430766888,AVAILABLE,AGAINST_CONFIRMED,AVAILABLE,2.8592147166832507,AVAILABLE,Tuesday,True
L01022,LONG,AVAILABLE,0.4455416154669879,AVAILABLE,ALIGNED_CONFIRMED,AVAILABLE,1.91038234017229,AVAILABLE,Tuesday,True
L01023,LONG,AVAILABLE,-0.2185013557162354,AVAILABLE,ALIGNED_CONFIRMED,AVAILABLE,2.751519181128391,AVAILABLE,Tuesday,True
L01024,LONG,AVAILABLE,2.4524992128769445,AVAILABLE,ALIGNED_CONFIRMED,AVAILABLE,2.562153426611566,AVAILABLE,Tuesday,True
L01025,LONG,AVAILABLE,0.8136362526473393,AVAILABLE,ALIGNED_CONFIRMED,AVAILABLE,1.4791510016200573,AVAILABLE,Wednesday,True
L01026,SHORT,AVAILABLE,0.6283886614271276,AVAILABLE,AGAINST_CONFIRMED,AVAILABLE,1.4002893040326592,AVAILABLE,Wednesday,True
L01027,SHORT,AVAILABLE,0.9198694993826264,AVAILABLE,AGAINST_CONFIRMED,AVAILABLE,1.3795141573038343,AVAILABLE,Wednesday,True
L01028,SHORT,AVAILABLE,1.1158222084307594,AVAILABLE,AGAINST_CONFIRMED,AVAILABLE,1.7608397372187656,AVAILABLE,Wednesday,True
L01029,SHORT,AVAILABLE,0.4664101011997713,AVAILABLE,AGAINST_CONFIRMED,AVAILABLE,1.3368767711530916,AVAILABLE,Wednesday,True
L01031,LONG,AVAILABLE,0.0893144113582617,AVAILABLE,ALIGNED_CONFIRMED,AVAILABLE,1.7214114605211042,AVAILABLE,Wednesday,True
L01033,SHORT,AVAILABLE,0.6389170621235711,AVAILABLE,AGAINST_SINGLE,AVAILABLE,2.46067868495505,AVAILABLE,Wednesday,True
L01034,SHORT,AVAILABLE,1.2215452398523612,AVAILABLE,NEUTRAL,AVAILABLE,1.97529544293827,AVAILABLE,Thursday,True
L01035,LONG,AVAILABLE,1.7939408574637736,AVAILABLE,NEUTRAL,AVAILABLE,2.3689020316459284,AVAILABLE,Thursday,True
L01036,SHORT,AVAILABLE,1.8402994498513543,AVAILABLE,NEUTRAL,AVAILABLE,2.11835675723614,AVAILABLE,Thursday,True
L01037,LONG,AVAILABLE,1.4244927891223775,AVAILABLE,NEUTRAL,AVAILABLE,1.935341426197855,AVAILABLE,Thursday,True
L01039,LONG,AVAILABLE,0.5504221271415047,AVAILABLE,NEUTRAL,AVAILABLE,2.001318184477848,AVAILABLE,Thursday,True
L01040,LONG,AVAILABLE,0.8048528243201024,AVAILABLE,NEUTRAL,AVAILABLE,1.6503269940568457,AVAILABLE,Thursday,True
L01041,SHORT,AVAILABLE,1.2462227197511728,AVAILABLE,NEUTRAL,AVAILABLE,1.7375866363924193,AVAILABLE,Thursday,True
L01042,LONG,AVAILABLE,1.3967418886231229,AVAILABLE,NEUTRAL,AVAILABLE,1.182065888106372,AVAILABLE,Thursday,True
L01043,SHORT,AVAILABLE,0.3448178023172074,AVAILABLE,NEUTRAL,AVAILABLE,1.137307363658541,AVAILABLE,Thursday,True
L01044,LONG,AVAILABLE,0.899396702453839,AVAILABLE,NEUTRAL,AVAILABLE,2.23672238083513,AVAILABLE,Thursday,True
L01046,LONG,AVAILABLE,0.5993238630102827,AVAILABLE,NEUTRAL,AVAILABLE,1.0332481673505842,AVAILABLE,Friday,True
L01050,SHORT,AVAILABLE,1.5501762810196569,AVAILABLE,NEUTRAL,AVAILABLE,1.4490233346823511,AVAILABLE,Friday,True
L01052,SHORT,AVAILABLE,1.6033303068454965,AVAILABLE,NEUTRAL,AVAILABLE,2.574824846236962,AVAILABLE,Friday,True
L01053,SHORT,AVAILABLE,0.3710508425845451,AVAILABLE,NEUTRAL,AVAILABLE,1.7741649019673866,AVAILABLE,Friday,True
L01054,SHORT,AVAILABLE,0.5255960491135195,AVAILABLE,NEUTRAL,AVAILABLE,1.0528333610839715,AVAILABLE,Sunday,True
L01055,SHORT,AVAILABLE,0.6694392421620946,AVAILABLE,NEUTRAL,AVAILABLE,1.4247422763634467,AVAILABLE,Sunday,True
L01056,SHORT,AVAILABLE,2.5127016206895783,AVAILABLE,NEUTRAL,AVAILABLE,2.3819713591774,AVAILABLE,Monday,True
L01057,SHORT,AVAILABLE,0.8000473389088069,AVAILABLE,NEUTRAL,AVAILABLE,1.3342136833006384,AVAILABLE,Monday,True
L01058,SHORT,AVAILABLE,0.0813847122866709,AVAILABLE,NEUTRAL,AVAILABLE,2.026015992764392,AVAILABLE,Monday,True
L01059,SHORT,AVAILABLE,0.0575713952784167,AVAILABLE,NEUTRAL,AVAILABLE,1.1759325976594008,AVAILABLE,Monday,True
L01060,SHORT,AVAILABLE,1.3054841732538418,AVAILABLE,NEUTRAL,AVAILABLE,2.0095948997752715,AVAILABLE,Monday,True
L01061,LONG,AVAILABLE,0.7794570268389428,AVAILABLE,NEUTRAL,AVAILABLE,1.7743148516659424,AVAILABLE,Monday,True
L01062,SHORT,AVAILABLE,0.8498764151753774,AVAILABLE,NEUTRAL,AVAILABLE,1.4154872657851834,AVAILABLE,Monday,True
L01063,SHORT,AVAILABLE,0.891748546959365,AVAILABLE,NEUTRAL,AVAILABLE,1.0277991989419335,AVAILABLE,Monday,True
L01064,SHORT,AVAILABLE,0.2870145030805863,AVAILABLE,NEUTRAL,AVAILABLE,1.0194729230077826,AVAILABLE,Monday,True
L01065,SHORT,AVAILABLE,1.2865562574045826,AVAILABLE,AGAINST_SINGLE,AVAILABLE,1.157343877715693,AVAILABLE,Monday,True
L01066,LONG,AVAILABLE,1.0594179270275497,AVAILABLE,ALIGNED_SINGLE,AVAILABLE,1.7276889171499603,AVAILABLE,Monday,True
L01067,SHORT,AVAILABLE,0.7558019567438553,AVAILABLE,AGAINST_SINGLE,AVAILABLE,1.7164160285394412,AVAILABLE,Tuesday,True
L01068,SHORT,AVAILABLE,-0.0314299973472159,AVAILABLE,AGAINST_SINGLE,AVAILABLE,1.8206250941830695,AVAILABLE,Tuesday,True
L01071,LONG,AVAILABLE,0.9786663543315116,AVAILABLE,ALIGNED_SINGLE,AVAILABLE,1.7531901307708666,AVAILABLE,Tuesday,True
L01072,SHORT,AVAILABLE,0.3638425450700608,AVAILABLE,AGAINST_SINGLE,AVAILABLE,0.9635541803493496,AVAILABLE,Tuesday,True
L01073,SHORT,AVAILABLE,0.8340065548638372,AVAILABLE,AGAINST_SINGLE,AVAILABLE,1.2019442743606863,AVAILABLE,Tuesday,True
L01075,SHORT,AVAILABLE,2.701731081477321,AVAILABLE,AGAINST_SINGLE,AVAILABLE,2.4664605854425483,AVAILABLE,Tuesday,True
L01076,SHORT,AVAILABLE,1.985959341632893,AVAILABLE,AGAINST_SINGLE,AVAILABLE,1.4191122129698708,AVAILABLE,Tuesday,True
L01078,SHORT,AVAILABLE,2.677698216406839,AVAILABLE,AGAINST_CONFIRMED,AVAILABLE,2.8261101600625342,AVAILABLE,Wednesday,True
L01079,LONG,AVAILABLE,1.060684663453306,AVAILABLE,ALIGNED_CONFIRMED,AVAILABLE,2.4107562703966665,AVAILABLE,Wednesday,True
L01081,LONG,AVAILABLE,0.5658109374400927,AVAILABLE,ALIGNED_CONFIRMED,AVAILABLE,1.899368367469615,AVAILABLE,Wednesday,True
L01083,LONG,AVAILABLE,1.1544100019157617,AVAILABLE,ALIGNED_CONFIRMED,AVAILABLE,1.6540597121572207,AVAILABLE,Wednesday,True
L01084,LONG,AVAILABLE,-0.7346175893288244,AVAILABLE,ALIGNED_CONFIRMED,AVAILABLE,2.956460242982732,AVAILABLE,Wednesday,True
L01085,LONG,AVAILABLE,2.2288289307823748,AVAILABLE,ALIGNED_CONFIRMED,AVAILABLE,2.349361304354859,AVAILABLE,Wednesday,True
L01086,LONG,AVAILABLE,1.2677386330534788,AVAILABLE,ALIGNED_CONFIRMED,AVAILABLE,2.059948559554839,AVAILABLE,Thursday,True
L01087,SHORT,AVAILABLE,1.7913466018707176,AVAILABLE,AGAINST_CONFIRMED,AVAILABLE,1.7697762388029763,AVAILABLE,Thursday,True
L01088,SHORT,AVAILABLE,0.7647742202738931,AVAILABLE,AGAINST_CONFIRMED,AVAILABLE,2.099934287090756,AVAILABLE,Thursday,True
L01090,SHORT,AVAILABLE,0.4268025762511949,AVAILABLE,AGAINST_CONFIRMED,AVAILABLE,1.5396911849398258,AVAILABLE,Thursday,True
L01091,SHORT,AVAILABLE,1.0739428820024104,AVAILABLE,AGAINST_CONFIRMED,AVAILABLE,1.1088185437658773,AVAILABLE,Thursday,True
L01092,SHORT,AVAILABLE,1.4405372422109677,AVAILABLE,AGAINST_CONFIRMED,AVAILABLE,2.214792019514636,AVAILABLE,Thursday,True
L01094,LONG,AVAILABLE,0.106764518460436,AVAILABLE,ALIGNED_CONFIRMED,AVAILABLE,1.9824782388822584,AVAILABLE,Thursday,True
L01097,SHORT,AVAILABLE,1.64734164960837,AVAILABLE,NEUTRAL,AVAILABLE,2.035414307545093,AVAILABLE,Friday,True
L01098,LONG,AVAILABLE,1.4104474593961398,AVAILABLE,NEUTRAL,AVAILABLE,2.4449301012286706,AVAILABLE,Friday,True
L01099,LONG,AVAILABLE,0.9630403302341264,AVAILABLE,NEUTRAL,AVAILABLE,1.6256814627032363,AVAILABLE,Friday,True
L01100,SHORT,AVAILABLE,1.0269402093776094,AVAILABLE,NEUTRAL,AVAILABLE,1.3573573383286055,AVAILABLE,Friday,True
L01101,SHORT,AVAILABLE,1.0753357629909022,AVAILABLE,NEUTRAL,AVAILABLE,1.49161520147959,AVAILABLE,Friday,True
L01102,SHORT,AVAILABLE,-0.0028212844560212,AVAILABLE,NEUTRAL,AVAILABLE,1.303351516517079,AVAILABLE,Friday,True
L01103,LONG,AVAILABLE,1.7121629232584907,AVAILABLE,NEUTRAL,AVAILABLE,2.25260975361856,AVAILABLE,Friday,True
L01104,SHORT,AVAILABLE,0.7856142987069537,AVAILABLE,NEUTRAL,AVAILABLE,2.116423685725567,AVAILABLE,Friday,True
L01105,SHORT,AVAILABLE,1.6527531647477622,AVAILABLE,NEUTRAL,AVAILABLE,1.4332159008343517,AVAILABLE,Friday,True
L01106,SHORT,AVAILABLE,1.102803343473736,AVAILABLE,NEUTRAL,AVAILABLE,3.151237523863472,AVAILABLE,Monday,True
L01107,SHORT,AVAILABLE,1.5396071253940191,AVAILABLE,NEUTRAL,AVAILABLE,2.189944403302549,AVAILABLE,Monday,True
L01108,SHORT,AVAILABLE,1.9614326766249728,AVAILABLE,NEUTRAL,AVAILABLE,1.8014936608675671,AVAILABLE,Monday,True
L01109,LONG,AVAILABLE,0.547592402272309,AVAILABLE,NEUTRAL,AVAILABLE,1.7673209383279092,AVAILABLE,Monday,True
L01110,LONG,AVAILABLE,1.2296908520754528,AVAILABLE,NEUTRAL,AVAILABLE,1.7762873476244334,AVAILABLE,Monday,True
L01111,SHORT,AVAILABLE,1.1964935378899302,AVAILABLE,NEUTRAL,AVAILABLE,1.283976899905244,AVAILABLE,Monday,True
L01112,SHORT,AVAILABLE,2.508640609131144,AVAILABLE,NEUTRAL,AVAILABLE,2.363539168116721,AVAILABLE,Monday,True
L01113,SHORT,AVAILABLE,2.7545888327118115,AVAILABLE,NEUTRAL,AVAILABLE,2.709675265846478,AVAILABLE,Monday,True
L01114,SHORT,AVAILABLE,1.249813593220289,AVAILABLE,AGAINST_SINGLE,AVAILABLE,1.570499689708312,AVAILABLE,Tuesday,True
L01116,LONG,AVAILABLE,1.1708314653642542,AVAILABLE,ALIGNED_SINGLE,AVAILABLE,2.625562841035133,AVAILABLE,Tuesday,True
L01117,LONG,AVAILABLE,1.1647084318641503,AVAILABLE,ALIGNED_SINGLE,AVAILABLE,1.9171217050448093,AVAILABLE,Tuesday,True
L01119,SHORT,AVAILABLE,1.279906630581355,AVAILABLE,AGAINST_SINGLE,AVAILABLE,1.643479496782937,AVAILABLE,Tuesday,True
L01120,SHORT,AVAILABLE,2.328418215199858,AVAILABLE,AGAINST_SINGLE,AVAILABLE,1.739229685780713,AVAILABLE,Tuesday,True
L01121,SHORT,AVAILABLE,0.8456146177442397,AVAILABLE,AGAINST_SINGLE,AVAILABLE,1.1002820815600558,AVAILABLE,Tuesday,True
L01123,SHORT,AVAILABLE,0.6787322819802821,AVAILABLE,AGAINST_CONFIRMED,AVAILABLE,1.2819414793007309,AVAILABLE,Tuesday,True
L01124,SHORT,AVAILABLE,0.4269035367661641,AVAILABLE,AGAINST_CONFIRMED,AVAILABLE,1.260554018088656,AVAILABLE,Tuesday,True
L01125,SHORT,AVAILABLE,1.4385119327336868,AVAILABLE,AGAINST_CONFIRMED,AVAILABLE,1.52165094106296,AVAILABLE,Wednesday,True
L01126,SHORT,AVAILABLE,2.2442863363325958,AVAILABLE,AGAINST_CONFIRMED,AVAILABLE,1.990256985642858,AVAILABLE,Wednesday,True
L01127,SHORT,AVAILABLE,0.2866255749478486,AVAILABLE,AGAINST_CONFIRMED,AVAILABLE,1.2519122153329532,AVAILABLE,Wednesday,True
L01128,SHORT,AVAILABLE,0.7763704570831491,AVAILABLE,AGAINST_CONFIRMED,AVAILABLE,0.9165956630693928,AVAILABLE,Wednesday,True
L01131,SHORT,AVAILABLE,2.211273850475239,AVAILABLE,AGAINST_CONFIRMED,AVAILABLE,1.7430579377918247,AVAILABLE,Wednesday,True
L01133,SHORT,AVAILABLE,1.1949239807669882,AVAILABLE,AGAINST_CONFIRMED,AVAILABLE,1.998850800709864,AVAILABLE,Wednesday,True
L01134,LONG,AVAILABLE,0.8783207535832831,AVAILABLE,ALIGNED_CONFIRMED,AVAILABLE,2.0198015886224283,AVAILABLE,Wednesday,True
L01135,SHORT,AVAILABLE,1.5837779463053565,AVAILABLE,AGAINST_CONFIRMED,AVAILABLE,1.3418265809183048,AVAILABLE,Wednesday,True
L01136,SHORT,AVAILABLE,0.7034652859513942,AVAILABLE,AGAINST_CONFIRMED,AVAILABLE,1.3038895468565446,AVAILABLE,Wednesday,True
L01137,LONG,AVAILABLE,0.5492507044524314,AVAILABLE,ALIGNED_CONFIRMED,AVAILABLE,2.3955112126210287,AVAILABLE,Thursday,True
L01138,SHORT,AVAILABLE,0.9171962143542278,AVAILABLE,AGAINST_CONFIRMED,AVAILABLE,3.3164553733476105,AVAILABLE,Thursday,True
L01139,SHORT,AVAILABLE,0.323491788880896,AVAILABLE,AGAINST_CONFIRMED,AVAILABLE,1.5390410717211094,AVAILABLE,Thursday,True
L01140,SHORT,AVAILABLE,0.7072215947705017,AVAILABLE,AGAINST_CONFIRMED,AVAILABLE,2.465166880918328,AVAILABLE,Thursday,True
L01142,LONG,AVAILABLE,1.7132668322031317,AVAILABLE,ALIGNED_CONFIRMED,AVAILABLE,1.7792998669503248,AVAILABLE,Thursday,True
L01143,LONG,AVAILABLE,1.3850389733135928,AVAILABLE,ALIGNED_CONFIRMED,AVAILABLE,1.8326268926049196,AVAILABLE,Thursday,True
L01145,LONG,AVAILABLE,0.9575169145919128,AVAILABLE,ALIGNED_SINGLE,AVAILABLE,3.316086310480548,AVAILABLE,Thursday,True
L01146,SHORT,AVAILABLE,1.526128347642518,AVAILABLE,NEUTRAL,AVAILABLE,1.0979614736790773,AVAILABLE,Friday,True
L01148,SHORT,AVAILABLE,1.4112185050156405,AVAILABLE,NEUTRAL,AVAILABLE,2.07988060102638,AVAILABLE,Friday,True
L01149,LONG,AVAILABLE,0.9602864692837256,AVAILABLE,NEUTRAL,AVAILABLE,1.7488550011707322,AVAILABLE,Friday,True
L01150,LONG,AVAILABLE,-0.0118226342367563,AVAILABLE,NEUTRAL,AVAILABLE,1.3697168040307293,AVAILABLE,Friday,True
L01151,LONG,AVAILABLE,1.5422013747002574,AVAILABLE,NEUTRAL,AVAILABLE,1.941467950566485,AVAILABLE,Friday,True
L01152,SHORT,AVAILABLE,0.9447109053731578,AVAILABLE,NEUTRAL,AVAILABLE,2.034281876838396,AVAILABLE,Friday,True
L01153,SHORT,AVAILABLE,1.2147805178096478,AVAILABLE,NEUTRAL,AVAILABLE,2.1125960281803327,AVAILABLE,Sunday,True
L01154,LONG,AVAILABLE,1.098277122209685,AVAILABLE,NEUTRAL,AVAILABLE,3.414369003954608,AVAILABLE,Monday,True
L01155,SHORT,AVAILABLE,2.463339397985993,AVAILABLE,NEUTRAL,AVAILABLE,2.000465058265627,AVAILABLE,Monday,True
L01159,SHORT,AVAILABLE,1.4597366122792497,AVAILABLE,NEUTRAL,AVAILABLE,1.8185238187666943,AVAILABLE,Monday,True
L01160,SHORT,AVAILABLE,1.9052859094367944,AVAILABLE,NEUTRAL,AVAILABLE,1.7219431303358568,AVAILABLE,Monday,True
L01161,SHORT,AVAILABLE,1.3836531172597888,AVAILABLE,NEUTRAL,AVAILABLE,2.139416594083284,AVAILABLE,Monday,True
L01164,SHORT,AVAILABLE,2.4537106532539803,AVAILABLE,AGAINST_SINGLE,AVAILABLE,2.229467671728262,AVAILABLE,Tuesday,True
L01165,SHORT,AVAILABLE,2.0884540083610674,AVAILABLE,AGAINST_SINGLE,AVAILABLE,2.1538559794616394,AVAILABLE,Tuesday,True
L01166,SHORT,AVAILABLE,0.8393564715242572,AVAILABLE,AGAINST_SINGLE,AVAILABLE,1.6956421791529066,AVAILABLE,Tuesday,True
L01168,LONG,AVAILABLE,0.0236549038189528,AVAILABLE,ALIGNED_SINGLE,AVAILABLE,1.8573877121763671,AVAILABLE,Tuesday,True
L01170,LONG,AVAILABLE,0.4065703375967001,AVAILABLE,ALIGNED_SINGLE,AVAILABLE,1.1072756392412464,AVAILABLE,Tuesday,True
L01172,LONG,AVAILABLE,0.9815951849421832,AVAILABLE,ALIGNED_SINGLE,AVAILABLE,2.3438503273096045,AVAILABLE,Tuesday,True
L01173,SHORT,AVAILABLE,1.477207488787346,AVAILABLE,AGAINST_SINGLE,AVAILABLE,1.1617581577128742,AVAILABLE,Tuesday,True
L01174,SHORT,AVAILABLE,0.5526697237214715,AVAILABLE,AGAINST_SINGLE,AVAILABLE,1.90856569793215,AVAILABLE,Tuesday,True
L01175,SHORT,AVAILABLE,1.1263748190806786,AVAILABLE,AGAINST_CONFIRMED,AVAILABLE,1.4460840502944905,AVAILABLE,Tuesday,True
L01177,SHORT,AVAILABLE,0.1073295741448312,AVAILABLE,AGAINST_CONFIRMED,AVAILABLE,1.404727449067771,AVAILABLE,Wednesday,True
L01179,SHORT,AVAILABLE,1.420848545519519,AVAILABLE,AGAINST_CONFIRMED,AVAILABLE,1.7965610393755742,AVAILABLE,Wednesday,True
L01180,SHORT,AVAILABLE,1.75664443200914,AVAILABLE,AGAINST_CONFIRMED,AVAILABLE,1.4893183740346634,AVAILABLE,Wednesday,True
L01181,SHORT,AVAILABLE,0.2578193994270958,AVAILABLE,AGAINST_CONFIRMED,AVAILABLE,0.6081514453023377,AVAILABLE,Wednesday,True
L01182,LONG,AVAILABLE,1.412309218277155,AVAILABLE,ALIGNED_CONFIRMED,AVAILABLE,1.1785461804220771,AVAILABLE,Wednesday,True
L01183,LONG,AVAILABLE,0.8992352444922856,AVAILABLE,ALIGNED_CONFIRMED,AVAILABLE,2.194140357622883,AVAILABLE,Wednesday,True
L01184,SHORT,AVAILABLE,1.16250582828567,AVAILABLE,AGAINST_CONFIRMED,AVAILABLE,1.6294531892351851,AVAILABLE,Wednesday,True
L01185,SHORT,AVAILABLE,0.8909277421953768,AVAILABLE,AGAINST_CONFIRMED,AVAILABLE,1.3245496611519487,AVAILABLE,Wednesday,True
L01186,LONG,AVAILABLE,0.9031971080794056,AVAILABLE,ALIGNED_CONFIRMED,AVAILABLE,2.181388444695126,AVAILABLE,Wednesday,True
L01187,SHORT,AVAILABLE,2.1976396735949306,AVAILABLE,AGAINST_CONFIRMED,AVAILABLE,2.085397921739629,AVAILABLE,Thursday,True
L01188,SHORT,AVAILABLE,1.1988775715591566,AVAILABLE,AGAINST_CONFIRMED,AVAILABLE,1.375604533661706,AVAILABLE,Thursday,True
L01189,SHORT,AVAILABLE,0.6739736590180849,AVAILABLE,AGAINST_CONFIRMED,AVAILABLE,1.1504883850451468,AVAILABLE,Thursday,True
L01190,LONG,AVAILABLE,1.1741846689085471,AVAILABLE,ALIGNED_CONFIRMED,AVAILABLE,1.4182237258670167,AVAILABLE,Thursday,True
L01193,SHORT,AVAILABLE,1.365494022452206,AVAILABLE,AGAINST_CONFIRMED,AVAILABLE,1.449016485721348,AVAILABLE,Thursday,True
L01194,SHORT,AVAILABLE,1.165480098138136,AVAILABLE,AGAINST_CONFIRMED,AVAILABLE,1.3518451551019477,AVAILABLE,Thursday,True
L01195,SHORT,AVAILABLE,0.9374171055870788,AVAILABLE,AGAINST_CONFIRMED,AVAILABLE,2.008519251987306,AVAILABLE,Thursday,True
L01197,SHORT,AVAILABLE,0.6215865735322538,AVAILABLE,AGAINST_CONFIRMED,AVAILABLE,3.0044357315699166,AVAILABLE,Thursday,True
L01198,LONG,AVAILABLE,1.4288748535738092,AVAILABLE,ALIGNED_CONFIRMED,AVAILABLE,2.7928302200931614,AVAILABLE,Friday,True
L01199,LONG,AVAILABLE,2.484978522032424,AVAILABLE,ALIGNED_CONFIRMED,AVAILABLE,2.256139223859561,AVAILABLE,Friday,True
L01200,LONG,AVAILABLE,1.7806498355860734,AVAILABLE,ALIGNED_CONFIRMED,AVAILABLE,1.9722818236564572,AVAILABLE,Friday,True
L01202,SHORT,AVAILABLE,1.868059802993735,AVAILABLE,NEUTRAL,AVAILABLE,1.8431389861583405,AVAILABLE,Sunday,True
L01203,LONG,AVAILABLE,1.2624902932604452,AVAILABLE,NEUTRAL,AVAILABLE,1.8766903416713607,AVAILABLE,Monday,True
L01204,SHORT,AVAILABLE,0.8461744669870643,AVAILABLE,NEUTRAL,AVAILABLE,1.2985471325332187,AVAILABLE,Monday,True
L01205,SHORT,AVAILABLE,1.719207872634231,AVAILABLE,NEUTRAL,AVAILABLE,1.7485177994633088,AVAILABLE,Monday,True
L01206,SHORT,AVAILABLE,0.8422562336022413,AVAILABLE,NEUTRAL,AVAILABLE,1.5325246107241155,AVAILABLE,Monday,True
L01207,SHORT,AVAILABLE,1.500572701862388,AVAILABLE,NEUTRAL,AVAILABLE,2.6675390487185258,AVAILABLE,Monday,True
L01208,SHORT,AVAILABLE,1.3132910742371402,AVAILABLE,NEUTRAL,AVAILABLE,1.547607597014168,AVAILABLE,Monday,True
L01209,LONG,AVAILABLE,0.5643950340835733,AVAILABLE,NEUTRAL,AVAILABLE,2.242859649720645,AVAILABLE,Tuesday,True
L01210,LONG,AVAILABLE,1.059758867408828,AVAILABLE,NEUTRAL,AVAILABLE,1.8226125630086305,AVAILABLE,Tuesday,True
L01211,LONG,AVAILABLE,1.275236225628812,AVAILABLE,NEUTRAL,AVAILABLE,2.60384167220136,AVAILABLE,Tuesday,True
L01212,LONG,AVAILABLE,1.394536217153426,AVAILABLE,NEUTRAL,AVAILABLE,1.7503677809652751,AVAILABLE,Tuesday,True
L01213,LONG,AVAILABLE,0.1149735307530518,AVAILABLE,NEUTRAL,AVAILABLE,3.2628978447784998,AVAILABLE,Tuesday,True
L01214,LONG,AVAILABLE,1.7024675489943173,AVAILABLE,NEUTRAL,AVAILABLE,4.675109815697864,AVAILABLE,Wednesday,True
L01215,SHORT,AVAILABLE,1.317450705262442,AVAILABLE,NEUTRAL,AVAILABLE,1.5141377137100378,AVAILABLE,Wednesday,True
L01217,LONG,AVAILABLE,0.6942022212818126,AVAILABLE,NEUTRAL,AVAILABLE,1.2384541968950444,AVAILABLE,Wednesday,True
L01219,SHORT,AVAILABLE,1.2746269129029095,AVAILABLE,NEUTRAL,AVAILABLE,1.4842381978196744,AVAILABLE,Wednesday,True
L01220,LONG,AVAILABLE,1.7564634367845355,AVAILABLE,NEUTRAL,AVAILABLE,1.8735635273235889,AVAILABLE,Wednesday,True
L01221,SHORT,AVAILABLE,1.9810535639052576,AVAILABLE,NEUTRAL,AVAILABLE,2.102230113393367,AVAILABLE,Wednesday,True
L01222,SHORT,AVAILABLE,-0.0700414502615391,AVAILABLE,ALIGNED_SINGLE,AVAILABLE,2.115103693062947,AVAILABLE,Wednesday,True
L01223,LONG,AVAILABLE,1.0845443457659882,AVAILABLE,AGAINST_CONFIRMED,AVAILABLE,1.4688258217297816,AVAILABLE,Thursday,True
L01224,LONG,AVAILABLE,0.6928899074920335,AVAILABLE,AGAINST_CONFIRMED,AVAILABLE,2.263122006442081,AVAILABLE,Thursday,True
L01225,SHORT,AVAILABLE,1.9489518660315688,AVAILABLE,ALIGNED_CONFIRMED,AVAILABLE,3.2461257744641165,AVAILABLE,Thursday,True
L01226,LONG,AVAILABLE,0.1302825092048586,AVAILABLE,AGAINST_CONFIRMED,AVAILABLE,0.7137043474696689,AVAILABLE,Thursday,True
L01227,SHORT,AVAILABLE,0.7543583193114654,AVAILABLE,ALIGNED_CONFIRMED,AVAILABLE,0.6793649279639967,AVAILABLE,Thursday,True
L01228,LONG,AVAILABLE,-0.2392977407513736,AVAILABLE,AGAINST_CONFIRMED,AVAILABLE,0.9531774362036608,AVAILABLE,Thursday,True
L01230,SHORT,AVAILABLE,0.3159004532778623,AVAILABLE,ALIGNED_CONFIRMED,AVAILABLE,1.3852691991569817,AVAILABLE,Thursday,True
L01231,SHORT,AVAILABLE,1.1786560365577383,AVAILABLE,ALIGNED_SINGLE,AVAILABLE,2.0117297587713816,AVAILABLE,Thursday,True
L01234,LONG,AVAILABLE,1.6077142149175063,AVAILABLE,NEUTRAL,AVAILABLE,1.70573893922829,AVAILABLE,Friday,True
L01235,LONG,AVAILABLE,0.482567032123696,AVAILABLE,NEUTRAL,AVAILABLE,2.26180999108271,AVAILABLE,Friday,True
L01236,LONG,AVAILABLE,1.0304864782783665,AVAILABLE,NEUTRAL,AVAILABLE,2.0109469612984108,AVAILABLE,Friday,True
L01237,LONG,AVAILABLE,0.3945005756924889,AVAILABLE,NEUTRAL,AVAILABLE,2.1203581575709207,AVAILABLE,Friday,True
L01238,SHORT,AVAILABLE,0.742471827620225,AVAILABLE,NEUTRAL,AVAILABLE,1.4866654376408917,AVAILABLE,Friday,True
L01239,SHORT,AVAILABLE,1.114918411697787,AVAILABLE,NEUTRAL,AVAILABLE,1.2069070423227044,AVAILABLE,Friday,True
L01240,LONG,AVAILABLE,-1.0820574872062043,AVAILABLE,NEUTRAL,AVAILABLE,4.16812519206103,AVAILABLE,Sunday,True
L01242,LONG,AVAILABLE,0.2205652666595366,AVAILABLE,NEUTRAL,AVAILABLE,2.149397771470397,AVAILABLE,Monday,True
L01243,LONG,AVAILABLE,0.4615650724755793,AVAILABLE,NEUTRAL,AVAILABLE,2.8652116591919228,AVAILABLE,Monday,True
L01245,SHORT,AVAILABLE,1.3661085686249193,AVAILABLE,NEUTRAL,AVAILABLE,1.7517043261019656,AVAILABLE,Monday,True
L01246,LONG,AVAILABLE,0.697912064318458,AVAILABLE,NEUTRAL,AVAILABLE,1.6618373183754318,AVAILABLE,Monday,True
L01248,SHORT,AVAILABLE,0.2166651536087088,AVAILABLE,ALIGNED_SINGLE,AVAILABLE,1.1951587385230755,AVAILABLE,Monday,True
L01252,SHORT,AVAILABLE,0.6285983569327953,AVAILABLE,ALIGNED_SINGLE,AVAILABLE,1.7029965454999474,AVAILABLE,Tuesday,True
L01253,LONG,AVAILABLE,0.5261674371363048,AVAILABLE,AGAINST_SINGLE,AVAILABLE,2.0563632194391706,AVAILABLE,Tuesday,True
L01254,LONG,AVAILABLE,1.0250962391061773,AVAILABLE,AGAINST_SINGLE,AVAILABLE,2.2838420223343223,AVAILABLE,Tuesday,True
L01257,SHORT,AVAILABLE,1.2535127812999358,AVAILABLE,ALIGNED_SINGLE,AVAILABLE,1.289884947431685,AVAILABLE,Tuesday,True
L01258,SHORT,AVAILABLE,1.568961457684524,AVAILABLE,ALIGNED_SINGLE,AVAILABLE,1.7200571077162674,AVAILABLE,Tuesday,True
L01261,LONG,AVAILABLE,1.1555906017196005,AVAILABLE,AGAINST_SINGLE,AVAILABLE,3.6667027942718495,AVAILABLE,Tuesday,True
L01262,SHORT,AVAILABLE,0.6874779116495313,AVAILABLE,ALIGNED_CONFIRMED,AVAILABLE,1.378192226969917,AVAILABLE,Wednesday,True
L01263,SHORT,AVAILABLE,0.5670026976279637,AVAILABLE,ALIGNED_CONFIRMED,AVAILABLE,1.055190252496007,AVAILABLE,Wednesday,True
L01265,SHORT,AVAILABLE,1.0800884808567477,AVAILABLE,ALIGNED_CONFIRMED,AVAILABLE,1.4283486603422728,AVAILABLE,Wednesday,True
L01266,LONG,AVAILABLE,1.706725332314457,AVAILABLE,AGAINST_CONFIRMED,AVAILABLE,1.829304900871256,AVAILABLE,Wednesday,True
L01267,LONG,AVAILABLE,1.3963607854264628,AVAILABLE,AGAINST_CONFIRMED,AVAILABLE,2.0320003357109244,AVAILABLE,Wednesday,True
L01268,LONG,AVAILABLE,0.3401398521750808,AVAILABLE,AGAINST_CONFIRMED,AVAILABLE,1.722662373146651,AVAILABLE,Wednesday,True
L01269,LONG,AVAILABLE,0.1024224083810677,AVAILABLE,AGAINST_CONFIRMED,AVAILABLE,2.1957679093824627,AVAILABLE,Wednesday,True
L01270,LONG,AVAILABLE,1.1841395937831365,AVAILABLE,AGAINST_CONFIRMED,AVAILABLE,1.6374813706289877,AVAILABLE,Wednesday,True
L01271,LONG,AVAILABLE,0.941685000292162,AVAILABLE,AGAINST_SINGLE,AVAILABLE,1.901107597439678,AVAILABLE,Wednesday,True
L01273,SHORT,AVAILABLE,-0.0033811494569089,AVAILABLE,NEUTRAL,AVAILABLE,1.7690882387049751,AVAILABLE,Thursday,True
L01274,LONG,AVAILABLE,0.6307795206615427,AVAILABLE,NEUTRAL,AVAILABLE,2.290005648934977,AVAILABLE,Thursday,True
L01276,SHORT,AVAILABLE,0.9453836450945112,AVAILABLE,NEUTRAL,AVAILABLE,2.348326102173532,AVAILABLE,Thursday,True
L01277,LONG,AVAILABLE,0.841925797108313,AVAILABLE,NEUTRAL,AVAILABLE,2.017728061383786,AVAILABLE,Thursday,True
L01278,LONG,AVAILABLE,0.9389572584411124,AVAILABLE,NEUTRAL,AVAILABLE,1.519280425678002,AVAILABLE,Thursday,True
L01279,SHORT,AVAILABLE,1.3069126296514424,AVAILABLE,NEUTRAL,AVAILABLE,2.247986797318714,AVAILABLE,Thursday,True
L01280,SHORT,AVAILABLE,1.0181107247334835,AVAILABLE,NEUTRAL,AVAILABLE,2.358356801698984,AVAILABLE,Thursday,True
L01282,LONG,AVAILABLE,-0.5932091203003403,AVAILABLE,NEUTRAL,AVAILABLE,1.4457567955939747,AVAILABLE,Thursday,True
L01283,SHORT,AVAILABLE,1.8075720478407735,AVAILABLE,NEUTRAL,AVAILABLE,2.963978203853327,AVAILABLE,Thursday,True
L01285,LONG,AVAILABLE,0.5703762725707033,AVAILABLE,NEUTRAL,AVAILABLE,1.0960775067568629,AVAILABLE,Friday,True
L01289,SHORT,AVAILABLE,1.0324750192161734,AVAILABLE,NEUTRAL,AVAILABLE,1.3683761788643516,AVAILABLE,Monday,True
L01290,SHORT,AVAILABLE,0.4568029768224543,AVAILABLE,NEUTRAL,AVAILABLE,1.519553018239273,AVAILABLE,Monday,True
L01291,SHORT,AVAILABLE,0.8944538419888257,AVAILABLE,NEUTRAL,AVAILABLE,1.4293457113775752,AVAILABLE,Monday,True
L01292,SHORT,AVAILABLE,0.5360094021493539,AVAILABLE,NEUTRAL,AVAILABLE,0.8732729057912721,AVAILABLE,Monday,True
L01294,SHORT,AVAILABLE,0.783478005537707,AVAILABLE,NEUTRAL,AVAILABLE,1.3708611025565347,AVAILABLE,Monday,True
L01296,LONG,AVAILABLE,1.7990462206429227,AVAILABLE,NEUTRAL,AVAILABLE,1.504675039178193,AVAILABLE,Monday,True
L01297,LONG,AVAILABLE,0.9128777099764234,AVAILABLE,NEUTRAL,AVAILABLE,1.971998794715155,AVAILABLE,Monday,True
L01299,LONG,AVAILABLE,1.5403360833418518,AVAILABLE,NEUTRAL,AVAILABLE,3.89351619862835,AVAILABLE,Monday,True
L01300,LONG,AVAILABLE,0.5098366539034411,AVAILABLE,NEUTRAL,AVAILABLE,2.292010583929246,AVAILABLE,Tuesday,True
L01301,LONG,AVAILABLE,1.3314018677713475,AVAILABLE,NEUTRAL,AVAILABLE,1.4643812122958588,AVAILABLE,Tuesday,True
L01302,LONG,AVAILABLE,0.449221558516743,AVAILABLE,NEUTRAL,AVAILABLE,1.8154082995084573,AVAILABLE,Tuesday,True
L01303,SHORT,AVAILABLE,-0.0978650358067384,AVAILABLE,NEUTRAL,AVAILABLE,0.6639107304477105,AVAILABLE,Tuesday,True
L01307,LONG,AVAILABLE,3.0378840266669846,AVAILABLE,NEUTRAL,AVAILABLE,2.939819019110076,AVAILABLE,Tuesday,True
L01308,SHORT,AVAILABLE,0.1059269239960929,AVAILABLE,ALIGNED_SINGLE,AVAILABLE,1.8113579286629693,AVAILABLE,Wednesday,True
L01310,SHORT,AVAILABLE,0.9304003308230976,AVAILABLE,ALIGNED_SINGLE,AVAILABLE,1.2668345004729011,AVAILABLE,Wednesday,True
L01311,SHORT,AVAILABLE,-0.0824400591682292,AVAILABLE,ALIGNED_SINGLE,AVAILABLE,1.6679076010658354,AVAILABLE,Wednesday,True
L01313,SHORT,AVAILABLE,1.1814346191898188,AVAILABLE,ALIGNED_SINGLE,AVAILABLE,1.5513092266500497,AVAILABLE,Wednesday,True
L01314,LONG,AVAILABLE,1.677436202497527,AVAILABLE,NEUTRAL,AVAILABLE,2.606120323664146,AVAILABLE,Wednesday,True
L01315,LONG,AVAILABLE,1.816653876824708,AVAILABLE,NEUTRAL,AVAILABLE,2.0442965492507663,AVAILABLE,Thursday,True
L01316,SHORT,AVAILABLE,0.3940119926935366,AVAILABLE,NEUTRAL,AVAILABLE,1.5390449878104844,AVAILABLE,Thursday,True
L01317,SHORT,AVAILABLE,0.2997009464920313,AVAILABLE,NEUTRAL,AVAILABLE,1.1067655493140731,AVAILABLE,Thursday,True
L01318,SHORT,AVAILABLE,0.6374009970749488,AVAILABLE,NEUTRAL,AVAILABLE,1.630011780954354,AVAILABLE,Thursday,True
L01320,SHORT,AVAILABLE,1.342057392875336,AVAILABLE,NEUTRAL,AVAILABLE,1.966358161976744,AVAILABLE,Thursday,True
L01321,LONG,AVAILABLE,1.443744772337306,AVAILABLE,NEUTRAL,AVAILABLE,1.869565010288854,AVAILABLE,Thursday,True
L01322,LONG,AVAILABLE,0.6800360067237737,AVAILABLE,NEUTRAL,AVAILABLE,1.582885272883272,AVAILABLE,Thursday,True
L01325,SHORT,AVAILABLE,0.6064123517382431,AVAILABLE,AGAINST_SINGLE,AVAILABLE,2.0171192531621065,AVAILABLE,Friday,True
L01327,SHORT,AVAILABLE,1.2701325788489124,AVAILABLE,AGAINST_SINGLE,AVAILABLE,1.623332174459389,AVAILABLE,Friday,True
L01328,SHORT,AVAILABLE,0.7892654818537956,AVAILABLE,AGAINST_SINGLE,AVAILABLE,1.2655773879506813,AVAILABLE,Friday,True
L01329,SHORT,AVAILABLE,1.9279111821511488,AVAILABLE,AGAINST_SINGLE,AVAILABLE,1.6289640402563237,AVAILABLE,Friday,True
L01330,LONG,AVAILABLE,2.0252549335040424,AVAILABLE,ALIGNED_SINGLE,AVAILABLE,2.1123303120115597,AVAILABLE,Friday,True
L01331,LONG,AVAILABLE,1.6154355459901422,AVAILABLE,ALIGNED_SINGLE,AVAILABLE,1.6438707696546382,AVAILABLE,Friday,True
L01332,LONG,AVAILABLE,1.160497089941906,AVAILABLE,ALIGNED_SINGLE,AVAILABLE,1.938631685858029,AVAILABLE,Friday,True
L01333,LONG,AVAILABLE,0.5093588565437599,AVAILABLE,ALIGNED_SINGLE,AVAILABLE,1.4264527382047836,AVAILABLE,Friday,True
L01334,SHORT,AVAILABLE,2.0478466436924823,AVAILABLE,AGAINST_SINGLE,AVAILABLE,2.8698773229682804,AVAILABLE,Friday,True
L01335,SHORT,AVAILABLE,0.4246364830931182,AVAILABLE,AGAINST_SINGLE,AVAILABLE,2.285829509998113,AVAILABLE,Monday,True
L01336,SHORT,AVAILABLE,0.4018127950676541,AVAILABLE,AGAINST_SINGLE,AVAILABLE,1.346421876056519,AVAILABLE,Monday,True
L01337,SHORT,AVAILABLE,-0.0266352663820692,AVAILABLE,AGAINST_SINGLE,AVAILABLE,1.2940953731100755,AVAILABLE,Monday,True
L01338,SHORT,AVAILABLE,-0.0558477259740658,AVAILABLE,AGAINST_SINGLE,AVAILABLE,1.7072480360536395,AVAILABLE,Monday,True
L01339,SHORT,AVAILABLE,0.3628777892037059,AVAILABLE,AGAINST_SINGLE,AVAILABLE,1.5399992755176857,AVAILABLE,Monday,True
L01340,SHORT,AVAILABLE,1.462391047251223,AVAILABLE,AGAINST_SINGLE,AVAILABLE,1.422751084225442,AVAILABLE,Monday,True
L01342,LONG,AVAILABLE,1.8362322821465165,AVAILABLE,ALIGNED_SINGLE,AVAILABLE,2.09968277243814,AVAILABLE,Monday,True
L01343,SHORT,AVAILABLE,1.9701128598178237,AVAILABLE,AGAINST_SINGLE,AVAILABLE,2.6243524787313945,AVAILABLE,Monday,True
L01344,SHORT,AVAILABLE,1.859773592173337,AVAILABLE,AGAINST_SINGLE,AVAILABLE,1.4442431583357147,AVAILABLE,Tuesday,True
L01345,SHORT,AVAILABLE,1.997447555438678,AVAILABLE,AGAINST_SINGLE,AVAILABLE,1.8613976334082531,AVAILABLE,Tuesday,True
L01346,SHORT,AVAILABLE,1.1529105095477248,AVAILABLE,AGAINST_SINGLE,AVAILABLE,1.3779531107277518,AVAILABLE,Tuesday,True
L01347,LONG,AVAILABLE,0.4108233273962322,AVAILABLE,ALIGNED_SINGLE,AVAILABLE,0.6324321910169305,AVAILABLE,Tuesday,True
L01349,LONG,AVAILABLE,0.281464302560617,AVAILABLE,ALIGNED_SINGLE,AVAILABLE,1.3207374502173803,AVAILABLE,Tuesday,True
L01352,LONG,AVAILABLE,1.1561760132035337,AVAILABLE,ALIGNED_SINGLE,AVAILABLE,2.491685723351908,AVAILABLE,Tuesday,True
L01354,LONG,AVAILABLE,0.6831845201874966,AVAILABLE,ALIGNED_CONFIRMED,AVAILABLE,1.6850256149721765,AVAILABLE,Wednesday,True
L01355,LONG,AVAILABLE,0.6724806797449323,AVAILABLE,ALIGNED_CONFIRMED,AVAILABLE,1.9233477763507136,AVAILABLE,Wednesday,True
L01356,LONG,AVAILABLE,-0.2022568175548651,AVAILABLE,ALIGNED_CONFIRMED,AVAILABLE,1.942559421344198,AVAILABLE,Wednesday,True
L01357,LONG,AVAILABLE,-0.307672000670617,AVAILABLE,ALIGNED_CONFIRMED,AVAILABLE,0.9633063952035,AVAILABLE,Wednesday,True
L01359,LONG,AVAILABLE,1.992292780887878,AVAILABLE,ALIGNED_CONFIRMED,AVAILABLE,1.6389027640188618,AVAILABLE,Wednesday,True
L01360,SHORT,AVAILABLE,1.6332966578061527,AVAILABLE,AGAINST_CONFIRMED,AVAILABLE,1.4089860559358398,AVAILABLE,Wednesday,True
L01363,LONG,AVAILABLE,1.315552732641392,AVAILABLE,ALIGNED_CONFIRMED,AVAILABLE,1.5058218538885804,AVAILABLE,Thursday,True
L01364,SHORT,AVAILABLE,0.3189605599263321,AVAILABLE,AGAINST_CONFIRMED,AVAILABLE,1.870619550929408,AVAILABLE,Thursday,True
L01365,LONG,AVAILABLE,0.6466340900641765,AVAILABLE,ALIGNED_CONFIRMED,AVAILABLE,1.811460761870929,AVAILABLE,Thursday,True
L01366,SHORT,AVAILABLE,1.1194409229981106,AVAILABLE,AGAINST_CONFIRMED,AVAILABLE,2.166604812353328,AVAILABLE,Thursday,True
L01367,SHORT,AVAILABLE,1.4838438736778032,AVAILABLE,AGAINST_CONFIRMED,AVAILABLE,1.8146136956227656,AVAILABLE,Thursday,True
L01370,SHORT,AVAILABLE,1.4334782389955505,AVAILABLE,AGAINST_CONFIRMED,AVAILABLE,2.092330129982632,AVAILABLE,Thursday,True
L01371,LONG,AVAILABLE,0.5713388615833727,AVAILABLE,ALIGNED_CONFIRMED,AVAILABLE,1.6792336551862066,AVAILABLE,Thursday,True
L01372,LONG,AVAILABLE,1.4055125418190175,AVAILABLE,ALIGNED_CONFIRMED,AVAILABLE,2.3422541089782904,AVAILABLE,Thursday,True
L01373,SHORT,AVAILABLE,0.5800900603020374,AVAILABLE,AGAINST_SINGLE,AVAILABLE,0.9649925525250568,AVAILABLE,Friday,True
L01374,LONG,AVAILABLE,0.3924485962015109,AVAILABLE,ALIGNED_SINGLE,AVAILABLE,2.948195738724764,AVAILABLE,Friday,True
L01378,SHORT,AVAILABLE,0.6997962133143368,AVAILABLE,AGAINST_SINGLE,AVAILABLE,7.800392860204568,AVAILABLE,Friday,True
L01380,LONG,AVAILABLE,0.602276619154406,AVAILABLE,AGAINST_SINGLE,AVAILABLE,1.6244652569743705,AVAILABLE,Tuesday,True
L01382,SHORT,AVAILABLE,2.2056747368453338,AVAILABLE,ALIGNED_SINGLE,AVAILABLE,1.613275105875314,AVAILABLE,Tuesday,True
L01383,SHORT,AVAILABLE,0.4289007466412718,AVAILABLE,ALIGNED_SINGLE,AVAILABLE,1.1214573597221058,AVAILABLE,Tuesday,True
L01385,SHORT,AVAILABLE,0.9101401531851906,AVAILABLE,ALIGNED_SINGLE,AVAILABLE,1.177031775288481,AVAILABLE,Tuesday,True
L01386,SHORT,AVAILABLE,0.4095236665916581,AVAILABLE,ALIGNED_SINGLE,AVAILABLE,1.5465710889798838,AVAILABLE,Wednesday,True
L01389,SHORT,AVAILABLE,0.3955272323273586,AVAILABLE,ALIGNED_SINGLE,AVAILABLE,1.8613735924412569,AVAILABLE,Wednesday,True
L01390,SHORT,AVAILABLE,1.44997642773205,AVAILABLE,ALIGNED_SINGLE,AVAILABLE,1.6037529479177604,AVAILABLE,Wednesday,True
L01391,SHORT,AVAILABLE,0.8431658886717033,AVAILABLE,ALIGNED_SINGLE,AVAILABLE,2.10228995218374,AVAILABLE,Wednesday,True
L01392,SHORT,AVAILABLE,0.4994777637754524,AVAILABLE,ALIGNED_SINGLE,AVAILABLE,1.5265327214584477,AVAILABLE,Wednesday,True
L01393,LONG,AVAILABLE,1.4684622858087475,AVAILABLE,AGAINST_SINGLE,AVAILABLE,1.7222745377704964,AVAILABLE,Wednesday,True
L01394,SHORT,AVAILABLE,2.0423726293242126,AVAILABLE,ALIGNED_SINGLE,AVAILABLE,1.748032342044847,AVAILABLE,Wednesday,True
L01395,LONG,AVAILABLE,0.3537315051310025,AVAILABLE,AGAINST_SINGLE,AVAILABLE,2.062210685218109,AVAILABLE,Wednesday,True
L01396,SHORT,AVAILABLE,0.6878516028220103,AVAILABLE,AGAINST_SINGLE,AVAILABLE,1.5648355658896176,AVAILABLE,Thursday,True
L01397,LONG,AVAILABLE,1.5657803233851582,AVAILABLE,ALIGNED_SINGLE,AVAILABLE,3.556632751116429,AVAILABLE,Thursday,True
L01398,LONG,AVAILABLE,1.5323095198536794,AVAILABLE,ALIGNED_SINGLE,AVAILABLE,2.122406867472666,AVAILABLE,Thursday,True
L01400,SHORT,AVAILABLE,-0.2577605066422019,AVAILABLE,AGAINST_SINGLE,AVAILABLE,1.6995515524724654,AVAILABLE,Thursday,True
L01401,SHORT,AVAILABLE,2.1961526732405425,AVAILABLE,AGAINST_SINGLE,AVAILABLE,1.8143906259967777,AVAILABLE,Thursday,True
L01402,SHORT,AVAILABLE,0.6457732363875646,AVAILABLE,AGAINST_SINGLE,AVAILABLE,1.5664371311790353,AVAILABLE,Thursday,True
L01403,SHORT,AVAILABLE,1.2326174476197482,AVAILABLE,AGAINST_SINGLE,AVAILABLE,1.80559751940263,AVAILABLE,Thursday,True
L01404,LONG,AVAILABLE,0.8540999603065611,AVAILABLE,ALIGNED_SINGLE,AVAILABLE,1.662239184464931,AVAILABLE,Thursday,True
L01406,SHORT,AVAILABLE,0.9018500151961087,AVAILABLE,AGAINST_SINGLE,AVAILABLE,1.5972893465053015,AVAILABLE,Thursday,True
L01407,LONG,AVAILABLE,0.7257160172889596,AVAILABLE,NEUTRAL,AVAILABLE,1.1606068740593372,AVAILABLE,Friday,True
L01409,LONG,AVAILABLE,0.9441538913370036,AVAILABLE,NEUTRAL,AVAILABLE,1.42351210758555,AVAILABLE,Friday,True
L01410,LONG,AVAILABLE,0.9746088688033748,AVAILABLE,NEUTRAL,AVAILABLE,1.206121203583465,AVAILABLE,Friday,True
L01412,LONG,AVAILABLE,0.8757527453986281,AVAILABLE,NEUTRAL,AVAILABLE,1.8640631276884976,AVAILABLE,Friday,True
L01413,LONG,AVAILABLE,0.0386831957451716,AVAILABLE,NEUTRAL,AVAILABLE,1.9148893962358429,AVAILABLE,Friday,True
L01414,SHORT,AVAILABLE,0.1510999230567536,AVAILABLE,NEUTRAL,AVAILABLE,0.3478728717162804,AVAILABLE,Friday,True
L01416,SHORT,AVAILABLE,1.201183580557215,AVAILABLE,NEUTRAL,AVAILABLE,1.9408582801735716,AVAILABLE,Friday,True
L01417,SHORT,AVAILABLE,1.0020193314587262,AVAILABLE,NEUTRAL,AVAILABLE,2.703718257563854,AVAILABLE,Friday,True
L01418,SHORT,AVAILABLE,1.254543599565255,AVAILABLE,ALIGNED_SINGLE,AVAILABLE,1.7931940570776137,AVAILABLE,Sunday,True
L01419,LONG,AVAILABLE,0.3889807807146025,AVAILABLE,AGAINST_SINGLE,AVAILABLE,1.8256651165024749,AVAILABLE,Monday,True
L01420,LONG,AVAILABLE,1.0170234824312152,AVAILABLE,AGAINST_SINGLE,AVAILABLE,1.5627487793718824,AVAILABLE,Monday,True
L01421,LONG,AVAILABLE,0.3582732842519973,AVAILABLE,AGAINST_SINGLE,AVAILABLE,1.684893164439709,AVAILABLE,Monday,True
L01422,SHORT,AVAILABLE,0.1316980562323791,AVAILABLE,ALIGNED_SINGLE,AVAILABLE,1.2018125843960552,AVAILABLE,Monday,True
L01423,SHORT,AVAILABLE,0.7200512769473197,AVAILABLE,ALIGNED_SINGLE,AVAILABLE,1.554382815400991,AVAILABLE,Monday,True
L01426,SHORT,AVAILABLE,0.9590682304833834,AVAILABLE,ALIGNED_SINGLE,AVAILABLE,2.4457875394245856,AVAILABLE,Monday,True
L01429,SHORT,AVAILABLE,1.7135850803538102,AVAILABLE,NEUTRAL,AVAILABLE,1.7012152803135654,AVAILABLE,Tuesday,True
L01431,SHORT,AVAILABLE,1.0251174554971998,AVAILABLE,NEUTRAL,AVAILABLE,1.8322584767738228,AVAILABLE,Tuesday,True
L01432,LONG,AVAILABLE,1.9376989823217796,AVAILABLE,NEUTRAL,AVAILABLE,2.988570864743891,AVAILABLE,Tuesday,True
L01433,SHORT,AVAILABLE,1.4057222223778738,AVAILABLE,NEUTRAL,AVAILABLE,1.5224427338577864,AVAILABLE,Tuesday,True
L01434,LONG,AVAILABLE,1.1655183977738552,AVAILABLE,NEUTRAL,AVAILABLE,2.3492673534729995,AVAILABLE,Tuesday,True
L01435,SHORT,AVAILABLE,1.1836614443641948,AVAILABLE,NEUTRAL,AVAILABLE,1.8666953669284925,AVAILABLE,Tuesday,True
L01436,SHORT,AVAILABLE,0.6002218512590192,AVAILABLE,AGAINST_SINGLE,AVAILABLE,1.5232825854680083,AVAILABLE,Tuesday,True
L01437,SHORT,AVAILABLE,0.7115361792645049,AVAILABLE,AGAINST_SINGLE,AVAILABLE,1.6065901156503448,AVAILABLE,Wednesday,True
L01440,LONG,AVAILABLE,1.7573724471811705,AVAILABLE,ALIGNED_SINGLE,AVAILABLE,2.614442769883733,AVAILABLE,Wednesday,True
L01441,LONG,AVAILABLE,0.8741800929299709,AVAILABLE,ALIGNED_SINGLE,AVAILABLE,1.8048064244984867,AVAILABLE,Wednesday,True
L01443,SHORT,AVAILABLE,1.0943387466083394,AVAILABLE,AGAINST_SINGLE,AVAILABLE,1.36572973727394,AVAILABLE,Wednesday,True
L01444,LONG,AVAILABLE,-0.1380728378757409,AVAILABLE,ALIGNED_SINGLE,AVAILABLE,1.256945814225848,AVAILABLE,Thursday,True
L01445,LONG,AVAILABLE,1.4535547165606832,AVAILABLE,ALIGNED_SINGLE,AVAILABLE,1.7243154689830698,AVAILABLE,Thursday,True
L01446,LONG,AVAILABLE,1.131818307096702,AVAILABLE,ALIGNED_SINGLE,AVAILABLE,1.6509794851566244,AVAILABLE,Thursday,True
L01448,SHORT,AVAILABLE,0.7658780820688087,AVAILABLE,AGAINST_SINGLE,AVAILABLE,1.5166534676491508,AVAILABLE,Thursday,True
L01449,LONG,AVAILABLE,1.510972655782389,AVAILABLE,ALIGNED_SINGLE,AVAILABLE,1.771712756798644,AVAILABLE,Thursday,True
L01450,SHORT,AVAILABLE,0.98841549170876,AVAILABLE,NEUTRAL,AVAILABLE,1.3747494180186488,AVAILABLE,Friday,True
L01451,LONG,AVAILABLE,0.4087792278911439,AVAILABLE,NEUTRAL,AVAILABLE,4.860852581119849,AVAILABLE,Friday,True
L01452,LONG,AVAILABLE,0.6355752577212572,AVAILABLE,NEUTRAL,AVAILABLE,3.4495328857658194,AVAILABLE,Friday,True
L01453,SHORT,AVAILABLE,0.9542302196847372,AVAILABLE,NEUTRAL,AVAILABLE,2.68685628507435,AVAILABLE,Friday,True
L01454,SHORT,AVAILABLE,0.088308710566797,AVAILABLE,NEUTRAL,AVAILABLE,1.0562167388770138,AVAILABLE,Friday,True
L01455,SHORT,AVAILABLE,0.376747808731133,AVAILABLE,NEUTRAL,AVAILABLE,2.120733339084829,AVAILABLE,Friday,True
L01456,LONG,AVAILABLE,-0.4202936699047675,AVAILABLE,NEUTRAL,AVAILABLE,2.7218818667218088,AVAILABLE,Sunday,True
L01457,SHORT,AVAILABLE,0.7982067020540173,AVAILABLE,NEUTRAL,AVAILABLE,1.4433746305357382,AVAILABLE,Monday,True
L01458,SHORT,AVAILABLE,1.2121783389414318,AVAILABLE,NEUTRAL,AVAILABLE,2.210874068420857,AVAILABLE,Monday,True
L01459,SHORT,AVAILABLE,1.199164169415856,AVAILABLE,NEUTRAL,AVAILABLE,2.281835794221323,AVAILABLE,Monday,True
L01460,LONG,AVAILABLE,1.0087186811740572,AVAILABLE,NEUTRAL,AVAILABLE,1.6105079685614143,AVAILABLE,Monday,True
L01462,LONG,AVAILABLE,1.354995130743334,AVAILABLE,NEUTRAL,AVAILABLE,3.1688332173823737,AVAILABLE,Monday,True
L01463,LONG,AVAILABLE,0.5348847871443355,AVAILABLE,ALIGNED_SINGLE,AVAILABLE,4.063030751892819,AVAILABLE,Tuesday,True
L01464,LONG,AVAILABLE,0.6185662716841969,AVAILABLE,ALIGNED_SINGLE,AVAILABLE,1.834290273497298,AVAILABLE,Tuesday,True
L01465,SHORT,AVAILABLE,0.7546840776858702,AVAILABLE,AGAINST_SINGLE,AVAILABLE,2.423230411503078,AVAILABLE,Tuesday,True
L01466,SHORT,AVAILABLE,1.9049626097231207,AVAILABLE,AGAINST_SINGLE,AVAILABLE,2.285891486107858,AVAILABLE,Tuesday,True
L01467,LONG,AVAILABLE,0.7521716322046813,AVAILABLE,ALIGNED_SINGLE,AVAILABLE,2.4851151076291464,AVAILABLE,Tuesday,True
L01468,LONG,AVAILABLE,1.641536002712239,AVAILABLE,NEUTRAL,AVAILABLE,1.5753855156255376,AVAILABLE,Tuesday,True
L01469,SHORT,AVAILABLE,1.13510527551453,AVAILABLE,NEUTRAL,AVAILABLE,1.6464952759972782,AVAILABLE,Wednesday,True
L01470,SHORT,AVAILABLE,0.7374466491222236,AVAILABLE,NEUTRAL,AVAILABLE,1.534844095860707,AVAILABLE,Wednesday,True
L01471,SHORT,AVAILABLE,1.141449074908744,AVAILABLE,NEUTRAL,AVAILABLE,1.336150436418574,AVAILABLE,Wednesday,True
L01472,LONG,AVAILABLE,0.1321989763217258,AVAILABLE,NEUTRAL,AVAILABLE,1.8020356043047785,AVAILABLE,Wednesday,True
L01473,LONG,AVAILABLE,0.2045624164010532,AVAILABLE,NEUTRAL,AVAILABLE,1.7280263488939347,AVAILABLE,Wednesday,True
L01474,LONG,AVAILABLE,2.2872165782103715,AVAILABLE,NEUTRAL,AVAILABLE,1.7796671424295978,AVAILABLE,Wednesday,True
L01475,SHORT,AVAILABLE,2.296024420796266,AVAILABLE,NEUTRAL,AVAILABLE,2.884745758862872,AVAILABLE,Wednesday,True
L01477,LONG,AVAILABLE,0.519655339222212,AVAILABLE,NEUTRAL,AVAILABLE,2.766394630850271,AVAILABLE,Wednesday,True
L01478,LONG,AVAILABLE,0.6237016695427208,AVAILABLE,NEUTRAL,AVAILABLE,1.571668645039899,AVAILABLE,Wednesday,True
L01479,LONG,AVAILABLE,1.282231816261923,AVAILABLE,NEUTRAL,AVAILABLE,0.7013874916389415,AVAILABLE,Wednesday,True
L01480,LONG,AVAILABLE,0.406837826259949,AVAILABLE,NEUTRAL,AVAILABLE,0.9390272264813844,AVAILABLE,Wednesday,True
L01481,SHORT,AVAILABLE,1.70381476246256,AVAILABLE,ALIGNED_SINGLE,AVAILABLE,1.6972765740030884,AVAILABLE,Thursday,True
L01483,LONG,AVAILABLE,1.0074148439222497,AVAILABLE,AGAINST_SINGLE,AVAILABLE,2.454296179988129,AVAILABLE,Thursday,True
L01484,LONG,AVAILABLE,0.3829577795827157,AVAILABLE,AGAINST_SINGLE,AVAILABLE,2.2954340595359657,AVAILABLE,Thursday,True
L01485,LONG,AVAILABLE,-0.4580502833592991,AVAILABLE,AGAINST_SINGLE,AVAILABLE,0.9665416240301156,AVAILABLE,Thursday,True
L01486,LONG,AVAILABLE,0.688630280979112,AVAILABLE,AGAINST_SINGLE,AVAILABLE,1.6982306932749895,AVAILABLE,Thursday,True
L01487,LONG,AVAILABLE,0.7080754773666403,AVAILABLE,AGAINST_SINGLE,AVAILABLE,1.7344752005871158,AVAILABLE,Thursday,True
L01488,SHORT,AVAILABLE,1.5274353743364917,AVAILABLE,ALIGNED_SINGLE,AVAILABLE,2.13075612080638,AVAILABLE,Thursday,True
L01489,SHORT,AVAILABLE,1.576320696189337,AVAILABLE,ALIGNED_SINGLE,AVAILABLE,1.5277107570056083,AVAILABLE,Thursday,True
L01492,SHORT,AVAILABLE,1.3837916885329924,AVAILABLE,NEUTRAL,AVAILABLE,1.5594990180311623,AVAILABLE,Friday,True
L01493,LONG,AVAILABLE,1.8194582470227976,AVAILABLE,NEUTRAL,AVAILABLE,2.160441049730593,AVAILABLE,Friday,True
L01494,SHORT,AVAILABLE,0.2369666115727603,AVAILABLE,NEUTRAL,AVAILABLE,1.848230922811514,AVAILABLE,Friday,True
L01495,SHORT,AVAILABLE,0.5259834369632387,AVAILABLE,NEUTRAL,AVAILABLE,1.4449093680791771,AVAILABLE,Friday,True
L01496,SHORT,AVAILABLE,1.259950270428709,AVAILABLE,NEUTRAL,AVAILABLE,0.9856274603910488,AVAILABLE,Friday,True
L01498,SHORT,AVAILABLE,0.4635034840685764,AVAILABLE,NEUTRAL,AVAILABLE,1.8175892380473664,AVAILABLE,Friday,True
L01499,SHORT,AVAILABLE,-0.1850602210376005,AVAILABLE,NEUTRAL,AVAILABLE,2.308876836793852,AVAILABLE,Friday,True
L01500,SHORT,AVAILABLE,1.0026221455059072,AVAILABLE,NEUTRAL,AVAILABLE,1.4449589977496828,AVAILABLE,Friday,True
L01501,SHORT,AVAILABLE,1.6668768050796186,AVAILABLE,NEUTRAL,AVAILABLE,1.6911595420064982,AVAILABLE,Friday,True
L01503,LONG,AVAILABLE,0.2917885720757919,AVAILABLE,NEUTRAL,AVAILABLE,3.0011011874382056,AVAILABLE,Friday,True
L01505,SHORT,AVAILABLE,-0.1811234838392313,AVAILABLE,NEUTRAL,AVAILABLE,1.903573726201679,AVAILABLE,Sunday,True
L01506,SHORT,AVAILABLE,1.1035594722191735,AVAILABLE,NEUTRAL,AVAILABLE,1.1613848579178006,AVAILABLE,Monday,True
L01507,SHORT,AVAILABLE,0.5738956327673265,AVAILABLE,NEUTRAL,AVAILABLE,1.3016922000321736,AVAILABLE,Monday,True
L01508,SHORT,AVAILABLE,0.3478776705077765,AVAILABLE,NEUTRAL,AVAILABLE,1.051045005002034,AVAILABLE,Monday,True
L01509,SHORT,AVAILABLE,1.573779757422061,AVAILABLE,NEUTRAL,AVAILABLE,1.5586832841180454,AVAILABLE,Monday,True
L01511,LONG,AVAILABLE,0.928964987707593,AVAILABLE,NEUTRAL,AVAILABLE,1.7613369614133765,AVAILABLE,Monday,True
L01513,SHORT,AVAILABLE,0.6652994166509251,AVAILABLE,NEUTRAL,AVAILABLE,1.3190416462714512,AVAILABLE,Tuesday,True
L01517,SHORT,AVAILABLE,0.6036685752151477,AVAILABLE,NEUTRAL,AVAILABLE,2.0057527506070643,AVAILABLE,Tuesday,True
L01518,LONG,AVAILABLE,2.048963308241594,AVAILABLE,NEUTRAL,AVAILABLE,2.894285858026084,AVAILABLE,Tuesday,True
L01519,SHORT,AVAILABLE,0.9486768782119812,AVAILABLE,NEUTRAL,AVAILABLE,2.7593558983166737,AVAILABLE,Tuesday,True
L01520,LONG,AVAILABLE,1.9049404794719844,AVAILABLE,NEUTRAL,AVAILABLE,1.6862734702530788,AVAILABLE,Tuesday,True
L01521,SHORT,AVAILABLE,0.9712516881468805,AVAILABLE,NEUTRAL,AVAILABLE,1.660646676219658,AVAILABLE,Tuesday,True
L01522,SHORT,AVAILABLE,1.2414650186931695,AVAILABLE,NEUTRAL,AVAILABLE,1.4086985040663786,AVAILABLE,Tuesday,True
L01524,SHORT,AVAILABLE,-0.0498094514094796,AVAILABLE,NEUTRAL,AVAILABLE,1.446553881652062,AVAILABLE,Tuesday,True
L01525,SHORT,AVAILABLE,1.616605538286232,AVAILABLE,NEUTRAL,AVAILABLE,1.915785996708481,AVAILABLE,Wednesday,True
L01527,LONG,AVAILABLE,0.9212221723830882,AVAILABLE,NEUTRAL,AVAILABLE,1.7914307067473825,AVAILABLE,Wednesday,True
L01528,LONG,AVAILABLE,0.4831623202481233,AVAILABLE,NEUTRAL,AVAILABLE,1.557889264252511,AVAILABLE,Wednesday,True
L01529,LONG,AVAILABLE,0.8813014519829165,AVAILABLE,NEUTRAL,AVAILABLE,2.4299722631333087,AVAILABLE,Wednesday,True
L01530,SHORT,AVAILABLE,1.649388821811137,AVAILABLE,NEUTRAL,AVAILABLE,2.052011755312712,AVAILABLE,Wednesday,True
L01531,SHORT,AVAILABLE,1.3545615889919294,AVAILABLE,NEUTRAL,AVAILABLE,1.700045866231728,AVAILABLE,Wednesday,True
L01532,LONG,AVAILABLE,1.17214859696025,AVAILABLE,NEUTRAL,AVAILABLE,1.8487906041890376,AVAILABLE,Wednesday,True
L01533,LONG,AVAILABLE,0.4238720570709817,AVAILABLE,NEUTRAL,AVAILABLE,1.5712392403947064,AVAILABLE,Wednesday,True
L01534,SHORT,AVAILABLE,2.204550544687701,AVAILABLE,NEUTRAL,AVAILABLE,2.691154741114808,AVAILABLE,Wednesday,True
L01536,SHORT,AVAILABLE,0.6258327489159392,AVAILABLE,NEUTRAL,AVAILABLE,1.2793297264251895,AVAILABLE,Wednesday,True
L01537,SHORT,AVAILABLE,1.1494432582461425,AVAILABLE,AGAINST_SINGLE,AVAILABLE,1.8517657036992932,AVAILABLE,Thursday,True
L01538,SHORT,AVAILABLE,1.3557722402236676,AVAILABLE,AGAINST_SINGLE,AVAILABLE,1.8906358074424248,AVAILABLE,Thursday,True
L01539,LONG,AVAILABLE,0.4749501615548649,AVAILABLE,ALIGNED_SINGLE,AVAILABLE,2.161977770122597,AVAILABLE,Thursday,True
L01540,LONG,AVAILABLE,1.1530814132986813,AVAILABLE,ALIGNED_SINGLE,AVAILABLE,1.8114143434396963,AVAILABLE,Thursday,True
L01541,LONG,AVAILABLE,1.0340145925670274,AVAILABLE,ALIGNED_SINGLE,AVAILABLE,1.7460161798149316,AVAILABLE,Thursday,True
L01545,SHORT,AVAILABLE,2.4001463405054992,AVAILABLE,AGAINST_SINGLE,AVAILABLE,2.4735506100381857,AVAILABLE,Thursday,True
L01546,SHORT,AVAILABLE,1.2491496878256627,AVAILABLE,AGAINST_SINGLE,AVAILABLE,1.2950975281977286,AVAILABLE,Thursday,True
L01547,SHORT,AVAILABLE,1.143677789400322,AVAILABLE,AGAINST_CONFIRMED,AVAILABLE,1.0362845132269265,AVAILABLE,Thursday,True
L01548,LONG,AVAILABLE,0.8682013848998485,AVAILABLE,ALIGNED_CONFIRMED,AVAILABLE,1.3573785883598282,AVAILABLE,Friday,True
L01549,LONG,AVAILABLE,1.3389312519918186,AVAILABLE,ALIGNED_CONFIRMED,AVAILABLE,1.871070455737642,AVAILABLE,Friday,True
L01550,LONG,AVAILABLE,1.229190495142498,AVAILABLE,ALIGNED_CONFIRMED,AVAILABLE,1.4408776178268414,AVAILABLE,Friday,True
L01553,SHORT,AVAILABLE,1.3123819395209593,AVAILABLE,AGAINST_CONFIRMED,AVAILABLE,1.9992266816731248,AVAILABLE,Friday,True
L01554,SHORT,AVAILABLE,0.0776533373537602,AVAILABLE,AGAINST_CONFIRMED,AVAILABLE,1.830498180825017,AVAILABLE,Friday,True
L01555,LONG,AVAILABLE,0.575037562587637,AVAILABLE,ALIGNED_CONFIRMED,AVAILABLE,2.123374134358261,AVAILABLE,Friday,True
L01556,SHORT,AVAILABLE,0.7793550993108204,AVAILABLE,AGAINST_SINGLE,AVAILABLE,1.2743613452477285,AVAILABLE,Sunday,True
L01559,SHORT,AVAILABLE,1.3777950966910222,AVAILABLE,AGAINST_SINGLE,AVAILABLE,1.6308055406578992,AVAILABLE,Monday,True
L01560,SHORT,AVAILABLE,0.9085078972598184,AVAILABLE,AGAINST_SINGLE,AVAILABLE,1.4218601619124176,AVAILABLE,Monday,True
L01561,SHORT,AVAILABLE,-0.0460328390822652,AVAILABLE,AGAINST_SINGLE,AVAILABLE,1.5076093778640578,AVAILABLE,Monday,True
L01563,LONG,AVAILABLE,0.8952051508250258,AVAILABLE,ALIGNED_SINGLE,AVAILABLE,1.949903994927999,AVAILABLE,Monday,True
L01564,LONG,AVAILABLE,1.6731183232989086,AVAILABLE,ALIGNED_SINGLE,AVAILABLE,2.1158878465350264,AVAILABLE,Monday,True
L01565,LONG,AVAILABLE,0.9489666640914676,AVAILABLE,ALIGNED_SINGLE,AVAILABLE,1.3215514215849749,AVAILABLE,Monday,True
L01567,SHORT,AVAILABLE,1.1290438437078725,AVAILABLE,NEUTRAL,AVAILABLE,1.4944099891868818,AVAILABLE,Monday,True
L01570,SHORT,AVAILABLE,1.5676077241540856,AVAILABLE,NEUTRAL,AVAILABLE,2.0115086505537128,AVAILABLE,Tuesday,True
L01571,LONG,AVAILABLE,1.1671292215642377,AVAILABLE,NEUTRAL,AVAILABLE,2.0792067517303368,AVAILABLE,Tuesday,True
L01572,LONG,AVAILABLE,2.080799162384672,AVAILABLE,NEUTRAL,AVAILABLE,2.850547349145205,AVAILABLE,Tuesday,True
L01573,SHORT,AVAILABLE,0.1109819914118669,AVAILABLE,NEUTRAL,AVAILABLE,1.559918221560623,AVAILABLE,Tuesday,True
L01574,SHORT,AVAILABLE,1.673728892910222,AVAILABLE,NEUTRAL,AVAILABLE,1.9938275439294384,AVAILABLE,Wednesday,True
L01575,SHORT,AVAILABLE,1.1811394316982429,AVAILABLE,NEUTRAL,AVAILABLE,2.2816150243345623,AVAILABLE,Wednesday,True
L01576,LONG,AVAILABLE,0.1357576974208061,AVAILABLE,NEUTRAL,AVAILABLE,0.6262019834839785,AVAILABLE,Wednesday,True
L01577,SHORT,AVAILABLE,0.8658322037648387,AVAILABLE,NEUTRAL,AVAILABLE,0.6126049671762679,AVAILABLE,Wednesday,True
L01578,LONG,AVAILABLE,0.2407704536252927,AVAILABLE,NEUTRAL,AVAILABLE,0.7587637081272413,AVAILABLE,Wednesday,True
L01580,SHORT,AVAILABLE,1.1891484614341206,AVAILABLE,NEUTRAL,AVAILABLE,1.6921597471491707,AVAILABLE,Wednesday,True
L01581,SHORT,AVAILABLE,2.7493666769344607,AVAILABLE,NEUTRAL,AVAILABLE,2.2151506975723976,AVAILABLE,Wednesday,True
L01583,LONG,AVAILABLE,0.6710052390663622,AVAILABLE,NEUTRAL,AVAILABLE,1.2821470704834594,AVAILABLE,Wednesday,True
L01584,SHORT,AVAILABLE,-0.1021352904124772,AVAILABLE,NEUTRAL,AVAILABLE,1.2413532151846176,AVAILABLE,Wednesday,True
L01586,LONG,AVAILABLE,-0.1270611885306618,AVAILABLE,NEUTRAL,AVAILABLE,2.1382997608503302,AVAILABLE,Thursday,True
L01587,LONG,AVAILABLE,1.3134008974797775,AVAILABLE,NEUTRAL,AVAILABLE,1.4773332901330345,AVAILABLE,Thursday,True
L01588,LONG,AVAILABLE,0.6220824051144832,AVAILABLE,NEUTRAL,AVAILABLE,2.495048923256537,AVAILABLE,Thursday,True
L01589,LONG,AVAILABLE,0.6253070742076244,AVAILABLE,NEUTRAL,AVAILABLE,2.1444386135309843,AVAILABLE,Thursday,True
L01590,SHORT,AVAILABLE,0.7865096434364702,AVAILABLE,NEUTRAL,AVAILABLE,1.9102966462192896,AVAILABLE,Thursday,True
L01591,LONG,AVAILABLE,2.0612162797542832,AVAILABLE,NEUTRAL,AVAILABLE,2.724915758272397,AVAILABLE,Thursday,True
L01592,SHORT,AVAILABLE,1.412599117544976,AVAILABLE,NEUTRAL,AVAILABLE,2.1509429475363917,AVAILABLE,Thursday,True
L01593,SHORT,AVAILABLE,0.2874655405236166,AVAILABLE,AGAINST_SINGLE,AVAILABLE,1.0677173436676264,AVAILABLE,Thursday,True
L01595,LONG,AVAILABLE,1.52563102863976,AVAILABLE,ALIGNED_SINGLE,AVAILABLE,2.736754689805886,AVAILABLE,Friday,True
L01596,LONG,AVAILABLE,0.0907274552557165,AVAILABLE,ALIGNED_SINGLE,AVAILABLE,0.9047111239303104,AVAILABLE,Friday,True
L01597,LONG,AVAILABLE,0.626676403445512,AVAILABLE,ALIGNED_SINGLE,AVAILABLE,1.8414246713061908,AVAILABLE,Friday,True
L01598,SHORT,AVAILABLE,1.3919867430625703,AVAILABLE,AGAINST_SINGLE,AVAILABLE,1.3751643356357206,AVAILABLE,Friday,True
L01599,SHORT,AVAILABLE,1.0185987447519964,AVAILABLE,AGAINST_SINGLE,AVAILABLE,1.431807401492578,AVAILABLE,Friday,True
L01600,SHORT,AVAILABLE,0.873173464169373,AVAILABLE,AGAINST_SINGLE,AVAILABLE,2.056805920346644,AVAILABLE,Friday,True
L01602,SHORT,AVAILABLE,1.971488675056736,AVAILABLE,NEUTRAL,AVAILABLE,2.3380240807973247,AVAILABLE,Monday,True
L01603,SHORT,AVAILABLE,0.3185132830992294,AVAILABLE,NEUTRAL,AVAILABLE,1.9880444834627973,AVAILABLE,Monday,True
L01604,SHORT,AVAILABLE,0.045060910101639,AVAILABLE,NEUTRAL,AVAILABLE,1.764543805940726,AVAILABLE,Monday,True
L01605,LONG,AVAILABLE,0.2222637658783328,AVAILABLE,NEUTRAL,AVAILABLE,0.7406381424067645,AVAILABLE,Monday,True
L01607,LONG,AVAILABLE,-1.087120066861658,AVAILABLE,NEUTRAL,AVAILABLE,1.2491707963667955,AVAILABLE,Monday,True
L01608,SHORT,AVAILABLE,1.974050870047216,AVAILABLE,NEUTRAL,AVAILABLE,2.9163268331243306,AVAILABLE,Monday,True
L01609,SHORT,AVAILABLE,1.9481758703817345,AVAILABLE,NEUTRAL,AVAILABLE,1.2598518741407432,AVAILABLE,Monday,True
L01610,SHORT,AVAILABLE,0.6549603672679776,AVAILABLE,NEUTRAL,AVAILABLE,1.1232120206474243,AVAILABLE,Monday,True
L01611,SHORT,AVAILABLE,1.611019846453044,AVAILABLE,NEUTRAL,AVAILABLE,1.2608012042962415,AVAILABLE,Monday,True
L01612,SHORT,AVAILABLE,2.305606734659116,AVAILABLE,NEUTRAL,AVAILABLE,2.811298088404228,AVAILABLE,Tuesday,True
L01615,SHORT,AVAILABLE,1.7272984227931047,AVAILABLE,NEUTRAL,AVAILABLE,2.3002311070008807,AVAILABLE,Tuesday,True
L01616,SHORT,AVAILABLE,1.5745153599920791,AVAILABLE,NEUTRAL,AVAILABLE,2.108647886997724,AVAILABLE,Tuesday,True
L01618,SHORT,AVAILABLE,0.3410830067683736,AVAILABLE,NEUTRAL,AVAILABLE,1.900520078441652,AVAILABLE,Tuesday,True
L01620,SHORT,AVAILABLE,-0.0455819515860201,AVAILABLE,AGAINST_CONFIRMED,AVAILABLE,1.2152195475307317,AVAILABLE,Wednesday,True
L01621,SHORT,AVAILABLE,0.3008725803074198,AVAILABLE,AGAINST_CONFIRMED,AVAILABLE,1.3522843970808809,AVAILABLE,Wednesday,True
L01622,LONG,AVAILABLE,0.7764690599561331,AVAILABLE,ALIGNED_CONFIRMED,AVAILABLE,3.8059179868247424,AVAILABLE,Wednesday,True
L01624,SHORT,AVAILABLE,1.2853404153864851,AVAILABLE,AGAINST_SINGLE,AVAILABLE,3.2331168079341923,AVAILABLE,Friday,True
L01626,SHORT,AVAILABLE,1.2017359834617534,AVAILABLE,AGAINST_SINGLE,AVAILABLE,1.6749414525984163,AVAILABLE,Friday,True
L01627,SHORT,AVAILABLE,-0.1956300280805928,AVAILABLE,AGAINST_SINGLE,AVAILABLE,2.485195653569749,AVAILABLE,Sunday,True
L01628,LONG,AVAILABLE,0.0790103194298868,AVAILABLE,ALIGNED_SINGLE,AVAILABLE,3.0835383617218204,AVAILABLE,Monday,True
L01629,LONG,AVAILABLE,0.4904776864276882,AVAILABLE,ALIGNED_SINGLE,AVAILABLE,3.746949139121657,AVAILABLE,Monday,True
L01630,LONG,AVAILABLE,1.1200708618631745,AVAILABLE,ALIGNED_SINGLE,AVAILABLE,3.0905073149773874,AVAILABLE,Monday,True
L01631,LONG,AVAILABLE,0.6073351373888976,AVAILABLE,ALIGNED_SINGLE,AVAILABLE,2.5367246835973605,AVAILABLE,Monday,True
L01632,SHORT,AVAILABLE,1.3333862411329165,AVAILABLE,NEUTRAL,AVAILABLE,1.526769492923881,AVAILABLE,Tuesday,True
L01633,SHORT,AVAILABLE,1.0864746095175666,AVAILABLE,NEUTRAL,AVAILABLE,1.521519128968568,AVAILABLE,Tuesday,True
L01634,SHORT,AVAILABLE,2.7584980063729616,AVAILABLE,NEUTRAL,AVAILABLE,2.167674168712709,AVAILABLE,Tuesday,True
L01635,SHORT,AVAILABLE,1.01686845059571,AVAILABLE,NEUTRAL,AVAILABLE,1.016252878347894,AVAILABLE,Tuesday,True
L01636,SHORT,AVAILABLE,2.3196504066000605,AVAILABLE,NEUTRAL,AVAILABLE,1.487263115784769,AVAILABLE,Tuesday,True
L01637,LONG,AVAILABLE,0.724253260982545,AVAILABLE,NEUTRAL,AVAILABLE,1.8856395922950209,AVAILABLE,Tuesday,True
L01638,LONG,AVAILABLE,0.9697102143792315,AVAILABLE,NEUTRAL,AVAILABLE,2.0726085728149872,AVAILABLE,Tuesday,True
L01639,LONG,AVAILABLE,0.5684166158071929,AVAILABLE,NEUTRAL,AVAILABLE,1.236032224139875,AVAILABLE,Tuesday,True
L01640,LONG,AVAILABLE,1.0324068703852465,AVAILABLE,NEUTRAL,AVAILABLE,2.4159579073173725,AVAILABLE,Tuesday,True
L01641,LONG,AVAILABLE,1.490614079311947,AVAILABLE,NEUTRAL,AVAILABLE,0.9713596445860077,AVAILABLE,Tuesday,True
L01642,LONG,AVAILABLE,-0.1752809360889067,AVAILABLE,NEUTRAL,AVAILABLE,1.5228468424889583,AVAILABLE,Tuesday,True
L01643,SHORT,AVAILABLE,0.643720254614296,AVAILABLE,NEUTRAL,AVAILABLE,1.8270966273787903,AVAILABLE,Wednesday,True
L01644,LONG,AVAILABLE,0.817418079068284,AVAILABLE,NEUTRAL,AVAILABLE,3.2535424708692737,AVAILABLE,Wednesday,True
L01645,SHORT,AVAILABLE,0.127317056619486,AVAILABLE,NEUTRAL,AVAILABLE,1.56572223315225,AVAILABLE,Wednesday,True
L01647,SHORT,AVAILABLE,0.8066509833432544,AVAILABLE,NEUTRAL,AVAILABLE,1.5962335381111272,AVAILABLE,Friday,True
L01648,SHORT,AVAILABLE,0.1387666154197562,AVAILABLE,NEUTRAL,AVAILABLE,1.5830482720627164,AVAILABLE,Friday,True
L01650,SHORT,AVAILABLE,0.8718619911130279,AVAILABLE,NEUTRAL,AVAILABLE,2.6903304497835574,AVAILABLE,Friday,True
L01651,SHORT,AVAILABLE,0.2133843543634957,AVAILABLE,NEUTRAL,AVAILABLE,1.091954997712414,AVAILABLE,Friday,True
L01654,LONG,AVAILABLE,1.1975112821769662,AVAILABLE,NEUTRAL,AVAILABLE,1.9002083434777823,AVAILABLE,Friday,True
L01655,LONG,AVAILABLE,0.0758795611744578,AVAILABLE,NEUTRAL,AVAILABLE,1.5391637787005945,AVAILABLE,Friday,True
L01656,LONG,AVAILABLE,1.2895803917868962,AVAILABLE,NEUTRAL,AVAILABLE,1.539436983155798,AVAILABLE,Friday,True
L01657,SHORT,AVAILABLE,0.0458972588444289,AVAILABLE,NEUTRAL,AVAILABLE,2.878829384156624,AVAILABLE,Monday,True
L01658,SHORT,AVAILABLE,0.2789432793662136,AVAILABLE,NEUTRAL,AVAILABLE,1.3449843101248498,AVAILABLE,Monday,True
L01659,SHORT,AVAILABLE,1.1890140895871255,AVAILABLE,NEUTRAL,AVAILABLE,1.7547061925868652,AVAILABLE,Monday,True
L01660,SHORT,AVAILABLE,0.7799705588794194,AVAILABLE,NEUTRAL,AVAILABLE,1.5083630264069954,AVAILABLE,Monday,True
L01662,LONG,AVAILABLE,1.7056886989738074,AVAILABLE,NEUTRAL,AVAILABLE,1.854763092315108,AVAILABLE,Monday,True
L01664,SHORT,AVAILABLE,1.225040679202284,AVAILABLE,NEUTRAL,AVAILABLE,1.9724293929735528,AVAILABLE,Monday,True
L01665,SHORT,AVAILABLE,0.7609923636785672,AVAILABLE,AGAINST_SINGLE,AVAILABLE,2.929318692262979,AVAILABLE,Monday,True
L01666,LONG,AVAILABLE,1.101203168015831,AVAILABLE,ALIGNED_SINGLE,AVAILABLE,2.1538207407725207,AVAILABLE,Tuesday,True
L01667,SHORT,AVAILABLE,1.5051035978015823,AVAILABLE,AGAINST_SINGLE,AVAILABLE,1.6552090642710482,AVAILABLE,Tuesday,True
L01668,SHORT,AVAILABLE,0.2684627482779658,AVAILABLE,AGAINST_SINGLE,AVAILABLE,1.0460427108597317,AVAILABLE,Tuesday,True
L01671,SHORT,AVAILABLE,0.1728020829349825,AVAILABLE,AGAINST_SINGLE,AVAILABLE,1.227658884774617,AVAILABLE,Tuesday,True
L01673,SHORT,AVAILABLE,1.6581330671436778,AVAILABLE,AGAINST_SINGLE,AVAILABLE,1.910883070679504,AVAILABLE,Tuesday,True
L01674,SHORT,AVAILABLE,0.2134182690302457,AVAILABLE,AGAINST_SINGLE,AVAILABLE,1.2969341662119838,AVAILABLE,Tuesday,True
L01676,LONG,AVAILABLE,1.183260468346331,AVAILABLE,ALIGNED_CONFIRMED,AVAILABLE,1.3324871772481504,AVAILABLE,Wednesday,True
L01677,LONG,AVAILABLE,0.5326130757266109,AVAILABLE,ALIGNED_CONFIRMED,AVAILABLE,2.294548242186978,AVAILABLE,Wednesday,True
L01678,LONG,AVAILABLE,1.1314538250287065,AVAILABLE,ALIGNED_CONFIRMED,AVAILABLE,2.030495383153629,AVAILABLE,Wednesday,True
L01679,LONG,AVAILABLE,2.0510947781458677,AVAILABLE,ALIGNED_CONFIRMED,AVAILABLE,2.859611392529297,AVAILABLE,Wednesday,True
L01680,LONG,AVAILABLE,1.2359920572641692,AVAILABLE,ALIGNED_CONFIRMED,AVAILABLE,1.721536029659454,AVAILABLE,Wednesday,True
L01681,LONG,AVAILABLE,0.9458566384307936,AVAILABLE,ALIGNED_CONFIRMED,AVAILABLE,2.2762278216401035,AVAILABLE,Wednesday,True
L01682,LONG,AVAILABLE,1.4631286288254963,AVAILABLE,ALIGNED_CONFIRMED,AVAILABLE,2.3082258960503066,AVAILABLE,Wednesday,True
L01684,SHORT,AVAILABLE,0.0810639016869002,AVAILABLE,AGAINST_CONFIRMED,AVAILABLE,1.4627450119935357,AVAILABLE,Wednesday,True
L01686,LONG,AVAILABLE,1.9959886535112623,AVAILABLE,NEUTRAL,AVAILABLE,2.568956343683774,AVAILABLE,Thursday,True
L01687,LONG,AVAILABLE,0.1830184996409566,AVAILABLE,NEUTRAL,AVAILABLE,1.7701629420682323,AVAILABLE,Thursday,True
L01688,LONG,AVAILABLE,1.3582228216046488,AVAILABLE,NEUTRAL,AVAILABLE,1.914303443529476,AVAILABLE,Thursday,True
L01689,LONG,AVAILABLE,1.7428472059868487,AVAILABLE,NEUTRAL,AVAILABLE,2.6777705790216384,AVAILABLE,Thursday,True
L01690,SHORT,AVAILABLE,0.6739213896077758,AVAILABLE,NEUTRAL,AVAILABLE,1.5394145596205226,AVAILABLE,Thursday,True
L01691,SHORT,AVAILABLE,1.07928058738432,AVAILABLE,NEUTRAL,AVAILABLE,1.423949272487418,AVAILABLE,Thursday,True
L01692,SHORT,AVAILABLE,0.0743890508060886,AVAILABLE,NEUTRAL,AVAILABLE,1.212475998377294,AVAILABLE,Thursday,True
L01693,SHORT,AVAILABLE,0.434786536346298,AVAILABLE,NEUTRAL,AVAILABLE,1.733825051447497,AVAILABLE,Thursday,True
L01694,SHORT,AVAILABLE,0.5468060149333405,AVAILABLE,NEUTRAL,AVAILABLE,2.3029368577586435,AVAILABLE,Thursday,True
L01697,LONG,AVAILABLE,-0.1668344376799239,AVAILABLE,NEUTRAL,AVAILABLE,0.9310339395173692,AVAILABLE,Friday,True
L01699,LONG,AVAILABLE,0.5418764831859553,AVAILABLE,NEUTRAL,AVAILABLE,2.0550896535707968,AVAILABLE,Friday,True
L01700,SHORT,AVAILABLE,0.8341938717817606,AVAILABLE,NEUTRAL,AVAILABLE,1.2986760099402497,AVAILABLE,Friday,True
L01701,SHORT,AVAILABLE,1.2727750187563251,AVAILABLE,NEUTRAL,AVAILABLE,1.4555944942016723,AVAILABLE,Friday,True
L01702,SHORT,AVAILABLE,1.4313306869846671,AVAILABLE,NEUTRAL,AVAILABLE,2.55878715091007,AVAILABLE,Monday,True
L01704,SHORT,AVAILABLE,1.4151201747266826,AVAILABLE,NEUTRAL,AVAILABLE,1.222775542646027,AVAILABLE,Monday,True
L01706,LONG,AVAILABLE,1.2089735705639275,AVAILABLE,ALIGNED_SINGLE,AVAILABLE,2.219575170201074,AVAILABLE,Monday,True
L01707,LONG,AVAILABLE,0.5290277478432758,AVAILABLE,ALIGNED_CONFIRMED,AVAILABLE,1.3383405276057725,AVAILABLE,Tuesday,True
L01708,LONG,AVAILABLE,0.9463609820120392,AVAILABLE,ALIGNED_CONFIRMED,AVAILABLE,2.374267707407677,AVAILABLE,Tuesday,True
L01709,LONG,AVAILABLE,0.7600732674052693,AVAILABLE,ALIGNED_CONFIRMED,AVAILABLE,0.4929224404541517,AVAILABLE,Tuesday,True
L01710,SHORT,AVAILABLE,-0.1177362582847433,AVAILABLE,AGAINST_CONFIRMED,AVAILABLE,1.4315986226419857,AVAILABLE,Tuesday,True
L01711,LONG,AVAILABLE,1.2795885197999894,AVAILABLE,ALIGNED_CONFIRMED,AVAILABLE,1.9009436171231564,AVAILABLE,Tuesday,True
L01712,SHORT,AVAILABLE,1.8317870715798608,AVAILABLE,AGAINST_CONFIRMED,AVAILABLE,1.7462687434303346,AVAILABLE,Tuesday,True
L01713,LONG,AVAILABLE,2.462365479756099,AVAILABLE,ALIGNED_CONFIRMED,AVAILABLE,2.714351849766535,AVAILABLE,Tuesday,True
L01714,SHORT,AVAILABLE,1.0079405784749,AVAILABLE,AGAINST_SINGLE,AVAILABLE,1.2581388779556686,AVAILABLE,Wednesday,True
L01715,SHORT,AVAILABLE,0.2398042911970476,AVAILABLE,AGAINST_SINGLE,AVAILABLE,1.0501178677580636,AVAILABLE,Wednesday,True
L01719,SHORT,AVAILABLE,0.4013061460758718,AVAILABLE,AGAINST_SINGLE,AVAILABLE,1.1854493711812242,AVAILABLE,Wednesday,True
L01721,LONG,AVAILABLE,-0.3663117848609941,AVAILABLE,ALIGNED_SINGLE,AVAILABLE,1.6080932012363762,AVAILABLE,Wednesday,True
L01722,LONG,AVAILABLE,2.0002788581251454,AVAILABLE,ALIGNED_SINGLE,AVAILABLE,2.3685727858196337,AVAILABLE,Wednesday,True
L01723,SHORT,AVAILABLE,1.4650645982417247,AVAILABLE,AGAINST_SINGLE,AVAILABLE,1.3430984380533653,AVAILABLE,Wednesday,True
L01724,LONG,AVAILABLE,0.7877609911355932,AVAILABLE,ALIGNED_SINGLE,AVAILABLE,1.9549422371800007,AVAILABLE,Wednesday,True
L01725,LONG,AVAILABLE,1.4196567413114185,AVAILABLE,ALIGNED_SINGLE,AVAILABLE,2.9962012548360346,AVAILABLE,Thursday,True
L01726,LONG,AVAILABLE,1.1982940343768669,AVAILABLE,ALIGNED_SINGLE,AVAILABLE,2.008216527159156,AVAILABLE,Thursday,True
L01727,SHORT,AVAILABLE,0.4125051854517684,AVAILABLE,AGAINST_SINGLE,AVAILABLE,1.4309114561352905,AVAILABLE,Thursday,True
L01728,LONG,AVAILABLE,0.439276526405156,AVAILABLE,ALIGNED_SINGLE,AVAILABLE,1.028459577088416,AVAILABLE,Thursday,True
L01729,LONG,AVAILABLE,1.9243803456482964,AVAILABLE,ALIGNED_SINGLE,AVAILABLE,2.5842948296877744,AVAILABLE,Thursday,True
L01731,SHORT,AVAILABLE,0.4493064620465404,AVAILABLE,NEUTRAL,AVAILABLE,1.8715164716279349,AVAILABLE,Thursday,True
L01732,LONG,AVAILABLE,1.133261019694786,AVAILABLE,NEUTRAL,AVAILABLE,2.4498629806378625,AVAILABLE,Friday,True
L01733,LONG,AVAILABLE,1.3709653700840525,AVAILABLE,NEUTRAL,AVAILABLE,1.4931573824494744,AVAILABLE,Friday,True
L01734,SHORT,AVAILABLE,1.1238498744948855,AVAILABLE,NEUTRAL,AVAILABLE,1.7275348273674618,AVAILABLE,Friday,True
L01735,LONG,AVAILABLE,1.9449566079206533,AVAILABLE,NEUTRAL,AVAILABLE,2.11445221112919,AVAILABLE,Friday,True
L01736,SHORT,AVAILABLE,1.984620748018576,AVAILABLE,NEUTRAL,AVAILABLE,1.6897563371607396,AVAILABLE,Friday,True
L01738,SHORT,AVAILABLE,1.0785242342139671,AVAILABLE,ALIGNED_SINGLE,AVAILABLE,2.4484699230069857,AVAILABLE,Monday,True
L01739,LONG,AVAILABLE,-0.1233679241434654,AVAILABLE,AGAINST_SINGLE,AVAILABLE,1.2303873646253731,AVAILABLE,Monday,True
L01740,LONG,AVAILABLE,0.8923860437414192,AVAILABLE,AGAINST_SINGLE,AVAILABLE,0.8648765057385094,AVAILABLE,Monday,True
L01741,LONG,AVAILABLE,0.3288707641374944,AVAILABLE,AGAINST_SINGLE,AVAILABLE,1.2957786155943336,AVAILABLE,Monday,True
L01742,SHORT,AVAILABLE,0.1035116365378197,AVAILABLE,ALIGNED_SINGLE,AVAILABLE,1.0043615528385064,AVAILABLE,Monday,True
L01743,SHORT,AVAILABLE,0.3890937253193658,AVAILABLE,ALIGNED_SINGLE,AVAILABLE,1.7604913355223286,AVAILABLE,Monday,True
L01744,SHORT,AVAILABLE,0.5655618616430741,AVAILABLE,ALIGNED_SINGLE,AVAILABLE,1.8352834842874213,AVAILABLE,Monday,True
L01745,LONG,AVAILABLE,0.947047425034071,AVAILABLE,NEUTRAL,AVAILABLE,1.182426757333954,AVAILABLE,Tuesday,True
L01747,SHORT,AVAILABLE,0.978542007989418,AVAILABLE,NEUTRAL,AVAILABLE,1.5459495838713289,AVAILABLE,Tuesday,True
L01748,SHORT,AVAILABLE,1.071513860496631,AVAILABLE,NEUTRAL,AVAILABLE,1.6682809291632603,AVAILABLE,Tuesday,True
L01749,SHORT,AVAILABLE,0.4902316016588954,AVAILABLE,NEUTRAL,AVAILABLE,1.3702443563840176,AVAILABLE,Tuesday,True
L01750,SHORT,AVAILABLE,1.379735343571119,AVAILABLE,NEUTRAL,AVAILABLE,1.400148199359566,AVAILABLE,Tuesday,True
L01751,SHORT,AVAILABLE,1.377562129072591,AVAILABLE,NEUTRAL,AVAILABLE,1.7149140704481969,AVAILABLE,Tuesday,True
L01752,SHORT,AVAILABLE,0.2588747673951374,AVAILABLE,NEUTRAL,AVAILABLE,1.4830305103512322,AVAILABLE,Tuesday,True
L01754,SHORT,AVAILABLE,1.3423079236913065,AVAILABLE,NEUTRAL,AVAILABLE,1.6165850562420474,AVAILABLE,Tuesday,True
L01756,SHORT,AVAILABLE,1.8691052095193783,AVAILABLE,NEUTRAL,AVAILABLE,1.854786309259746,AVAILABLE,Tuesday,True
L01758,SHORT,AVAILABLE,0.702114328142501,AVAILABLE,AGAINST_SINGLE,AVAILABLE,1.1884990294310511,AVAILABLE,Tuesday,True
L01759,SHORT,AVAILABLE,1.343507095167097,AVAILABLE,AGAINST_SINGLE,AVAILABLE,2.5221292127520725,AVAILABLE,Wednesday,True
L01760,SHORT,AVAILABLE,1.2969689993782456,AVAILABLE,AGAINST_SINGLE,AVAILABLE,1.920652412015222,AVAILABLE,Wednesday,True
L01762,SHORT,AVAILABLE,1.645393735192045,AVAILABLE,AGAINST_SINGLE,AVAILABLE,1.5084718404408977,AVAILABLE,Wednesday,True
L01763,LONG,AVAILABLE,1.0302460290766684,AVAILABLE,ALIGNED_SINGLE,AVAILABLE,2.071498376739937,AVAILABLE,Wednesday,True
L01765,LONG,AVAILABLE,1.47859660813325,AVAILABLE,ALIGNED_SINGLE,AVAILABLE,1.9390345596672227,AVAILABLE,Wednesday,True
L01766,LONG,AVAILABLE,0.3028375599629896,AVAILABLE,ALIGNED_SINGLE,AVAILABLE,2.3816218533015707,AVAILABLE,Wednesday,True
L01767,LONG,AVAILABLE,0.5166634284829457,AVAILABLE,ALIGNED_SINGLE,AVAILABLE,1.6464074360415013,AVAILABLE,Wednesday,True
L01768,LONG,AVAILABLE,1.436391836408626,AVAILABLE,ALIGNED_SINGLE,AVAILABLE,2.761500926338764,AVAILABLE,Wednesday,True
L01769,LONG,AVAILABLE,1.1827800109493052,AVAILABLE,ALIGNED_CONFIRMED,AVAILABLE,1.34431292973244,AVAILABLE,Thursday,True
L01770,LONG,AVAILABLE,-0.699894713484062,AVAILABLE,ALIGNED_CONFIRMED,AVAILABLE,1.722719258387816,AVAILABLE,Thursday,True
L01772,SHORT,AVAILABLE,2.1482974955749925,AVAILABLE,AGAINST_CONFIRMED,AVAILABLE,1.779330798831072,AVAILABLE,Thursday,True
L01773,LONG,AVAILABLE,1.6752773263099248,AVAILABLE,ALIGNED_CONFIRMED,AVAILABLE,2.3866758016014646,AVAILABLE,Thursday,True
L01774,LONG,AVAILABLE,1.5470067153166611,AVAILABLE,ALIGNED_CONFIRMED,AVAILABLE,2.10167432003902,AVAILABLE,Thursday,True
L01775,SHORT,AVAILABLE,0.688074539036227,AVAILABLE,AGAINST_CONFIRMED,AVAILABLE,1.687191992498707,AVAILABLE,Thursday,True
L01776,SHORT,AVAILABLE,0.5570429922631289,AVAILABLE,AGAINST_CONFIRMED,AVAILABLE,1.1876879962883864,AVAILABLE,Thursday,True
L01777,SHORT,AVAILABLE,1.56001695606506,AVAILABLE,AGAINST_CONFIRMED,AVAILABLE,1.3778014551755289,AVAILABLE,Thursday,True
L01778,SHORT,AVAILABLE,1.2498455053374575,AVAILABLE,AGAINST_CONFIRMED,AVAILABLE,1.4289970659554871,AVAILABLE,Thursday,True
L01779,SHORT,AVAILABLE,1.1221546018804085,AVAILABLE,AGAINST_CONFIRMED,AVAILABLE,3.1098750362708234,AVAILABLE,Thursday,True
L01780,SHORT,AVAILABLE,0.921771772093648,AVAILABLE,AGAINST_CONFIRMED,AVAILABLE,1.8178894363339224,AVAILABLE,Friday,True
L01782,SHORT,AVAILABLE,0.9928160771197524,AVAILABLE,AGAINST_CONFIRMED,AVAILABLE,1.8288875050031737,AVAILABLE,Friday,True
L01783,LONG,AVAILABLE,1.5241699930694943,AVAILABLE,ALIGNED_CONFIRMED,AVAILABLE,1.9554148986663051,AVAILABLE,Friday,True
L01784,LONG,AVAILABLE,1.227340687285445,AVAILABLE,ALIGNED_CONFIRMED,AVAILABLE,1.4807396480000687,AVAILABLE,Friday,True
L01785,SHORT,AVAILABLE,1.23649627694803,AVAILABLE,AGAINST_CONFIRMED,AVAILABLE,1.9609820570101577,AVAILABLE,Friday,True
L01786,SHORT,AVAILABLE,0.5571196508953188,AVAILABLE,AGAINST_CONFIRMED,AVAILABLE,1.6839025029978951,AVAILABLE,Friday,True
L01788,SHORT,AVAILABLE,1.6103346900666669,AVAILABLE,AGAINST_CONFIRMED,AVAILABLE,1.614265839054546,AVAILABLE,Friday,True
L01789,SHORT,AVAILABLE,0.8938005026103621,AVAILABLE,AGAINST_SINGLE,AVAILABLE,1.6315822671475542,AVAILABLE,Monday,True
L01790,SHORT,AVAILABLE,0.8412499612784635,AVAILABLE,AGAINST_SINGLE,AVAILABLE,1.3038620245716714,AVAILABLE,Monday,True
L01791,SHORT,AVAILABLE,1.4893359004499946,AVAILABLE,AGAINST_SINGLE,AVAILABLE,2.903063020174388,AVAILABLE,Monday,True
L01792,LONG,AVAILABLE,1.2865066932918667,AVAILABLE,ALIGNED_SINGLE,AVAILABLE,2.6176397352961804,AVAILABLE,Monday,True
L01793,SHORT,AVAILABLE,1.3049857025857916,AVAILABLE,AGAINST_SINGLE,AVAILABLE,1.2118992048618082,AVAILABLE,Monday,True
L01796,LONG,AVAILABLE,1.555161662408788,AVAILABLE,ALIGNED_SINGLE,AVAILABLE,1.9781941781031755,AVAILABLE,Monday,True
L01798,SHORT,AVAILABLE,1.256191743955764,AVAILABLE,AGAINST_SINGLE,AVAILABLE,1.6468179686049174,AVAILABLE,Monday,True
L01800,SHORT,AVAILABLE,0.4434222221849885,AVAILABLE,AGAINST_CONFIRMED,AVAILABLE,1.7214040581452157,AVAILABLE,Tuesday,True
L01801,SHORT,AVAILABLE,0.95857882482942,AVAILABLE,AGAINST_CONFIRMED,AVAILABLE,1.2701484843680202,AVAILABLE,Tuesday,True
L01802,SHORT,AVAILABLE,0.0777661123637447,AVAILABLE,AGAINST_CONFIRMED,AVAILABLE,1.393375211324505,AVAILABLE,Tuesday,True
L01804,LONG,AVAILABLE,0.2754244983418759,AVAILABLE,ALIGNED_CONFIRMED,AVAILABLE,0.8405291624027342,AVAILABLE,Tuesday,True
L01805,LONG,AVAILABLE,1.837987838041945,AVAILABLE,ALIGNED_CONFIRMED,AVAILABLE,2.5112772667489973,AVAILABLE,Tuesday,True
L01806,LONG,AVAILABLE,0.8882822358043844,AVAILABLE,ALIGNED_CONFIRMED,AVAILABLE,2.273193859451493,AVAILABLE,Tuesday,True
L01807,SHORT,AVAILABLE,1.1136419649573406,AVAILABLE,AGAINST_CONFIRMED,AVAILABLE,1.478902809978946,AVAILABLE,Tuesday,True
L01809,LONG,AVAILABLE,0.5142429585113562,AVAILABLE,ALIGNED_CONFIRMED,AVAILABLE,1.123379055063258,AVAILABLE,Tuesday,True
L01810,LONG,AVAILABLE,0.7477469108948327,AVAILABLE,ALIGNED_CONFIRMED,AVAILABLE,1.3111783437605016,AVAILABLE,Wednesday,True
L01811,SHORT,AVAILABLE,1.159972821342531,AVAILABLE,AGAINST_CONFIRMED,AVAILABLE,1.732289810704212,AVAILABLE,Wednesday,True
L01812,SHORT,AVAILABLE,0.3033055750662685,AVAILABLE,AGAINST_CONFIRMED,AVAILABLE,1.4143539802967309,AVAILABLE,Wednesday,True
L01813,SHORT,AVAILABLE,1.1926726356554087,AVAILABLE,AGAINST_CONFIRMED,AVAILABLE,2.443312879625702,AVAILABLE,Wednesday,True
L01814,LONG,AVAILABLE,1.1966123225334409,AVAILABLE,ALIGNED_CONFIRMED,AVAILABLE,1.8466550436123157,AVAILABLE,Wednesday,True
L01817,LONG,AVAILABLE,1.7504445354270288,AVAILABLE,ALIGNED_CONFIRMED,AVAILABLE,2.041221514812462,AVAILABLE,Wednesday,True
L01818,SHORT,AVAILABLE,-0.0567040533782869,AVAILABLE,AGAINST_CONFIRMED,AVAILABLE,1.307341717934496,AVAILABLE,Wednesday,True
L01820,SHORT,AVAILABLE,0.3936004869777544,AVAILABLE,AGAINST_CONFIRMED,AVAILABLE,2.947535089548467,AVAILABLE,Thursday,True
L01821,SHORT,AVAILABLE,0.6535123514341029,AVAILABLE,AGAINST_CONFIRMED,AVAILABLE,1.5153657154818183,AVAILABLE,Thursday,True
L01823,LONG,AVAILABLE,0.5684351070043512,AVAILABLE,ALIGNED_CONFIRMED,AVAILABLE,2.026086294953625,AVAILABLE,Thursday,True
L01824,SHORT,AVAILABLE,0.2185802312617352,AVAILABLE,AGAINST_CONFIRMED,AVAILABLE,1.6733994875563485,AVAILABLE,Thursday,True
L01825,LONG,AVAILABLE,1.6235997012716656,AVAILABLE,ALIGNED_CONFIRMED,AVAILABLE,2.8361888817785963,AVAILABLE,Thursday,True
L01826,SHORT,AVAILABLE,0.8674441217167824,AVAILABLE,AGAINST_SINGLE,AVAILABLE,2.125615071704944,AVAILABLE,Thursday,True
L01828,LONG,AVAILABLE,2.0623905746377376,AVAILABLE,NEUTRAL,AVAILABLE,3.217859836693599,AVAILABLE,Friday,True
L01829,LONG,AVAILABLE,1.4219066299931191,AVAILABLE,NEUTRAL,AVAILABLE,2.396316585051331,AVAILABLE,Friday,True
L01830,SHORT,AVAILABLE,1.2140435768491993,AVAILABLE,NEUTRAL,AVAILABLE,1.1733719643957736,AVAILABLE,Friday,True
L01831,SHORT,AVAILABLE,0.4701638482056292,AVAILABLE,NEUTRAL,AVAILABLE,1.1105917035835533,AVAILABLE,Friday,True
L01832,LONG,AVAILABLE,2.232258001905568,AVAILABLE,NEUTRAL,AVAILABLE,1.741660248880414,AVAILABLE,Friday,True
L01833,LONG,AVAILABLE,1.8741543708277717,AVAILABLE,NEUTRAL,AVAILABLE,1.8227508012365663,AVAILABLE,Friday,True
L01837,LONG,AVAILABLE,0.4071991773204975,AVAILABLE,NEUTRAL,AVAILABLE,3.097674269349838,AVAILABLE,Monday,True
L01838,LONG,AVAILABLE,1.2055858021296193,AVAILABLE,NEUTRAL,AVAILABLE,2.1605306567593194,AVAILABLE,Monday,True
L01839,SHORT,AVAILABLE,1.7369977304083746,AVAILABLE,NEUTRAL,AVAILABLE,1.5765493567862303,AVAILABLE,Monday,True
L01840,LONG,AVAILABLE,0.03124067022373,AVAILABLE,NEUTRAL,AVAILABLE,2.162927568081217,AVAILABLE,Monday,True
L01841,LONG,AVAILABLE,0.7332449857360314,AVAILABLE,NEUTRAL,AVAILABLE,1.8968698446938823,AVAILABLE,Monday,True
L01842,LONG,AVAILABLE,0.979603956250048,AVAILABLE,NEUTRAL,AVAILABLE,2.2253581367871096,AVAILABLE,Monday,True
L01843,SHORT,AVAILABLE,1.993126720525799,AVAILABLE,ALIGNED_SINGLE,AVAILABLE,1.7353439071080112,AVAILABLE,Tuesday,True
L01844,SHORT,AVAILABLE,1.1443708952383125,AVAILABLE,ALIGNED_SINGLE,AVAILABLE,1.2477102175313797,AVAILABLE,Tuesday,True
L01846,LONG,AVAILABLE,1.2314334434060994,AVAILABLE,AGAINST_SINGLE,AVAILABLE,1.9495681306483437,AVAILABLE,Tuesday,True
L01848,SHORT,AVAILABLE,0.3517540026116876,AVAILABLE,ALIGNED_SINGLE,AVAILABLE,1.7234110437347283,AVAILABLE,Tuesday,True
L01849,SHORT,AVAILABLE,2.5672845553790333,AVAILABLE,ALIGNED_SINGLE,AVAILABLE,2.065935124641649,AVAILABLE,Tuesday,True
L01851,SHORT,AVAILABLE,1.1422062010631004,AVAILABLE,NEUTRAL,AVAILABLE,1.8264839133653568,AVAILABLE,Tuesday,True
L01852,SHORT,AVAILABLE,1.801343393151792,AVAILABLE,NEUTRAL,AVAILABLE,1.834497445538921,AVAILABLE,Wednesday,True
L01853,SHORT,AVAILABLE,1.1215453961360025,AVAILABLE,NEUTRAL,AVAILABLE,1.1600434920765244,AVAILABLE,Wednesday,True
L01854,SHORT,AVAILABLE,0.2004267260230484,AVAILABLE,NEUTRAL,AVAILABLE,0.9371111256313602,AVAILABLE,Wednesday,True
L01855,SHORT,AVAILABLE,0.8018969849532841,AVAILABLE,NEUTRAL,AVAILABLE,1.1312048411243785,AVAILABLE,Wednesday,True
L01856,SHORT,AVAILABLE,0.2143805147249391,AVAILABLE,NEUTRAL,AVAILABLE,1.249118547737573,AVAILABLE,Wednesday,True
L01857,SHORT,AVAILABLE,1.0011147642972065,AVAILABLE,NEUTRAL,AVAILABLE,1.8250710286269296,AVAILABLE,Wednesday,True
L01858,SHORT,AVAILABLE,0.7125581677678021,AVAILABLE,NEUTRAL,AVAILABLE,1.226025818275074,AVAILABLE,Wednesday,True
L01859,LONG,AVAILABLE,0.5871984716300019,AVAILABLE,NEUTRAL,AVAILABLE,1.916939231432761,AVAILABLE,Wednesday,True
L01861,SHORT,AVAILABLE,0.2790103688144553,AVAILABLE,NEUTRAL,AVAILABLE,1.2978251608432454,AVAILABLE,Wednesday,True
L01862,LONG,AVAILABLE,1.7017205838744014,AVAILABLE,NEUTRAL,AVAILABLE,2.3106182809547207,AVAILABLE,Wednesday,True
L01863,SHORT,AVAILABLE,1.105200058885775,AVAILABLE,AGAINST_CONFIRMED,AVAILABLE,1.286765949905066,AVAILABLE,Thursday,True
L01864,LONG,AVAILABLE,1.784080430273455,AVAILABLE,ALIGNED_CONFIRMED,AVAILABLE,2.7796937795219208,AVAILABLE,Thursday,True
L01865,LONG,AVAILABLE,0.5101011895467997,AVAILABLE,ALIGNED_CONFIRMED,AVAILABLE,2.960502795442906,AVAILABLE,Thursday,True
L01866,LONG,AVAILABLE,2.039804430724248,AVAILABLE,NEUTRAL,AVAILABLE,2.820247611588582,AVAILABLE,Friday,True
L01867,SHORT,AVAILABLE,1.2412401047420392,AVAILABLE,NEUTRAL,AVAILABLE,1.6430826681139945,AVAILABLE,Friday,True
L01868,SHORT,AVAILABLE,1.8410883362632255,AVAILABLE,NEUTRAL,AVAILABLE,2.770087167536414,AVAILABLE,Friday,True
L01869,SHORT,AVAILABLE,0.4583303379330357,AVAILABLE,NEUTRAL,AVAILABLE,1.5030574407227912,AVAILABLE,Friday,True
L01871,SHORT,AVAILABLE,0.3710997521458066,AVAILABLE,NEUTRAL,AVAILABLE,1.389675382590612,AVAILABLE,Friday,True
L01872,SHORT,AVAILABLE,0.8567403522946007,AVAILABLE,NEUTRAL,AVAILABLE,1.3661515983094097,AVAILABLE,Friday,True
L01873,SHORT,AVAILABLE,0.7302311552292037,AVAILABLE,NEUTRAL,AVAILABLE,1.4194823051088836,AVAILABLE,Friday,True
L01874,SHORT,AVAILABLE,1.7402451664537977,AVAILABLE,NEUTRAL,AVAILABLE,1.3800002775470197,AVAILABLE,Friday,True
L01875,SHORT,AVAILABLE,0.5799276258382374,AVAILABLE,ALIGNED_SINGLE,AVAILABLE,1.503321628861681,AVAILABLE,Monday,True
L01876,SHORT,AVAILABLE,0.2907599776755769,AVAILABLE,ALIGNED_SINGLE,AVAILABLE,1.2752321290432336,AVAILABLE,Monday,True
L01877,SHORT,AVAILABLE,0.7556863762560951,AVAILABLE,ALIGNED_SINGLE,AVAILABLE,0.9659517309441624,AVAILABLE,Monday,True
L01878,SHORT,AVAILABLE,1.1735982597405328,AVAILABLE,ALIGNED_SINGLE,AVAILABLE,1.372229003777902,AVAILABLE,Monday,True
L01879,SHORT,AVAILABLE,1.1476783766335414,AVAILABLE,ALIGNED_SINGLE,AVAILABLE,1.460779366163928,AVAILABLE,Monday,True
L01880,SHORT,AVAILABLE,0.1448991653214316,AVAILABLE,ALIGNED_SINGLE,AVAILABLE,1.8890635871863888,AVAILABLE,Monday,True
L01881,LONG,AVAILABLE,1.197056079244731,AVAILABLE,NEUTRAL,AVAILABLE,3.438356331840238,AVAILABLE,Monday,True
L01882,SHORT,AVAILABLE,1.7263175230385923,AVAILABLE,NEUTRAL,AVAILABLE,2.074103993542188,AVAILABLE,Wednesday,True
L01883,LONG,AVAILABLE,0.1200681975288052,AVAILABLE,NEUTRAL,AVAILABLE,3.0591457507430357,AVAILABLE,Wednesday,True
L01884,LONG,AVAILABLE,0.3914934425445815,AVAILABLE,NEUTRAL,AVAILABLE,3.6506113058599055,AVAILABLE,Wednesday,True
L01885,LONG,AVAILABLE,0.5754399628723927,AVAILABLE,NEUTRAL,AVAILABLE,3.97169271312078,AVAILABLE,Thursday,True
L01886,LONG,AVAILABLE,0.5324154730548923,AVAILABLE,NEUTRAL,AVAILABLE,1.6934442972020674,AVAILABLE,Monday,True
L01887,LONG,AVAILABLE,0.8405793394515512,AVAILABLE,NEUTRAL,AVAILABLE,2.393145456477348,AVAILABLE,Monday,True
L01889,LONG,AVAILABLE,-0.1414322141637107,AVAILABLE,NEUTRAL,AVAILABLE,1.8523071829094715,AVAILABLE,Monday,True
L01890,LONG,AVAILABLE,0.7942099684528509,AVAILABLE,NEUTRAL,AVAILABLE,4.081576376011148,AVAILABLE,Tuesday,True
L01891,LONG,AVAILABLE,0.7449252668327393,AVAILABLE,NEUTRAL,AVAILABLE,3.681741919485293,AVAILABLE,Tuesday,True
L01892,SHORT,AVAILABLE,0.233892324613704,AVAILABLE,NEUTRAL,AVAILABLE,0.9234406454674846,AVAILABLE,Tuesday,True
L01893,SHORT,AVAILABLE,0.9570650295230908,AVAILABLE,NEUTRAL,AVAILABLE,1.514178061962853,AVAILABLE,Tuesday,True
L01894,LONG,AVAILABLE,0.4508100854257031,AVAILABLE,NEUTRAL,AVAILABLE,2.0353377425561945,AVAILABLE,Tuesday,True
L01895,LONG,AVAILABLE,0.6645586041837109,AVAILABLE,NEUTRAL,AVAILABLE,2.654568112143822,AVAILABLE,Tuesday,True
L01898,SHORT,AVAILABLE,1.07854275317073,AVAILABLE,ALIGNED_SINGLE,AVAILABLE,1.5382606585569447,AVAILABLE,Wednesday,True
L01899,SHORT,AVAILABLE,0.1447182582372036,AVAILABLE,ALIGNED_SINGLE,AVAILABLE,0.4540222492699607,AVAILABLE,Wednesday,True
L01901,SHORT,AVAILABLE,0.4569302404869568,AVAILABLE,ALIGNED_SINGLE,AVAILABLE,1.735530650470106,AVAILABLE,Wednesday,True
L01902,SHORT,AVAILABLE,0.8037340302494288,AVAILABLE,ALIGNED_SINGLE,AVAILABLE,1.7096499717964424,AVAILABLE,Wednesday,True
L01903,LONG,AVAILABLE,1.086367253147963,AVAILABLE,AGAINST_SINGLE,AVAILABLE,3.202000830678366,AVAILABLE,Wednesday,True
L01905,SHORT,AVAILABLE,0.9432832845310116,AVAILABLE,NEUTRAL,AVAILABLE,1.8545686647202404,AVAILABLE,Thursday,True
L01907,LONG,AVAILABLE,0.6258865883677834,AVAILABLE,NEUTRAL,AVAILABLE,1.4645389149055064,AVAILABLE,Thursday,True
L01910,LONG,AVAILABLE,0.8274546975592095,AVAILABLE,NEUTRAL,AVAILABLE,2.4902995710161004,AVAILABLE,Thursday,True
L01911,SHORT,AVAILABLE,0.1464419175435174,AVAILABLE,NEUTRAL,AVAILABLE,1.6080055027941134,AVAILABLE,Thursday,True
L01912,SHORT,AVAILABLE,-0.4701406800587506,AVAILABLE,AGAINST_SINGLE,AVAILABLE,1.953866229687115,AVAILABLE,Thursday,True
L01914,SHORT,AVAILABLE,1.4135750707753616,AVAILABLE,AGAINST_CONFIRMED,AVAILABLE,2.077850765432716,AVAILABLE,Friday,True
L01915,LONG,AVAILABLE,-0.0799128840591979,AVAILABLE,ALIGNED_CONFIRMED,AVAILABLE,2.2485356369073664,AVAILABLE,Friday,True
L01916,SHORT,AVAILABLE,1.3346390887284052,AVAILABLE,AGAINST_CONFIRMED,AVAILABLE,2.0089333080439884,AVAILABLE,Friday,True
L01917,SHORT,AVAILABLE,1.125114480318212,AVAILABLE,AGAINST_CONFIRMED,AVAILABLE,1.9320245055395056,AVAILABLE,Friday,True
L01918,LONG,AVAILABLE,0.1732340336032373,AVAILABLE,ALIGNED_CONFIRMED,AVAILABLE,1.0969405484494994,AVAILABLE,Friday,True
L01919,LONG,AVAILABLE,0.2824193209440676,AVAILABLE,ALIGNED_CONFIRMED,AVAILABLE,1.451068400247015,AVAILABLE,Friday,True
L01921,LONG,AVAILABLE,0.8477056606655533,AVAILABLE,ALIGNED_CONFIRMED,AVAILABLE,3.0818970820996534,AVAILABLE,Friday,True
L01922,SHORT,AVAILABLE,2.7243413979512763,AVAILABLE,AGAINST_SINGLE,AVAILABLE,2.6064293508884133,AVAILABLE,Monday,True
L01924,LONG,AVAILABLE,0.5984624825684932,AVAILABLE,ALIGNED_SINGLE,AVAILABLE,1.2746413207336778,AVAILABLE,Monday,True
L01925,LONG,AVAILABLE,0.4100075048082265,AVAILABLE,ALIGNED_SINGLE,AVAILABLE,1.1968723461859914,AVAILABLE,Monday,True
L01928,SHORT,AVAILABLE,2.21980905851674,AVAILABLE,AGAINST_SINGLE,AVAILABLE,1.301504580637824,AVAILABLE,Monday,True
L01929,SHORT,AVAILABLE,0.7494672131799665,AVAILABLE,AGAINST_SINGLE,AVAILABLE,1.3814279211874112,AVAILABLE,Monday,True
L01930,SHORT,AVAILABLE,0.3232887062174974,AVAILABLE,AGAINST_SINGLE,AVAILABLE,2.004954985992792,AVAILABLE,Monday,True
L01931,SHORT,AVAILABLE,1.1769010236547035,AVAILABLE,AGAINST_SINGLE,AVAILABLE,1.940095977075836,AVAILABLE,Monday,True
L01932,LONG,AVAILABLE,1.1081259499557627,AVAILABLE,ALIGNED_CONFIRMED,AVAILABLE,2.332792650237264,AVAILABLE,Tuesday,True
L01933,LONG,AVAILABLE,0.9907540337157036,AVAILABLE,ALIGNED_CONFIRMED,AVAILABLE,2.771279262821211,AVAILABLE,Tuesday,True
L01934,LONG,AVAILABLE,1.2860767689956552,AVAILABLE,ALIGNED_CONFIRMED,AVAILABLE,2.460235779777752,AVAILABLE,Tuesday,True
L01935,LONG,AVAILABLE,2.4554848672387104,AVAILABLE,ALIGNED_SINGLE,AVAILABLE,1.901471310085568,AVAILABLE,Tuesday,True
L01936,SHORT,AVAILABLE,0.4299620511427684,AVAILABLE,NEUTRAL,AVAILABLE,1.556204153029258,AVAILABLE,Wednesday,True
L01940,SHORT,AVAILABLE,0.7293102933458039,AVAILABLE,NEUTRAL,AVAILABLE,0.9998044663786048,AVAILABLE,Wednesday,True
L01942,SHORT,AVAILABLE,0.8103221688338315,AVAILABLE,NEUTRAL,AVAILABLE,1.3100973806540126,AVAILABLE,Wednesday,True
L01943,LONG,AVAILABLE,0.3801035648117842,AVAILABLE,NEUTRAL,AVAILABLE,3.3616222684574906,AVAILABLE,Wednesday,True
L01944,SHORT,AVAILABLE,0.8515115186095895,AVAILABLE,NEUTRAL,AVAILABLE,1.6596789500720268,AVAILABLE,Thursday,True
L01945,SHORT,AVAILABLE,0.841690736950933,AVAILABLE,NEUTRAL,AVAILABLE,1.5754226682809571,AVAILABLE,Thursday,True
L01946,SHORT,AVAILABLE,1.641551874510945,AVAILABLE,NEUTRAL,AVAILABLE,1.809454645657025,AVAILABLE,Thursday,True
L01948,SHORT,AVAILABLE,1.0027033004761283,AVAILABLE,NEUTRAL,AVAILABLE,1.6542322271531718,AVAILABLE,Thursday,True
L01949,LONG,AVAILABLE,0.2314816534860517,AVAILABLE,NEUTRAL,AVAILABLE,3.408368645314235,AVAILABLE,Thursday,True
L01951,SHORT,AVAILABLE,0.3473156894114481,AVAILABLE,NEUTRAL,AVAILABLE,1.5411624582745522,AVAILABLE,Thursday,True
L01952,SHORT,AVAILABLE,0.965404948577821,AVAILABLE,NEUTRAL,AVAILABLE,1.1922760800427346,AVAILABLE,Thursday,True
L01953,LONG,AVAILABLE,0.577682279232412,AVAILABLE,NEUTRAL,AVAILABLE,2.077707808041388,AVAILABLE,Thursday,True
L01954,LONG,AVAILABLE,0.5721319903825248,AVAILABLE,ALIGNED_SINGLE,AVAILABLE,1.9815172424191991,AVAILABLE,Friday,True
L01956,SHORT,AVAILABLE,0.8468067319401458,AVAILABLE,AGAINST_SINGLE,AVAILABLE,1.7829024769826003,AVAILABLE,Friday,True
L01957,SHORT,AVAILABLE,1.5865064870590504,AVAILABLE,AGAINST_SINGLE,AVAILABLE,1.9865215599018469,AVAILABLE,Friday,True
L01958,SHORT,AVAILABLE,1.2968981206992571,AVAILABLE,AGAINST_SINGLE,AVAILABLE,1.764409113708859,AVAILABLE,Friday,True
L01959,SHORT,AVAILABLE,1.3049665333997835,AVAILABLE,NEUTRAL,AVAILABLE,2.2790552217303057,AVAILABLE,Monday,True
L01960,LONG,AVAILABLE,0.1708793280677429,AVAILABLE,NEUTRAL,AVAILABLE,2.1302640892748936,AVAILABLE,Monday,True
L01961,SHORT,AVAILABLE,-0.0634924167253957,AVAILABLE,NEUTRAL,AVAILABLE,1.778557087172091,AVAILABLE,Monday,True
L01962,LONG,AVAILABLE,0.3004747178143745,AVAILABLE,NEUTRAL,AVAILABLE,0.3962073309093987,AVAILABLE,Monday,True
L01964,LONG,AVAILABLE,1.6000636441487142,AVAILABLE,NEUTRAL,AVAILABLE,1.732062666691201,AVAILABLE,Monday,True
L01965,SHORT,AVAILABLE,1.364617286393541,AVAILABLE,NEUTRAL,AVAILABLE,1.903086640867732,AVAILABLE,Monday,True
L01966,SHORT,AVAILABLE,0.8111215455814395,AVAILABLE,NEUTRAL,AVAILABLE,1.892248641121008,AVAILABLE,Monday,True
L01967,LONG,AVAILABLE,1.2892712869920264,AVAILABLE,NEUTRAL,AVAILABLE,1.8378886249311552,AVAILABLE,Monday,True
L01968,LONG,AVAILABLE,0.457663455678664,AVAILABLE,NEUTRAL,AVAILABLE,2.419289205633118,AVAILABLE,Monday,True
L01969,SHORT,AVAILABLE,0.6082858344841082,AVAILABLE,AGAINST_SINGLE,AVAILABLE,1.6020179191552977,AVAILABLE,Monday,True
L01970,SHORT,AVAILABLE,0.1898422159906467,AVAILABLE,AGAINST_SINGLE,AVAILABLE,1.5699183055037225,AVAILABLE,Tuesday,True
L01972,LONG,AVAILABLE,0.7660954147362532,AVAILABLE,ALIGNED_SINGLE,AVAILABLE,2.6534313455561134,AVAILABLE,Tuesday,True
L01973,LONG,AVAILABLE,0.8710730675573751,AVAILABLE,ALIGNED_SINGLE,AVAILABLE,3.517877705960433,AVAILABLE,Tuesday,True
L01974,LONG,AVAILABLE,0.8934559040600031,AVAILABLE,ALIGNED_SINGLE,AVAILABLE,3.406047906131146,AVAILABLE,Tuesday,True
L01975,LONG,AVAILABLE,0.9691858264963612,AVAILABLE,ALIGNED_SINGLE,AVAILABLE,2.3462767242620384,AVAILABLE,Tuesday,True
L01977,LONG,AVAILABLE,1.061823115641121,AVAILABLE,NEUTRAL,AVAILABLE,3.299049320241562,AVAILABLE,Wednesday,True
L01978,SHORT,AVAILABLE,1.5629513172293583,AVAILABLE,NEUTRAL,AVAILABLE,1.7094600197681251,AVAILABLE,Wednesday,True
L01979,SHORT,AVAILABLE,1.260942012743689,AVAILABLE,NEUTRAL,AVAILABLE,1.7449210172933918,AVAILABLE,Wednesday,True
L01980,SHORT,AVAILABLE,0.355270963103659,AVAILABLE,NEUTRAL,AVAILABLE,2.08277957175844,AVAILABLE,Wednesday,True
L01983,LONG,AVAILABLE,2.31130967035668,AVAILABLE,NEUTRAL,AVAILABLE,2.591791329011179,AVAILABLE,Wednesday,True
L01984,LONG,AVAILABLE,1.516241827817687,AVAILABLE,NEUTRAL,AVAILABLE,1.6683206970455182,AVAILABLE,Wednesday,True
L01985,LONG,AVAILABLE,0.8381662806240949,AVAILABLE,NEUTRAL,AVAILABLE,2.097892236865408,AVAILABLE,Wednesday,True
L01986,LONG,AVAILABLE,0.5653248054118796,AVAILABLE,NEUTRAL,AVAILABLE,1.8410837557480488,AVAILABLE,Wednesday,True
L01987,SHORT,AVAILABLE,1.012997440756268,AVAILABLE,NEUTRAL,AVAILABLE,1.912959808858664,AVAILABLE,Thursday,True
L01988,SHORT,AVAILABLE,1.1732007711162749,AVAILABLE,NEUTRAL,AVAILABLE,1.3836308017878796,AVAILABLE,Thursday,True
L01989,SHORT,AVAILABLE,0.1272493461329913,AVAILABLE,NEUTRAL,AVAILABLE,1.549009405526333,AVAILABLE,Thursday,True
L01990,LONG,AVAILABLE,1.1107975794951328,AVAILABLE,NEUTRAL,AVAILABLE,3.3579012436350326,AVAILABLE,Thursday,True
L01991,SHORT,AVAILABLE,0.4718744355196327,AVAILABLE,NEUTRAL,AVAILABLE,0.6674897780048358,AVAILABLE,Thursday,True
L01992,LONG,AVAILABLE,0.2166020313597161,AVAILABLE,NEUTRAL,AVAILABLE,0.9186112427304182,AVAILABLE,Thursday,True
L01993,SHORT,AVAILABLE,0.7577844273897834,AVAILABLE,NEUTRAL,AVAILABLE,1.2335046654630109,AVAILABLE,Thursday,True
L01994,LONG,AVAILABLE,1.0747955805979004,AVAILABLE,NEUTRAL,AVAILABLE,3.116089741688813,AVAILABLE,Thursday,True
L01995,LONG,AVAILABLE,0.8982701116159618,AVAILABLE,NEUTRAL,AVAILABLE,2.0062484411823718,AVAILABLE,Thursday,True
L01996,LONG,AVAILABLE,1.089760909160656,AVAILABLE,NEUTRAL,AVAILABLE,1.6056457285062022,AVAILABLE,Thursday,True
L01997,LONG,AVAILABLE,0.8255274985931563,AVAILABLE,NEUTRAL,AVAILABLE,1.7449063463261143,AVAILABLE,Thursday,True
L01998,SHORT,AVAILABLE,0.8167705170301015,AVAILABLE,NEUTRAL,AVAILABLE,1.4898473379042254,AVAILABLE,Thursday,True
L01999,LONG,AVAILABLE,0.1304581345256332,AVAILABLE,NEUTRAL,AVAILABLE,2.004478639772592,AVAILABLE,Friday,True
L02000,LONG,AVAILABLE,1.0005177363109292,AVAILABLE,NEUTRAL,AVAILABLE,1.9211934482731687,AVAILABLE,Friday,True
L02001,SHORT,AVAILABLE,1.4713598099899003,AVAILABLE,NEUTRAL,AVAILABLE,1.7608944476300428,AVAILABLE,Friday,True
L02003,LONG,AVAILABLE,0.9463404436506369,AVAILABLE,NEUTRAL,AVAILABLE,2.8109636413179024,AVAILABLE,Friday,True
L02004,SHORT,AVAILABLE,2.9077938971009063,AVAILABLE,NEUTRAL,AVAILABLE,2.504054472987149,AVAILABLE,Friday,True
L02005,SHORT,AVAILABLE,0.9823598718558784,AVAILABLE,NEUTRAL,AVAILABLE,1.9354854413052849,AVAILABLE,Friday,True
L02006,SHORT,AVAILABLE,1.1611127111222364,AVAILABLE,NEUTRAL,AVAILABLE,1.6688154618509667,AVAILABLE,Friday,True
L02008,LONG,AVAILABLE,0.5012976003791861,AVAILABLE,NEUTRAL,AVAILABLE,2.061979604467837,AVAILABLE,Monday,True
L02009,SHORT,AVAILABLE,0.6512738581724605,AVAILABLE,NEUTRAL,AVAILABLE,7.063169006467353,AVAILABLE,Monday,True
L02011,SHORT,AVAILABLE,1.0506566340206993,AVAILABLE,NEUTRAL,AVAILABLE,1.8021148954573964,AVAILABLE,Tuesday,True
L02012,SHORT,AVAILABLE,0.5610468161433932,AVAILABLE,NEUTRAL,AVAILABLE,1.2965501983029466,AVAILABLE,Tuesday,True
L02014,SHORT,AVAILABLE,0.3951217958892646,AVAILABLE,NEUTRAL,AVAILABLE,2.798471943234249,AVAILABLE,Tuesday,True
L02015,SHORT,AVAILABLE,0.6997821491162365,AVAILABLE,NEUTRAL,AVAILABLE,1.7489512910866167,AVAILABLE,Tuesday,True
L02016,LONG,AVAILABLE,0.8469537900709597,AVAILABLE,NEUTRAL,AVAILABLE,4.032056985602948,AVAILABLE,Tuesday,True
L02017,LONG,AVAILABLE,1.235332248420746,AVAILABLE,NEUTRAL,AVAILABLE,2.6400397056034355,AVAILABLE,Wednesday,True
L02019,SHORT,AVAILABLE,0.7703818255226764,AVAILABLE,NEUTRAL,AVAILABLE,2.448852886165632,AVAILABLE,Thursday,True
L02021,LONG,AVAILABLE,0.1522207812409895,AVAILABLE,NEUTRAL,AVAILABLE,1.5980965205656537,AVAILABLE,Thursday,True
L02024,LONG,AVAILABLE,0.1863245889541354,AVAILABLE,NEUTRAL,AVAILABLE,2.673201779577651,AVAILABLE,Thursday,True
L02025,LONG,AVAILABLE,1.2109161004292277,AVAILABLE,NEUTRAL,AVAILABLE,2.205574576800148,AVAILABLE,Thursday,True
L02026,LONG,AVAILABLE,1.2725471414139211,AVAILABLE,NEUTRAL,AVAILABLE,3.35829974139914,AVAILABLE,Thursday,True
L02027,SHORT,AVAILABLE,1.2298191981717854,AVAILABLE,ALIGNED_SINGLE,AVAILABLE,1.3268485394672838,AVAILABLE,Friday,True
L02028,LONG,AVAILABLE,2.1145572879758627,AVAILABLE,AGAINST_SINGLE,AVAILABLE,7.825186237478914,AVAILABLE,Friday,True
L02029,LONG,AVAILABLE,1.923415603360248,AVAILABLE,AGAINST_SINGLE,AVAILABLE,2.5513172379177744,AVAILABLE,Friday,True
L02030,LONG,AVAILABLE,0.5097031871779685,AVAILABLE,AGAINST_SINGLE,AVAILABLE,2.190945768964079,AVAILABLE,Friday,True
L02031,SHORT,AVAILABLE,0.9147131659880208,AVAILABLE,ALIGNED_SINGLE,AVAILABLE,1.2997367775939022,AVAILABLE,Friday,True
L02032,LONG,AVAILABLE,0.4230044833388413,AVAILABLE,AGAINST_SINGLE,AVAILABLE,2.720297843302262,AVAILABLE,Friday,True
L02033,LONG,AVAILABLE,1.173711276410238,AVAILABLE,AGAINST_SINGLE,AVAILABLE,2.0471920636235303,AVAILABLE,Friday,True
L02034,LONG,AVAILABLE,1.621441610731828,AVAILABLE,AGAINST_SINGLE,AVAILABLE,1.619590600003821,AVAILABLE,Friday,True
L02036,LONG,AVAILABLE,0.603228932004284,AVAILABLE,AGAINST_SINGLE,AVAILABLE,1.8847182315997808,AVAILABLE,Sunday,True
L02038,SHORT,AVAILABLE,1.0319887197606143,AVAILABLE,ALIGNED_SINGLE,AVAILABLE,1.118665049836218,AVAILABLE,Monday,True
L02040,SHORT,AVAILABLE,2.767966342845128,AVAILABLE,ALIGNED_SINGLE,AVAILABLE,2.2042406353055104,AVAILABLE,Monday,True
L02041,SHORT,AVAILABLE,0.30888744321555,AVAILABLE,ALIGNED_SINGLE,AVAILABLE,1.336842523610866,AVAILABLE,Monday,True
L02042,SHORT,AVAILABLE,0.8316069019218025,AVAILABLE,ALIGNED_SINGLE,AVAILABLE,1.4192091807404632,AVAILABLE,Monday,True
L02043,LONG,AVAILABLE,1.1495571063936982,AVAILABLE,AGAINST_SINGLE,AVAILABLE,1.4076577894732545,AVAILABLE,Monday,True
L02046,LONG,AVAILABLE,0.315063039359047,AVAILABLE,AGAINST_SINGLE,AVAILABLE,1.234890821424971,AVAILABLE,Monday,True
L02048,SHORT,AVAILABLE,1.2629043741955828,AVAILABLE,ALIGNED_SINGLE,AVAILABLE,1.337365958630721,AVAILABLE,Tuesday,True
L02049,SHORT,AVAILABLE,0.7877671024016688,AVAILABLE,ALIGNED_SINGLE,AVAILABLE,1.6171297485707448,AVAILABLE,Tuesday,True
L02050,SHORT,AVAILABLE,1.1434116836727797,AVAILABLE,ALIGNED_SINGLE,AVAILABLE,2.096851954870473,AVAILABLE,Tuesday,True
L02051,LONG,AVAILABLE,0.0146092320582864,AVAILABLE,AGAINST_SINGLE,AVAILABLE,2.1035096955198167,AVAILABLE,Tuesday,True
L02052,SHORT,AVAILABLE,1.8683300922097368,AVAILABLE,ALIGNED_SINGLE,AVAILABLE,2.129101341356245,AVAILABLE,Tuesday,True
L02053,SHORT,AVAILABLE,1.8359079218431824,AVAILABLE,ALIGNED_SINGLE,AVAILABLE,1.861232022527165,AVAILABLE,Tuesday,True
L02054,LONG,AVAILABLE,0.8330389211408975,AVAILABLE,AGAINST_SINGLE,AVAILABLE,2.972211853711739,AVAILABLE,Tuesday,True
L02055,LONG,AVAILABLE,0.8515979075173108,AVAILABLE,NEUTRAL,AVAILABLE,2.5732841232165597,AVAILABLE,Wednesday,True
L02056,LONG,AVAILABLE,-0.0374247952612573,AVAILABLE,NEUTRAL,AVAILABLE,1.8656502077871528,AVAILABLE,Wednesday,True
L02059,SHORT,AVAILABLE,0.2225739520065997,AVAILABLE,ALIGNED_SINGLE,AVAILABLE,1.09695055350505,AVAILABLE,Thursday,True
L02060,SHORT,AVAILABLE,-0.0104728061778281,AVAILABLE,ALIGNED_SINGLE,AVAILABLE,1.5731033467069335,AVAILABLE,Thursday,True
L02061,SHORT,AVAILABLE,1.8956522191466167,AVAILABLE,ALIGNED_SINGLE,AVAILABLE,1.9831034354938848,AVAILABLE,Thursday,True
L02062,LONG,AVAILABLE,0.0043835010432749,AVAILABLE,AGAINST_SINGLE,AVAILABLE,1.4355323925337158,AVAILABLE,Thursday,True
L02063,LONG,AVAILABLE,0.0903210703054955,AVAILABLE,AGAINST_SINGLE,AVAILABLE,1.5295488749864623,AVAILABLE,Thursday,True
L02064,SHORT,AVAILABLE,0.0062318905835134,AVAILABLE,ALIGNED_SINGLE,AVAILABLE,0.3157920596857,AVAILABLE,Thursday,True
L02065,LONG,AVAILABLE,1.5072512268511755,AVAILABLE,AGAINST_SINGLE,AVAILABLE,2.849073114786665,AVAILABLE,Thursday,True
L02067,LONG,AVAILABLE,0.6856811385839746,AVAILABLE,AGAINST_CONFIRMED,AVAILABLE,1.0798109559423923,AVAILABLE,Thursday,True
L02068,SHORT,AVAILABLE,-0.305149949375301,AVAILABLE,ALIGNED_CONFIRMED,AVAILABLE,2.3813828520621554,AVAILABLE,Friday,True
L02069,SHORT,AVAILABLE,0.8359104884112356,AVAILABLE,ALIGNED_CONFIRMED,AVAILABLE,1.7192889857850382,AVAILABLE,Friday,True
L02070,SHORT,AVAILABLE,0.4282630018010114,AVAILABLE,ALIGNED_CONFIRMED,AVAILABLE,1.0310961634311628,AVAILABLE,Friday,True
L02071,SHORT,AVAILABLE,1.711252376068159,AVAILABLE,ALIGNED_CONFIRMED,AVAILABLE,1.8746733859604403,AVAILABLE,Friday,True
L02073,LONG,AVAILABLE,1.3668161985138996,AVAILABLE,AGAINST_CONFIRMED,AVAILABLE,2.060553546283906,AVAILABLE,Friday,True
L02074,LONG,AVAILABLE,0.8200954097572698,AVAILABLE,AGAINST_SINGLE,AVAILABLE,3.270739226558412,AVAILABLE,Sunday,True
L02075,LONG,AVAILABLE,2.2887015981987795,AVAILABLE,AGAINST_SINGLE,AVAILABLE,2.443796746413464,AVAILABLE,Monday,True
L02076,LONG,AVAILABLE,1.536986635791591,AVAILABLE,AGAINST_SINGLE,AVAILABLE,2.356095047172144,AVAILABLE,Monday,True
L02077,SHORT,AVAILABLE,0.99774070233565,AVAILABLE,ALIGNED_SINGLE,AVAILABLE,1.5561376917923575,AVAILABLE,Monday,True
L02078,SHORT,AVAILABLE,0.9562380846683838,AVAILABLE,ALIGNED_SINGLE,AVAILABLE,1.9177687369592349,AVAILABLE,Monday,True
L02079,SHORT,AVAILABLE,0.6578497234366304,AVAILABLE,ALIGNED_SINGLE,AVAILABLE,1.6013105929277869,AVAILABLE,Monday,True
L02080,LONG,AVAILABLE,1.446649855830133,AVAILABLE,AGAINST_SINGLE,AVAILABLE,2.713941215888996,AVAILABLE,Monday,True
L02081,SHORT,AVAILABLE,1.306326295969649,AVAILABLE,ALIGNED_SINGLE,AVAILABLE,1.479664302162648,AVAILABLE,Monday,True
L02083,LONG,AVAILABLE,0.9015021139889884,AVAILABLE,AGAINST_CONFIRMED,AVAILABLE,0.8500661682787631,AVAILABLE,Tuesday,True
L02085,LONG,AVAILABLE,0.9062549872213944,AVAILABLE,AGAINST_CONFIRMED,AVAILABLE,1.8009218173126855,AVAILABLE,Tuesday,True
L02087,SHORT,AVAILABLE,1.3319472396494636,AVAILABLE,ALIGNED_CONFIRMED,AVAILABLE,1.6630053749251636,AVAILABLE,Tuesday,True
L02088,SHORT,AVAILABLE,1.6107721911169466,AVAILABLE,ALIGNED_SINGLE,AVAILABLE,1.395926420568823,AVAILABLE,Tuesday,True
L02089,SHORT,AVAILABLE,1.616403659222756,AVAILABLE,NEUTRAL,AVAILABLE,1.7115227225130925,AVAILABLE,Wednesday,True
L02092,LONG,AVAILABLE,2.010301629533385,AVAILABLE,NEUTRAL,AVAILABLE,2.8977709223291503,AVAILABLE,Wednesday,True
L02093,LONG,AVAILABLE,0.7519492485247012,AVAILABLE,NEUTRAL,AVAILABLE,3.202009565839102,AVAILABLE,Wednesday,True
L02094,LONG,AVAILABLE,1.0589431486339311,AVAILABLE,NEUTRAL,AVAILABLE,2.778012187736597,AVAILABLE,Thursday,True
L02095,LONG,AVAILABLE,0.1334779685548192,AVAILABLE,NEUTRAL,AVAILABLE,1.672480034068599,AVAILABLE,Thursday,True
L02097,LONG,AVAILABLE,1.1169067000261943,AVAILABLE,NEUTRAL,AVAILABLE,1.729628040706184,AVAILABLE,Thursday,True
L02098,SHORT,AVAILABLE,0.5362152530790538,AVAILABLE,NEUTRAL,AVAILABLE,1.1315487115504612,AVAILABLE,Thursday,True
L02099,SHORT,AVAILABLE,1.355821407692592,AVAILABLE,NEUTRAL,AVAILABLE,1.5990985620699512,AVAILABLE,Thursday,True
L02100,LONG,AVAILABLE,0.6693015450680082,AVAILABLE,NEUTRAL,AVAILABLE,1.9248577147179344,AVAILABLE,Thursday,True
L02105,SHORT,AVAILABLE,0.5124618031840795,AVAILABLE,NEUTRAL,AVAILABLE,1.597060099251869,AVAILABLE,Friday,True
L02106,SHORT,AVAILABLE,0.4847249268818066,AVAILABLE,NEUTRAL,AVAILABLE,1.6493707292721385,AVAILABLE,Friday,True
L02107,SHORT,AVAILABLE,1.6402153710229093,AVAILABLE,NEUTRAL,AVAILABLE,2.998479086658908,AVAILABLE,Friday,True
L02108,LONG,AVAILABLE,0.7905629092389528,AVAILABLE,NEUTRAL,AVAILABLE,1.1537365798215409,AVAILABLE,Friday,True
L02109,SHORT,AVAILABLE,0.9571555538393848,AVAILABLE,NEUTRAL,AVAILABLE,1.0068431656889614,AVAILABLE,Friday,True
L02110,SHORT,AVAILABLE,1.3776658678930287,AVAILABLE,NEUTRAL,AVAILABLE,1.9038660878529985,AVAILABLE,Friday,True
L02113,LONG,AVAILABLE,-0.5050360503353442,AVAILABLE,NEUTRAL,AVAILABLE,1.9130340349920327,AVAILABLE,Sunday,True
L02114,LONG,AVAILABLE,2.4407217940011217,AVAILABLE,NEUTRAL,AVAILABLE,2.4338265451536234,AVAILABLE,Monday,True
L02115,SHORT,AVAILABLE,0.7987514877446927,AVAILABLE,NEUTRAL,AVAILABLE,1.9807665912835628,AVAILABLE,Monday,True
L02116,SHORT,AVAILABLE,2.6640009718610886,AVAILABLE,NEUTRAL,AVAILABLE,2.3744361040933337,AVAILABLE,Monday,True
L02117,SHORT,AVAILABLE,0.4164531496505059,AVAILABLE,NEUTRAL,AVAILABLE,1.6496448581151697,AVAILABLE,Monday,True
L02118,LONG,AVAILABLE,0.5775077515207021,AVAILABLE,NEUTRAL,AVAILABLE,1.5672009965409972,AVAILABLE,Monday,True
L02119,LONG,AVAILABLE,0.6374219589800064,AVAILABLE,NEUTRAL,AVAILABLE,0.9171781600504448,AVAILABLE,Monday,True
L02120,LONG,AVAILABLE,1.6635560393903783,AVAILABLE,NEUTRAL,AVAILABLE,1.5716400891103668,AVAILABLE,Monday,True
L02121,SHORT,AVAILABLE,0.4071784443657359,AVAILABLE,AGAINST_SINGLE,AVAILABLE,2.372975924778877,AVAILABLE,Monday,True
L02122,LONG,AVAILABLE,0.5514748684438237,AVAILABLE,ALIGNED_SINGLE,AVAILABLE,2.002651785351877,AVAILABLE,Monday,True
L02124,LONG,AVAILABLE,-0.4059913957979617,AVAILABLE,ALIGNED_SINGLE,AVAILABLE,2.6211762551928706,AVAILABLE,Tuesday,True
L02125,SHORT,AVAILABLE,0.927677159433399,AVAILABLE,AGAINST_SINGLE,AVAILABLE,2.441192080037576,AVAILABLE,Tuesday,True
L02126,SHORT,AVAILABLE,0.624136786735251,AVAILABLE,AGAINST_SINGLE,AVAILABLE,1.889759991740792,AVAILABLE,Tuesday,True
L02127,SHORT,AVAILABLE,1.6435281506003458,AVAILABLE,AGAINST_SINGLE,AVAILABLE,2.051126547033457,AVAILABLE,Tuesday,True
L02128,SHORT,AVAILABLE,0.7416867166167479,AVAILABLE,AGAINST_SINGLE,AVAILABLE,1.2949776363796963,AVAILABLE,Tuesday,True
L02129,SHORT,AVAILABLE,0.8929638106517452,AVAILABLE,AGAINST_SINGLE,AVAILABLE,1.2816001836176265,AVAILABLE,Tuesday,True
L02130,SHORT,AVAILABLE,-0.5245014516149308,AVAILABLE,AGAINST_SINGLE,AVAILABLE,1.4132131610046776,AVAILABLE,Tuesday,True
L02131,SHORT,AVAILABLE,0.1738480163157398,AVAILABLE,AGAINST_SINGLE,AVAILABLE,1.8337758748151731,AVAILABLE,Tuesday,True
L02132,SHORT,AVAILABLE,0.31356745984536,AVAILABLE,AGAINST_CONFIRMED,AVAILABLE,1.7402430719158244,AVAILABLE,Wednesday,True
L02133,SHORT,AVAILABLE,0.9638978531051264,AVAILABLE,AGAINST_CONFIRMED,AVAILABLE,2.601026004721441,AVAILABLE,Wednesday,True
L02134,SHORT,AVAILABLE,1.4521740662729306,AVAILABLE,AGAINST_CONFIRMED,AVAILABLE,2.034276793465188,AVAILABLE,Wednesday,True
L02135,LONG,AVAILABLE,0.6616888057283073,AVAILABLE,ALIGNED_CONFIRMED,AVAILABLE,2.218877874607992,AVAILABLE,Wednesday,True
L02136,LONG,AVAILABLE,1.8651808947698312,AVAILABLE,ALIGNED_CONFIRMED,AVAILABLE,1.841815978660304,AVAILABLE,Wednesday,True
L02137,SHORT,AVAILABLE,1.314619939212582,AVAILABLE,AGAINST_CONFIRMED,AVAILABLE,1.3814723135584688,AVAILABLE,Wednesday,True
L02138,SHORT,AVAILABLE,0.5808931984605269,AVAILABLE,AGAINST_CONFIRMED,AVAILABLE,1.2284390703053574,AVAILABLE,Wednesday,True
L02139,SHORT,AVAILABLE,1.3230589717109769,AVAILABLE,AGAINST_CONFIRMED,AVAILABLE,2.015955477761828,AVAILABLE,Wednesday,True
L02140,LONG,AVAILABLE,0.7108020763094451,AVAILABLE,ALIGNED_CONFIRMED,AVAILABLE,2.2494088021916694,AVAILABLE,Thursday,True
L02141,LONG,AVAILABLE,0.4879478038535418,AVAILABLE,ALIGNED_CONFIRMED,AVAILABLE,2.935848526788766,AVAILABLE,Thursday,True
L02143,LONG,AVAILABLE,1.2821707537843827,AVAILABLE,ALIGNED_CONFIRMED,AVAILABLE,1.7282366789213717,AVAILABLE,Thursday,True
L02146,SHORT,AVAILABLE,0.5871885194753927,AVAILABLE,AGAINST_CONFIRMED,AVAILABLE,2.049309238770058,AVAILABLE,Thursday,True
L02147,LONG,AVAILABLE,0.2241072726850143,AVAILABLE,NEUTRAL,AVAILABLE,2.523063448998599,AVAILABLE,Sunday,True
L02148,LONG,AVAILABLE,0.8495199416407582,AVAILABLE,NEUTRAL,AVAILABLE,1.315055454456679,AVAILABLE,Monday,True
L02150,SHORT,AVAILABLE,1.7672609467903733,AVAILABLE,NEUTRAL,AVAILABLE,2.5669335745167463,AVAILABLE,Monday,True
L02151,SHORT,AVAILABLE,0.9404158533257908,AVAILABLE,NEUTRAL,AVAILABLE,2.514809113053712,AVAILABLE,Monday,True
L02153,LONG,AVAILABLE,1.75342825799072,AVAILABLE,NEUTRAL,AVAILABLE,2.4339195090359165,AVAILABLE,Monday,True
L02154,SHORT,AVAILABLE,1.2517486642855689,AVAILABLE,NEUTRAL,AVAILABLE,1.695208317753964,AVAILABLE,Monday,True
L02155,LONG,AVAILABLE,0.8661003188500606,AVAILABLE,NEUTRAL,AVAILABLE,1.6578525248447065,AVAILABLE,Monday,True
L02156,LONG,AVAILABLE,0.4069864356924783,AVAILABLE,NEUTRAL,AVAILABLE,1.8801920562706749,AVAILABLE,Monday,True
L02157,LONG,AVAILABLE,1.6474285057673674,AVAILABLE,NEUTRAL,AVAILABLE,3.0188859442297,AVAILABLE,Tuesday,True
L02159,SHORT,AVAILABLE,0.8571279844472546,AVAILABLE,NEUTRAL,AVAILABLE,1.4137299202293987,AVAILABLE,Tuesday,True
L02160,LONG,AVAILABLE,0.9941063620617268,AVAILABLE,NEUTRAL,AVAILABLE,1.4285346735258229,AVAILABLE,Tuesday,True
L02162,LONG,AVAILABLE,0.4679678177482979,AVAILABLE,NEUTRAL,AVAILABLE,1.6686432155434905,AVAILABLE,Tuesday,True
L02163,LONG,AVAILABLE,2.2951938836952923,AVAILABLE,NEUTRAL,AVAILABLE,2.1980427151103448,AVAILABLE,Tuesday,True
L02164,SHORT,AVAILABLE,1.0766222432432755,AVAILABLE,NEUTRAL,AVAILABLE,1.5059855079457012,AVAILABLE,Tuesday,True
L02166,SHORT,AVAILABLE,0.8699759313429163,AVAILABLE,AGAINST_SINGLE,AVAILABLE,2.418702737327769,AVAILABLE,Wednesday,True
L02167,LONG,AVAILABLE,0.3334107209913465,AVAILABLE,ALIGNED_SINGLE,AVAILABLE,0.6316938404646112,AVAILABLE,Wednesday,True
L02168,SHORT,AVAILABLE,0.3342298115200616,AVAILABLE,AGAINST_SINGLE,AVAILABLE,1.3793786296365145,AVAILABLE,Wednesday,True
L02170,LONG,AVAILABLE,-0.0351827351581031,AVAILABLE,ALIGNED_SINGLE,AVAILABLE,2.32508286882991,AVAILABLE,Wednesday,True
L02171,LONG,AVAILABLE,-0.1791242123483896,AVAILABLE,ALIGNED_SINGLE,AVAILABLE,1.605920506052428,AVAILABLE,Wednesday,True
L02172,LONG,AVAILABLE,1.0250085285608843,AVAILABLE,ALIGNED_SINGLE,AVAILABLE,1.9010894506495315,AVAILABLE,Wednesday,True
L02174,SHORT,AVAILABLE,-0.5945220974055526,AVAILABLE,AGAINST_CONFIRMED,AVAILABLE,1.6386101664766,AVAILABLE,Wednesday,True
L02175,LONG,AVAILABLE,0.4833265052105773,AVAILABLE,ALIGNED_CONFIRMED,AVAILABLE,1.758902366638676,AVAILABLE,Wednesday,True
L02176,LONG,AVAILABLE,1.5778225115586726,AVAILABLE,ALIGNED_SINGLE,AVAILABLE,1.6316428438720252,AVAILABLE,Thursday,True
L02178,SHORT,AVAILABLE,0.8354128647407748,AVAILABLE,AGAINST_SINGLE,AVAILABLE,1.168236084670985,AVAILABLE,Thursday,True
L02180,LONG,AVAILABLE,1.036249609401816,AVAILABLE,ALIGNED_SINGLE,AVAILABLE,1.552769372979066,AVAILABLE,Thursday,True
L02181,SHORT,AVAILABLE,1.3253133935658812,AVAILABLE,AGAINST_SINGLE,AVAILABLE,1.6242603361647476,AVAILABLE,Thursday,True
L02182,SHORT,AVAILABLE,0.6785602282449404,AVAILABLE,AGAINST_SINGLE,AVAILABLE,1.4675911961087245,AVAILABLE,Thursday,True
L02183,SHORT,AVAILABLE,1.1545465130867434,AVAILABLE,NEUTRAL,AVAILABLE,2.0237510234802647,AVAILABLE,Thursday,True
L02184,LONG,AVAILABLE,0.1598071503755316,AVAILABLE,NEUTRAL,AVAILABLE,0.9924539261235604,AVAILABLE,Thursday,True
L02185,LONG,AVAILABLE,0.733384731091171,AVAILABLE,NEUTRAL,AVAILABLE,1.409250725617491,AVAILABLE,Friday,True
L02187,LONG,AVAILABLE,1.5851635770236456,AVAILABLE,NEUTRAL,AVAILABLE,2.4747247748683123,AVAILABLE,Friday,True
L02188,SHORT,AVAILABLE,0.9033513282736206,AVAILABLE,NEUTRAL,AVAILABLE,1.545082547025815,AVAILABLE,Friday,True
L02190,SHORT,AVAILABLE,1.9104296581630087,AVAILABLE,NEUTRAL,AVAILABLE,2.057620943613056,AVAILABLE,Friday,True
L02191,SHORT,AVAILABLE,1.2008916727306898,AVAILABLE,NEUTRAL,AVAILABLE,1.6202974278791178,AVAILABLE,Friday,True
L02192,LONG,AVAILABLE,0.391223871563624,AVAILABLE,NEUTRAL,AVAILABLE,2.0952385077502758,AVAILABLE,Friday,True
L02194,SHORT,AVAILABLE,0.5967738929939062,AVAILABLE,NEUTRAL,AVAILABLE,1.2843467990190696,AVAILABLE,Monday,True
L02195,SHORT,AVAILABLE,1.0368104244104055,AVAILABLE,NEUTRAL,AVAILABLE,1.2555759909224444,AVAILABLE,Monday,True
L02196,SHORT,AVAILABLE,-0.3641172462300105,AVAILABLE,NEUTRAL,AVAILABLE,1.9410636544778817,AVAILABLE,Monday,True
L02197,SHORT,AVAILABLE,0.1641520909139724,AVAILABLE,NEUTRAL,AVAILABLE,1.323935448901631,AVAILABLE,Monday,True
L02199,LONG,AVAILABLE,1.125775745260533,AVAILABLE,NEUTRAL,AVAILABLE,1.7058213566319032,AVAILABLE,Monday,True
L02200,SHORT,AVAILABLE,0.5810467007262226,AVAILABLE,NEUTRAL,AVAILABLE,1.6160150943239413,AVAILABLE,Monday,True
L02201,SHORT,AVAILABLE,0.0790791773831964,AVAILABLE,NEUTRAL,AVAILABLE,1.392817738022051,AVAILABLE,Monday,True
L02202,LONG,AVAILABLE,1.4238181481662084,AVAILABLE,NEUTRAL,AVAILABLE,1.4574645217009463,AVAILABLE,Monday,True
L02203,SHORT,AVAILABLE,1.122666046134732,AVAILABLE,NEUTRAL,AVAILABLE,1.9821943237899824,AVAILABLE,Monday,True
L02204,SHORT,AVAILABLE,0.6840749828431705,AVAILABLE,NEUTRAL,AVAILABLE,1.4893286842496016,AVAILABLE,Monday,True
L02205,SHORT,AVAILABLE,1.911768930123079,AVAILABLE,NEUTRAL,AVAILABLE,2.496671407541728,AVAILABLE,Monday,True
L02206,SHORT,AVAILABLE,1.0169800767417736,AVAILABLE,NEUTRAL,AVAILABLE,1.4892576914496554,AVAILABLE,Tuesday,True
L02207,SHORT,AVAILABLE,1.2391598865783422,AVAILABLE,NEUTRAL,AVAILABLE,1.37944876152986,AVAILABLE,Tuesday,True
L02208,SHORT,AVAILABLE,3.315348116626008,AVAILABLE,NEUTRAL,AVAILABLE,2.887952241014787,AVAILABLE,Tuesday,True
L02209,SHORT,AVAILABLE,0.5324506295177542,AVAILABLE,NEUTRAL,AVAILABLE,1.3190108915075929,AVAILABLE,Tuesday,True
L02210,LONG,AVAILABLE,0.7305819946132631,AVAILABLE,NEUTRAL,AVAILABLE,1.7169367284747483,AVAILABLE,Tuesday,True
L02211,SHORT,AVAILABLE,1.1997918756345578,AVAILABLE,NEUTRAL,AVAILABLE,2.097092718801,AVAILABLE,Tuesday,True
L02212,SHORT,AVAILABLE,0.8271212516316849,AVAILABLE,NEUTRAL,AVAILABLE,1.2653027049489998,AVAILABLE,Tuesday,True
L02213,SHORT,AVAILABLE,0.5753036061127338,AVAILABLE,NEUTRAL,AVAILABLE,1.4932382498509529,AVAILABLE,Tuesday,True
L02214,SHORT,AVAILABLE,0.6370600969289081,AVAILABLE,NEUTRAL,AVAILABLE,1.2202752436284967,AVAILABLE,Tuesday,True
L02215,SHORT,AVAILABLE,2.6862800407144247,AVAILABLE,NEUTRAL,AVAILABLE,1.90186369784893,AVAILABLE,Tuesday,True
L02216,LONG,AVAILABLE,0.8828674051511715,AVAILABLE,NEUTRAL,AVAILABLE,1.4035592191107769,AVAILABLE,Tuesday,True
L02217,LONG,AVAILABLE,1.294937419877277,AVAILABLE,ALIGNED_SINGLE,AVAILABLE,1.3465069079752587,AVAILABLE,Wednesday,True
L02218,SHORT,AVAILABLE,0.9063146384372104,AVAILABLE,AGAINST_SINGLE,AVAILABLE,3.3871048711740044,AVAILABLE,Wednesday,True
L02219,LONG,AVAILABLE,1.2144808862261978,AVAILABLE,ALIGNED_SINGLE,AVAILABLE,1.3834123328838264,AVAILABLE,Wednesday,True
L02220,LONG,AVAILABLE,0.7078052452648476,AVAILABLE,ALIGNED_SINGLE,AVAILABLE,1.91327506239324,AVAILABLE,Wednesday,True
L02221,LONG,AVAILABLE,0.5334462630366625,AVAILABLE,ALIGNED_SINGLE,AVAILABLE,2.327198539495088,AVAILABLE,Wednesday,True
L02222,SHORT,AVAILABLE,0.509828373084372,AVAILABLE,AGAINST_SINGLE,AVAILABLE,1.0566966542201277,AVAILABLE,Wednesday,True
L02224,LONG,AVAILABLE,0.3157888852535219,AVAILABLE,ALIGNED_SINGLE,AVAILABLE,2.884980843855109,AVAILABLE,Wednesday,True
L02225,SHORT,AVAILABLE,1.7938150007975695,AVAILABLE,AGAINST_SINGLE,AVAILABLE,1.7778805077481286,AVAILABLE,Thursday,True
L02229,LONG,AVAILABLE,-0.484987741721913,AVAILABLE,ALIGNED_SINGLE,AVAILABLE,1.614302132941025,AVAILABLE,Thursday,True
L02230,SHORT,AVAILABLE,-0.1372853650620154,AVAILABLE,AGAINST_SINGLE,AVAILABLE,1.148550560674377,AVAILABLE,Thursday,True
L02231,LONG,AVAILABLE,1.1392197271719262,AVAILABLE,ALIGNED_SINGLE,AVAILABLE,2.665432285057156,AVAILABLE,Thursday,True
L02233,SHORT,AVAILABLE,1.3320982344364425,AVAILABLE,ALIGNED_SINGLE,AVAILABLE,1.4588073017864889,AVAILABLE,Friday,True
L02234,SHORT,AVAILABLE,0.4182403693864481,AVAILABLE,ALIGNED_SINGLE,AVAILABLE,1.5995756556014298,AVAILABLE,Friday,True
L02235,LONG,AVAILABLE,1.2421418926223615,AVAILABLE,NEUTRAL,AVAILABLE,2.8188770573027133,AVAILABLE,Monday,True
L02236,SHORT,AVAILABLE,0.1135300430853412,AVAILABLE,NEUTRAL,AVAILABLE,2.080410493086884,AVAILABLE,Monday,True
L02238,SHORT,AVAILABLE,0.9347954497257588,AVAILABLE,NEUTRAL,AVAILABLE,2.8460324925171654,AVAILABLE,Monday,True
L02239,SHORT,AVAILABLE,1.2261909368738226,AVAILABLE,NEUTRAL,AVAILABLE,1.4965281506286514,AVAILABLE,Monday,True
L02240,SHORT,AVAILABLE,-0.1918214325586677,AVAILABLE,NEUTRAL,AVAILABLE,1.1553554534081654,AVAILABLE,Monday,True
L02241,SHORT,AVAILABLE,-0.8119223935180926,AVAILABLE,NEUTRAL,AVAILABLE,2.814475317880447,AVAILABLE,Monday,True
L02242,SHORT,AVAILABLE,0.92800693749249,AVAILABLE,NEUTRAL,AVAILABLE,1.6573839224915514,AVAILABLE,Monday,True
L02244,LONG,AVAILABLE,1.8549243500539456,AVAILABLE,NEUTRAL,AVAILABLE,1.8082136303005232,AVAILABLE,Tuesday,True
L02249,LONG,AVAILABLE,1.0822533232743723,AVAILABLE,NEUTRAL,AVAILABLE,2.225775053881294,AVAILABLE,Tuesday,True
L02250,LONG,AVAILABLE,2.008068559196428,AVAILABLE,NEUTRAL,AVAILABLE,2.741032644534203,AVAILABLE,Tuesday,True
L02251,LONG,AVAILABLE,2.119732304201707,AVAILABLE,NEUTRAL,AVAILABLE,1.742921396519839,AVAILABLE,Tuesday,True
L02252,LONG,AVAILABLE,1.1521517367857077,AVAILABLE,NEUTRAL,AVAILABLE,1.7451849811320883,AVAILABLE,Tuesday,True
L02254,SHORT,AVAILABLE,1.0210389668459436,AVAILABLE,NEUTRAL,AVAILABLE,1.3386185811140827,AVAILABLE,Wednesday,True
L02255,SHORT,AVAILABLE,1.0268020125705135,AVAILABLE,NEUTRAL,AVAILABLE,1.476964268402421,AVAILABLE,Wednesday,True
L02256,SHORT,AVAILABLE,0.0866428276358781,AVAILABLE,NEUTRAL,AVAILABLE,1.826459654712909,AVAILABLE,Wednesday,True
L02257,SHORT,AVAILABLE,2.1992032136580915,AVAILABLE,NEUTRAL,AVAILABLE,1.8060273384470145,AVAILABLE,Wednesday,True
L02258,SHORT,AVAILABLE,0.452362359113144,AVAILABLE,NEUTRAL,AVAILABLE,1.6183149057622197,AVAILABLE,Wednesday,True
L02260,LONG,AVAILABLE,1.165304025604004,AVAILABLE,NEUTRAL,AVAILABLE,1.6145893091128185,AVAILABLE,Wednesday,True
L02261,LONG,AVAILABLE,0.2246504110499173,AVAILABLE,NEUTRAL,AVAILABLE,1.265714086429924,AVAILABLE,Wednesday,True
L02262,LONG,AVAILABLE,0.4132461390997454,AVAILABLE,NEUTRAL,AVAILABLE,1.7605769688291466,AVAILABLE,Wednesday,True
L02263,SHORT,AVAILABLE,1.735100730360024,AVAILABLE,NEUTRAL,AVAILABLE,1.6790116936250576,AVAILABLE,Wednesday,True
L02264,LONG,AVAILABLE,1.1249578007558376,AVAILABLE,NEUTRAL,AVAILABLE,1.2657956536950692,AVAILABLE,Wednesday,True
L02265,LONG,AVAILABLE,1.090219676129414,AVAILABLE,NEUTRAL,AVAILABLE,1.1431432709361131,AVAILABLE,Wednesday,True
L02267,LONG,AVAILABLE,0.1145742702909477,AVAILABLE,NEUTRAL,AVAILABLE,1.346194087245936,AVAILABLE,Wednesday,True
L02270,LONG,AVAILABLE,0.5454273069094199,AVAILABLE,NEUTRAL,AVAILABLE,1.8275707023118948,AVAILABLE,Thursday,True
L02272,LONG,AVAILABLE,1.140979600157437,AVAILABLE,NEUTRAL,AVAILABLE,1.6525364389209178,AVAILABLE,Thursday,True
L02273,SHORT,AVAILABLE,1.45663180005706,AVAILABLE,NEUTRAL,AVAILABLE,1.6920536186763977,AVAILABLE,Thursday,True
L02274,LONG,AVAILABLE,2.5495271043985777,AVAILABLE,NEUTRAL,AVAILABLE,3.2357685674357475,AVAILABLE,Thursday,True
L02276,SHORT,AVAILABLE,0.0032646153721937,AVAILABLE,NEUTRAL,AVAILABLE,1.8576396940675228,AVAILABLE,Friday,True
L02277,LONG,AVAILABLE,0.3489057140135879,AVAILABLE,NEUTRAL,AVAILABLE,1.6878168120856003,AVAILABLE,Friday,True
L02279,SHORT,AVAILABLE,0.7657069015487238,AVAILABLE,NEUTRAL,AVAILABLE,2.24107912345252,AVAILABLE,Friday,True
L02280,LONG,AVAILABLE,0.3061981255838345,AVAILABLE,AGAINST_SINGLE,AVAILABLE,1.90248031128022,AVAILABLE,Monday,True
L02281,SHORT,AVAILABLE,0.8498515248122956,AVAILABLE,ALIGNED_SINGLE,AVAILABLE,1.3512068988981398,AVAILABLE,Monday,True
L02282,LONG,AVAILABLE,0.5172639650220829,AVAILABLE,AGAINST_SINGLE,AVAILABLE,1.2023982256955483,AVAILABLE,Monday,True
L02284,LONG,AVAILABLE,0.6030762611757473,AVAILABLE,AGAINST_SINGLE,AVAILABLE,1.3954578691379258,AVAILABLE,Monday,True
L02285,LONG,AVAILABLE,0.1990798846639928,AVAILABLE,AGAINST_SINGLE,AVAILABLE,1.2808574087059514,AVAILABLE,Monday,True
L02286,LONG,AVAILABLE,0.0630808236434813,AVAILABLE,AGAINST_SINGLE,AVAILABLE,1.5228919427256984,AVAILABLE,Monday,True
L02287,LONG,AVAILABLE,0.9923029218361618,AVAILABLE,AGAINST_SINGLE,AVAILABLE,2.010842451647508,AVAILABLE,Monday,True
L02288,SHORT,AVAILABLE,1.1207313909793553,AVAILABLE,NEUTRAL,AVAILABLE,2.265334785824292,AVAILABLE,Tuesday,True
L02289,LONG,AVAILABLE,0.225584182169739,AVAILABLE,NEUTRAL,AVAILABLE,2.1115180234917474,AVAILABLE,Tuesday,True
L02290,LONG,AVAILABLE,0.6003913708168048,AVAILABLE,NEUTRAL,AVAILABLE,1.8828675931476704,AVAILABLE,Tuesday,True
L02291,LONG,AVAILABLE,1.870176132520944,AVAILABLE,NEUTRAL,AVAILABLE,1.351152963725747,AVAILABLE,Tuesday,True
L02292,LONG,AVAILABLE,0.897416110731745,AVAILABLE,NEUTRAL,AVAILABLE,1.5253293768708929,AVAILABLE,Tuesday,True
L02293,LONG,AVAILABLE,1.1086991847510044,AVAILABLE,NEUTRAL,AVAILABLE,1.4666527974981975,AVAILABLE,Tuesday,True
L02294,LONG,AVAILABLE,2.284037914529813,AVAILABLE,NEUTRAL,AVAILABLE,2.7708490987203658,AVAILABLE,Tuesday,True
L02295,SHORT,AVAILABLE,0.3763795602478061,AVAILABLE,NEUTRAL,AVAILABLE,2.5822589053610496,AVAILABLE,Wednesday,True
L02296,LONG,AVAILABLE,1.6850741229381754,AVAILABLE,NEUTRAL,AVAILABLE,2.19321581050216,AVAILABLE,Wednesday,True
L02298,LONG,AVAILABLE,1.7681480581710722,AVAILABLE,NEUTRAL,AVAILABLE,2.129664735945885,AVAILABLE,Wednesday,True
L02299,LONG,AVAILABLE,-0.0725331147164074,AVAILABLE,NEUTRAL,AVAILABLE,0.6712247668958772,AVAILABLE,Wednesday,True
L02300,SHORT,AVAILABLE,-0.1864490229686981,AVAILABLE,NEUTRAL,AVAILABLE,0.397431271076218,AVAILABLE,Wednesday,True
L02301,LONG,AVAILABLE,0.6344176690298514,AVAILABLE,NEUTRAL,AVAILABLE,1.0757309525737129,AVAILABLE,Wednesday,True
L02304,SHORT,AVAILABLE,1.7273832958439297,AVAILABLE,ALIGNED_CONFIRMED,AVAILABLE,1.9364153979359064,AVAILABLE,Thursday,True
L02305,SHORT,AVAILABLE,0.4207280361557978,AVAILABLE,ALIGNED_CONFIRMED,AVAILABLE,1.2789815306705414,AVAILABLE,Thursday,True
L02306,SHORT,AVAILABLE,0.9878334259214064,AVAILABLE,ALIGNED_CONFIRMED,AVAILABLE,1.9731332937857216,AVAILABLE,Thursday,True
L02307,SHORT,AVAILABLE,0.5624162249538298,AVAILABLE,ALIGNED_CONFIRMED,AVAILABLE,1.679446681746778,AVAILABLE,Thursday,True
L02309,SHORT,AVAILABLE,0.6616018073922518,AVAILABLE,ALIGNED_CONFIRMED,AVAILABLE,1.49743631029747,AVAILABLE,Thursday,True
L02310,LONG,AVAILABLE,0.35198283214319,AVAILABLE,AGAINST_CONFIRMED,AVAILABLE,1.8387201726966835,AVAILABLE,Thursday,True
L02311,LONG,AVAILABLE,0.0837845661753607,AVAILABLE,AGAINST_CONFIRMED,AVAILABLE,1.2403455774521337,AVAILABLE,Thursday,True
L02314,LONG,AVAILABLE,1.2348806917762618,AVAILABLE,NEUTRAL,AVAILABLE,1.3930261727263922,AVAILABLE,Friday,True
L02315,SHORT,AVAILABLE,1.3103903588014574,AVAILABLE,NEUTRAL,AVAILABLE,2.4951613576569427,AVAILABLE,Friday,True
L02316,LONG,AVAILABLE,0.602645655980139,AVAILABLE,NEUTRAL,AVAILABLE,2.108728662302048,AVAILABLE,Friday,True
L02317,LONG,AVAILABLE,0.3526962078226955,AVAILABLE,NEUTRAL,AVAILABLE,1.531627097663835,AVAILABLE,Friday,True
L02318,LONG,AVAILABLE,0.8501725687469688,AVAILABLE,NEUTRAL,AVAILABLE,1.2519047552221394,AVAILABLE,Friday,True
L02320,SHORT,AVAILABLE,0.2739358049958809,AVAILABLE,NEUTRAL,AVAILABLE,2.8486298848613667,AVAILABLE,Friday,True
L02321,SHORT,AVAILABLE,1.2062011307052904,AVAILABLE,NEUTRAL,AVAILABLE,2.8203926127911223,AVAILABLE,Friday,True
L02322,SHORT,AVAILABLE,0.9569547448631476,AVAILABLE,AGAINST_SINGLE,AVAILABLE,1.8259817452895453,AVAILABLE,Sunday,True
L02324,LONG,AVAILABLE,-0.1897785280947178,AVAILABLE,ALIGNED_SINGLE,AVAILABLE,2.0356352532363964,AVAILABLE,Monday,True
L02325,LONG,AVAILABLE,0.2550351038762039,AVAILABLE,ALIGNED_SINGLE,AVAILABLE,1.4316540675017682,AVAILABLE,Monday,True
L02327,LONG,AVAILABLE,1.8339956963089623,AVAILABLE,ALIGNED_SINGLE,AVAILABLE,1.9188574037554345,AVAILABLE,Monday,True
L02328,LONG,AVAILABLE,0.5602840277817936,AVAILABLE,ALIGNED_SINGLE,AVAILABLE,1.3571230821109783,AVAILABLE,Monday,True
L02330,LONG,AVAILABLE,2.4107490092105968,AVAILABLE,ALIGNED_SINGLE,AVAILABLE,3.8559017085917326,AVAILABLE,Monday,True
L02331,LONG,AVAILABLE,1.0702860858199172,AVAILABLE,ALIGNED_SINGLE,AVAILABLE,1.66363705779708,AVAILABLE,Monday,True
L02332,SHORT,AVAILABLE,0.962098639252475,AVAILABLE,NEUTRAL,AVAILABLE,1.4841094780239392,AVAILABLE,Tuesday,True
L02333,SHORT,AVAILABLE,1.378377615475786,AVAILABLE,NEUTRAL,AVAILABLE,1.759488637578105,AVAILABLE,Tuesday,True
L02334,SHORT,AVAILABLE,1.0456692357939508,AVAILABLE,NEUTRAL,AVAILABLE,2.178071430637429,AVAILABLE,Tuesday,True
L02335,SHORT,AVAILABLE,1.1147172224650537,AVAILABLE,NEUTRAL,AVAILABLE,1.381828257529591,AVAILABLE,Tuesday,True
L02336,SHORT,AVAILABLE,1.3876198706208969,AVAILABLE,NEUTRAL,AVAILABLE,1.8061738325631171,AVAILABLE,Tuesday,True
L02337,SHORT,AVAILABLE,0.1507710504891058,AVAILABLE,NEUTRAL,AVAILABLE,1.3754754496882904,AVAILABLE,Tuesday,True
L02338,SHORT,AVAILABLE,1.1477480134237927,AVAILABLE,NEUTRAL,AVAILABLE,1.590135134050399,AVAILABLE,Tuesday,True
L02339,SHORT,AVAILABLE,0.9672333552512776,AVAILABLE,NEUTRAL,AVAILABLE,1.762479846877863,AVAILABLE,Tuesday,True
L02341,SHORT,AVAILABLE,0.6551426739474182,AVAILABLE,NEUTRAL,AVAILABLE,1.1355629200835506,AVAILABLE,Tuesday,True
L02343,SHORT,AVAILABLE,1.51978631171484,AVAILABLE,NEUTRAL,AVAILABLE,1.673886473224145,AVAILABLE,Wednesday,True
L02344,SHORT,AVAILABLE,1.0505221446004518,AVAILABLE,NEUTRAL,AVAILABLE,1.193972237831615,AVAILABLE,Wednesday,True
L02345,SHORT,AVAILABLE,1.981883526782984,AVAILABLE,NEUTRAL,AVAILABLE,1.297828506003359,AVAILABLE,Wednesday,True
L02346,SHORT,AVAILABLE,0.5248526499399374,AVAILABLE,NEUTRAL,AVAILABLE,1.5760123446446437,AVAILABLE,Wednesday,True
L02347,SHORT,AVAILABLE,1.4874626663479735,AVAILABLE,NEUTRAL,AVAILABLE,1.7216672388452197,AVAILABLE,Wednesday,True
L02348,LONG,AVAILABLE,0.2067227161386057,AVAILABLE,NEUTRAL,AVAILABLE,0.7639113581034367,AVAILABLE,Wednesday,True
L02349,LONG,AVAILABLE,0.0301645066649188,AVAILABLE,NEUTRAL,AVAILABLE,2.447846706282151,AVAILABLE,Wednesday,True
L02350,SHORT,AVAILABLE,0.1288063639806054,AVAILABLE,NEUTRAL,AVAILABLE,1.4076101990615248,AVAILABLE,Wednesday,True
L02352,SHORT,AVAILABLE,0.2847056852922449,AVAILABLE,NEUTRAL,AVAILABLE,1.0273680038239204,AVAILABLE,Wednesday,True
L02355,SHORT,AVAILABLE,1.7909811586714672,AVAILABLE,AGAINST_SINGLE,AVAILABLE,1.974100306269445,AVAILABLE,Thursday,True
L02356,SHORT,AVAILABLE,2.0252072053363506,AVAILABLE,AGAINST_SINGLE,AVAILABLE,1.8546452050426545,AVAILABLE,Thursday,True
L02357,SHORT,AVAILABLE,-0.4600399042522926,AVAILABLE,AGAINST_SINGLE,AVAILABLE,0.3385292223569262,AVAILABLE,Thursday,True
L02358,SHORT,AVAILABLE,0.9262756532030116,AVAILABLE,AGAINST_SINGLE,AVAILABLE,1.616727993911891,AVAILABLE,Thursday,True
L02360,SHORT,AVAILABLE,1.863125588256036,AVAILABLE,AGAINST_SINGLE,AVAILABLE,1.7592036341584056,AVAILABLE,Thursday,True
L02361,SHORT,AVAILABLE,0.250324366540556,AVAILABLE,AGAINST_SINGLE,AVAILABLE,1.250563747786806,AVAILABLE,Thursday,True
L02362,SHORT,AVAILABLE,1.1189881524109735,AVAILABLE,AGAINST_SINGLE,AVAILABLE,1.3326563973750023,AVAILABLE,Thursday,True
L02363,LONG,AVAILABLE,1.3627548301942327,AVAILABLE,ALIGNED_SINGLE,AVAILABLE,2.285410138145104,AVAILABLE,Thursday,True
L02364,LONG,AVAILABLE,0.7841147228723978,AVAILABLE,ALIGNED_CONFIRMED,AVAILABLE,1.3603750045768257,AVAILABLE,Thursday,True
L02365,SHORT,AVAILABLE,1.4327203392730032,AVAILABLE,AGAINST_SINGLE,AVAILABLE,1.8284314861333664,AVAILABLE,Friday,True
L02366,SHORT,AVAILABLE,0.670224446430409,AVAILABLE,AGAINST_SINGLE,AVAILABLE,1.5747524164786433,AVAILABLE,Friday,True
L02367,SHORT,AVAILABLE,1.9108316970885892,AVAILABLE,AGAINST_SINGLE,AVAILABLE,2.100301912366401,AVAILABLE,Friday,True
L02368,SHORT,AVAILABLE,0.3126527696689717,AVAILABLE,AGAINST_SINGLE,AVAILABLE,1.3586304275734808,AVAILABLE,Friday,True
L02369,SHORT,AVAILABLE,0.2182578149196295,AVAILABLE,AGAINST_SINGLE,AVAILABLE,0.7658331391982734,AVAILABLE,Friday,True
L02370,LONG,AVAILABLE,-0.1050139564149941,AVAILABLE,ALIGNED_SINGLE,AVAILABLE,0.482282999024101,AVAILABLE,Friday,True
L02372,SHORT,AVAILABLE,1.3839730220405224,AVAILABLE,AGAINST_SINGLE,AVAILABLE,1.4825033086174917,AVAILABLE,Friday,True
L02375,LONG,AVAILABLE,0.3886332335240843,AVAILABLE,NEUTRAL,AVAILABLE,2.973721832392007,AVAILABLE,Sunday,True
L02376,LONG,AVAILABLE,2.6298692172611475,AVAILABLE,NEUTRAL,AVAILABLE,2.218265247701668,AVAILABLE,Monday,True
L02377,LONG,AVAILABLE,0.0821116815652763,AVAILABLE,NEUTRAL,AVAILABLE,2.2296406567683715,AVAILABLE,Monday,True
L02378,LONG,AVAILABLE,0.1507555308940255,AVAILABLE,NEUTRAL,AVAILABLE,1.46129220896046,AVAILABLE,Monday,True
L02379,LONG,AVAILABLE,2.1011806713928736,AVAILABLE,NEUTRAL,AVAILABLE,2.7047919193072096,AVAILABLE,Monday,True
L02380,SHORT,AVAILABLE,1.8574383328615465,AVAILABLE,NEUTRAL,AVAILABLE,2.445754085627026,AVAILABLE,Monday,True
L02381,SHORT,AVAILABLE,1.4005673361637647,AVAILABLE,ALIGNED_SINGLE,AVAILABLE,1.855744522622524,AVAILABLE,Tuesday,True
L02382,LONG,AVAILABLE,0.67711476162442,AVAILABLE,AGAINST_SINGLE,AVAILABLE,1.5737848559864696,AVAILABLE,Tuesday,True
L02383,LONG,AVAILABLE,1.0431861905465372,AVAILABLE,AGAINST_SINGLE,AVAILABLE,1.300663130630924,AVAILABLE,Tuesday,True
L02384,LONG,AVAILABLE,1.2909185277082216,AVAILABLE,AGAINST_SINGLE,AVAILABLE,2.040865289763546,AVAILABLE,Tuesday,True
L02385,LONG,AVAILABLE,1.2360785479275411,AVAILABLE,AGAINST_SINGLE,AVAILABLE,1.7385030079003871,AVAILABLE,Tuesday,True
L02386,SHORT,AVAILABLE,1.30841668010555,AVAILABLE,ALIGNED_SINGLE,AVAILABLE,1.462155476651625,AVAILABLE,Tuesday,True
L02389,LONG,AVAILABLE,0.8817760904015869,AVAILABLE,AGAINST_SINGLE,AVAILABLE,1.92914364558622,AVAILABLE,Tuesday,True
L02390,LONG,AVAILABLE,1.509938336253684,AVAILABLE,AGAINST_SINGLE,AVAILABLE,1.8442328372287964,AVAILABLE,Tuesday,True
L02391,LONG,AVAILABLE,0.1440954100395524,AVAILABLE,AGAINST_SINGLE,AVAILABLE,3.2639271131919703,AVAILABLE,Tuesday,True
L02392,SHORT,AVAILABLE,-0.0937925497925297,AVAILABLE,NEUTRAL,AVAILABLE,1.8767396758132944,AVAILABLE,Tuesday,True
L02393,SHORT,AVAILABLE,-0.1848512347056201,AVAILABLE,NEUTRAL,AVAILABLE,1.2843556510277658,AVAILABLE,Tuesday,True
L02394,SHORT,AVAILABLE,0.7108534662072102,AVAILABLE,NEUTRAL,AVAILABLE,1.0968513317675068,AVAILABLE,Tuesday,True
L02395,SHORT,AVAILABLE,0.8230750197612043,AVAILABLE,NEUTRAL,AVAILABLE,1.250569899218955,AVAILABLE,Wednesday,True
L02396,LONG,AVAILABLE,1.041716717471401,AVAILABLE,NEUTRAL,AVAILABLE,1.6297763344022107,AVAILABLE,Wednesday,True
L02398,LONG,AVAILABLE,1.1826555438205553,AVAILABLE,NEUTRAL,AVAILABLE,1.7332753366659512,AVAILABLE,Wednesday,True
L02399,SHORT,AVAILABLE,1.4502101749208205,AVAILABLE,NEUTRAL,AVAILABLE,1.427971417027999,AVAILABLE,Wednesday,True
L02400,LONG,AVAILABLE,1.2719490358944814,AVAILABLE,NEUTRAL,AVAILABLE,1.9171237889417485,AVAILABLE,Wednesday,True
L02401,LONG,AVAILABLE,0.2309717449177764,AVAILABLE,NEUTRAL,AVAILABLE,1.6448920201241737,AVAILABLE,Wednesday,True
L02402,SHORT,AVAILABLE,1.2727034052073871,AVAILABLE,NEUTRAL,AVAILABLE,1.80998217881968,AVAILABLE,Wednesday,True
L02403,SHORT,AVAILABLE,-0.5672138108509103,AVAILABLE,NEUTRAL,AVAILABLE,1.28942961449909,AVAILABLE,Wednesday,True
L02405,LONG,AVAILABLE,0.7949229438203206,AVAILABLE,NEUTRAL,AVAILABLE,2.902253627942313,AVAILABLE,Wednesday,True
L02406,SHORT,AVAILABLE,0.94162251498357,AVAILABLE,ALIGNED_SINGLE,AVAILABLE,1.925138471780776,AVAILABLE,Thursday,True
L02408,LONG,AVAILABLE,0.296895253526959,AVAILABLE,AGAINST_SINGLE,AVAILABLE,1.5834633159734794,AVAILABLE,Thursday,True
L02409,SHORT,AVAILABLE,0.5596170736288727,AVAILABLE,ALIGNED_SINGLE,AVAILABLE,2.3984129893678,AVAILABLE,Thursday,True
L02411,SHORT,AVAILABLE,0.5518763158057122,AVAILABLE,ALIGNED_SINGLE,AVAILABLE,2.622449873304985,AVAILABLE,Thursday,True
L02412,SHORT,AVAILABLE,2.0169945502758284,AVAILABLE,ALIGNED_SINGLE,AVAILABLE,2.6780000617091075,AVAILABLE,Thursday,True
L02413,LONG,AVAILABLE,1.0786702750384023,AVAILABLE,AGAINST_SINGLE,AVAILABLE,2.802426353848285,AVAILABLE,Thursday,True
L02414,LONG,AVAILABLE,0.7039490566903666,AVAILABLE,AGAINST_SINGLE,AVAILABLE,2.006256391085979,AVAILABLE,Thursday,True
L02415,SHORT,AVAILABLE,0.9395979565382953,AVAILABLE,ALIGNED_SINGLE,AVAILABLE,1.110675371713592,AVAILABLE,Thursday,True
L02416,LONG,AVAILABLE,1.2866949271190302,AVAILABLE,AGAINST_SINGLE,AVAILABLE,3.804291179541752,AVAILABLE,Thursday,True
L02417,LONG,AVAILABLE,0.7915067215421446,AVAILABLE,AGAINST_SINGLE,AVAILABLE,2.1366631443598405,AVAILABLE,Friday,True
L02418,LONG,AVAILABLE,1.5823708584922662,AVAILABLE,AGAINST_SINGLE,AVAILABLE,1.5465102115953708,AVAILABLE,Friday,True
L02419,LONG,AVAILABLE,0.9546785944481732,AVAILABLE,AGAINST_SINGLE,AVAILABLE,1.2400331183888946,AVAILABLE,Friday,True
L02420,LONG,AVAILABLE,1.383125140671451,AVAILABLE,AGAINST_SINGLE,AVAILABLE,2.0578248765054856,AVAILABLE,Friday,True
L02423,LONG,AVAILABLE,0.423336507991294,AVAILABLE,AGAINST_SINGLE,AVAILABLE,1.298309932275142,AVAILABLE,Friday,True
L02424,LONG,AVAILABLE,0.8460282076133521,AVAILABLE,AGAINST_SINGLE,AVAILABLE,1.170540993577199,AVAILABLE,Friday,True
L02425,LONG,AVAILABLE,0.8002046921307866,AVAILABLE,AGAINST_SINGLE,AVAILABLE,1.5189510326887954,AVAILABLE,Friday,True
L02427,SHORT,AVAILABLE,1.0840124455635167,AVAILABLE,ALIGNED_SINGLE,AVAILABLE,1.3503074405846716,AVAILABLE,Friday,True
L02428,SHORT,AVAILABLE,1.419243930264985,AVAILABLE,ALIGNED_SINGLE,AVAILABLE,2.149050761996134,AVAILABLE,Sunday,True
L02429,LONG,AVAILABLE,0.3887845970344976,AVAILABLE,AGAINST_SINGLE,AVAILABLE,1.541521443419077,AVAILABLE,Sunday,True
L02430,LONG,AVAILABLE,3.056493722431845,AVAILABLE,AGAINST_SINGLE,AVAILABLE,2.5091338910291068,AVAILABLE,Monday,True
L02431,SHORT,AVAILABLE,1.550131664991908,AVAILABLE,ALIGNED_SINGLE,AVAILABLE,2.009041574044363,AVAILABLE,Monday,True
L02433,SHORT,AVAILABLE,0.44975303040594,AVAILABLE,ALIGNED_SINGLE,AVAILABLE,2.650044380318532,AVAILABLE,Monday,True
L02434,SHORT,AVAILABLE,0.6468910595052701,AVAILABLE,ALIGNED_SINGLE,AVAILABLE,1.432624233503507,AVAILABLE,Monday,True
L02436,LONG,AVAILABLE,0.2884652082274374,AVAILABLE,AGAINST_SINGLE,AVAILABLE,1.3660822993336443,AVAILABLE,Monday,True
L02437,SHORT,AVAILABLE,0.7188364416376546,AVAILABLE,ALIGNED_SINGLE,AVAILABLE,1.889410348733833,AVAILABLE,Monday,True
L02438,LONG,AVAILABLE,0.4603543444384737,AVAILABLE,AGAINST_SINGLE,AVAILABLE,3.3665679914479405,AVAILABLE,Tuesday,True
L02439,LONG,AVAILABLE,1.977897784327468,AVAILABLE,AGAINST_SINGLE,AVAILABLE,1.80696333526778,AVAILABLE,Tuesday,True
L02440,LONG,AVAILABLE,1.0998680053177194,AVAILABLE,AGAINST_SINGLE,AVAILABLE,1.507875498772142,AVAILABLE,Tuesday,True
L02441,LONG,AVAILABLE,0.5701658409078569,AVAILABLE,AGAINST_SINGLE,AVAILABLE,1.0142625521784872,AVAILABLE,Tuesday,True
L02442,LONG,AVAILABLE,0.0351544118518695,AVAILABLE,AGAINST_SINGLE,AVAILABLE,1.5366030590918405,AVAILABLE,Tuesday,True
L02443,LONG,AVAILABLE,2.6760424264766685,AVAILABLE,AGAINST_SINGLE,AVAILABLE,2.2593864128641576,AVAILABLE,Tuesday,True
L02444,LONG,AVAILABLE,1.8771237402168008,AVAILABLE,AGAINST_SINGLE,AVAILABLE,3.313692501482962,AVAILABLE,Tuesday,True
L02445,LONG,AVAILABLE,1.5119445933997615,AVAILABLE,NEUTRAL,AVAILABLE,2.763323531382719,AVAILABLE,Wednesday,True
L02446,LONG,AVAILABLE,0.2934845662204337,AVAILABLE,NEUTRAL,AVAILABLE,1.4379541439528016,AVAILABLE,Wednesday,True
L02447,SHORT,AVAILABLE,1.1660752236448335,AVAILABLE,NEUTRAL,AVAILABLE,1.450122609761963,AVAILABLE,Wednesday,True
L02448,SHORT,AVAILABLE,1.1824682748205966,AVAILABLE,NEUTRAL,AVAILABLE,1.3820034692737324,AVAILABLE,Wednesday,True
L02449,SHORT,AVAILABLE,-0.3230286215891951,AVAILABLE,NEUTRAL,AVAILABLE,1.2937447259539918,AVAILABLE,Wednesday,True
L02451,SHORT,AVAILABLE,0.9196771715414476,AVAILABLE,NEUTRAL,AVAILABLE,2.6808061023196768,AVAILABLE,Wednesday,True
L02452,SHORT,AVAILABLE,0.6096373463322836,AVAILABLE,NEUTRAL,AVAILABLE,2.184339691324137,AVAILABLE,Thursday,True
L02453,SHORT,AVAILABLE,1.3704866953321304,AVAILABLE,NEUTRAL,AVAILABLE,2.014833719759941,AVAILABLE,Thursday,True
L02455,LONG,AVAILABLE,0.8132282736956827,AVAILABLE,NEUTRAL,AVAILABLE,2.0514273507761773,AVAILABLE,Thursday,True
L02456,LONG,AVAILABLE,1.0649724789133177,AVAILABLE,NEUTRAL,AVAILABLE,1.5613931534134868,AVAILABLE,Thursday,True
L02457,LONG,AVAILABLE,0.4257074664762564,AVAILABLE,NEUTRAL,AVAILABLE,2.270553969253265,AVAILABLE,Thursday,True
L02458,LONG,AVAILABLE,0.3567654129620617,AVAILABLE,NEUTRAL,AVAILABLE,1.564936136685209,AVAILABLE,Thursday,True
L02459,LONG,AVAILABLE,0.2383929133106611,AVAILABLE,NEUTRAL,AVAILABLE,1.3807181863847464,AVAILABLE,Thursday,True
L02461,SHORT,AVAILABLE,1.0949333029573982,AVAILABLE,NEUTRAL,AVAILABLE,2.2575295184986657,AVAILABLE,Thursday,True
L02462,SHORT,AVAILABLE,0.3397539037006636,AVAILABLE,NEUTRAL,AVAILABLE,1.2229717134379814,AVAILABLE,Thursday,True
L02464,LONG,AVAILABLE,0.3271778283856629,AVAILABLE,NEUTRAL,AVAILABLE,1.3623683972710634,AVAILABLE,Friday,True
L02465,LONG,AVAILABLE,1.0809332278285382,AVAILABLE,NEUTRAL,AVAILABLE,1.4446830266730484,AVAILABLE,Friday,True
L02466,LONG,AVAILABLE,0.6861258947118336,AVAILABLE,NEUTRAL,AVAILABLE,3.1081102097940265,AVAILABLE,Friday,True
L02468,SHORT,AVAILABLE,2.068693340087716,AVAILABLE,NEUTRAL,AVAILABLE,1.8048303948396924,AVAILABLE,Sunday,True
L02470,LONG,AVAILABLE,2.7082053277902083,AVAILABLE,NEUTRAL,AVAILABLE,2.88879290504642,AVAILABLE,Monday,True
L02472,SHORT,AVAILABLE,1.045194936764041,AVAILABLE,NEUTRAL,AVAILABLE,1.5548853283246706,AVAILABLE,Monday,True
L02474,LONG,AVAILABLE,-0.1670781081726278,AVAILABLE,ALIGNED_SINGLE,AVAILABLE,1.5587220003083826,AVAILABLE,Tuesday,True
L02475,LONG,AVAILABLE,0.36168605003958,AVAILABLE,ALIGNED_SINGLE,AVAILABLE,2.210425639405288,AVAILABLE,Tuesday,True
L02476,LONG,AVAILABLE,0.4772309550572859,AVAILABLE,ALIGNED_SINGLE,AVAILABLE,2.247044642698792,AVAILABLE,Tuesday,True
L02477,LONG,AVAILABLE,0.5333237692097201,AVAILABLE,ALIGNED_SINGLE,AVAILABLE,1.8187693412815704,AVAILABLE,Tuesday,True
L02479,LONG,AVAILABLE,0.0177798195006607,AVAILABLE,ALIGNED_SINGLE,AVAILABLE,1.1391694552055445,AVAILABLE,Tuesday,True
L02480,LONG,AVAILABLE,1.9638335610442048,AVAILABLE,ALIGNED_SINGLE,AVAILABLE,1.84101512712141,AVAILABLE,Tuesday,True
L02481,LONG,AVAILABLE,0.8416755081502147,AVAILABLE,ALIGNED_SINGLE,AVAILABLE,1.5775372975091533,AVAILABLE,Tuesday,True
L02483,LONG,AVAILABLE,1.358819653174705,AVAILABLE,ALIGNED_SINGLE,AVAILABLE,1.540110940674449,AVAILABLE,Tuesday,True
L02484,LONG,AVAILABLE,1.7246008106987356,AVAILABLE,ALIGNED_SINGLE,AVAILABLE,2.734165091988024,AVAILABLE,Tuesday,True
L02485,LONG,AVAILABLE,0.8832734015075965,AVAILABLE,ALIGNED_SINGLE,AVAILABLE,1.4979475387703227,AVAILABLE,Tuesday,True
L02487,SHORT,AVAILABLE,1.129612037074302,AVAILABLE,AGAINST_SINGLE,AVAILABLE,1.6874102857344055,AVAILABLE,Tuesday,True
L02488,SHORT,AVAILABLE,1.3024161892922688,AVAILABLE,NEUTRAL,AVAILABLE,2.054936490962551,AVAILABLE,Wednesday,True
L02491,LONG,AVAILABLE,1.3516231207689258,AVAILABLE,NEUTRAL,AVAILABLE,1.622759423532981,AVAILABLE,Wednesday,True
L02493,SHORT,AVAILABLE,0.2246999416188382,AVAILABLE,NEUTRAL,AVAILABLE,2.26194086637946,AVAILABLE,Wednesday,True
L02495,SHORT,AVAILABLE,0.7098996946657348,AVAILABLE,NEUTRAL,AVAILABLE,2.2502270609717208,AVAILABLE,Wednesday,True
L02496,LONG,AVAILABLE,0.5508642374838332,AVAILABLE,AGAINST_SINGLE,AVAILABLE,1.382297907983886,AVAILABLE,Thursday,True
L02497,LONG,AVAILABLE,0.3849974847345753,AVAILABLE,AGAINST_SINGLE,AVAILABLE,1.1562529190372646,AVAILABLE,Thursday,True
L02498,LONG,AVAILABLE,0.2083196875439772,AVAILABLE,AGAINST_SINGLE,AVAILABLE,1.399975183859267,AVAILABLE,Thursday,True
L02500,SHORT,AVAILABLE,1.60496211203729,AVAILABLE,ALIGNED_SINGLE,AVAILABLE,2.5464167085421425,AVAILABLE,Thursday,True
L02501,SHORT,AVAILABLE,0.2894813960672028,AVAILABLE,ALIGNED_SINGLE,AVAILABLE,1.9227131648666465,AVAILABLE,Thursday,True
L02503,LONG,AVAILABLE,0.7746309157729417,AVAILABLE,AGAINST_CONFIRMED,AVAILABLE,1.309913600380039,AVAILABLE,Thursday,True
L02504,LONG,AVAILABLE,0.1814505640662232,AVAILABLE,AGAINST_CONFIRMED,AVAILABLE,1.2695174596476848,AVAILABLE,Thursday,True
L02505,LONG,AVAILABLE,1.8942041290058436,AVAILABLE,AGAINST_CONFIRMED,AVAILABLE,1.377160373363408,AVAILABLE,Thursday,True
L02506,SHORT,AVAILABLE,1.0525181226491118,AVAILABLE,ALIGNED_SINGLE,AVAILABLE,1.2834402174303932,AVAILABLE,Friday,True
L02507,SHORT,AVAILABLE,2.757773447626776,AVAILABLE,ALIGNED_SINGLE,AVAILABLE,3.0501616010675323,AVAILABLE,Friday,True
L02508,SHORT,AVAILABLE,1.5426713623802466,AVAILABLE,ALIGNED_SINGLE,AVAILABLE,2.129240076325701,AVAILABLE,Friday,True
L02510,SHORT,AVAILABLE,1.0887427936557457,AVAILABLE,ALIGNED_SINGLE,AVAILABLE,1.2321825509831068,AVAILABLE,Friday,True
L02511,SHORT,AVAILABLE,2.0884922199363123,AVAILABLE,ALIGNED_SINGLE,AVAILABLE,2.2626650877278016,AVAILABLE,Friday,True
L02512,SHORT,AVAILABLE,0.8723387635315921,AVAILABLE,ALIGNED_SINGLE,AVAILABLE,1.889317814204579,AVAILABLE,Friday,True
L02513,LONG,AVAILABLE,1.538806534233777,AVAILABLE,AGAINST_SINGLE,AVAILABLE,1.7231823090570535,AVAILABLE,Friday,True
L02514,SHORT,AVAILABLE,2.747918898497322,AVAILABLE,ALIGNED_SINGLE,AVAILABLE,2.292185255155783,AVAILABLE,Friday,True
L02515,SHORT,AVAILABLE,1.2230215241758922,AVAILABLE,ALIGNED_SINGLE,AVAILABLE,2.6230394883635717,AVAILABLE,Friday,True
L02516,LONG,AVAILABLE,0.4387186150024667,AVAILABLE,NEUTRAL,AVAILABLE,3.479028320390768,AVAILABLE,Sunday,True
L02517,LONG,AVAILABLE,0.0344405452158041,AVAILABLE,NEUTRAL,AVAILABLE,1.533939941119396,AVAILABLE,Monday,True
L02519,LONG,AVAILABLE,0.9746948919585918,AVAILABLE,NEUTRAL,AVAILABLE,1.9079295344766365,AVAILABLE,Monday,True
L02520,LONG,AVAILABLE,0.8010279004566727,AVAILABLE,NEUTRAL,AVAILABLE,1.3200962919194907,AVAILABLE,Monday,True
L02521,LONG,AVAILABLE,0.3743628743441158,AVAILABLE,NEUTRAL,AVAILABLE,1.67070802756089,AVAILABLE,Monday,True
L02522,SHORT,AVAILABLE,0.3286499457243707,AVAILABLE,NEUTRAL,AVAILABLE,1.3917043830642395,AVAILABLE,Monday,True
L02523,LONG,AVAILABLE,0.5058452672564779,AVAILABLE,NEUTRAL,AVAILABLE,1.6905200096940611,AVAILABLE,Monday,True
L02524,LONG,AVAILABLE,0.6720378139111607,AVAILABLE,NEUTRAL,AVAILABLE,1.553409644745511,AVAILABLE,Monday,True
L02525,LONG,AVAILABLE,0.0442980451402876,AVAILABLE,NEUTRAL,AVAILABLE,0.7085956145921427,AVAILABLE,Monday,True
L02526,SHORT,AVAILABLE,-0.1617744322326297,AVAILABLE,NEUTRAL,AVAILABLE,1.410323943467782,AVAILABLE,Monday,True
L02527,SHORT,AVAILABLE,0.7302870108089659,AVAILABLE,NEUTRAL,AVAILABLE,1.1708291561784558,AVAILABLE,Monday,True
L02528,LONG,AVAILABLE,0.0540151333609042,AVAILABLE,NEUTRAL,AVAILABLE,1.7707455254012228,AVAILABLE,Monday,True
L02530,SHORT,AVAILABLE,1.832557994488858,AVAILABLE,NEUTRAL,AVAILABLE,2.61072715206007,AVAILABLE,Tuesday,True
L02531,LONG,AVAILABLE,1.563976650755294,AVAILABLE,NEUTRAL,AVAILABLE,2.006567379153569,AVAILABLE,Tuesday,True
L02532,LONG,AVAILABLE,0.940758149655452,AVAILABLE,NEUTRAL,AVAILABLE,2.376583995437968,AVAILABLE,Tuesday,True
L02533,SHORT,AVAILABLE,1.7279283018559592,AVAILABLE,NEUTRAL,AVAILABLE,2.205130551609966,AVAILABLE,Tuesday,True
L02534,SHORT,AVAILABLE,1.3469669740771513,AVAILABLE,NEUTRAL,AVAILABLE,1.678133499352375,AVAILABLE,Tuesday,True
L02535,LONG,AVAILABLE,0.2246683328526071,AVAILABLE,NEUTRAL,AVAILABLE,0.6443114503552491,AVAILABLE,Tuesday,True
L02537,LONG,AVAILABLE,-0.2704613808590055,AVAILABLE,NEUTRAL,AVAILABLE,0.8999559210014296,AVAILABLE,Tuesday,True
L02538,LONG,AVAILABLE,1.1492044182220178,AVAILABLE,NEUTRAL,AVAILABLE,1.3302040691555763,AVAILABLE,Tuesday,True
L02539,SHORT,AVAILABLE,-0.2880515839647303,AVAILABLE,NEUTRAL,AVAILABLE,1.4652615715938873,AVAILABLE,Tuesday,True
L02540,LONG,AVAILABLE,1.6141487522619786,AVAILABLE,NEUTRAL,AVAILABLE,2.058500580931624,AVAILABLE,Tuesday,True
L02541,LONG,AVAILABLE,0.3402973841495786,AVAILABLE,NEUTRAL,AVAILABLE,1.1116140351721473,AVAILABLE,Tuesday,True
L02542,LONG,AVAILABLE,0.9861311825380028,AVAILABLE,NEUTRAL,AVAILABLE,1.3597662979554654,AVAILABLE,Tuesday,True
L02543,LONG,AVAILABLE,-0.482146865045778,AVAILABLE,NEUTRAL,AVAILABLE,1.9039529986020136,AVAILABLE,Tuesday,True
L02544,LONG,AVAILABLE,1.357215499551468,AVAILABLE,NEUTRAL,AVAILABLE,2.541368879326901,AVAILABLE,Wednesday,True
L02546,LONG,AVAILABLE,0.1870841195020511,AVAILABLE,NEUTRAL,AVAILABLE,1.8438459733796664,AVAILABLE,Wednesday,True
L02547,LONG,AVAILABLE,0.3993482071473094,AVAILABLE,NEUTRAL,AVAILABLE,1.3197855889694068,AVAILABLE,Wednesday,True
L02548,LONG,AVAILABLE,0.2964535928352095,AVAILABLE,NEUTRAL,AVAILABLE,1.0952968259787608,AVAILABLE,Wednesday,True
L02549,LONG,AVAILABLE,1.9218401382428087,AVAILABLE,NEUTRAL,AVAILABLE,2.132528316106393,AVAILABLE,Wednesday,True
L02551,SHORT,AVAILABLE,0.8167365078249558,AVAILABLE,NEUTRAL,AVAILABLE,1.1822201413543354,AVAILABLE,Wednesday,True
L02552,LONG,AVAILABLE,1.0892380544478275,AVAILABLE,NEUTRAL,AVAILABLE,1.6136257858391048,AVAILABLE,Wednesday,True
L02554,LONG,AVAILABLE,0.7758854637950955,AVAILABLE,NEUTRAL,AVAILABLE,2.711120709963802,AVAILABLE,Wednesday,True
L02556,SHORT,AVAILABLE,0.6657060304244741,AVAILABLE,NEUTRAL,AVAILABLE,2.148561750255156,AVAILABLE,Thursday,True
L02557,SHORT,AVAILABLE,1.0668060763696123,AVAILABLE,NEUTRAL,AVAILABLE,1.9679117280507448,AVAILABLE,Thursday,True
L02558,SHORT,AVAILABLE,1.118792729840172,AVAILABLE,NEUTRAL,AVAILABLE,1.5962158747011264,AVAILABLE,Thursday,True
L02559,SHORT,AVAILABLE,1.309303213217051,AVAILABLE,NEUTRAL,AVAILABLE,1.793463204990595,AVAILABLE,Thursday,True
L02560,SHORT,AVAILABLE,0.7013919920999108,AVAILABLE,NEUTRAL,AVAILABLE,3.0877664522464165,AVAILABLE,Thursday,True
L02562,LONG,AVAILABLE,0.9679048741587066,AVAILABLE,NEUTRAL,AVAILABLE,2.7676098129412186,AVAILABLE,Thursday,True
L02563,LONG,AVAILABLE,1.9407732304915704,AVAILABLE,NEUTRAL,AVAILABLE,2.1817991726024912,AVAILABLE,Friday,True
L02564,LONG,AVAILABLE,0.8426470684025722,AVAILABLE,NEUTRAL,AVAILABLE,1.4600074447372724,AVAILABLE,Friday,True
L02565,LONG,AVAILABLE,0.3363687698897735,AVAILABLE,NEUTRAL,AVAILABLE,1.2129962390801483,AVAILABLE,Friday,True
L02566,LONG,AVAILABLE,0.6616544825513638,AVAILABLE,NEUTRAL,AVAILABLE,2.334333915149114,AVAILABLE,Friday,True
L02567,LONG,AVAILABLE,1.2465960564317045,AVAILABLE,NEUTRAL,AVAILABLE,1.7319425709444618,AVAILABLE,Friday,True
L02568,SHORT,AVAILABLE,0.3402015034681479,AVAILABLE,NEUTRAL,AVAILABLE,2.219095893378244,AVAILABLE,Friday,True
L02570,LONG,AVAILABLE,1.9220661979412264,AVAILABLE,NEUTRAL,AVAILABLE,2.0096296088145835,AVAILABLE,Friday,True
L02572,LONG,AVAILABLE,1.3300611960785675,AVAILABLE,NEUTRAL,AVAILABLE,1.3192597479070718,AVAILABLE,Friday,True
L02574,LONG,AVAILABLE,0.1906637758435951,AVAILABLE,NEUTRAL,AVAILABLE,1.874226668012527,AVAILABLE,Sunday,True
L02575,SHORT,AVAILABLE,1.0966309711911046,AVAILABLE,NEUTRAL,AVAILABLE,1.4974575157749874,AVAILABLE,Monday,True
L02576,LONG,AVAILABLE,0.9734132996769868,AVAILABLE,NEUTRAL,AVAILABLE,2.276905837646999,AVAILABLE,Monday,True
L02577,LONG,AVAILABLE,1.9246534804151345,AVAILABLE,NEUTRAL,AVAILABLE,3.395832275093664,AVAILABLE,Monday,True
L02578,SHORT,AVAILABLE,1.1168168735533184,AVAILABLE,NEUTRAL,AVAILABLE,1.5018042585703666,AVAILABLE,Monday,True
L02579,SHORT,AVAILABLE,0.4949524444975254,AVAILABLE,NEUTRAL,AVAILABLE,1.39428109618272,AVAILABLE,Monday,True
L02582,LONG,AVAILABLE,0.86655834809585,AVAILABLE,AGAINST_SINGLE,AVAILABLE,1.3304529192420271,AVAILABLE,Monday,True
L02583,LONG,AVAILABLE,1.3419369347909806,AVAILABLE,AGAINST_SINGLE,AVAILABLE,2.0082453773197746,AVAILABLE,Tuesday,True
L02584,SHORT,AVAILABLE,1.1003775263914617,AVAILABLE,ALIGNED_SINGLE,AVAILABLE,1.4199787213094517,AVAILABLE,Tuesday,True
L02585,SHORT,AVAILABLE,1.1466391116045302,AVAILABLE,ALIGNED_SINGLE,AVAILABLE,1.231492047606482,AVAILABLE,Tuesday,True
L02586,SHORT,AVAILABLE,0.6232859428329348,AVAILABLE,ALIGNED_SINGLE,AVAILABLE,1.1778539574383968,AVAILABLE,Tuesday,True
L02587,SHORT,AVAILABLE,0.4052979596715723,AVAILABLE,ALIGNED_SINGLE,AVAILABLE,2.064166014211188,AVAILABLE,Tuesday,True
L02589,LONG,AVAILABLE,0.4829045521838094,AVAILABLE,AGAINST_SINGLE,AVAILABLE,1.090343021031855,AVAILABLE,Tuesday,True
L02590,SHORT,AVAILABLE,0.6641597187474527,AVAILABLE,ALIGNED_SINGLE,AVAILABLE,1.1393317485966357,AVAILABLE,Tuesday,True
L02592,LONG,AVAILABLE,3.1663043496109493,AVAILABLE,AGAINST_SINGLE,AVAILABLE,1.7266493529350015,AVAILABLE,Tuesday,True
L02594,LONG,AVAILABLE,1.092628787987607,AVAILABLE,AGAINST_SINGLE,AVAILABLE,1.7710603226151107,AVAILABLE,Tuesday,True
L02595,LONG,AVAILABLE,0.99394232010392,AVAILABLE,NEUTRAL,AVAILABLE,2.233806390284859,AVAILABLE,Wednesday,True
L02596,LONG,AVAILABLE,1.7076566123492565,AVAILABLE,NEUTRAL,AVAILABLE,1.9944130527021209,AVAILABLE,Wednesday,True
L02597,LONG,AVAILABLE,1.8235126793420475,AVAILABLE,NEUTRAL,AVAILABLE,2.1541460700341672,AVAILABLE,Wednesday,True
L02598,LONG,AVAILABLE,0.8270805856812325,AVAILABLE,NEUTRAL,AVAILABLE,1.307628264991149,AVAILABLE,Wednesday,True
L02599,LONG,AVAILABLE,0.541821701700648,AVAILABLE,NEUTRAL,AVAILABLE,0.8562458931513252,AVAILABLE,Wednesday,True
L02600,LONG,AVAILABLE,0.3774117175602014,AVAILABLE,NEUTRAL,AVAILABLE,0.8679592865232862,AVAILABLE,Wednesday,True
L02601,LONG,AVAILABLE,0.5360825699582427,AVAILABLE,NEUTRAL,AVAILABLE,1.3351934965582437,AVAILABLE,Wednesday,True
L02602,LONG,AVAILABLE,1.021011966610133,AVAILABLE,NEUTRAL,AVAILABLE,1.522366192660498,AVAILABLE,Wednesday,True
L02603,LONG,AVAILABLE,-0.7657834027375278,AVAILABLE,NEUTRAL,AVAILABLE,1.8098374855523949,AVAILABLE,Wednesday,True
L02605,SHORT,AVAILABLE,0.8532277028606109,AVAILABLE,NEUTRAL,AVAILABLE,1.9536992475584536,AVAILABLE,Wednesday,True
L02606,SHORT,AVAILABLE,0.2951088535029235,AVAILABLE,NEUTRAL,AVAILABLE,1.6104971311171694,AVAILABLE,Wednesday,True
L02607,LONG,AVAILABLE,0.0157879574203685,AVAILABLE,NEUTRAL,AVAILABLE,1.7573543333304371,AVAILABLE,Wednesday,True
L02608,LONG,AVAILABLE,1.005676069202641,AVAILABLE,NEUTRAL,AVAILABLE,1.596479284547489,AVAILABLE,Wednesday,True
L02609,LONG,AVAILABLE,3.3068316415098478,AVAILABLE,NEUTRAL,AVAILABLE,2.7470423320178377,AVAILABLE,Wednesday,True
L02610,LONG,AVAILABLE,2.907428621567832,AVAILABLE,NEUTRAL,AVAILABLE,2.3369995236493866,AVAILABLE,Wednesday,True
L02612,LONG,AVAILABLE,0.7703272971532201,AVAILABLE,AGAINST_SINGLE,AVAILABLE,1.052787866801857,AVAILABLE,Thursday,True
L02613,SHORT,AVAILABLE,-0.242587123391762,AVAILABLE,ALIGNED_SINGLE,AVAILABLE,0.4291903390363688,AVAILABLE,Thursday,True
L02614,LONG,AVAILABLE,0.1947829314893843,AVAILABLE,AGAINST_SINGLE,AVAILABLE,1.0916201864998407,AVAILABLE,Thursday,True
L02615,LONG,AVAILABLE,1.7379330971664189,AVAILABLE,AGAINST_SINGLE,AVAILABLE,2.0579278558533445,AVAILABLE,Thursday,True
L02616,LONG,AVAILABLE,1.525349735019538,AVAILABLE,AGAINST_SINGLE,AVAILABLE,1.861067207597372,AVAILABLE,Thursday,True
L02617,SHORT,AVAILABLE,0.5211097224875557,AVAILABLE,ALIGNED_SINGLE,AVAILABLE,2.0328543737542444,AVAILABLE,Thursday,True
L02618,SHORT,AVAILABLE,0.3664020630531991,AVAILABLE,ALIGNED_CONFIRMED,AVAILABLE,1.3932859441336405,AVAILABLE,Thursday,True
L02619,SHORT,AVAILABLE,2.295978870654861,AVAILABLE,ALIGNED_CONFIRMED,AVAILABLE,2.625508789062569,AVAILABLE,Thursday,True
L02620,LONG,AVAILABLE,1.2034779619073066,AVAILABLE,AGAINST_SINGLE,AVAILABLE,1.9767934900841768,AVAILABLE,Friday,True
L02621,LONG,AVAILABLE,1.0237630267956663,AVAILABLE,AGAINST_SINGLE,AVAILABLE,1.762924714445247,AVAILABLE,Friday,True
L02622,LONG,AVAILABLE,0.0735017594821614,AVAILABLE,AGAINST_SINGLE,AVAILABLE,1.375963284078208,AVAILABLE,Friday,True
L02623,LONG,AVAILABLE,1.2030725432074616,AVAILABLE,AGAINST_SINGLE,AVAILABLE,1.759517850660644,AVAILABLE,Friday,True
L02624,LONG,AVAILABLE,0.8932089961427508,AVAILABLE,AGAINST_SINGLE,AVAILABLE,1.914984262915295,AVAILABLE,Friday,True
L02625,LONG,AVAILABLE,0.9403683391898568,AVAILABLE,AGAINST_SINGLE,AVAILABLE,1.4448388016823368,AVAILABLE,Friday,True
L02626,LONG,AVAILABLE,0.5605122621231708,AVAILABLE,AGAINST_SINGLE,AVAILABLE,1.235870366572994,AVAILABLE,Friday,True
L02628,SHORT,AVAILABLE,1.4606222493481462,AVAILABLE,ALIGNED_SINGLE,AVAILABLE,2.3286836870483523,AVAILABLE,Friday,True
L02629,SHORT,AVAILABLE,1.0867855335868672,AVAILABLE,NEUTRAL,AVAILABLE,2.0588254904698178,AVAILABLE,Monday,True
L02630,LONG,AVAILABLE,0.5242596127313476,AVAILABLE,NEUTRAL,AVAILABLE,3.93414671585325,AVAILABLE,Monday,True
L02631,SHORT,AVAILABLE,1.3007800339292397,AVAILABLE,NEUTRAL,AVAILABLE,1.4610406439417736,AVAILABLE,Monday,True
L02632,SHORT,AVAILABLE,0.5935263731836676,AVAILABLE,NEUTRAL,AVAILABLE,1.5991140665140489,AVAILABLE,Monday,True
L02634,LONG,AVAILABLE,1.1269854761592577,AVAILABLE,NEUTRAL,AVAILABLE,2.0375216627545925,AVAILABLE,Monday,True
L02635,SHORT,AVAILABLE,1.2770609424442425,AVAILABLE,NEUTRAL,AVAILABLE,1.6559083616962824,AVAILABLE,Monday,True
L02636,LONG,AVAILABLE,1.322730530811641,AVAILABLE,NEUTRAL,AVAILABLE,1.7474724239852268,AVAILABLE,Monday,True
L02637,LONG,AVAILABLE,0.9810687821339864,AVAILABLE,ALIGNED_SINGLE,AVAILABLE,1.8781534137427611,AVAILABLE,Monday,True
L02638,LONG,AVAILABLE,1.13662561784635,AVAILABLE,ALIGNED_SINGLE,AVAILABLE,1.3595965220836752,AVAILABLE,Monday,True
L02639,SHORT,AVAILABLE,0.7899613887187512,AVAILABLE,AGAINST_SINGLE,AVAILABLE,1.1017042483832251,AVAILABLE,Monday,True
L02640,SHORT,AVAILABLE,0.623353098408271,AVAILABLE,AGAINST_CONFIRMED,AVAILABLE,1.0489943054028503,AVAILABLE,Tuesday,True
L02641,SHORT,AVAILABLE,0.7751989226797821,AVAILABLE,AGAINST_CONFIRMED,AVAILABLE,1.8806390639540456,AVAILABLE,Tuesday,True
L02642,SHORT,AVAILABLE,0.9609712443597436,AVAILABLE,AGAINST_CONFIRMED,AVAILABLE,1.914590902186958,AVAILABLE,Tuesday,True
L02643,SHORT,AVAILABLE,0.5731273007671619,AVAILABLE,AGAINST_CONFIRMED,AVAILABLE,1.4590336815957057,AVAILABLE,Tuesday,True
L02645,LONG,AVAILABLE,0.5308320522355782,AVAILABLE,ALIGNED_CONFIRMED,AVAILABLE,1.5187468550168275,AVAILABLE,Tuesday,True
L02647,LONG,AVAILABLE,0.176515732572035,AVAILABLE,ALIGNED_CONFIRMED,AVAILABLE,2.282848102925448,AVAILABLE,Tuesday,True
L02648,LONG,AVAILABLE,0.3672599582666789,AVAILABLE,ALIGNED_SINGLE,AVAILABLE,1.0806717566547777,AVAILABLE,Tuesday,True
L02649,SHORT,AVAILABLE,0.934686585452551,AVAILABLE,AGAINST_SINGLE,AVAILABLE,1.6024113000014304,AVAILABLE,Tuesday,True
L02650,SHORT,AVAILABLE,1.0579591301210136,AVAILABLE,AGAINST_SINGLE,AVAILABLE,1.7812551421851026,AVAILABLE,Wednesday,True
L02651,SHORT,AVAILABLE,0.8851015896127781,AVAILABLE,AGAINST_SINGLE,AVAILABLE,2.2501785020609746,AVAILABLE,Wednesday,True
L02652,LONG,AVAILABLE,0.4607791495616815,AVAILABLE,ALIGNED_SINGLE,AVAILABLE,1.282301427457289,AVAILABLE,Wednesday,True
L02653,LONG,AVAILABLE,0.9302533588542128,AVAILABLE,ALIGNED_SINGLE,AVAILABLE,2.4746314981811977,AVAILABLE,Wednesday,True
L02654,LONG,AVAILABLE,1.046172469851522,AVAILABLE,ALIGNED_SINGLE,AVAILABLE,1.6225682626936695,AVAILABLE,Wednesday,True
L02655,LONG,AVAILABLE,1.1454660960471652,AVAILABLE,ALIGNED_SINGLE,AVAILABLE,1.5754060921931752,AVAILABLE,Wednesday,True
L02656,SHORT,AVAILABLE,1.0284563699490328,AVAILABLE,AGAINST_SINGLE,AVAILABLE,1.640207317623174,AVAILABLE,Wednesday,True
L02657,SHORT,AVAILABLE,1.9854983266708932,AVAILABLE,AGAINST_SINGLE,AVAILABLE,2.1414518737063792,AVAILABLE,Wednesday,True
L02660,LONG,AVAILABLE,1.681119246463862,AVAILABLE,ALIGNED_SINGLE,AVAILABLE,2.5066374410563155,AVAILABLE,Wednesday,True
L02662,SHORT,AVAILABLE,0.934388774972798,AVAILABLE,AGAINST_SINGLE,AVAILABLE,1.3896985140766691,AVAILABLE,Wednesday,True
L02663,SHORT,AVAILABLE,0.7214327389474933,AVAILABLE,NEUTRAL,AVAILABLE,1.332222112731991,AVAILABLE,Thursday,True
L02665,SHORT,AVAILABLE,1.4758440569615496,AVAILABLE,NEUTRAL,AVAILABLE,2.622759114989928,AVAILABLE,Thursday,True
L02666,SHORT,AVAILABLE,1.6454048329030688,AVAILABLE,NEUTRAL,AVAILABLE,2.2516688274025176,AVAILABLE,Thursday,True
L02667,LONG,AVAILABLE,0.9521804561075567,AVAILABLE,NEUTRAL,AVAILABLE,1.4929891175413468,AVAILABLE,Thursday,True
L02668,LONG,AVAILABLE,0.9347974866515196,AVAILABLE,NEUTRAL,AVAILABLE,1.4266316923031976,AVAILABLE,Thursday,True
L02669,LONG,AVAILABLE,1.7780158754478168,AVAILABLE,NEUTRAL,AVAILABLE,2.088949134902069,AVAILABLE,Thursday,True
L02671,LONG,AVAILABLE,0.8968730250657383,AVAILABLE,AGAINST_SINGLE,AVAILABLE,1.1313873012823128,AVAILABLE,Friday,True
L02672,LONG,AVAILABLE,0.9307864490028508,AVAILABLE,AGAINST_SINGLE,AVAILABLE,0.9869027958306128,AVAILABLE,Friday,True
L02673,LONG,AVAILABLE,0.5935613738526448,AVAILABLE,AGAINST_SINGLE,AVAILABLE,2.1036084602550025,AVAILABLE,Friday,True
L02675,SHORT,AVAILABLE,0.9168790363086738,AVAILABLE,ALIGNED_SINGLE,AVAILABLE,1.682506257124896,AVAILABLE,Friday,True
L02676,SHORT,AVAILABLE,0.5429846322986978,AVAILABLE,ALIGNED_SINGLE,AVAILABLE,2.254961259060124,AVAILABLE,Friday,True
L02677,SHORT,AVAILABLE,0.8708504363264562,AVAILABLE,ALIGNED_SINGLE,AVAILABLE,1.546998819137235,AVAILABLE,Sunday,True
L02678,SHORT,AVAILABLE,1.0202946496224563,AVAILABLE,ALIGNED_SINGLE,AVAILABLE,1.9620278151879864,AVAILABLE,Sunday,True
L02679,LONG,AVAILABLE,1.7740358270081429,AVAILABLE,AGAINST_SINGLE,AVAILABLE,1.8540346008608717,AVAILABLE,Monday,True
L02680,SHORT,AVAILABLE,0.3076580822400658,AVAILABLE,ALIGNED_SINGLE,AVAILABLE,2.880269863003443,AVAILABLE,Monday,True
L02681,LONG,AVAILABLE,0.2688833304566207,AVAILABLE,AGAINST_SINGLE,AVAILABLE,1.3457318177164368,AVAILABLE,Monday,True
L02682,LONG,AVAILABLE,2.3413973485324333,AVAILABLE,AGAINST_SINGLE,AVAILABLE,1.9294815388179083,AVAILABLE,Monday,True
L02683,LONG,AVAILABLE,0.8608489354771759,AVAILABLE,AGAINST_SINGLE,AVAILABLE,2.093173315669993,AVAILABLE,Monday,True
L02684,SHORT,AVAILABLE,0.4285851230835084,AVAILABLE,NEUTRAL,AVAILABLE,1.184230188489992,AVAILABLE,Monday,True
L02686,LONG,AVAILABLE,0.6636639088963685,AVAILABLE,NEUTRAL,AVAILABLE,1.1888208997103034,AVAILABLE,Monday,True
L02688,LONG,AVAILABLE,1.0372100838636398,AVAILABLE,NEUTRAL,AVAILABLE,2.1053045426139017,AVAILABLE,Tuesday,True
L02689,SHORT,AVAILABLE,0.6537131141542216,AVAILABLE,NEUTRAL,AVAILABLE,2.074972401001926,AVAILABLE,Tuesday,True
L02690,LONG,AVAILABLE,1.332358235296771,AVAILABLE,NEUTRAL,AVAILABLE,2.051657050804581,AVAILABLE,Tuesday,True
L02691,LONG,AVAILABLE,0.9152991913877676,AVAILABLE,NEUTRAL,AVAILABLE,1.9743602454699016,AVAILABLE,Tuesday,True
L02692,LONG,AVAILABLE,0.5373599068922048,AVAILABLE,NEUTRAL,AVAILABLE,2.4001303823479776,AVAILABLE,Tuesday,True
L02693,LONG,AVAILABLE,0.5632208790393708,AVAILABLE,NEUTRAL,AVAILABLE,1.1389828605428525,AVAILABLE,Tuesday,True
L02694,LONG,AVAILABLE,0.5577594759943247,AVAILABLE,NEUTRAL,AVAILABLE,1.7630658198042788,AVAILABLE,Tuesday,True
L02695,SHORT,AVAILABLE,0.9344950245639604,AVAILABLE,NEUTRAL,AVAILABLE,1.2584544153642303,AVAILABLE,Tuesday,True
L02696,LONG,AVAILABLE,0.7260170917499875,AVAILABLE,NEUTRAL,AVAILABLE,1.3468239832916231,AVAILABLE,Tuesday,True
L02697,LONG,AVAILABLE,0.0047382216862093,AVAILABLE,NEUTRAL,AVAILABLE,1.387466868977693,AVAILABLE,Tuesday,True
L02698,SHORT,AVAILABLE,0.6154560723780375,AVAILABLE,NEUTRAL,AVAILABLE,1.5592217008829152,AVAILABLE,Tuesday,True
L02699,SHORT,AVAILABLE,0.129382541789125,AVAILABLE,NEUTRAL,AVAILABLE,0.8134695412232618,AVAILABLE,Tuesday,True
L02700,LONG,AVAILABLE,2.3892127276043733,AVAILABLE,NEUTRAL,AVAILABLE,2.953439596893397,AVAILABLE,Tuesday,True
L02701,LONG,AVAILABLE,1.0435536016095326,AVAILABLE,NEUTRAL,AVAILABLE,2.760212250078556,AVAILABLE,Wednesday,True
L02702,LONG,AVAILABLE,1.3086968761789215,AVAILABLE,NEUTRAL,AVAILABLE,1.496127358443963,AVAILABLE,Wednesday,True
L02703,LONG,AVAILABLE,0.7015577789340784,AVAILABLE,NEUTRAL,AVAILABLE,1.702484755587253,AVAILABLE,Wednesday,True
L02705,LONG,AVAILABLE,1.87391975682896,AVAILABLE,NEUTRAL,AVAILABLE,3.1037923177739803,AVAILABLE,Wednesday,True
L02707,LONG,AVAILABLE,2.3664095973541035,AVAILABLE,AGAINST_CONFIRMED,AVAILABLE,2.4449547439374264,AVAILABLE,Thursday,True
L02708,LONG,AVAILABLE,0.6085326545649741,AVAILABLE,AGAINST_CONFIRMED,AVAILABLE,1.787215396502991,AVAILABLE,Thursday,True
L02709,LONG,AVAILABLE,0.4060717070172166,AVAILABLE,AGAINST_CONFIRMED,AVAILABLE,1.2176884633112344,AVAILABLE,Thursday,True
L02710,SHORT,AVAILABLE,0.969458857192228,AVAILABLE,ALIGNED_CONFIRMED,AVAILABLE,1.952592623914528,AVAILABLE,Thursday,True
L02711,SHORT,AVAILABLE,0.719249879339022,AVAILABLE,ALIGNED_CONFIRMED,AVAILABLE,1.0927099710566148,AVAILABLE,Thursday,True
L02712,SHORT,AVAILABLE,0.6120113570502042,AVAILABLE,ALIGNED_CONFIRMED,AVAILABLE,1.5353418370739194,AVAILABLE,Thursday,True
L02715,SHORT,AVAILABLE,0.9819671351422729,AVAILABLE,ALIGNED_SINGLE,AVAILABLE,1.9884182377434505,AVAILABLE,Thursday,True
L02716,LONG,AVAILABLE,0.9986892552656116,AVAILABLE,NEUTRAL,AVAILABLE,1.6456538609200493,AVAILABLE,Friday,True
L02717,LONG,AVAILABLE,1.246510483376995,AVAILABLE,NEUTRAL,AVAILABLE,2.349896172399998,AVAILABLE,Friday,True
L02718,SHORT,AVAILABLE,1.6078426597356152,AVAILABLE,NEUTRAL,AVAILABLE,1.8014010878626745,AVAILABLE,Friday,True
L02719,SHORT,AVAILABLE,0.6181533528308306,AVAILABLE,NEUTRAL,AVAILABLE,1.491741238147139,AVAILABLE,Friday,True
L02720,SHORT,AVAILABLE,1.53653318444717,AVAILABLE,NEUTRAL,AVAILABLE,1.1434585180520178,AVAILABLE,Friday,True
L02721,LONG,AVAILABLE,0.8065999923875434,AVAILABLE,NEUTRAL,AVAILABLE,1.3149728687643891,AVAILABLE,Friday,True
L02723,SHORT,AVAILABLE,0.1426054271923034,AVAILABLE,NEUTRAL,AVAILABLE,2.8074894691826824,AVAILABLE,Friday,True
L02724,SHORT,AVAILABLE,1.1184289587542602,AVAILABLE,NEUTRAL,AVAILABLE,1.6882747086264822,AVAILABLE,Friday,True
L02725,SHORT,AVAILABLE,0.6038818792065604,AVAILABLE,NEUTRAL,AVAILABLE,1.234658278510913,AVAILABLE,Friday,True
L02727,LONG,AVAILABLE,1.8746773141164876,AVAILABLE,NEUTRAL,AVAILABLE,2.027227264062469,AVAILABLE,Sunday,True
L02728,LONG,AVAILABLE,0.982776365356382,AVAILABLE,NEUTRAL,AVAILABLE,1.856601803480819,AVAILABLE,Sunday,True
L02731,LONG,AVAILABLE,0.1965685027317484,AVAILABLE,NEUTRAL,AVAILABLE,2.4431993166478465,AVAILABLE,Monday,True
L02732,SHORT,AVAILABLE,1.486701312310143,AVAILABLE,NEUTRAL,AVAILABLE,2.2096843105356507,AVAILABLE,Monday,True
L02733,LONG,AVAILABLE,1.1995335271282377,AVAILABLE,NEUTRAL,AVAILABLE,3.441420550095653,AVAILABLE,Monday,True
L02734,LONG,AVAILABLE,0.6915798320075929,AVAILABLE,NEUTRAL,AVAILABLE,2.69386228535506,AVAILABLE,Tuesday,True
L02738,SHORT,AVAILABLE,0.6774105191203277,AVAILABLE,NEUTRAL,AVAILABLE,2.407199883170607,AVAILABLE,Tuesday,True
L02740,SHORT,AVAILABLE,1.2800215964149046,AVAILABLE,NEUTRAL,AVAILABLE,1.1749417683693384,AVAILABLE,Tuesday,True
L02741,LONG,AVAILABLE,1.8016922713890076,AVAILABLE,NEUTRAL,AVAILABLE,1.044537223077273,AVAILABLE,Tuesday,True
L02743,LONG,AVAILABLE,0.9969598106491128,AVAILABLE,AGAINST_SINGLE,AVAILABLE,1.7092630488306952,AVAILABLE,Wednesday,True
L02744,LONG,AVAILABLE,1.258199744589792,AVAILABLE,AGAINST_SINGLE,AVAILABLE,1.3606152657309722,AVAILABLE,Wednesday,True
L02745,LONG,AVAILABLE,0.9420185715882876,AVAILABLE,AGAINST_SINGLE,AVAILABLE,1.4416618001242605,AVAILABLE,Wednesday,True
L02746,LONG,AVAILABLE,0.6744240015998012,AVAILABLE,AGAINST_SINGLE,AVAILABLE,1.564278777944296,AVAILABLE,Wednesday,True
L02747,SHORT,AVAILABLE,1.5050334779831136,AVAILABLE,ALIGNED_SINGLE,AVAILABLE,2.348413778233835,AVAILABLE,Wednesday,True
L02748,SHORT,AVAILABLE,1.8979568560451896,AVAILABLE,ALIGNED_SINGLE,AVAILABLE,2.1232249694392467,AVAILABLE,Wednesday,True
L02749,SHORT,AVAILABLE,-0.6860125338452264,AVAILABLE,ALIGNED_SINGLE,AVAILABLE,0.6150252490401578,AVAILABLE,Wednesday,True
L02752,SHORT,AVAILABLE,1.6767124937660716,AVAILABLE,NEUTRAL,AVAILABLE,1.6884088945996163,AVAILABLE,Thursday,True
L02753,SHORT,AVAILABLE,2.033801376705518,AVAILABLE,NEUTRAL,AVAILABLE,2.480619523109698,AVAILABLE,Thursday,True
L02754,SHORT,AVAILABLE,1.3285982725156458,AVAILABLE,NEUTRAL,AVAILABLE,1.7230324336398062,AVAILABLE,Thursday,True
L02755,SHORT,AVAILABLE,1.167033140577961,AVAILABLE,NEUTRAL,AVAILABLE,1.8286939349266689,AVAILABLE,Thursday,True
L02757,SHORT,AVAILABLE,1.3362437752846867,AVAILABLE,NEUTRAL,AVAILABLE,1.2988757235535784,AVAILABLE,Thursday,True
L02758,SHORT,AVAILABLE,0.2343385894665094,AVAILABLE,NEUTRAL,AVAILABLE,1.401554155663751,AVAILABLE,Thursday,True
L02759,SHORT,AVAILABLE,0.4371936260697214,AVAILABLE,NEUTRAL,AVAILABLE,1.6540705061834284,AVAILABLE,Thursday,True
L02760,SHORT,AVAILABLE,0.3519152021716286,AVAILABLE,AGAINST_SINGLE,AVAILABLE,1.4547950017632816,AVAILABLE,Thursday,True
L02761,SHORT,AVAILABLE,1.0769201701345603,AVAILABLE,AGAINST_SINGLE,AVAILABLE,2.5395769624960094,AVAILABLE,Thursday,True
L02762,SHORT,AVAILABLE,0.3780516425205251,AVAILABLE,AGAINST_CONFIRMED,AVAILABLE,2.5799415541543875,AVAILABLE,Friday,True
L02763,LONG,AVAILABLE,0.8130971242135282,AVAILABLE,ALIGNED_CONFIRMED,AVAILABLE,2.2160244049441395,AVAILABLE,Friday,True
L02765,LONG,AVAILABLE,0.44190774189885,AVAILABLE,ALIGNED_SINGLE,AVAILABLE,1.6280000856504857,AVAILABLE,Monday,True
L02767,LONG,AVAILABLE,1.1055811556249149,AVAILABLE,ALIGNED_SINGLE,AVAILABLE,1.261510474467218,AVAILABLE,Monday,True
L02768,LONG,AVAILABLE,0.3419436873462755,AVAILABLE,ALIGNED_SINGLE,AVAILABLE,1.6108495962416882,AVAILABLE,Monday,True
L02769,LONG,AVAILABLE,0.5861434886467627,AVAILABLE,ALIGNED_SINGLE,AVAILABLE,2.1779322513838038,AVAILABLE,Monday,True
L02770,SHORT,AVAILABLE,0.3742867270447281,AVAILABLE,AGAINST_SINGLE,AVAILABLE,1.506329079679388,AVAILABLE,Monday,True
L02771,LONG,AVAILABLE,1.8815701120471988,AVAILABLE,ALIGNED_SINGLE,AVAILABLE,2.4666420504962283,AVAILABLE,Monday,True
L02773,SHORT,AVAILABLE,0.7413464370298345,AVAILABLE,AGAINST_SINGLE,AVAILABLE,1.3351283052143217,AVAILABLE,Monday,True
L02774,SHORT,AVAILABLE,0.8076483168719477,AVAILABLE,AGAINST_SINGLE,AVAILABLE,1.691155604595611,AVAILABLE,Monday,True
L02776,LONG,AVAILABLE,0.6033958208481267,AVAILABLE,ALIGNED_SINGLE,AVAILABLE,1.175553408099705,AVAILABLE,Monday,True
L02777,LONG,AVAILABLE,0.0458057797179007,AVAILABLE,ALIGNED_SINGLE,AVAILABLE,0.9230015136087278,AVAILABLE,Monday,True
L02778,LONG,AVAILABLE,1.2396110830399936,AVAILABLE,ALIGNED_SINGLE,AVAILABLE,2.5108484976202314,AVAILABLE,Tuesday,True
L02779,LONG,AVAILABLE,1.0176004807792576,AVAILABLE,ALIGNED_SINGLE,AVAILABLE,3.2556465548629645,AVAILABLE,Tuesday,True
L02781,LONG,AVAILABLE,1.2974737215231815,AVAILABLE,ALIGNED_SINGLE,AVAILABLE,1.518833567293752,AVAILABLE,Tuesday,True
L02782,LONG,AVAILABLE,1.0184387933313677,AVAILABLE,ALIGNED_SINGLE,AVAILABLE,1.6967806763554982,AVAILABLE,Tuesday,True
L02783,SHORT,AVAILABLE,0.7342277476612196,AVAILABLE,AGAINST_SINGLE,AVAILABLE,2.2986363864290804,AVAILABLE,Tuesday,True
L02785,LONG,AVAILABLE,0.8631736684857051,AVAILABLE,ALIGNED_SINGLE,AVAILABLE,1.4358692222824527,AVAILABLE,Tuesday,True
L02786,LONG,AVAILABLE,0.6816166484150435,AVAILABLE,ALIGNED_SINGLE,AVAILABLE,3.469307678597884,AVAILABLE,Tuesday,True
L02787,LONG,AVAILABLE,1.46116590537823,AVAILABLE,AGAINST_SINGLE,AVAILABLE,1.5193876424911148,AVAILABLE,Wednesday,True
L02789,SHORT,AVAILABLE,0.7817783524586348,AVAILABLE,ALIGNED_SINGLE,AVAILABLE,1.8376266993375587,AVAILABLE,Wednesday,True
L02792,LONG,AVAILABLE,-0.4651700319071774,AVAILABLE,AGAINST_CONFIRMED,AVAILABLE,0.9792607244648708,AVAILABLE,Wednesday,True
L02793,LONG,AVAILABLE,-0.192099415804151,AVAILABLE,AGAINST_CONFIRMED,AVAILABLE,1.1643774579433137,AVAILABLE,Wednesday,True
L02794,SHORT,AVAILABLE,0.0282331469330227,AVAILABLE,ALIGNED_CONFIRMED,AVAILABLE,2.425061777520249,AVAILABLE,Thursday,True
L02795,LONG,AVAILABLE,1.1393382249441932,AVAILABLE,AGAINST_CONFIRMED,AVAILABLE,1.8344729318123292,AVAILABLE,Thursday,True
L02796,LONG,AVAILABLE,0.5232992839010413,AVAILABLE,AGAINST_CONFIRMED,AVAILABLE,1.996522568766871,AVAILABLE,Thursday,True
L02797,SHORT,AVAILABLE,0.1262572430259397,AVAILABLE,ALIGNED_CONFIRMED,AVAILABLE,1.4636175119432966,AVAILABLE,Thursday,True
L02799,SHORT,AVAILABLE,1.8828247407398933,AVAILABLE,ALIGNED_CONFIRMED,AVAILABLE,2.654990764948122,AVAILABLE,Thursday,True
L02800,SHORT,AVAILABLE,1.0506531539744968,AVAILABLE,ALIGNED_CONFIRMED,AVAILABLE,2.27169462182521,AVAILABLE,Thursday,True
L02801,SHORT,AVAILABLE,1.043859382672115,AVAILABLE,ALIGNED_CONFIRMED,AVAILABLE,1.4154683426402497,AVAILABLE,Thursday,True
L02802,SHORT,AVAILABLE,-0.078105285884812,AVAILABLE,ALIGNED_CONFIRMED,AVAILABLE,1.9087605913936567,AVAILABLE,Thursday,True
L02803,SHORT,AVAILABLE,1.1957939047856692,AVAILABLE,ALIGNED_CONFIRMED,AVAILABLE,1.7391114723159755,AVAILABLE,Thursday,True
L02804,SHORT,AVAILABLE,0.5197213393927131,AVAILABLE,ALIGNED_SINGLE,AVAILABLE,1.232571791618564,AVAILABLE,Thursday,True
L02806,SHORT,AVAILABLE,0.5072289105644661,AVAILABLE,NEUTRAL,AVAILABLE,1.443780693825133,AVAILABLE,Friday,True
L02808,SHORT,AVAILABLE,0.7695989030578705,AVAILABLE,NEUTRAL,AVAILABLE,1.8738673341600105,AVAILABLE,Friday,True
L02809,LONG,AVAILABLE,1.2836332154553969,AVAILABLE,NEUTRAL,AVAILABLE,1.549951368861073,AVAILABLE,Friday,True
L02810,LONG,AVAILABLE,0.7758640809615037,AVAILABLE,NEUTRAL,AVAILABLE,1.906070783676716,AVAILABLE,Friday,True
L02812,LONG,AVAILABLE,1.60438724655958,AVAILABLE,NEUTRAL,AVAILABLE,2.0976028030184057,AVAILABLE,Friday,True
L02813,SHORT,AVAILABLE,1.870544418023339,AVAILABLE,NEUTRAL,AVAILABLE,2.384494840248622,AVAILABLE,Friday,True
L02814,LONG,AVAILABLE,1.743929417469782,AVAILABLE,NEUTRAL,AVAILABLE,2.002276698614709,AVAILABLE,Friday,True
L02815,LONG,AVAILABLE,-0.7512788969342149,AVAILABLE,NEUTRAL,AVAILABLE,3.2257646196791305,AVAILABLE,Friday,True
L02816,LONG,AVAILABLE,1.0276814770536804,AVAILABLE,NEUTRAL,AVAILABLE,1.5707487985435469,AVAILABLE,Sunday,True
L02818,LONG,AVAILABLE,0.473070945268266,AVAILABLE,NEUTRAL,AVAILABLE,2.013875894484,AVAILABLE,Monday,True
L02819,LONG,AVAILABLE,1.131771515604281,AVAILABLE,NEUTRAL,AVAILABLE,1.5641277006627992,AVAILABLE,Monday,True
L02820,LONG,AVAILABLE,1.7875576946595102,AVAILABLE,NEUTRAL,AVAILABLE,2.324215773628979,AVAILABLE,Monday,True
L02821,LONG,AVAILABLE,-0.2785197102572723,AVAILABLE,NEUTRAL,AVAILABLE,0.8880787546338145,AVAILABLE,Monday,True
L02822,SHORT,AVAILABLE,0.9588143233929988,AVAILABLE,NEUTRAL,AVAILABLE,1.049222684464969,AVAILABLE,Monday,True
L02823,LONG,AVAILABLE,1.1922391372122298,AVAILABLE,NEUTRAL,AVAILABLE,1.2982557275278523,AVAILABLE,Monday,True
L02824,LONG,AVAILABLE,0.9164252671130918,AVAILABLE,NEUTRAL,AVAILABLE,2.213410178469956,AVAILABLE,Monday,True
L02825,LONG,AVAILABLE,1.0843652536889854,AVAILABLE,NEUTRAL,AVAILABLE,2.3236862061259247,AVAILABLE,Monday,True
L02826,LONG,AVAILABLE,-0.0349477286587683,AVAILABLE,AGAINST_SINGLE,AVAILABLE,2.2765491992763147,AVAILABLE,Tuesday,True
L02828,SHORT,AVAILABLE,1.1668129854573643,AVAILABLE,ALIGNED_SINGLE,AVAILABLE,1.36440146026277,AVAILABLE,Tuesday,True
L02829,SHORT,AVAILABLE,0.391469342404523,AVAILABLE,ALIGNED_SINGLE,AVAILABLE,1.6409656514522055,AVAILABLE,Tuesday,True
L02830,SHORT,AVAILABLE,0.7414257115420972,AVAILABLE,ALIGNED_SINGLE,AVAILABLE,2.234508474923739,AVAILABLE,Tuesday,True
L02831,SHORT,AVAILABLE,1.0772111364249246,AVAILABLE,ALIGNED_SINGLE,AVAILABLE,2.667039720681,AVAILABLE,Tuesday,True
L02833,LONG,AVAILABLE,0.3088293424348142,AVAILABLE,AGAINST_SINGLE,AVAILABLE,1.0341046409074426,AVAILABLE,Tuesday,True
L02834,LONG,AVAILABLE,-0.0637181407811802,AVAILABLE,AGAINST_SINGLE,AVAILABLE,1.2190416056906204,AVAILABLE,Tuesday,True
L02835,SHORT,AVAILABLE,0.6393835720022385,AVAILABLE,NEUTRAL,AVAILABLE,1.2079078723156105,AVAILABLE,Wednesday,True
L02836,SHORT,AVAILABLE,0.8840978639544084,AVAILABLE,NEUTRAL,AVAILABLE,1.632367506660046,AVAILABLE,Wednesday,True
L02837,LONG,AVAILABLE,1.9029004607151567,AVAILABLE,NEUTRAL,AVAILABLE,2.126487665635577,AVAILABLE,Wednesday,True
L02838,LONG,AVAILABLE,0.6717290871578528,AVAILABLE,NEUTRAL,AVAILABLE,1.3217891829908517,AVAILABLE,Wednesday,True
L02839,LONG,AVAILABLE,1.073307064170598,AVAILABLE,NEUTRAL,AVAILABLE,1.941282230279158,AVAILABLE,Wednesday,True
L02840,LONG,AVAILABLE,0.6294699479556501,AVAILABLE,NEUTRAL,AVAILABLE,1.762791653575998,AVAILABLE,Wednesday,True
L02841,LONG,AVAILABLE,-0.1935576900750902,AVAILABLE,NEUTRAL,AVAILABLE,1.4883241321184366,AVAILABLE,Wednesday,True
L02842,SHORT,AVAILABLE,1.0562628092108628,AVAILABLE,NEUTRAL,AVAILABLE,2.508133129950006,AVAILABLE,Wednesday,True
L02843,LONG,AVAILABLE,0.4100903516462248,AVAILABLE,NEUTRAL,AVAILABLE,1.7823113429485946,AVAILABLE,Wednesday,True
L02845,SHORT,AVAILABLE,1.061766536423237,AVAILABLE,NEUTRAL,AVAILABLE,1.5509045894457436,AVAILABLE,Wednesday,True
L02847,LONG,AVAILABLE,-0.4870920094642239,AVAILABLE,ALIGNED_SINGLE,AVAILABLE,1.2386218290163742,AVAILABLE,Thursday,True
L02848,LONG,AVAILABLE,0.7161961978030147,AVAILABLE,ALIGNED_SINGLE,AVAILABLE,1.923823360752264,AVAILABLE,Thursday,True
L02849,LONG,AVAILABLE,0.977714149737831,AVAILABLE,ALIGNED_SINGLE,AVAILABLE,1.7534396030313897,AVAILABLE,Thursday,True
L02850,LONG,AVAILABLE,0.9839771975039988,AVAILABLE,ALIGNED_SINGLE,AVAILABLE,2.2545508896317386,AVAILABLE,Thursday,True
L02852,LONG,AVAILABLE,1.49738016338055,AVAILABLE,ALIGNED_SINGLE,AVAILABLE,3.129528117345209,AVAILABLE,Thursday,True
L02853,LONG,AVAILABLE,1.3161425532959703,AVAILABLE,ALIGNED_SINGLE,AVAILABLE,2.135776757685929,AVAILABLE,Thursday,True
L02854,SHORT,AVAILABLE,1.8263400239562064,AVAILABLE,NEUTRAL,AVAILABLE,2.157721551037449,AVAILABLE,Friday,True
L02858,LONG,AVAILABLE,1.1678306219901542,AVAILABLE,NEUTRAL,AVAILABLE,0.4355530878825378,AVAILABLE,Friday,True
L02859,SHORT,AVAILABLE,0.066076137646513,AVAILABLE,NEUTRAL,AVAILABLE,0.7026480985354115,AVAILABLE,Friday,True
L02860,SHORT,AVAILABLE,-0.5396035021881554,AVAILABLE,NEUTRAL,AVAILABLE,1.241382883606166,AVAILABLE,Friday,True
L02862,SHORT,AVAILABLE,0.4210149528463289,AVAILABLE,NEUTRAL,AVAILABLE,1.3612386256796143,AVAILABLE,Friday,True
L02863,SHORT,AVAILABLE,0.7668091261864369,AVAILABLE,NEUTRAL,AVAILABLE,1.1118066450285808,AVAILABLE,Friday,True
L02864,LONG,AVAILABLE,0.8805111649876426,AVAILABLE,AGAINST_SINGLE,AVAILABLE,1.3398541624107971,AVAILABLE,Sunday,True
L02865,SHORT,AVAILABLE,0.9597054641411314,AVAILABLE,ALIGNED_SINGLE,AVAILABLE,2.331900708069275,AVAILABLE,Monday,True
L02866,SHORT,AVAILABLE,1.447777570736111,AVAILABLE,ALIGNED_SINGLE,AVAILABLE,2.489300760289116,AVAILABLE,Monday,True
L02867,SHORT,AVAILABLE,1.042090865000706,AVAILABLE,ALIGNED_SINGLE,AVAILABLE,1.7636819950296283,AVAILABLE,Monday,True
L02868,SHORT,AVAILABLE,1.140159701459044,AVAILABLE,ALIGNED_SINGLE,AVAILABLE,2.209902242735954,AVAILABLE,Monday,True
L02871,LONG,AVAILABLE,0.6895531078339515,AVAILABLE,AGAINST_SINGLE,AVAILABLE,1.0681247515255878,AVAILABLE,Monday,True
L02874,SHORT,AVAILABLE,-0.4135457731522587,AVAILABLE,NEUTRAL,AVAILABLE,1.0898015358487565,AVAILABLE,Monday,True
L02875,LONG,AVAILABLE,2.34689349208788,AVAILABLE,NEUTRAL,AVAILABLE,1.6853694271223478,AVAILABLE,Monday,True
L02876,SHORT,AVAILABLE,0.8275391683439429,AVAILABLE,NEUTRAL,AVAILABLE,2.063077629224503,AVAILABLE,Tuesday,True
L02877,SHORT,AVAILABLE,0.9081287499016047,AVAILABLE,NEUTRAL,AVAILABLE,1.8696933082659253,AVAILABLE,Tuesday,True
L02878,SHORT,AVAILABLE,1.5033050550518774,AVAILABLE,NEUTRAL,AVAILABLE,2.489646543422112,AVAILABLE,Tuesday,True
L02879,LONG,AVAILABLE,0.9847890419045994,AVAILABLE,NEUTRAL,AVAILABLE,1.339360136621916,AVAILABLE,Tuesday,True
L02881,LONG,AVAILABLE,0.0995610329427745,AVAILABLE,NEUTRAL,AVAILABLE,1.730427764598149,AVAILABLE,Tuesday,True
L02883,SHORT,AVAILABLE,1.5382234276680538,AVAILABLE,NEUTRAL,AVAILABLE,1.9016558384745483,AVAILABLE,Tuesday,True
L02884,SHORT,AVAILABLE,0.8455318630261515,AVAILABLE,NEUTRAL,AVAILABLE,1.4849135576691794,AVAILABLE,Tuesday,True
L02886,SHORT,AVAILABLE,1.11822332617946,AVAILABLE,AGAINST_SINGLE,AVAILABLE,1.3908881883070718,AVAILABLE,Tuesday,True
L02888,LONG,AVAILABLE,0.6234566945644687,AVAILABLE,ALIGNED_CONFIRMED,AVAILABLE,16.890044784382255,AVAILABLE,Wednesday,True
L02889,LONG,AVAILABLE,1.1619765992137776,AVAILABLE,ALIGNED_CONFIRMED,AVAILABLE,2.5471460169786537,AVAILABLE,Thursday,True
L02890,LONG,AVAILABLE,2.100068395469992,AVAILABLE,ALIGNED_CONFIRMED,AVAILABLE,2.7407382609699984,AVAILABLE,Thursday,True
L02893,SHORT,AVAILABLE,0.3364804068483779,AVAILABLE,AGAINST_SINGLE,AVAILABLE,0.7328852960658073,AVAILABLE,Thursday,True
L02894,LONG,AVAILABLE,0.443292830388167,AVAILABLE,ALIGNED_SINGLE,AVAILABLE,0.9361393763170412,AVAILABLE,Thursday,True
L02895,LONG,AVAILABLE,1.923856142884864,AVAILABLE,NEUTRAL,AVAILABLE,2.068726514834314,AVAILABLE,Friday,True
L02897,LONG,AVAILABLE,1.9569742277368627,AVAILABLE,NEUTRAL,AVAILABLE,1.5928359541919717,AVAILABLE,Friday,True
L02898,LONG,AVAILABLE,0.5738691841103746,AVAILABLE,NEUTRAL,AVAILABLE,2.3728635678857057,AVAILABLE,Friday,True
L02899,LONG,AVAILABLE,1.9918642337003911,AVAILABLE,NEUTRAL,AVAILABLE,1.7087439907432187,AVAILABLE,Friday,True
L02901,SHORT,AVAILABLE,0.2673543295073212,AVAILABLE,NEUTRAL,AVAILABLE,2.093418354714226,AVAILABLE,Friday,True
L02902,SHORT,AVAILABLE,1.138294446102457,AVAILABLE,NEUTRAL,AVAILABLE,1.6931723306869175,AVAILABLE,Friday,True
L02903,LONG,AVAILABLE,0.7399275455242473,AVAILABLE,NEUTRAL,AVAILABLE,1.5469852720788762,AVAILABLE,Friday,True
L02904,LONG,AVAILABLE,2.0729274491319427,AVAILABLE,NEUTRAL,AVAILABLE,1.5169567455123794,AVAILABLE,Friday,True
L02905,SHORT,AVAILABLE,0.6935091991879152,AVAILABLE,NEUTRAL,AVAILABLE,1.630709658388554,AVAILABLE,Friday,True
L02907,SHORT,AVAILABLE,1.201847141541832,AVAILABLE,ALIGNED_SINGLE,AVAILABLE,2.736927492558316,AVAILABLE,Sunday,True
L02908,SHORT,AVAILABLE,3.6407932226362423,AVAILABLE,ALIGNED_SINGLE,AVAILABLE,3.0827435313237883,AVAILABLE,Monday,True
L02909,LONG,AVAILABLE,0.2984708073177275,AVAILABLE,AGAINST_SINGLE,AVAILABLE,1.5422983378911792,AVAILABLE,Monday,True
L02910,LONG,AVAILABLE,1.3697658642192685,AVAILABLE,AGAINST_SINGLE,AVAILABLE,1.5861981150115627,AVAILABLE,Monday,True
L02912,LONG,AVAILABLE,0.5414981780632572,AVAILABLE,NEUTRAL,AVAILABLE,1.4658020179245637,AVAILABLE,Monday,True
L02915,LONG,AVAILABLE,1.387703019718382,AVAILABLE,NEUTRAL,AVAILABLE,1.9104246551135773,AVAILABLE,Tuesday,True
L02916,SHORT,AVAILABLE,0.4418181371606035,AVAILABLE,NEUTRAL,AVAILABLE,1.2800480586190992,AVAILABLE,Tuesday,True
L02917,SHORT,AVAILABLE,0.8604829493692041,AVAILABLE,NEUTRAL,AVAILABLE,1.65955695634723,AVAILABLE,Tuesday,True
L02918,LONG,AVAILABLE,0.5015921422437402,AVAILABLE,NEUTRAL,AVAILABLE,1.4194550850923706,AVAILABLE,Tuesday,True
L02919,LONG,AVAILABLE,1.3422389348140495,AVAILABLE,NEUTRAL,AVAILABLE,2.1627286260093914,AVAILABLE,Tuesday,True
L02921,LONG,AVAILABLE,1.1780378288911288,AVAILABLE,NEUTRAL,AVAILABLE,1.8580948945707787,AVAILABLE,Tuesday,True
L02922,SHORT,AVAILABLE,0.73152785436463,AVAILABLE,ALIGNED_SINGLE,AVAILABLE,1.6776266549516026,AVAILABLE,Wednesday,True
L02923,LONG,AVAILABLE,1.0876179680985878,AVAILABLE,AGAINST_SINGLE,AVAILABLE,1.7028740964105868,AVAILABLE,Wednesday,True
L02924,SHORT,AVAILABLE,1.05909746302189,AVAILABLE,ALIGNED_SINGLE,AVAILABLE,1.6429085980342986,AVAILABLE,Wednesday,True
L02925,SHORT,AVAILABLE,0.8841115359352741,AVAILABLE,ALIGNED_SINGLE,AVAILABLE,1.2822204920248084,AVAILABLE,Wednesday,True
L02927,LONG,AVAILABLE,0.4081761203866025,AVAILABLE,AGAINST_SINGLE,AVAILABLE,3.318494756269538,AVAILABLE,Wednesday,True
L02928,LONG,AVAILABLE,1.6983769033436678,AVAILABLE,AGAINST_SINGLE,AVAILABLE,2.2943849825106444,AVAILABLE,Wednesday,True
L02929,SHORT,AVAILABLE,1.2369421688295466,AVAILABLE,ALIGNED_SINGLE,AVAILABLE,2.6613514414911137,AVAILABLE,Wednesday,True
L02933,LONG,AVAILABLE,1.3849117090254284,AVAILABLE,NEUTRAL,AVAILABLE,2.249726109985408,AVAILABLE,Thursday,True
L02934,LONG,AVAILABLE,0.2430255411714174,AVAILABLE,NEUTRAL,AVAILABLE,1.563949651741765,AVAILABLE,Thursday,True
L02935,SHORT,AVAILABLE,0.4078783871870083,AVAILABLE,NEUTRAL,AVAILABLE,0.7157301864206312,AVAILABLE,Thursday,True
L02937,LONG,AVAILABLE,0.2724746993430474,AVAILABLE,NEUTRAL,AVAILABLE,1.035821021168168,AVAILABLE,Thursday,True
L02938,LONG,AVAILABLE,1.2354697659714158,AVAILABLE,NEUTRAL,AVAILABLE,1.412153116840854,AVAILABLE,Thursday,True
L02939,SHORT,AVAILABLE,1.7101749297354487,AVAILABLE,NEUTRAL,AVAILABLE,2.758309429180448,AVAILABLE,Thursday,True
L02940,LONG,AVAILABLE,1.3609465876156412,AVAILABLE,ALIGNED_SINGLE,AVAILABLE,1.479126459273278,AVAILABLE,Friday,True
L02941,LONG,AVAILABLE,1.7224782828512804,AVAILABLE,ALIGNED_SINGLE,AVAILABLE,1.7317785231067044,AVAILABLE,Friday,True
L02942,LONG,AVAILABLE,1.016584225834806,AVAILABLE,ALIGNED_SINGLE,AVAILABLE,1.7132370505154804,AVAILABLE,Friday,True
L02943,SHORT,AVAILABLE,0.6503200324479387,AVAILABLE,NEUTRAL,AVAILABLE,3.320324030764424,AVAILABLE,Sunday,True
L02944,LONG,AVAILABLE,1.0045607327384125,AVAILABLE,NEUTRAL,AVAILABLE,1.3882544883725243,AVAILABLE,Monday,True
L02945,LONG,AVAILABLE,2.1592427845589888,AVAILABLE,NEUTRAL,AVAILABLE,2.2075760188658875,AVAILABLE,Monday,True
L02946,LONG,AVAILABLE,0.9488443962577372,AVAILABLE,NEUTRAL,AVAILABLE,1.72704126049392,AVAILABLE,Monday,True
L02947,LONG,AVAILABLE,0.8345093228274006,AVAILABLE,NEUTRAL,AVAILABLE,1.4169909861987788,AVAILABLE,Monday,True
L02948,SHORT,AVAILABLE,1.7205601681831977,AVAILABLE,NEUTRAL,AVAILABLE,2.1381036132077083,AVAILABLE,Monday,True
L02949,LONG,AVAILABLE,0.136440713760296,AVAILABLE,NEUTRAL,AVAILABLE,2.2967942858898107,AVAILABLE,Monday,True
L02950,LONG,AVAILABLE,0.9499290151554504,AVAILABLE,AGAINST_SINGLE,AVAILABLE,1.455880682721427,AVAILABLE,Monday,True
L02951,SHORT,AVAILABLE,0.3565776857604373,AVAILABLE,ALIGNED_SINGLE,AVAILABLE,3.282371674987006,AVAILABLE,Tuesday,True
L02954,SHORT,AVAILABLE,2.2090009692991,AVAILABLE,ALIGNED_SINGLE,AVAILABLE,3.2202995324807198,AVAILABLE,Tuesday,True
L02955,SHORT,AVAILABLE,1.3107607460674802,AVAILABLE,ALIGNED_SINGLE,AVAILABLE,2.236797518683212,AVAILABLE,Tuesday,True
L02956,SHORT,AVAILABLE,0.6228573215713261,AVAILABLE,ALIGNED_SINGLE,AVAILABLE,1.3734717973116508,AVAILABLE,Tuesday,True
L02957,SHORT,AVAILABLE,1.0796045545032484,AVAILABLE,ALIGNED_SINGLE,AVAILABLE,2.4190499465126907,AVAILABLE,Tuesday,True
L02958,SHORT,AVAILABLE,0.0344734714023997,AVAILABLE,NEUTRAL,AVAILABLE,0.462456808415757,AVAILABLE,Tuesday,True
L02959,LONG,AVAILABLE,0.277974335591088,AVAILABLE,NEUTRAL,AVAILABLE,0.7563048753359715,AVAILABLE,Tuesday,True
L02961,LONG,AVAILABLE,1.0076965495478416,AVAILABLE,NEUTRAL,AVAILABLE,2.221066935574146,AVAILABLE,Tuesday,True
L02962,SHORT,AVAILABLE,1.0809476557309905,AVAILABLE,NEUTRAL,AVAILABLE,1.6520178797005367,AVAILABLE,Wednesday,True
L02963,SHORT,AVAILABLE,0.9098763583920432,AVAILABLE,NEUTRAL,AVAILABLE,1.555946177261874,AVAILABLE,Wednesday,True
L02964,SHORT,AVAILABLE,1.6999257467663498,AVAILABLE,NEUTRAL,AVAILABLE,2.882804562510504,AVAILABLE,Wednesday,True
L02966,SHORT,AVAILABLE,0.8039043216987485,AVAILABLE,NEUTRAL,AVAILABLE,1.975827336294709,AVAILABLE,Wednesday,True
L02967,SHORT,AVAILABLE,-0.5417401944166771,AVAILABLE,AGAINST_SINGLE,AVAILABLE,1.8402431882801864,AVAILABLE,Wednesday,True
L02968,SHORT,AVAILABLE,1.2078414085008258,AVAILABLE,AGAINST_CONFIRMED,AVAILABLE,2.5655329805069047,AVAILABLE,Thursday,True
L02969,SHORT,AVAILABLE,1.133211971035727,AVAILABLE,AGAINST_CONFIRMED,AVAILABLE,1.844065257309888,AVAILABLE,Thursday,True
L02971,LONG,AVAILABLE,0.5689786151443477,AVAILABLE,ALIGNED_CONFIRMED,AVAILABLE,1.909763927870895,AVAILABLE,Thursday,True
L02972,LONG,AVAILABLE,1.0669822528786774,AVAILABLE,ALIGNED_CONFIRMED,AVAILABLE,1.550231368974247,AVAILABLE,Thursday,True
L02975,SHORT,AVAILABLE,0.3701494826795791,AVAILABLE,AGAINST_CONFIRMED,AVAILABLE,1.6389038287958866,AVAILABLE,Thursday,True
L02976,LONG,AVAILABLE,0.6498086372884739,AVAILABLE,ALIGNED_CONFIRMED,AVAILABLE,1.946970547110056,AVAILABLE,Thursday,True
L02977,LONG,AVAILABLE,1.1449310458425666,AVAILABLE,ALIGNED_CONFIRMED,AVAILABLE,1.0731223854697227,AVAILABLE,Thursday,True
L02981,SHORT,AVAILABLE,0.2695104738918786,AVAILABLE,AGAINST_SINGLE,AVAILABLE,1.1843543991750525,AVAILABLE,Friday,True
L02982,SHORT,AVAILABLE,0.6583981267404718,AVAILABLE,AGAINST_SINGLE,AVAILABLE,1.7813309140733289,AVAILABLE,Friday,True
L02983,SHORT,AVAILABLE,0.4223201427760308,AVAILABLE,AGAINST_SINGLE,AVAILABLE,2.200188832646804,AVAILABLE,Friday,True
L02984,SHORT,AVAILABLE,1.395747990982219,AVAILABLE,AGAINST_SINGLE,AVAILABLE,1.665720196948579,AVAILABLE,Friday,True
L02985,SHORT,AVAILABLE,0.2756833245116185,AVAILABLE,AGAINST_SINGLE,AVAILABLE,1.1834117751344493,AVAILABLE,Friday,True
L02987,SHORT,AVAILABLE,0.0034401762973034,AVAILABLE,AGAINST_SINGLE,AVAILABLE,2.547572430660253,AVAILABLE,Friday,True
L02988,LONG,AVAILABLE,0.5688345125074019,AVAILABLE,ALIGNED_SINGLE,AVAILABLE,1.7636235435727825,AVAILABLE,Monday,True
L02989,SHORT,AVAILABLE,0.2141974519566645,AVAILABLE,AGAINST_SINGLE,AVAILABLE,1.68995138129442,AVAILABLE,Monday,True
L02990,LONG,AVAILABLE,2.23782750151149,AVAILABLE,ALIGNED_SINGLE,AVAILABLE,2.0095613769589367,AVAILABLE,Monday,True
L02991,LONG,AVAILABLE,1.0039506081715182,AVAILABLE,ALIGNED_SINGLE,AVAILABLE,1.721821307186791,AVAILABLE,Monday,True
L02994,SHORT,AVAILABLE,0.9486808689811544,AVAILABLE,AGAINST_SINGLE,AVAILABLE,1.3601890333072657,AVAILABLE,Monday,True
L02995,SHORT,AVAILABLE,1.177562837667527,AVAILABLE,AGAINST_SINGLE,AVAILABLE,1.5490634431235335,AVAILABLE,Monday,True
L02996,SHORT,AVAILABLE,1.3443203607895402,AVAILABLE,AGAINST_SINGLE,AVAILABLE,1.9692447185204487,AVAILABLE,Monday,True
L02997,SHORT,AVAILABLE,1.1605765743521237,AVAILABLE,AGAINST_SINGLE,AVAILABLE,2.141129550462375,AVAILABLE,Monday,True
L02998,SHORT,AVAILABLE,2.4594055388376503,AVAILABLE,AGAINST_SINGLE,AVAILABLE,2.280715321159505,AVAILABLE,Tuesday,True
L03001,SHORT,AVAILABLE,0.3997622312734648,AVAILABLE,AGAINST_SINGLE,AVAILABLE,1.515476636656028,AVAILABLE,Tuesday,True
L03003,SHORT,AVAILABLE,0.8240487727035626,AVAILABLE,AGAINST_SINGLE,AVAILABLE,1.5825005326825503,AVAILABLE,Tuesday,True
L03004,SHORT,AVAILABLE,0.3065982190350607,AVAILABLE,AGAINST_SINGLE,AVAILABLE,1.104965553912914,AVAILABLE,Tuesday,True
L03005,SHORT,AVAILABLE,-0.4211756846375933,AVAILABLE,AGAINST_SINGLE,AVAILABLE,0.9671757764820256,AVAILABLE,Tuesday,True
L03007,SHORT,AVAILABLE,0.6792724912751724,AVAILABLE,AGAINST_SINGLE,AVAILABLE,1.9661036800254783,AVAILABLE,Tuesday,True
L03008,LONG,AVAILABLE,1.2511675426784956,AVAILABLE,ALIGNED_SINGLE,AVAILABLE,2.1219729991657656,AVAILABLE,Tuesday,True
L03009,LONG,AVAILABLE,1.3993966033153626,AVAILABLE,ALIGNED_SINGLE,AVAILABLE,1.8755480160416853,AVAILABLE,Tuesday,True
L03010,SHORT,AVAILABLE,0.7918261768297992,AVAILABLE,AGAINST_SINGLE,AVAILABLE,1.5298614051327244,AVAILABLE,Tuesday,True
L03011,LONG,AVAILABLE,1.6157149555102948,AVAILABLE,ALIGNED_SINGLE,AVAILABLE,2.0488016890334824,AVAILABLE,Tuesday,True
L03012,SHORT,AVAILABLE,1.50828821210746,AVAILABLE,AGAINST_SINGLE,AVAILABLE,2.076690754166054,AVAILABLE,Wednesday,True
L03013,SHORT,AVAILABLE,0.8740017073468983,AVAILABLE,AGAINST_SINGLE,AVAILABLE,2.7030935718809874,AVAILABLE,Wednesday,True
L03014,LONG,AVAILABLE,3.7287751366124575,AVAILABLE,ALIGNED_SINGLE,AVAILABLE,1.5971507240656266,AVAILABLE,Wednesday,True
L03015,SHORT,AVAILABLE,1.580157452569832,AVAILABLE,AGAINST_SINGLE,AVAILABLE,1.7108976316539608,AVAILABLE,Wednesday,True
L03017,SHORT,AVAILABLE,2.0077313989469565,AVAILABLE,AGAINST_SINGLE,AVAILABLE,3.471899229642084,AVAILABLE,Thursday,True
L03019,LONG,AVAILABLE,1.6787778693975275,AVAILABLE,ALIGNED_SINGLE,AVAILABLE,1.9682390544374324,AVAILABLE,Thursday,True
L03022,LONG,AVAILABLE,1.6449006268009578,AVAILABLE,ALIGNED_SINGLE,AVAILABLE,1.434612861603267,AVAILABLE,Thursday,True
L03023,SHORT,AVAILABLE,0.3261908509236302,AVAILABLE,AGAINST_SINGLE,AVAILABLE,1.5700346823124247,AVAILABLE,Thursday,True
L03024,LONG,AVAILABLE,0.4005417214470738,AVAILABLE,ALIGNED_SINGLE,AVAILABLE,2.297953103011721,AVAILABLE,Thursday,True
L03026,LONG,AVAILABLE,0.3819948912973723,AVAILABLE,ALIGNED_SINGLE,AVAILABLE,2.241712713052799,AVAILABLE,Thursday,True
L03027,SHORT,AVAILABLE,0.523890982668338,AVAILABLE,NEUTRAL,AVAILABLE,2.1133101675923704,AVAILABLE,Thursday,True
L03028,SHORT,AVAILABLE,0.9598787342104174,AVAILABLE,NEUTRAL,AVAILABLE,1.235928389851577,AVAILABLE,Thursday,True
L03029,LONG,AVAILABLE,0.7021718819297273,AVAILABLE,NEUTRAL,AVAILABLE,1.1378338848578973,AVAILABLE,Friday,True
L03030,SHORT,AVAILABLE,1.5602582965430851,AVAILABLE,NEUTRAL,AVAILABLE,3.025582468749024,AVAILABLE,Friday,True
L03031,SHORT,AVAILABLE,1.9325357346798324,AVAILABLE,NEUTRAL,AVAILABLE,2.2020586788352463,AVAILABLE,Friday,True
L03032,LONG,AVAILABLE,0.2244163086557576,AVAILABLE,NEUTRAL,AVAILABLE,1.0752702826661702,AVAILABLE,Sunday,True
L03033,SHORT,AVAILABLE,-0.2716240425958609,AVAILABLE,NEUTRAL,AVAILABLE,1.5314198988918004,AVAILABLE,Sunday,True
L03034,SHORT,AVAILABLE,1.9251551074870517,AVAILABLE,NEUTRAL,AVAILABLE,2.151623946574856,AVAILABLE,Sunday,True
L03035,LONG,AVAILABLE,0.8013180716326941,AVAILABLE,NEUTRAL,AVAILABLE,1.7213001320802634,AVAILABLE,Monday,True
L03036,SHORT,AVAILABLE,2.0459882413280064,AVAILABLE,NEUTRAL,AVAILABLE,2.5511411236434203,AVAILABLE,Monday,True
L03038,LONG,AVAILABLE,0.3474279535746259,AVAILABLE,NEUTRAL,AVAILABLE,1.916836925066513,AVAILABLE,Monday,True
L03039,SHORT,AVAILABLE,1.0980771530472742,AVAILABLE,NEUTRAL,AVAILABLE,1.4085337389364672,AVAILABLE,Monday,True
L03040,SHORT,AVAILABLE,0.4088072368234408,AVAILABLE,NEUTRAL,AVAILABLE,1.0461213347280909,AVAILABLE,Monday,True
L03041,SHORT,AVAILABLE,0.0531079416251855,AVAILABLE,NEUTRAL,AVAILABLE,1.1881326969670103,AVAILABLE,Monday,True
L03042,LONG,AVAILABLE,1.1321732387886037,AVAILABLE,NEUTRAL,AVAILABLE,1.2852799514269395,AVAILABLE,Monday,True
L03044,SHORT,AVAILABLE,0.983348261110449,AVAILABLE,NEUTRAL,AVAILABLE,2.5753262504059657,AVAILABLE,Tuesday,True
L03045,SHORT,AVAILABLE,1.222780888308669,AVAILABLE,NEUTRAL,AVAILABLE,1.588851904016475,AVAILABLE,Tuesday,True
L03046,LONG,AVAILABLE,1.2684791740839505,AVAILABLE,NEUTRAL,AVAILABLE,1.6582777523392458,AVAILABLE,Tuesday,True
L03047,LONG,AVAILABLE,0.2728514872612563,AVAILABLE,NEUTRAL,AVAILABLE,1.3802146939851492,AVAILABLE,Tuesday,True
L03048,LONG,AVAILABLE,0.5763280038009535,AVAILABLE,NEUTRAL,AVAILABLE,1.7687922539234524,AVAILABLE,Tuesday,True
L03049,LONG,AVAILABLE,1.5109451635187128,AVAILABLE,NEUTRAL,AVAILABLE,1.2413408008205489,AVAILABLE,Tuesday,True
L03050,SHORT,AVAILABLE,-0.1616851702278838,AVAILABLE,NEUTRAL,AVAILABLE,1.1376935532200685,AVAILABLE,Tuesday,True
L03051,SHORT,AVAILABLE,0.661573320483597,AVAILABLE,NEUTRAL,AVAILABLE,1.713260794582825,AVAILABLE,Tuesday,True
L03052,LONG,AVAILABLE,0.8980275864080208,AVAILABLE,NEUTRAL,AVAILABLE,0.7660850850036999,AVAILABLE,Tuesday,True
L03053,LONG,AVAILABLE,0.5475462615308263,AVAILABLE,NEUTRAL,AVAILABLE,1.8119093538265256,AVAILABLE,Tuesday,True
L03054,SHORT,AVAILABLE,0.5698029768525432,AVAILABLE,NEUTRAL,AVAILABLE,0.8930788306522478,AVAILABLE,Tuesday,True
L03055,LONG,AVAILABLE,1.3650542841012188,AVAILABLE,NEUTRAL,AVAILABLE,1.412958484257968,AVAILABLE,Tuesday,True
L03057,LONG,AVAILABLE,-0.1685463397024571,AVAILABLE,NEUTRAL,AVAILABLE,2.6222324892583955,AVAILABLE,Wednesday,True
L03058,SHORT,AVAILABLE,0.2063062202332682,AVAILABLE,NEUTRAL,AVAILABLE,1.43984735713472,AVAILABLE,Wednesday,True
L03059,SHORT,AVAILABLE,0.6229561734299,AVAILABLE,NEUTRAL,AVAILABLE,1.3125804944705015,AVAILABLE,Wednesday,True
L03060,SHORT,AVAILABLE,0.4144213477922044,AVAILABLE,NEUTRAL,AVAILABLE,1.323470953529835,AVAILABLE,Wednesday,True
L03061,LONG,AVAILABLE,0.5342576380180929,AVAILABLE,NEUTRAL,AVAILABLE,1.4504367557845617,AVAILABLE,Wednesday,True
L03062,SHORT,AVAILABLE,0.151159354817871,AVAILABLE,NEUTRAL,AVAILABLE,2.018708122699529,AVAILABLE,Wednesday,True
L03063,SHORT,AVAILABLE,1.0554332044258092,AVAILABLE,NEUTRAL,AVAILABLE,1.2119852172931975,AVAILABLE,Wednesday,True
L03064,SHORT,AVAILABLE,0.3396361233513822,AVAILABLE,NEUTRAL,AVAILABLE,2.029334749462761,AVAILABLE,Wednesday,True
L03065,LONG,AVAILABLE,1.1309342863507572,AVAILABLE,NEUTRAL,AVAILABLE,1.4223642145891302,AVAILABLE,Thursday,True
L03066,LONG,AVAILABLE,1.2726828151150873,AVAILABLE,NEUTRAL,AVAILABLE,1.824650243592868,AVAILABLE,Thursday,True
L03068,LONG,AVAILABLE,1.0311498702055313,AVAILABLE,NEUTRAL,AVAILABLE,2.192581329119786,AVAILABLE,Thursday,True
L03069,SHORT,AVAILABLE,0.1817298063031688,AVAILABLE,NEUTRAL,AVAILABLE,2.79049603421459,AVAILABLE,Thursday,True
L03070,SHORT,AVAILABLE,0.864984364078159,AVAILABLE,NEUTRAL,AVAILABLE,2.082239836194164,AVAILABLE,Thursday,True
L03071,SHORT,AVAILABLE,1.2993510969692734,AVAILABLE,AGAINST_SINGLE,AVAILABLE,2.807039090326373,AVAILABLE,Friday,True
L03073,SHORT,AVAILABLE,0.9746678586970876,AVAILABLE,AGAINST_SINGLE,AVAILABLE,1.4520470822370684,AVAILABLE,Friday,True
L03074,SHORT,AVAILABLE,0.3825207476837236,AVAILABLE,AGAINST_SINGLE,AVAILABLE,1.0376777751374195,AVAILABLE,Friday,True
L03075,SHORT,AVAILABLE,2.7707635714719494,AVAILABLE,AGAINST_SINGLE,AVAILABLE,2.784502692544916,AVAILABLE,Friday,True
L03076,SHORT,AVAILABLE,0.7665544737939982,AVAILABLE,AGAINST_SINGLE,AVAILABLE,1.6439315306968505,AVAILABLE,Friday,True
L03077,LONG,AVAILABLE,1.0723921462683823,AVAILABLE,ALIGNED_SINGLE,AVAILABLE,2.7971130498584045,AVAILABLE,Friday,True
L03078,SHORT,AVAILABLE,2.0200729288992583,AVAILABLE,AGAINST_SINGLE,AVAILABLE,1.7121114200215235,AVAILABLE,Friday,True
L03082,LONG,AVAILABLE,1.461554002794133,AVAILABLE,ALIGNED_SINGLE,AVAILABLE,2.4199677942996645,AVAILABLE,Monday,True
L03083,SHORT,AVAILABLE,2.141682397692145,AVAILABLE,AGAINST_SINGLE,AVAILABLE,1.8629271488231576,AVAILABLE,Monday,True
L03084,SHORT,AVAILABLE,1.3563030035664534,AVAILABLE,AGAINST_SINGLE,AVAILABLE,2.224122989846542,AVAILABLE,Monday,True
L03085,LONG,AVAILABLE,0.8622809898530381,AVAILABLE,ALIGNED_SINGLE,AVAILABLE,0.6962467560703014,AVAILABLE,Monday,True
L03086,SHORT,AVAILABLE,0.4209731147654164,AVAILABLE,AGAINST_SINGLE,AVAILABLE,2.8540728057107074,AVAILABLE,Monday,True
L03087,SHORT,AVAILABLE,0.4359228590573281,AVAILABLE,AGAINST_SINGLE,AVAILABLE,1.3550144081403117,AVAILABLE,Monday,True
L03088,SHORT,AVAILABLE,0.0468985454767238,AVAILABLE,AGAINST_SINGLE,AVAILABLE,1.2328460971486002,AVAILABLE,Monday,True
L03089,LONG,AVAILABLE,0.2350530501311718,AVAILABLE,ALIGNED_SINGLE,AVAILABLE,2.518490620359662,AVAILABLE,Monday,True
L03090,LONG,AVAILABLE,1.0424366345531897,AVAILABLE,ALIGNED_SINGLE,AVAILABLE,1.637297962408481,AVAILABLE,Monday,True
L03091,SHORT,AVAILABLE,1.4365930204819082,AVAILABLE,AGAINST_SINGLE,AVAILABLE,1.7738675229842398,AVAILABLE,Tuesday,True
L03092,LONG,AVAILABLE,0.4389207048751019,AVAILABLE,ALIGNED_SINGLE,AVAILABLE,2.2388511034672844,AVAILABLE,Tuesday,True
L03093,LONG,AVAILABLE,1.3701772126215963,AVAILABLE,ALIGNED_SINGLE,AVAILABLE,1.544663492665755,AVAILABLE,Tuesday,True
L03094,SHORT,AVAILABLE,0.8124260217360241,AVAILABLE,AGAINST_SINGLE,AVAILABLE,1.995898765168764,AVAILABLE,Tuesday,True
L03095,SHORT,AVAILABLE,0.7363381127704054,AVAILABLE,AGAINST_SINGLE,AVAILABLE,1.2513011702601435,AVAILABLE,Tuesday,True
L03097,SHORT,AVAILABLE,1.1842700813228864,AVAILABLE,AGAINST_SINGLE,AVAILABLE,1.5773172180699289,AVAILABLE,Tuesday,True
L03098,LONG,AVAILABLE,1.9328535337188304,AVAILABLE,ALIGNED_SINGLE,AVAILABLE,1.969438124370464,AVAILABLE,Wednesday,True
L03099,LONG,AVAILABLE,0.8955998482707948,AVAILABLE,ALIGNED_SINGLE,AVAILABLE,2.147621396083776,AVAILABLE,Wednesday,True
L03100,LONG,AVAILABLE,0.8441087194311958,AVAILABLE,ALIGNED_SINGLE,AVAILABLE,1.5803273804727964,AVAILABLE,Wednesday,True
L03101,LONG,AVAILABLE,0.8582817936717801,AVAILABLE,ALIGNED_SINGLE,AVAILABLE,1.8039988634854451,AVAILABLE,Wednesday,True
L03102,LONG,AVAILABLE,1.309534475956576,AVAILABLE,ALIGNED_SINGLE,AVAILABLE,1.909992867646083,AVAILABLE,Wednesday,True
L03103,SHORT,AVAILABLE,1.027223278635725,AVAILABLE,AGAINST_SINGLE,AVAILABLE,1.161778431724828,AVAILABLE,Wednesday,True
L03104,LONG,AVAILABLE,0.5602469113132709,AVAILABLE,ALIGNED_SINGLE,AVAILABLE,2.119104882106159,AVAILABLE,Wednesday,True
L03105,SHORT,AVAILABLE,1.405191039557246,AVAILABLE,AGAINST_SINGLE,AVAILABLE,1.613617833639931,AVAILABLE,Wednesday,True
L03106,LONG,AVAILABLE,1.2448172940590587,AVAILABLE,ALIGNED_SINGLE,AVAILABLE,2.325869036171045,AVAILABLE,Wednesday,True
L03107,SHORT,AVAILABLE,0.5727277427884185,AVAILABLE,NEUTRAL,AVAILABLE,1.7486170041916325,AVAILABLE,Thursday,True
L03108,SHORT,AVAILABLE,1.2144934157222949,AVAILABLE,NEUTRAL,AVAILABLE,1.63817869175775,AVAILABLE,Thursday,True
L03109,LONG,AVAILABLE,0.585269334906587,AVAILABLE,NEUTRAL,AVAILABLE,1.3685708934482197,AVAILABLE,Thursday,True
L03110,LONG,AVAILABLE,0.434918473906217,AVAILABLE,NEUTRAL,AVAILABLE,1.0556097049747226,AVAILABLE,Thursday,True
L03112,SHORT,AVAILABLE,1.2085699845912248,AVAILABLE,NEUTRAL,AVAILABLE,1.4381193347374832,AVAILABLE,Thursday,True
L03113,LONG,AVAILABLE,0.9389594701946384,AVAILABLE,NEUTRAL,AVAILABLE,1.7582845214308762,AVAILABLE,Thursday,True
L03114,LONG,AVAILABLE,0.5101649048022149,AVAILABLE,NEUTRAL,AVAILABLE,1.800503867470342,AVAILABLE,Thursday,True
L03115,SHORT,AVAILABLE,1.1508856095623816,AVAILABLE,NEUTRAL,AVAILABLE,1.351636269477302,AVAILABLE,Thursday,True
L03116,SHORT,AVAILABLE,2.181032303692642,AVAILABLE,NEUTRAL,AVAILABLE,1.9508491775755032,AVAILABLE,Thursday,True
L03117,LONG,AVAILABLE,1.151356901870196,AVAILABLE,AGAINST_SINGLE,AVAILABLE,0.5934763278218106,AVAILABLE,Thursday,True
L03119,LONG,AVAILABLE,1.3736719958306796,AVAILABLE,AGAINST_CONFIRMED,AVAILABLE,2.0263343259286803,AVAILABLE,Friday,True
L03120,LONG,AVAILABLE,1.728391824453812,AVAILABLE,AGAINST_CONFIRMED,AVAILABLE,1.659496893114143,AVAILABLE,Friday,True
L03121,LONG,AVAILABLE,0.7789380626639855,AVAILABLE,AGAINST_CONFIRMED,AVAILABLE,1.5636258572969428,AVAILABLE,Friday,True
L03123,SHORT,AVAILABLE,0.5156419231372409,AVAILABLE,ALIGNED_CONFIRMED,AVAILABLE,1.2333201275262844,AVAILABLE,Friday,True
L03128,LONG,AVAILABLE,0.3755754516248881,AVAILABLE,AGAINST_CONFIRMED,AVAILABLE,2.5262863781386216,AVAILABLE,Friday,True
L03129,LONG,AVAILABLE,0.5480052996109802,AVAILABLE,AGAINST_CONFIRMED,AVAILABLE,1.430506212743959,AVAILABLE,Friday,True
L03130,LONG,AVAILABLE,0.2234846840402188,AVAILABLE,AGAINST_SINGLE,AVAILABLE,2.5577634867859045,AVAILABLE,Sunday,True
L03131,LONG,AVAILABLE,1.5948885985190044,AVAILABLE,AGAINST_SINGLE,AVAILABLE,2.702751940930725,AVAILABLE,Sunday,True
L03132,SHORT,AVAILABLE,1.2432290284908527,AVAILABLE,ALIGNED_SINGLE,AVAILABLE,1.6043702115534926,AVAILABLE,Monday,True
L03133,LONG,AVAILABLE,1.959782334600541,AVAILABLE,AGAINST_SINGLE,AVAILABLE,2.3158374057068896,AVAILABLE,Monday,True
L03134,SHORT,AVAILABLE,1.9712714374991995,AVAILABLE,ALIGNED_SINGLE,AVAILABLE,2.066098505437929,AVAILABLE,Monday,True
L03135,LONG,AVAILABLE,1.433607857807347,AVAILABLE,AGAINST_SINGLE,AVAILABLE,1.909596090298023,AVAILABLE,Monday,True
L03136,LONG,AVAILABLE,1.9328755529604815,AVAILABLE,AGAINST_SINGLE,AVAILABLE,1.6435751243561652,AVAILABLE,Monday,True
L03137,SHORT,AVAILABLE,2.3225330017993904,AVAILABLE,ALIGNED_SINGLE,AVAILABLE,1.900566234481059,AVAILABLE,Monday,True
L03138,LONG,AVAILABLE,1.05302238234882,AVAILABLE,AGAINST_SINGLE,AVAILABLE,1.5367800828356444,AVAILABLE,Monday,True
L03139,SHORT,AVAILABLE,1.7715073398621617,AVAILABLE,ALIGNED_SINGLE,AVAILABLE,1.779799028975256,AVAILABLE,Tuesday,True
L03140,LONG,AVAILABLE,1.1865083995522252,AVAILABLE,AGAINST_SINGLE,AVAILABLE,1.893149912434172,AVAILABLE,Tuesday,True
L03141,LONG,AVAILABLE,2.149824848926177,AVAILABLE,AGAINST_SINGLE,AVAILABLE,2.337495861869712,AVAILABLE,Tuesday,True
L03142,LONG,AVAILABLE,0.9252863724998946,AVAILABLE,AGAINST_SINGLE,AVAILABLE,1.2749961566690176,AVAILABLE,Tuesday,True
L03144,LONG,AVAILABLE,1.3270126252823735,AVAILABLE,AGAINST_SINGLE,AVAILABLE,2.3087951941022387,AVAILABLE,Tuesday,True
L03146,LONG,AVAILABLE,0.5860182477665434,AVAILABLE,AGAINST_SINGLE,AVAILABLE,0.5757900816978159,AVAILABLE,Tuesday,True
L03148,LONG,AVAILABLE,2.2830729250967323,AVAILABLE,AGAINST_SINGLE,AVAILABLE,2.6166163690517577,AVAILABLE,Tuesday,True
L03149,LONG,AVAILABLE,0.6217223464372943,AVAILABLE,AGAINST_SINGLE,AVAILABLE,1.305325442442579,AVAILABLE,Tuesday,True
L03150,SHORT,AVAILABLE,0.9803316221967914,AVAILABLE,ALIGNED_SINGLE,AVAILABLE,1.7301036937763077,AVAILABLE,Tuesday,True
L03152,LONG,AVAILABLE,1.239273789908179,AVAILABLE,AGAINST_SINGLE,AVAILABLE,2.362912260279847,AVAILABLE,Wednesday,True
L03153,LONG,AVAILABLE,1.091943047727613,AVAILABLE,AGAINST_SINGLE,AVAILABLE,1.9830041374668008,AVAILABLE,Wednesday,True
L03154,LONG,AVAILABLE,1.2781017067504357,AVAILABLE,AGAINST_SINGLE,AVAILABLE,1.8929708553589,AVAILABLE,Wednesday,True
L03156,SHORT,AVAILABLE,0.1636282905547636,AVAILABLE,ALIGNED_SINGLE,AVAILABLE,2.108749597292616,AVAILABLE,Wednesday,True
L03157,SHORT,AVAILABLE,0.6708629968227933,AVAILABLE,ALIGNED_SINGLE,AVAILABLE,2.0379705050691483,AVAILABLE,Wednesday,True
L03159,LONG,AVAILABLE,0.9114597068406596,AVAILABLE,AGAINST_SINGLE,AVAILABLE,1.3218701178594925,AVAILABLE,Wednesday,True
L03162,SHORT,AVAILABLE,0.6494423104225209,AVAILABLE,ALIGNED_SINGLE,AVAILABLE,1.736963212358347,AVAILABLE,Thursday,True
L03164,LONG,AVAILABLE,1.2552323781705277,AVAILABLE,AGAINST_SINGLE,AVAILABLE,5.101860485166064,AVAILABLE,Thursday,True
L03166,LONG,AVAILABLE,1.3818055469922104,AVAILABLE,ALIGNED_SINGLE,AVAILABLE,3.2660752942001525,AVAILABLE,Friday,True
L03167,LONG,AVAILABLE,1.742305174796568,AVAILABLE,NEUTRAL,AVAILABLE,2.450433962095357,AVAILABLE,Tuesday,True
L03168,SHORT,AVAILABLE,0.1841165284127334,AVAILABLE,NEUTRAL,AVAILABLE,1.436850888654711,AVAILABLE,Tuesday,True
L03169,LONG,AVAILABLE,1.20492703186297,AVAILABLE,NEUTRAL,AVAILABLE,2.017784902388344,AVAILABLE,Tuesday,True
L03170,LONG,AVAILABLE,1.909210893792437,AVAILABLE,NEUTRAL,AVAILABLE,2.401651403956576,AVAILABLE,Tuesday,True
L03171,LONG,AVAILABLE,0.0869670389123361,AVAILABLE,NEUTRAL,AVAILABLE,1.0260081598059665,AVAILABLE,Tuesday,True
L03173,LONG,AVAILABLE,1.3896313400719844,AVAILABLE,AGAINST_SINGLE,AVAILABLE,1.8931144516301197,AVAILABLE,Wednesday,True
L03174,SHORT,AVAILABLE,0.5337409369652337,AVAILABLE,ALIGNED_SINGLE,AVAILABLE,1.2916378289920296,AVAILABLE,Wednesday,True
L03175,SHORT,AVAILABLE,0.1667747472099908,AVAILABLE,ALIGNED_SINGLE,AVAILABLE,1.7269709459508653,AVAILABLE,Wednesday,True
L03176,SHORT,AVAILABLE,0.5365648764355205,AVAILABLE,ALIGNED_SINGLE,AVAILABLE,1.5145891281678407,AVAILABLE,Wednesday,True
L03177,SHORT,AVAILABLE,2.285245223497046,AVAILABLE,ALIGNED_SINGLE,AVAILABLE,2.317013444524604,AVAILABLE,Wednesday,True
L03179,SHORT,AVAILABLE,0.7904583153460154,AVAILABLE,ALIGNED_SINGLE,AVAILABLE,2.7554588076936453,AVAILABLE,Wednesday,True
L03180,LONG,AVAILABLE,1.5741332817228928,AVAILABLE,AGAINST_SINGLE,AVAILABLE,2.476624663112106,AVAILABLE,Wednesday,True
L03181,SHORT,AVAILABLE,0.903531664199152,AVAILABLE,NEUTRAL,AVAILABLE,2.4845843634188967,AVAILABLE,Thursday,True
L03182,LONG,AVAILABLE,0.6775163769937791,AVAILABLE,NEUTRAL,AVAILABLE,1.5570805203235578,AVAILABLE,Thursday,True
L03183,LONG,AVAILABLE,0.4511225690461202,AVAILABLE,NEUTRAL,AVAILABLE,0.7999406570516241,AVAILABLE,Thursday,True
L03184,SHORT,AVAILABLE,0.2912139916482478,AVAILABLE,NEUTRAL,AVAILABLE,0.7305969821190162,AVAILABLE,Thursday,True
L03185,LONG,AVAILABLE,1.401957894404788,AVAILABLE,NEUTRAL,AVAILABLE,2.7945336268825107,AVAILABLE,Thursday,True
L03187,SHORT,AVAILABLE,0.6151821232017619,AVAILABLE,NEUTRAL,AVAILABLE,1.1845837753416075,AVAILABLE,Thursday,True
L03188,LONG,AVAILABLE,0.1044457644587494,AVAILABLE,NEUTRAL,AVAILABLE,1.4543020099275925,AVAILABLE,Thursday,True
L03190,SHORT,AVAILABLE,2.795115664279733,AVAILABLE,NEUTRAL,AVAILABLE,1.9556274043634088,AVAILABLE,Friday,True
L03192,SHORT,AVAILABLE,1.987051011854689,AVAILABLE,NEUTRAL,AVAILABLE,2.1009510560934705,AVAILABLE,Friday,True
L03193,LONG,AVAILABLE,2.4091360015318157,AVAILABLE,NEUTRAL,AVAILABLE,1.6363237081618478,AVAILABLE,Friday,True
L03194,SHORT,AVAILABLE,0.1676258857228778,AVAILABLE,NEUTRAL,AVAILABLE,1.1404598554041654,AVAILABLE,Friday,True
L03195,SHORT,AVAILABLE,0.1391260727529771,AVAILABLE,NEUTRAL,AVAILABLE,1.2071193470376829,AVAILABLE,Friday,True
L03196,LONG,AVAILABLE,0.7853611526042744,AVAILABLE,NEUTRAL,AVAILABLE,2.344913382367072,AVAILABLE,Sunday,True
L03197,LONG,AVAILABLE,-0.1429090689434952,AVAILABLE,NEUTRAL,AVAILABLE,1.3128664237895982,AVAILABLE,Monday,True
L03200,LONG,AVAILABLE,1.431314520935583,AVAILABLE,NEUTRAL,AVAILABLE,1.6535085468117436,AVAILABLE,Monday,True
L03201,LONG,AVAILABLE,1.34135794424778,AVAILABLE,NEUTRAL,AVAILABLE,1.8129180304136308,AVAILABLE,Monday,True
L03202,LONG,AVAILABLE,2.116817186786145,AVAILABLE,NEUTRAL,AVAILABLE,2.8446331156436,AVAILABLE,Monday,True
L03203,SHORT,AVAILABLE,0.1957023250590928,AVAILABLE,NEUTRAL,AVAILABLE,1.6561425549023712,AVAILABLE,Monday,True
L03204,SHORT,AVAILABLE,1.0065314822584015,AVAILABLE,ALIGNED_SINGLE,AVAILABLE,1.4249556377394177,AVAILABLE,Monday,True
L03205,LONG,AVAILABLE,0.4613500727485184,AVAILABLE,AGAINST_SINGLE,AVAILABLE,1.3646063753420197,AVAILABLE,Tuesday,True
