time,time_server,time_utc,open,high,low,close,spread
1786714200,1786714200,1786714201,4384.654,4391.717,4383.537,4390.91,260
1786714500,1786714500,1786714501,4390.847,4397.008,4390.847,4395.253,260
1786714800,1786714800,1786714801,4395.307,4396.249,4390.536,4393.713,260
1786715100,1786715100,1786715101,4393.908,4394.742,4386.345,4386.597,260
1786715400,1786715400,1786715401,4386.686,4388.532,4382.828,4384.422,260
1786715700,1786715700,1786715701,4384.751,4385.83,4382.731,4384.639,260
1786716000,1786716000,1786716001,4384.635,4392.692,4384.308,4391.177,260
1786716300,1786716300,1786716301,4391.209,4391.99,4388.637,4388.637,260
1786716600,1786716600,1786716601,4388.658,4393.159,4386.894,4390.632,260
1786716900,1786716900,1786716901,4390.399,4392.329,4385.348,4386.398,260
1786717200,1786717200,1786717201,4386.071,4392.178,4385.025,4391.859,260
1786717500,1786717500,1786717501,4391.805,4394.735,4390.226,4390.506,260
1786717800,1786717800,1786717801,4390.566,4391.488,4384.202,4384.694,260
1786718100,1786718100,1786718101,4384.64,4387.214,4383.915,4385.923,260
1786718400,1786718400,1786718401,4385.987,4386.701,4381.379,4384.108,260
1786718700,1786718700,1786718701,4384.354,4384.382,4378.663,4380.594,260
1786719000,1786719000,1786719001,4380.538,4383.191,4379.501,4381.348,260
1786719300,1786719300,1786719301,4381.675,4382.951,4379.731,4381.569,260
1786719600,1786719600,1786719601,4381.351,4390.869,4380.979,4386.908,260
1786719900,1786719900,1786719901,4386.962,4389.205,4385.393,4386.358,260
1786720200,1786720200,1786720201,4386.492,4394.283,4385.847,4391.944,260
1786720500,1786720500,1786720501,4392.065,4393.93,4385.847,4386.05,260
1786720800,1786720800,1786720801,4386.225,4387.164,4382.963,4383.165,260
1786721100,1786721100,1786721101,4383.112,4385.082,4379.026,4384.953,260
1786721400,1786721400,1786721401,4385.021,4389.109,4383.725,4387.435,260
1786721700,1786721700,1786721701,4387.377,4389.93,4386.553,4387.687,260
1786722000,1786722000,1786722001,4387.456,4389.84,4386.512,4389.426,260
1786722300,1786722300,1786722301,4389.519,4394.716,4389.153,4392.176,260
1786722600,1786722600,1786722601,4392.169,4393.101,4389.836,4390.442,260
1786722900,1786722900,1786722901,4390.456,4393.142,4390.25,4391.685,260
1786723200,1786723200,1786723201,4391.737,4396.816,4390.732,4390.745,260
1786723500,1786723500,1786723501,4390.671,4392.941,4389.005,4389.795,260
1786723800,1786723800,1786723801,4390.009,4390.555,4388.618,4389.471,260
1786724100,1786724100,1786724101,4389.516,4392.093,4389.239,4391.668,260
1786724400,1786724400,1786724401,4391.884,4393.064,4389.258,4389.556,260
1786724700,1786724700,1786724701,4389.496,4389.679,4386.737,4387.586,260
1786725000,1786725000,1786725001,4387.703,4387.758,4380.06,4383.868,260
1786725300,1786725300,1786725301,4383.77,4389.038,4383.101,4388.164,260
1786725600,1786725600,1786725601,4388.044,4388.789,4385.414,4385.836,260
1786725900,1786725900,1786725901,4385.874,4387.049,4385.186,4386.827,260
1786726200,1786726200,1786726201,4386.724,4387.538,4385.284,4386.295,260
1786726500,1786726500,1786726501,4386.309,4386.746,4384.692,4385.805,260
1786726800,1786726800,1786726801,4385.745,4386.55,4382.862,4383.607,260
1786727100,1786727100,1786727101,4383.659,4384.232,4381.279,4382.364,260
1786727400,1786727400,1786727401,4382.225,4382.621,4380.385,4382.472,260
1786727700,1786727700,1786727701,4382.498,4384.92,4381.364,4381.389,260
1786728000,1786728000,1786728001,4381.348,4382.714,4379.749,4381.667,260
1786728300,1786728300,1786728301,4381.614,4382.52,4379.111,4379.554,260
1786728600,1786728600,1786728601,4379.489,4382.837,4379.434,4382.575,260
1786728900,1786728900,1786728901,4382.646,4382.646,4379.277,4379.553,260
1786729200,1786729200,1786729201,4379.484,4380.709,4376.85,4377.858,260
1786729500,1786729500,1786729501,4377.563,4378.021,4376.227,4377.015,260
1786729800,1786729800,1786729801,4377.009,4379.186,4376.32,4377.932,260
1786730100,1786730100,1786730101,4377.93,4378.594,4376.984,4378.594,240
1786730400,1786730400,1786730401,4378.655,4381.646,4376.444,4381.185,260
1786730700,1786730700,1786730701,4381.064,4381.805,4379.121,4379.989,260
1786731000,1786731000,1786731001,4379.972,4380.792,4376.78,4377.146,260
1786731300,1786731300,1786731301,4377.25,4379.147,4376.885,4378.567,260
1786731600,1786731600,1786731601,4378.559,4380.382,4378.077,4379.396,260
1786731900,1786731900,1786731901,4379.275,4380.408,4377.763,4379.169,260
1786732200,1786732200,1786732201,4379.234,4379.778,4377.253,4378.186,260
1786732500,1786732500,1786732501,4378.239,4382.748,4378.004,4382.589,260
1786732800,1786732800,1786732801,4382.532,4382.822,4376.136,4376.557,260
1786733100,1786733100,1786733101,4376.265,4377.08,4370.918,4373.896,260
1786733400,1786733400,1786733401,4374.18,4375.798,4372.735,4373.41,260
1786733700,1786733700,1786733701,4373.201,4374.358,4372.844,4373.431,260
1786734000,1786734000,1786734001,4373.489,4373.894,4372.428,4372.834,260
1786734300,1786734300,1786734301,4372.572,4376.693,4372.063,4376.134,260
1786734600,1786734600,1786734601,4376.384,4377.229,4375.511,4375.726,260
1786734900,1786734900,1786734901,4375.707,4376.582,4374.441,4375.186,260
1786735200,1786735200,1786735201,4374.932,4377.01,4374.932,4376.167,260
1786735500,1786735500,1786735501,4376.231,4377.902,4376.067,4377.097,260
1786735800,1786735800,1786735801,4376.983,4378.037,4376.589,4377.317,260
1786736100,1786736100,1786736101,4377.295,4378.22,4375.845,4376.441,260
1786736400,1786736400,1786736401,4376.312,4377.52,4375.451,4375.451,260
1786736700,1786736700,1786736701,4375.68,4376.044,4374.96,4375.83,260
1786737000,1786737000,1786737001,4375.887,4379.991,4375.693,4378.042,260
1786737300,1786737300,1786737301,4378.192,4378.192,4373.514,4375.986,260
1786737600,1786737600,1786737601,4376.084,4376.084,4373.451,4374.099,260
1786737900,1786737900,1786737901,4374.063,4374.491,4371.725,4372.092,260
1786738200,1786738200,1786738201,4372.148,4373.007,4371.293,4372.726,260
1786738500,1786738500,1786738501,4372.726,4373.851,4372.683,4373.186,260
1786738800,1786738800,1786738801,4373.03,4374.135,4372.22,4373.798,260
1786739100,1786739100,1786739101,4374.01,4374.929,4373.482,4374.748,260
1786739400,1786739400,1786739401,4374.575,4374.74,4373.728,4374.093,260
1786739700,1786739700,1786739701,4373.961,4376.296,4373.556,4375.755,260
1786740000,1786740000,1786740001,4375.815,4377.05,4374.632,4375.375,260
1786740300,1786740300,1786740301,4375.662,4376.053,4375.081,4375.229,260
1786740600,1786740600,1786740601,4375.482,4376.175,4374.961,4375.916,260
1786740900,1786740900,1786740901,4376.126,4376.19,4374.97,4375.883,260
1786917600,1786917600,1786917601,4379.402,4379.402,4372.185,4373.092,260
1786917900,1786917900,1786917901,4373.16,4376.842,4372.294,4376.527,260
1786918200,1786918200,1786918201,4376.512,4378.645,4374.1,4375.614,260
1786918500,1786918500,1786918501,4375.659,4376.135,4372.864,4373.875,260
1786918800,1786918800,1786918801,4374.151,4375.336,4373.05,4373.329,260
1786919100,1786919100,1786919101,4373.253,4375.21,4372.835,4374.703,260
1786919400,1786919400,1786919401,4374.703,4377.817,4374.703,4376.946,260
1786919700,1786919700,1786919701,4376.887,4378.805,4376.485,4378.35,260
1786920000,1786920000,1786920001,4378.675,4378.828,4376.424,4377.799,260
1786920300,1786920300,1786920301,4377.538,4381.084,4377.505,4380.766,240
1786920600,1786920600,1786920601,4380.717,4384.446,4380.206,4383.12,260
1786920900,1786920900,1786920901,4383.126,4386.862,4382.646,4386.051,260
1786921200,1786921200,1786921201,4385.917,4386.276,4380.475,4382.045,260
1786921500,1786921500,1786921501,4382.057,4383.209,4381.145,4383.153,240
1786921800,1786921800,1786921801,4383.049,4383.521,4379.483,4379.895,240
1786922100,1786922100,1786922101,4379.951,4381.326,4378.283,4380.011,260
1786922400,1786922400,1786922401,4379.762,4380.908,4375.266,4376.063,260
1786922700,1786922700,1786922701,4376.063,4376.678,4372.754,4374.889,260
1786923000,1786923000,1786923001,4374.599,4375.294,4369.705,4371.16,260
1786923300,1786923300,1786923301,4371.209,4371.806,4367.051,4370.574,260
1786923600,1786923600,1786923601,4370.33,4370.424,4367.803,4368.181,260
1786923900,1786923900,1786923901,4368.129,4373.724,4368.129,4371.535,240
1786924200,1786924200,1786924201,4371.799,4372.935,4370.368,4371.793,260
1786924500,1786924500,1786924501,4372.046,4372.452,4369.674,4370.359,240
1786924800,1786924800,1786924801,4370.434,4376.136,4368.089,4374.66,240
1786925100,1786925100,1786925101,4374.982,4375.894,4372.047,4372.156,260
1786925400,1786925400,1786925401,4372.504,4379.637,4372.147,4378.903,260
1786925700,1786925700,1786925701,4378.865,4387.641,4378.255,4384.752,260
1786926000,1786926000,1786926001,4384.543,4388.544,4384.005,4386.669,260
1786926300,1786926300,1786926301,4386.718,4390.944,4386.266,4389.668,260
1786926600,1786926600,1786926601,4389.832,4394.258,4389.229,4392.522,260
1786926900,1786926900,1786926901,4392.403,4393.197,4388.577,4388.945,260
1786927200,1786927200,1786927201,4388.899,4397.937,4387.54,4395.989,260
1786927500,1786927500,1786927501,4395.935,4396.384,4394.173,4395.186,260
1786927800,1786927800,1786927801,4395.218,4398.678,4394.295,4397.804,260
1786928100,1786928100,1786928101,4398.06,4402.286,4397.355,4400.612,260
1786928400,1786928400,1786928401,4400.966,4409.208,4399.055,4407.576,260
1786928700,1786928700,1786928701,4407.636,4411.535,4405.015,4406.969,260
1786929000,1786929000,1786929001,4406.864,4411.892,4404.156,4409.271,260
1786929300,1786929300,1786929301,4409.087,4410.547,4406.091,4407.974,260
1786929600,1786929600,1786929601,4407.871,4416.584,4407.679,4412.653,260
1786929900,1786929900,1786929901,4412.708,4414.748,4406.185,4407.305,260
1786930200,1786930200,1786930201,4407.358,4408.241,4401.477,4402.458,260
1786930500,1786930500,1786930501,4402.46,4403.39,4398.888,4400.796,260
1786930800,1786930800,1786930801,4400.817,4403.633,4397.549,4403.576,260
1786931100,1786931100,1786931101,4403.522,4404.042,4394.088,4395.323,260
1786931400,1786931400,1786931401,4395.205,4398.815,4391.885,4397.428,260
1786931700,1786931700,1786931701,4397.36,4397.513,4393.057,4395.747,260
1786932000,1786932000,1786932001,4395.694,4398.32,4394.696,4395.768,260
1786932300,1786932300,1786932301,4395.862,4397.412,4392.478,4395.478,260
1786932600,1786932600,1786932601,4395.325,4395.351,4392.73,4394.321,260
1786932900,1786932900,1786932901,4394.163,4395.857,4392.339,4393.684,260
1786933200,1786933200,1786933201,4393.795,4395.155,4389.691,4394.875,260
1786933500,1786933500,1786933501,4394.931,4397.638,4394.42,4395.487,260
1786933800,1786933800,1786933801,4395.555,4398.314,4392.134,4392.676,260
1786934100,1786934100,1786934101,4392.621,4395.41,4391.461,4392.042,260
1786934400,1786934400,1786934401,4391.924,4395.021,4389.684,4393.096,260
1786934700,1786934700,1786934701,4392.749,4393.369,4390.348,4391.564,260
1786935000,1786935000,1786935001,4391.629,4392.689,4389.942,4390.341,260
1786935300,1786935300,1786935301,4390.285,4393.565,4388.304,4393.123,260
1786935600,1786935600,1786935601,4393.329,4394.977,4392.263,4392.657,260
1786935900,1786935900,1786935901,4392.847,4394.037,4389.368,4389.857,260
1786936200,1786936200,1786936201,4389.986,4391.705,4388.538,4390.146,260
1786936500,1786936500,1786936501,4390.212,4391.08,4387.838,4390.853,260
1786936800,1786936800,1786936801,4390.906,4391.749,4389.864,4390.767,260
1786937100,1786937100,1786937101,4390.779,4393.48,4388.507,4392.715,260
1786937400,1786937400,1786937401,4392.993,4395.426,4390.931,4394.794,260
1786937700,1786937700,1786937701,4394.723,4395.218,4392.141,4393.608,260
1786938000,1786938000,1786938001,4393.765,4397.184,4393.765,4395.263,260
1786938300,1786938300,1786938301,4395.209,4395.764,4392.732,4395.05,260
1786938600,1786938600,1786938601,4394.778,4395.478,4393.951,4394.816,260
1786938900,1786938900,1786938901,4394.897,4397.733,4393.791,4396.851,260
1786939200,1786939200,1786939201,4396.912,4399.593,4396.312,4397.469,260
1786939500,1786939500,1786939501,4397.48,4398.704,4396.269,4397.69,260
1786939800,1786939800,1786939801,4397.623,4399.456,4397.058,4398.378,260
1786940100,1786940100,1786940101,4398.455,4398.99,4396.562,4396.887,260
1786940400,1786940400,1786940401,4397.11,4397.11,4393.001,4393.747,260
1786940700,1786940700,1786940701,4393.911,4393.997,4390.211,4390.713,260
1786941000,1786941000,1786941001,4391.026,4392.004,4388.8,4391.707,260
1786941300,1786941300,1786941301,4391.7,4393.651,4390.003,4392.803,260
1786941600,1786941600,1786941601,4392.575,4396.749,4391.75,4395.722,260
1786941900,1786941900,1786941901,4395.52,4397.875,4395.206,4395.879,260
1786942200,1786942200,1786942201,4396.127,4396.793,4394.721,4395.117,260
1786942500,1786942500,1786942501,4395.317,4395.474,4389.837,4390.79,260
1786942800,1786942800,1786942801,4390.736,4393.0,4389.752,4392.949,260
1786943100,1786943100,1786943101,4392.553,4393.278,4389.624,4391.933,260
1786943400,1786943400,1786943401,4391.923,4392.083,4386.781,4387.835,260
1786943700,1786943700,1786943701,4387.733,4393.415,4386.785,4392.964,260
1786944000,1786944000,1786944001,4393.021,4396.781,4390.536,4395.193,260
1786944300,1786944300,1786944301,4395.077,4399.48,4394.381,4399.409,260
1786944600,1786944600,1786944601,4399.438,4401.293,4395.538,4396.447,260
1786944900,1786944900,1786944901,4396.393,4396.546,4392.139,4395.52,260
1786945200,1786945200,1786945201,4395.449,4396.874,4393.743,4395.75,260
1786945500,1786945500,1786945501,4395.589,4397.425,4392.211,4397.069,260
1786945800,1786945800,1786945801,4397.25,4397.555,4392.441,4393.159,260
1786946100,1786946100,1786946101,4393.216,4395.957,4392.636,4394.86,260
1786946400,1786946400,1786946401,4394.843,4398.354,4394.495,4395.471,260
1786946700,1786946700,1786946701,4395.533,4397.829,4393.51,4395.316,260
1786947000,1786947000,1786947001,4395.315,4397.488,4392.659,4396.657,260
1786947300,1786947300,1786947301,4396.751,4396.751,4392.527,4393.663,260
1786947600,1786947600,1786947601,4393.595,4396.74,4393.228,4395.083,260
1786947900,1786947900,1786947901,4395.054,4399.947,4394.316,4398.514,260
1786948200,1786948200,1786948201,4398.455,4398.544,4394.735,4395.626,260
1786948500,1786948500,1786948501,4395.364,4395.886,4393.496,4395.121,260
1786948800,1786948800,1786948801,4394.836,4396.374,4393.478,4395.928,260
1786949100,1786949100,1786949101,4396.261,4400.954,4396.108,4400.178,260
1786949400,1786949400,1786949401,4400.236,4404.553,4400.232,4402.103,260
1786949700,1786949700,1786949701,4401.849,4403.351,4400.921,4402.871,260
1786950000,1786950000,1786950001,4402.926,4403.983,4401.349,4401.57,260
1786950300,1786950300,1786950301,4401.628,4402.98,4399.336,4400.393,260
1786950600,1786950600,1786950601,4400.448,4401.433,4396.062,4396.527,260
1786950900,1786950900,1786950901,4396.504,4399.165,4396.447,4397.371,260
1786951200,1786951200,1786951201,4397.627,4397.746,4395.875,4397.157,260
1786951500,1786951500,1786951501,4397.212,4405.133,4396.636,4404.783,260
1786951800,1786951800,1786951801,4404.843,4408.023,4404.604,4406.921,260
1786952100,1786952100,1786952101,4406.913,4411.321,4406.576,4407.477,260
1786952400,1786952400,1786952401,4407.536,4410.921,4406.996,4409.233,260
1786952700,1786952700,1786952701,4409.464,4409.9,4407.098,4407.611,260
1786953000,1786953000,1786953001,4407.539,4408.273,4403.569,4404.257,260
1786953300,1786953300,1786953301,4404.261,4406.078,4403.784,4405.067,260
1786953600,1786953600,1786953601,4404.95,4404.95,4399.57,4400.156,260
1786953900,1786953900,1786953901,4400.22,4400.699,4397.488,4399.773,260
1786954200,1786954200,1786954201,4399.702,4402.876,4398.534,4402.694,260
1786954500,1786954500,1786954501,4402.764,4403.645,4400.27,4401.22,260
1786954800,1786954800,1786954801,4401.155,4402.948,4400.341,4402.264,260
1786955100,1786955100,1786955101,4402.211,4403.067,4400.698,4401.647,260
1786955400,1786955400,1786955401,4401.77,4402.181,4399.337,4400.009,260
1786955700,1786955700,1786955701,4400.06,4402.149,4398.826,4401.303,260
1786956000,1786956000,1786956001,4401.087,4401.398,4395.848,4396.426,260
1786956300,1786956300,1786956301,4396.429,4396.994,4394.764,4395.612,260
1786956600,1786956600,1786956601,4395.731,4396.146,4392.761,4393.644,260
1786956900,1786956900,1786956901,4393.585,4396.045,4392.64,4394.9,260
1786957200,1786957200,1786957201,4395.211,4396.44,4393.208,4396.38,260
1786957500,1786957500,1786957501,4396.162,4399.568,4395.235,4399.31,260
1786957800,1786957800,1786957801,4399.395,4400.475,4398.706,4398.807,260
1786958100,1786958100,1786958101,4398.948,4399.97,4396.93,4398.526,260
1786958400,1786958400,1786958401,4398.127,4398.837,4396.142,4396.908,260
1786958700,1786958700,1786958701,4396.688,4398.261,4395.454,4396.893,260
1786959000,1786959000,1786959001,4396.976,4397.569,4394.385,4396.348,260
1786959300,1786959300,1786959301,4396.286,4397.212,4393.733,4394.44,260
1786959600,1786959600,1786959601,4394.454,4396.517,4393.449,4394.079,260
1786959900,1786959900,1786959901,4394.375,4395.396,4392.428,4395.313,260
1786960200,1786960200,1786960201,4395.275,4396.036,4392.731,4393.29,260
1786960500,1786960500,1786960501,4393.412,4395.68,4393.319,4395.422,260
1786960800,1786960800,1786960801,4395.477,4396.095,4393.03,4393.925,260
1786961100,1786961100,1786961101,4393.949,4396.332,4393.949,4394.267,260
1786961400,1786961400,1786961401,4394.279,4396.54,4393.859,4395.84,260
1786961700,1786961700,1786961701,4395.826,4400.149,4394.813,4396.065,260
1786962000,1786962000,1786962001,4395.841,4397.317,4394.97,4396.485,260
1786962300,1786962300,1786962301,4396.543,4405.644,4391.742,4404.951,260
1786962600,1786962600,1786962601,4404.891,4405.92,4396.957,4397.284,260
1786962900,1786962900,1786962901,4397.436,4398.433,4395.388,4396.022,260
1786963200,1786963200,1786963201,4396.081,4398.801,4395.224,4398.042,260
1786963500,1786963500,1786963501,4398.383,4399.259,4396.214,4396.99,260
1786963800,1786963800,1786963801,4397.049,4398.764,4396.504,4397.491,260
1786964100,1786964100,1786964101,4397.522,4399.583,4396.836,4399.018,260
1786964400,1786964400,1786964401,4399.166,4402.287,4397.771,4400.441,260
1786964700,1786964700,1786964701,4400.429,4403.94,4400.08,4402.183,260
1786965000,1786965000,1786965001,4402.129,4402.858,4399.503,4399.79,260
1786965300,1786965300,1786965301,4399.643,4400.166,4396.964,4398.369,260
1786965600,1786965600,1786965601,4398.482,4404.299,4398.469,4403.661,260
1786965900,1786965900,1786965901,4403.802,4404.765,4402.647,4403.701,260
1786966200,1786966200,1786966201,4403.759,4404.87,4402.299,4404.211,260
1786966500,1786966500,1786966501,4404.005,4404.694,4402.607,4402.918,260
1786966800,1786966800,1786966801,4402.94,4403.308,4399.189,4399.756,260
1786967100,1786967100,1786967101,4399.727,4400.856,4396.804,4397.138,260
1786967400,1786967400,1786967401,4397.141,4399.024,4395.448,4396.913,260
1786967700,1786967700,1786967701,4396.838,4397.697,4395.921,4396.707,260
1786968000,1786968000,1786968001,4396.876,4397.699,4393.486,4394.745,260
1786968300,1786968300,1786968301,4394.828,4395.225,4392.109,4392.613,260
1786968600,1786968600,1786968601,4392.669,4395.009,4391.426,4393.743,260
1786968900,1786968900,1786968901,4394.09,4395.533,4393.174,4394.908,260
1786969200,1786969200,1786969201,4394.701,4398.765,4391.94,4392.7,260
1786969500,1786969500,1786969501,4393.03,4393.732,4382.182,4385.88,260
1786969800,1786969800,1786969801,4385.814,4390.343,4383.892,4388.823,260
1786970100,1786970100,1786970101,4388.876,4389.414,4381.176,4381.529,260
1786970400,1786970400,1786970401,4381.649,4383.382,4378.419,4378.419,260
1786970700,1786970700,1786970701,4378.106,4380.606,4377.283,4377.988,260
1786971000,1786971000,1786971001,4378.106,4384.882,4377.788,4384.13,260
1786971300,1786971300,1786971301,4384.191,4386.495,4383.294,4384.799,260
1786971600,1786971600,1786971601,4384.855,4388.565,4381.694,4384.975,260
1786971900,1786971900,1786971901,4385.028,4386.338,4382.196,4385.396,260
1786972200,1786972200,1786972201,4385.272,4389.655,4385.0,4386.462,260
1786972500,1786972500,1786972501,4386.418,4387.049,4382.119,4385.683,260
1786972800,1786972800,1786972801,4385.738,4388.927,4384.507,4386.448,260
1786973100,1786973100,1786973101,4386.5,4388.573,4385.989,4386.378,260
1786973400,1786973400,1786973401,4386.446,4390.269,4385.748,4388.693,260
1786973700,1786973700,1786973701,4388.748,4392.075,4386.062,4388.645,260
1786974000,1786974000,1786974001,4388.668,4389.618,4384.807,4385.892,260
1786974300,1786974300,1786974301,4385.838,4395.704,4384.55,4395.226,260
1786974600,1786974600,1786974601,4395.013,4407.709,4394.45,4401.768,260
1786974900,1786974900,1786974901,4401.82,4416.432,4401.623,4408.816,260
1786975200,1786975200,1786975201,4408.882,4410.292,4404.386,4407.855,260
1786975500,1786975500,1786975501,4407.912,4408.564,4404.761,4405.059,260
1786975800,1786975800,1786975801,4405.278,4412.994,4403.722,4412.321,260
1786976100,1786976100,1786976101,4412.265,4420.978,4411.701,4418.302,260
1786976400,1786976400,1786976401,4418.576,4427.65,4417.307,4423.969,260
1786976700,1786976700,1786976701,4424.184,4426.423,4415.85,4418.091,260
1786977000,1786977000,1786977001,4418.148,4424.681,4418.148,4422.02,260
1786977300,1786977300,1786977301,4421.962,4423.673,4416.588,4417.465,260
1786977600,1786977600,1786977601,4417.724,4421.516,4417.206,4417.415,260
1786977900,1786977900,1786977901,4417.246,4419.56,4413.717,4417.301,260
1786978200,1786978200,1786978201,4417.386,4421.166,4415.746,4416.114,260
1786978500,1786978500,1786978501,4416.268,4418.362,4414.382,4417.215,260
1786978800,1786978800,1786978801,4417.119,4419.217,4414.869,4418.614,260
1786979100,1786979100,1786979101,4418.559,4419.921,4415.876,4417.2,260
1786979400,1786979400,1786979401,4416.873,4422.409,4416.041,4421.089,260
1786979700,1786979700,1786979701,4421.019,4423.304,4419.391,4421.914,260
1786980000,1786980000,1786980001,4422.258,4423.871,4421.314,4422.987,260
1786980300,1786980300,1786980301,4423.146,4425.96,4420.796,4425.399,260
1786980600,1786980600,1786980601,4425.459,4426.548,4421.066,4422.885,260
1786980900,1786980900,1786980901,4422.831,4423.962,4420.074,4422.014,260
1786981200,1786981200,1786981201,4421.981,4423.472,4418.787,4419.316,260
1786981500,1786981500,1786981501,4419.322,4424.345,4417.467,4423.682,260
1786981800,1786981800,1786981801,4423.613,4426.77,4422.888,4426.161,260
1786982100,1786982100,1786982101,4426.223,4427.868,4425.757,4427.36,260
1786982400,1786982400,1786982401,4427.42,4428.271,4423.861,4425.236,260
1786982700,1786982700,1786982701,4425.357,4428.492,4424.081,4427.207,260
1786983000,1786983000,1786983001,4427.135,4428.868,4425.534,4425.786,260
1786983300,1786983300,1786983301,4426.114,4427.551,4425.011,4425.602,260
1786983600,1786983600,1786983601,4425.498,4427.773,4424.572,4425.22,260
1786983900,1786983900,1786983901,4425.026,4425.393,4422.944,4424.653,260
1786984200,1786984200,1786984201,4424.998,4425.463,4422.518,4423.784,260
1786984500,1786984500,1786984501,4424.113,4427.135,4423.197,4426.486,260
1786984800,1786984800,1786984801,4426.706,4426.821,4424.443,4424.795,260
1786985100,1786985100,1786985101,4424.498,4425.028,4422.417,4424.217,260
1786985400,1786985400,1786985401,4424.176,4425.568,4422.794,4423.445,260
1786985700,1786985700,1786985701,4423.221,4425.494,4423.221,4424.051,260
1786986000,1786986000,1786986001,4424.323,4426.229,4423.683,4424.783,260
1786986300,1786986300,1786986301,4424.844,4425.01,4421.138,4422.372,260
1786986600,1786986600,1786986601,4422.244,4423.465,4421.609,4422.771,260
1786986900,1786986900,1786986901,4423.011,4423.335,4418.883,4419.509,260
1786987200,1786987200,1786987201,4419.564,4420.382,4415.804,4416.791,260
1786987500,1786987500,1786987501,4416.857,4417.492,4413.396,4416.348,260
1786987800,1786987800,1786987801,4416.286,4418.551,4413.859,4417.044,260
1786988100,1786988100,1786988101,4417.103,4417.565,4411.866,4412.024,260
1786988400,1786988400,1786988401,4412.039,4417.452,4411.035,4417.314,260
1786988700,1786988700,1786988701,4417.269,4420.552,4417.032,4419.024,260
1786989000,1786989000,1786989001,4418.964,4420.65,4416.798,4417.238,260
1786989300,1786989300,1786989301,4417.359,4417.931,4413.023,4413.786,260
1786989600,1786989600,1786989601,4413.815,4414.564,4410.637,4411.14,260
1786989900,1786989900,1786989901,4411.455,4413.093,4410.125,4411.835,260
1786990200,1786990200,1786990201,4411.778,4413.85,4410.113,4413.658,260
1786990500,1786990500,1786990501,4413.658,4416.208,4413.383,4415.119,260
1786990800,1786990800,1786990801,4414.855,4415.552,4408.891,4409.268,260
1786991100,1786991100,1786991101,4409.206,4409.868,4404.823,4406.286,260
1786991400,1786991400,1786991401,4406.402,4406.955,4397.933,4400.024,260
1786991700,1786991700,1786991701,4399.762,4402.526,4399.147,4402.071,260
1786992000,1786992000,1786992001,4402.017,4404.883,4401.395,4401.46,260
1786992300,1786992300,1786992301,4401.518,4406.036,4399.931,4405.59,260
1786992600,1786992600,1786992601,4405.643,4407.402,4404.859,4406.495,260
1786992900,1786992900,1786992901,4406.561,4406.916,4405.708,4406.738,260
1786993200,1786993200,1786993201,4406.619,4407.084,4401.849,4402.804,260
1786993500,1786993500,1786993501,4403.025,4403.787,4400.111,4403.787,260
1786993800,1786993800,1786993801,4403.513,4408.56,4403.513,4408.398,260
1786994100,1786994100,1786994101,4408.483,4415.991,4408.483,4414.985,260
1786994400,1786994400,1786994401,4415.179,4416.85,4414.687,4415.911,260
1786994700,1786994700,1786994701,4415.847,4417.468,4414.329,4414.513,260
1786995000,1786995000,1786995001,4414.285,4416.673,4413.995,4416.435,260
1786995300,1786995300,1786995301,4416.411,4417.287,4414.849,4416.368,260
1786995600,1786995600,1786995601,4416.375,4420.505,4415.361,4419.236,260
1786995900,1786995900,1786995901,4419.226,4421.033,4418.338,4420.002,260
1786996200,1786996200,1786996201,4420.011,4420.146,4416.42,4418.059,260
1786996500,1786996500,1786996501,4417.911,4420.79,4417.447,4419.916,260
1786996800,1786996800,1786996801,4419.734,4421.323,4417.98,4418.532,260
1786997100,1786997100,1786997101,4418.826,4418.826,4416.524,4417.302,260
1786997400,1786997400,1786997401,4417.297,4418.099,4416.561,4417.561,260
1786997700,1786997700,1786997701,4417.864,4418.133,4417.293,4417.793,260
1786998000,1786998000,1786998001,4417.793,4418.234,4416.849,4417.166,260
1786998300,1786998300,1786998301,4416.92,4417.288,4414.801,4415.071,260
1786998600,1786998600,1786998601,4415.346,4415.765,4414.754,4415.388,260
1786998900,1786998900,1786998901,4415.335,4415.584,4414.682,4415.022,260
1786999200,1786999200,1786999201,4415.076,4416.103,4414.992,4415.578,260
1786999500,1786999500,1786999501,4415.565,4416.826,4415.175,4415.806,260
1786999800,1786999800,1786999801,4415.833,4416.302,4415.084,4415.71,260
1787000100,1787000100,1787000101,4415.675,4416.77,4415.561,4416.432,260
1787004000,1787004000,1787004001,4417.748,4418.937,4415.434,4416.32,260
1787004300,1787004300,1787004301,4416.426,4416.63,4415.149,4415.578,260
1787004600,1787004600,1787004601,4415.585,4417.07,4415.243,4416.697,260
1787004900,1787004900,1787004901,4416.816,4417.399,4415.541,4415.634,260
1787005200,1787005200,1787005201,4415.809,4416.449,4415.26,4415.632,260
1787005500,1787005500,1787005501,4415.444,4415.666,4411.907,4412.314,260
1787005800,1787005800,1787005801,4412.289,4413.448,4411.592,4412.411,260
1787006100,1787006100,1787006101,4412.395,4414.822,4412.14,4412.919,260
1787006400,1787006400,1787006401,4413.2,4415.732,4412.926,4414.608,260
1787006700,1787006700,1787006701,4414.385,4416.345,4413.94,4415.156,260
1787007000,1787007000,1787007001,4415.224,4415.657,4411.828,4411.828,260
1787007300,1787007300,1787007301,4411.83,4413.337,4410.359,4411.879,260
1787007600,1787007600,1787007601,4412.0,4413.66,4409.795,4413.538,260
1787007900,1787007900,1787007901,4413.342,4414.507,4412.765,4413.682,260
1787008200,1787008200,1787008201,4413.705,4415.008,4413.237,4414.726,260
1787008500,1787008500,1787008501,4414.945,4418.504,4414.718,4417.566,260
1787008800,1787008800,1787008801,4417.782,4418.284,4416.475,4417.715,260
1787009100,1787009100,1787009101,4417.986,4421.851,4417.63,4420.176,260
1787009400,1787009400,1787009401,4420.121,4422.376,4419.909,4421.879,260
1787009700,1787009700,1787009701,4422.224,4422.4,4420.513,4421.131,260
1787010000,1787010000,1787010001,4421.141,4422.855,4420.042,4422.771,260
1787010300,1787010300,1787010301,4422.828,4423.981,4421.463,4423.79,260
1787010600,1787010600,1787010601,4423.77,4424.368,4422.411,4423.63,260
1787010900,1787010900,1787010901,4423.647,4426.006,4422.979,4425.733,260
1787011200,1787011200,1787011201,4425.739,4430.069,4419.083,4425.486,260
1787011500,1787011500,1787011501,4425.22,4426.284,4419.987,4420.266,260
1787011800,1787011800,1787011801,4420.32,4422.549,4418.866,4421.599,260
1787012100,1787012100,1787012101,4421.56,4428.216,4420.833,4427.077,260
1787012400,1787012400,1787012401,4427.145,4431.514,4422.676,4428.057,260
1787012700,1787012700,1787012701,4427.675,4431.577,4425.062,4431.234,260
1787013000,1787013000,1787013001,4431.18,4432.175,4428.236,4431.419,260
1787013300,1787013300,1787013301,4431.203,4433.643,4430.218,4432.873,260
1787013600,1787013600,1787013601,4432.888,4433.18,4428.372,4429.673,260
1787013900,1787013900,1787013901,4429.474,4430.288,4428.358,4429.142,260
1787014200,1787014200,1787014201,4429.2,4430.539,4428.457,4429.269,260
1787014500,1787014500,1787014501,4429.163,4435.077,4428.687,4434.549,260
1787014800,1787014800,1787014801,4434.493,4436.277,4429.249,4431.122,260
1787015100,1787015100,1787015101,4431.33,4436.349,4428.813,4430.365,260
1787015400,1787015400,1787015401,4430.488,4431.943,4428.452,4429.094,260
1787015700,1787015700,1787015701,4429.179,4430.803,4422.576,4425.22,260
1787016000,1787016000,1787016001,4425.276,4426.638,4421.93,4423.771,260
1787016300,1787016300,1787016301,4423.695,4425.871,4420.273,4425.136,260
1787016600,1787016600,1787016601,4424.991,4426.273,4421.081,4422.231,260
1787016900,1787016900,1787016901,4422.265,4423.599,4420.372,4420.492,260
1787017200,1787017200,1787017201,4420.276,4421.939,4411.73,4411.829,260
1787017500,1787017500,1787017501,4411.876,4412.347,4404.249,4407.546,260
1787017800,1787017800,1787017801,4407.579,4408.64,4404.148,4408.076,260
1787018100,1787018100,1787018101,4407.915,4409.478,4407.327,4408.126,260
1787018400,1787018400,1787018401,4407.941,4408.34,4400.781,4402.28,260
1787018700,1787018700,1787018701,4402.333,4404.1,4399.599,4400.09,260
1787019000,1787019000,1787019001,4400.036,4402.765,4398.389,4401.153,260
1787019300,1787019300,1787019301,4401.16,4405.412,4400.273,4403.994,260
1787019600,1787019600,1787019601,4403.939,4404.622,4401.345,4403.961,260
1787019900,1787019900,1787019901,4404.014,4405.33,4402.119,4402.125,260
1787020200,1787020200,1787020201,4402.338,4402.85,4395.789,4396.397,260
1787020500,1787020500,1787020501,4396.316,4399.738,4395.133,4396.424,260
1787020800,1787020800,1787020801,4396.51,4397.038,4394.06,4395.097,260
1787021100,1787021100,1787021101,4395.151,4398.127,4394.239,4397.141,260
1787021400,1787021400,1787021401,4397.085,4398.256,4395.485,4397.928,260
1787021700,1787021700,1787021701,4397.654,4400.52,4397.051,4399.963,260
1787022000,1787022000,1787022001,4399.635,4404.079,4399.635,4402.896,260
1787022300,1787022300,1787022301,4402.928,4403.529,4399.438,4401.258,260
1787022600,1787022600,1787022601,4401.317,4402.665,4398.664,4401.394,260
1787022900,1787022900,1787022901,4401.72,4402.232,4395.576,4396.6,260
1787023200,1787023200,1787023201,4396.602,4397.409,4394.181,4394.926,260
1787023500,1787023500,1787023501,4395.146,4397.654,4394.993,4397.208,260
1787023800,1787023800,1787023801,4396.936,4397.247,4395.636,4396.565,260
1787024100,1787024100,1787024101,4396.562,4397.003,4394.889,4395.075,260
1787024400,1787024400,1787024401,4395.093,4395.916,4394.452,4394.653,260
1787024700,1787024700,1787024701,4394.863,4395.099,4393.529,4393.885,260
1787025000,1787025000,1787025001,4393.795,4393.867,4391.519,4392.212,260
1787025300,1787025300,1787025301,4392.155,4392.665,4390.633,4391.959,260
1787025600,1787025600,1787025601,4391.907,4392.208,4390.0,4390.778,260
1787025900,1787025900,1787025901,4390.785,4392.263,4389.78,4391.106,260
1787026200,1787026200,1787026201,4390.956,4392.881,4390.679,4392.378,260
1787026500,1787026500,1787026501,4392.443,4393.531,4390.833,4391.535,260
1787026800,1787026800,1787026801,4391.479,4392.542,4390.523,4392.542,260
1787027100,1787027100,1787027101,4392.296,4392.887,4391.335,4392.481,260
1787027400,1787027400,1787027401,4392.465,4393.923,4391.418,4392.053,260
1787027700,1787027700,1787027701,4391.832,4393.11,4388.576,4391.289,260
1787028000,1787028000,1787028001,4391.617,4394.421,4390.326,4393.344,260
1787028300,1787028300,1787028301,4393.548,4394.929,4391.978,4394.544,260
1787028600,1787028600,1787028601,4394.483,4395.439,4393.552,4395.22,260
1787028900,1787028900,1787028901,4395.184,4395.499,4392.876,4393.446,260
1787029200,1787029200,1787029201,4393.666,4393.841,4391.139,4391.43,260
1787029500,1787029500,1787029501,4391.466,4394.173,4391.35,4393.857,260
1787029800,1787029800,1787029801,4393.982,4394.095,4390.661,4391.484,260
1787030100,1787030100,1787030101,4391.485,4394.462,4390.973,4394.259,260
1787030400,1787030400,1787030401,4394.327,4395.978,4394.284,4395.501,260
1787030700,1787030700,1787030701,4395.43,4395.99,4391.46,4391.46,260
1787031000,1787031000,1787031001,4391.39,4391.65,4385.935,4386.929,260
1787031300,1787031300,1787031301,4386.718,4391.072,4386.686,4389.898,260
1787031600,1787031600,1787031601,4389.981,4394.188,4388.508,4393.482,260
1787031900,1787031900,1787031901,4393.745,4395.635,4392.891,4395.635,260
1787032200,1787032200,1787032201,4395.606,4397.632,4393.815,4395.514,260
1787032500,1787032500,1787032501,4395.577,4396.755,4394.009,4394.494,260
1787032800,1787032800,1787032801,4394.163,4394.406,4388.789,4390.744,260
1787033100,1787033100,1787033101,4390.753,4393.931,4387.484,4392.685,260
1787033400,1787033400,1787033401,4392.624,4395.36,4392.256,4395.36,260
1787033700,1787033700,1787033701,4395.032,4396.427,4393.389,4395.154,260
1787034000,1787034000,1787034001,4395.101,4397.898,4394.417,4397.587,260
1787034300,1787034300,1787034301,4397.793,4399.732,4396.585,4399.3,260
1787034600,1787034600,1787034601,4399.229,4400.027,4395.115,4395.368,260
1787034900,1787034900,1787034901,4395.422,4397.601,4394.997,4397.206,260
1787035200,1787035200,1787035201,4397.174,4398.801,4396.738,4397.227,260
1787035500,1787035500,1787035501,4397.074,4399.33,4397.035,4397.727,260
1787035800,1787035800,1787035801,4398.003,4399.076,4397.519,4398.258,260
1787036100,1787036100,1787036101,4398.561,4398.979,4397.211,4398.723,260
1787036400,1787036400,1787036401,4398.776,4400.277,4396.728,4399.969,260
1787036700,1787036700,1787036701,4399.724,4400.929,4397.154,4397.762,260
1787037000,1787037000,1787037001,4397.485,4399.425,4396.841,4397.532,260
1787037300,1787037300,1787037301,4397.476,4400.796,4397.328,4399.386,260
1787037600,1787037600,1787037601,4399.386,4401.546,4399.185,4401.244,260
1787037900,1787037900,1787037901,4401.24,4403.265,4400.991,4402.997,260
1787038200,1787038200,1787038201,4403.11,4403.521,4396.324,4397.062,260
1787038500,1787038500,1787038501,4397.056,4402.577,4396.65,4401.76,260
1787038800,1787038800,1787038801,4401.813,4403.487,4400.066,4401.406,260
1787039100,1787039100,1787039101,4401.461,4402.797,4399.677,4400.105,260
1787039400,1787039400,1787039401,4400.052,4400.54,4397.812,4398.407,260
1787039700,1787039700,1787039701,4398.522,4398.865,4395.442,4395.737,260
1787040000,1787040000,1787040001,4395.566,4396.246,4393.933,4394.53,260
1787040300,1787040300,1787040301,4394.28,4394.602,4389.826,4390.945,260
1787040600,1787040600,1787040601,4390.891,4394.537,4387.915,4392.737,260
1787040900,1787040900,1787040901,4392.511,4393.64,4391.433,4391.841,260
1787041200,1787041200,1787041201,4392.155,4392.521,4386.715,4388.74,260
1787041500,1787041500,1787041501,4388.739,4389.565,4387.094,4389.565,260
1787041800,1787041800,1787041801,4389.233,4393.829,4388.967,4393.456,260
1787042100,1787042100,1787042101,4393.516,4398.67,4393.423,4398.019,260
1787042400,1787042400,1787042401,4398.016,4398.539,4396.374,4396.374,260
1787042700,1787042700,1787042701,4396.648,4397.06,4391.508,4393.182,260
1787043000,1787043000,1787043001,4393.02,4393.652,4391.596,4393.646,260
1787043300,1787043300,1787043301,4393.584,4394.556,4392.26,4393.174,260
1787043600,1787043600,1787043601,4393.043,4393.844,4391.976,4392.426,260
1787043900,1787043900,1787043901,4392.153,4393.01,4390.906,4391.513,260
1787044200,1787044200,1787044201,4391.771,4393.589,4391.427,4392.794,260
1787044500,1787044500,1787044501,4392.726,4392.928,4390.651,4391.296,260
1787044800,1787044800,1787044801,4391.243,4391.59,4388.801,4390.172,260
1787045100,1787045100,1787045101,4390.297,4391.584,4388.486,4389.481,260
1787045400,1787045400,1787045401,4389.419,4393.855,4389.126,4393.526,260
1787045700,1787045700,1787045701,4393.586,4395.159,4390.389,4391.03,260
1787046000,1787046000,1787046001,4391.358,4391.734,4387.123,4388.384,260
1787046300,1787046300,1787046301,4388.264,4392.193,4386.747,4391.87,260
1787046600,1787046600,1787046601,4391.843,4394.345,4391.843,4394.094,260
1787046900,1787046900,1787046901,4394.156,4395.06,4392.672,4393.353,260
1787047200,1787047200,1787047201,4393.172,4395.873,4392.203,4393.889,260
1787047500,1787047500,1787047501,4393.833,4394.756,4392.374,4393.248,260
1787047800,1787047800,1787047801,4393.25,4394.765,4392.475,4394.262,260
1787048100,1787048100,1787048101,4394.66,4396.238,4393.939,4395.619,260
1787048400,1787048400,1787048401,4395.703,4395.703,4391.176,4391.487,260
1787048700,1787048700,1787048701,4391.549,4392.362,4389.643,4391.951,260
1787049000,1787049000,1787049001,4392.214,4394.339,4391.494,4393.427,260
1787049300,1787049300,1787049301,4393.722,4397.741,4393.393,4397.437,260
1787049600,1787049600,1787049601,4397.422,4398.634,4396.861,4398.461,260
1787049900,1787049900,1787049901,4398.467,4399.627,4398.0,4398.69,260
1787050200,1787050200,1787050201,4398.752,4399.496,4396.42,4396.77,260
1787050500,1787050500,1787050501,4396.83,4397.882,4396.281,4397.801,260
1787050800,1787050800,1787050801,4397.863,4399.2,4393.532,4394.063,260
1787051100,1787051100,1787051101,4394.009,4394.722,4392.337,4393.674,260
1787051400,1787051400,1787051401,4393.556,4394.183,4392.031,4393.523,260
1787051700,1787051700,1787051701,4393.608,4394.777,4391.97,4393.174,260
1787052000,1787052000,1787052001,4393.249,4393.978,4390.055,4390.393,260
1787052300,1787052300,1787052301,4390.34,4391.882,4389.557,4390.045,260
1787052600,1787052600,1787052601,4389.76,4391.735,4389.224,4389.531,260
1787052900,1787052900,1787052901,4389.642,4391.563,4388.423,4390.51,260
1787053200,1787053200,1787053201,4390.456,4392.509,4389.291,4390.776,260
1787053500,1787053500,1787053501,4391.104,4393.809,4390.582,4392.015,260
1787053800,1787053800,1787053801,4392.29,4393.196,4389.914,4390.65,260
1787054100,1787054100,1787054101,4390.938,4396.742,4390.503,4395.757,260
1787054400,1787054400,1787054401,4395.835,4397.066,4391.326,4396.537,260
1787054700,1787054700,1787054701,4396.661,4397.125,4390.297,4391.25,260
1787055000,1787055000,1787055001,4391.193,4393.461,4389.367,4392.943,260
1787055300,1787055300,1787055301,4393.071,4393.809,4391.337,4392.988,260
1787055600,1787055600,1787055601,4392.71,4400.923,4392.575,4395.83,260
1787055900,1787055900,1787055901,4395.889,4396.094,4391.829,4394.941,260
1787056200,1787056200,1787056201,4395.058,4398.134,4392.124,4396.371,260
1787056500,1787056500,1787056501,4396.702,4397.835,4392.658,4394.39,260
1787056800,1787056800,1787056801,4394.264,4394.264,4390.872,4392.182,260
1787057100,1787057100,1787057101,4392.235,4396.455,4391.996,4395.864,260
1787057400,1787057400,1787057401,4395.918,4396.919,4392.269,4393.143,260
1787057700,1787057700,1787057701,4393.21,4395.833,4390.706,4394.078,260
1787058000,1787058000,1787058001,4394.016,4397.45,4390.268,4395.556,260
1787058300,1787058300,1787058301,4395.529,4396.494,4388.781,4389.081,260
1787058600,1787058600,1787058601,4389.021,4395.97,4388.267,4395.644,260
1787058900,1787058900,1787058901,4395.7,4396.238,4388.405,4391.041,260
1787059200,1787059200,1787059201,4390.96,4393.283,4388.251,4389.873,260
1787059500,1787059500,1787059501,4389.931,4392.314,4388.062,4389.147,260
1787059800,1787059800,1787059801,4389.205,4398.99,4375.737,4396.763,260
1787060100,1787060100,1787060101,4396.968,4403.277,4395.15,4402.722,260
1787060400,1787060400,1787060401,4402.842,4406.959,4399.53,4401.247,260
1787060700,1787060700,1787060701,4401.305,4402.307,4391.455,4395.218,260
1787061000,1787061000,1787061001,4394.919,4398.225,4389.291,4391.036,260
1787061300,1787061300,1787061301,4391.091,4395.056,4389.832,4394.499,260
1787061600,1787061600,1787061601,4394.501,4406.455,4393.245,4404.336,260
1787061900,1787061900,1787061901,4404.211,4404.565,4397.843,4398.247,260
1787062200,1787062200,1787062201,4398.301,4399.145,4391.087,4393.328,260
1787062500,1787062500,1787062501,4393.297,4405.203,4392.857,4401.309,260
1787062800,1787062800,1787062801,4401.49,4402.823,4395.616,4397.575,260
1787063100,1787063100,1787063101,4397.907,4398.855,4392.16,4394.164,260
1787063400,1787063400,1787063401,4394.217,4396.357,4385.172,4389.824,260
1787063700,1787063700,1787063701,4389.628,4390.142,4381.932,4383.054,260
1787064000,1787064000,1787064001,4383.111,4384.968,4377.688,4379.581,260
1787064300,1787064300,1787064301,4379.777,4388.538,4377.794,4386.643,260
1787064600,1787064600,1787064601,4386.699,4388.93,4372.228,4378.588,260
1787064900,1787064900,1787064901,4378.512,4383.053,4363.538,4366.516,260
1787065200,1787065200,1787065201,4366.639,4376.435,4365.679,4375.441,260
1787065500,1787065500,1787065501,4375.589,4377.619,4364.773,4365.808,260
1787065800,1787065800,1787065801,4365.944,4368.281,4358.765,4360.015,260
1787066100,1787066100,1787066101,4359.961,4365.126,4355.219,4355.251,260
1787066400,1787066400,1787066401,4355.198,4357.062,4351.421,4354.55,260
1787066700,1787066700,1787066701,4354.621,4360.794,4352.982,4355.01,260
1787067000,1787067000,1787067001,4355.065,4362.108,4354.38,4359.629,260
1787067300,1787067300,1787067301,4359.559,4362.274,4356.604,4360.962,260
1787067600,1787067600,1787067601,4361.082,4361.977,4356.639,4358.696,260
1787067900,1787067900,1787067901,4358.485,4364.957,4358.485,4363.874,260
1787068200,1787068200,1787068201,4363.928,4366.745,4361.044,4364.67,260
1787068500,1787068500,1787068501,4364.52,4365.938,4363.143,4364.64,260
1787068800,1787068800,1787068801,4364.961,4369.209,4364.855,4368.099,260
1787069100,1787069100,1787069101,4367.922,4371.653,4366.703,4371.252,260
1787069400,1787069400,1787069401,4371.296,4371.467,4367.424,4367.832,260
1787069700,1787069700,1787069701,4367.613,4368.448,4364.477,4367.061,260
1787070000,1787070000,1787070001,4367.123,4369.752,4366.461,4368.289,260
1787070300,1787070300,1787070301,4368.409,4369.179,4363.435,4364.231,260
1787070600,1787070600,1787070601,4364.353,4366.732,4363.164,4365.61,260
1787070900,1787070900,1787070901,4365.665,4367.184,4362.864,4365.039,260
1787071200,1787071200,1787071201,4365.371,4368.703,4364.914,4367.204,260
1787071500,1787071500,1787071501,4367.522,4367.862,4363.021,4363.688,260
1787071800,1787071800,1787071801,4363.474,4368.703,4362.83,4368.523,260
1787072100,1787072100,1787072101,4368.467,4368.661,4363.021,4363.975,260
1787072400,1787072400,1787072401,4363.909,4365.858,4363.462,4364.351,260
1787072700,1787072700,1787072701,4364.442,4366.361,4364.157,4365.634,260
1787073000,1787073000,1787073001,4365.961,4367.159,4364.715,4366.793,260
1787073300,1787073300,1787073301,4366.859,4368.095,4363.154,4364.198,260
1787073600,1787073600,1787073601,4364.481,4367.519,4364.148,4367.329,260
1787073900,1787073900,1787073901,4367.389,4368.383,4363.619,4365.49,260
1787074200,1787074200,1787074201,4365.432,4366.234,4361.206,4364.517,260
1787074500,1787074500,1787074501,4364.463,4365.214,4360.749,4362.72,260
1787074800,1787074800,1787074801,4362.773,4365.083,4358.561,4358.778,260
1787075100,1787075100,1787075101,4358.56,4360.495,4357.016,4357.915,260
1787075400,1787075400,1787075401,4357.967,4359.85,4357.758,4358.807,260
1787075700,1787075700,1787075701,4358.862,4359.266,4356.576,4357.792,260
1787076000,1787076000,1787076001,4357.911,4358.042,4352.565,4353.671,240
1787076300,1787076300,1787076301,4353.732,4355.92,4352.73,4355.591,240
1787076600,1787076600,1787076601,4355.611,4358.21,4352.704,4357.62,260
1787076900,1787076900,1787076901,4357.755,4359.13,4356.559,4358.729,240
1787077200,1787077200,1787077201,4358.814,4359.448,4355.661,4357.063,240
1787077500,1787077500,1787077501,4357.139,4361.125,4356.333,4360.038,240
1787077800,1787077800,1787077801,4360.373,4360.711,4357.745,4359.538,240
1787078100,1787078100,1787078101,4359.883,4360.108,4358.261,4359.463,260
1787078400,1787078400,1787078401,4359.526,4359.791,4353.56,4354.289,260
1787078700,1787078700,1787078701,4354.28,4355.675,4352.664,4353.818,240
1787079000,1787079000,1787079001,4353.886,4355.266,4353.886,4354.409,260
1787079300,1787079300,1787079301,4354.397,4356.25,4353.777,4354.314,260
1787079600,1787079600,1787079601,4354.367,4358.169,4353.93,4355.479,260
1787079900,1787079900,1787079901,4355.549,4357.027,4354.746,4355.273,260
1787080200,1787080200,1787080201,4355.297,4358.619,4354.554,4356.78,260
1787080500,1787080500,1787080501,4356.785,4358.751,4353.943,4354.683,260
1787080800,1787080800,1787080801,4354.704,4356.334,4352.607,4353.303,260
1787081100,1787081100,1787081101,4353.312,4355.695,4352.275,4354.832,260
1787081400,1787081400,1787081401,4354.926,4356.589,4353.598,4354.21,260
1787081700,1787081700,1787081701,4354.191,4355.566,4353.308,4354.965,240
1787082000,1787082000,1787082001,4354.959,4357.767,4349.51,4349.673,240
1787082300,1787082300,1787082301,4349.771,4353.461,4343.818,4345.79,260
1787082600,1787082600,1787082601,4345.994,4347.053,4342.033,4345.128,260
1787082900,1787082900,1787082901,4345.377,4346.338,4338.249,4345.368,260
1787083200,1787083200,1787083201,4345.428,4346.562,4342.691,4343.937,260
1787083500,1787083500,1787083501,4344.113,4344.461,4342.453,4343.096,260
1787083800,1787083800,1787083801,4343.115,4343.846,4340.694,4342.116,260
1787084100,1787084100,1787084101,4342.06,4342.488,4339.616,4341.957,260
1787084400,1787084400,1787084401,4342.016,4342.016,4333.263,4337.887,260
1787084700,1787084700,1787084701,4337.905,4338.711,4336.432,4337.765,260
1787085000,1787085000,1787085001,4338.095,4339.709,4336.506,4339.348,260
1787085300,1787085300,1787085301,4339.017,4339.561,4337.36,4337.899,260
1787085600,1787085600,1787085601,4337.918,4338.577,4331.711,4332.311,260
1787085900,1787085900,1787085901,4332.255,4333.359,4328.854,4332.893,260
1787086200,1787086200,1787086201,4332.947,4334.316,4329.944,4334.235,260
1787086500,1787086500,1787086501,4334.289,4335.393,4332.438,4334.586,260
1787090400,1787090400,1787090401,4340.133,4341.519,4339.886,4341.123,480
1787090700,1787090700,1787090701,4340.575,4343.0,4340.185,4342.403,340
1787091000,1787091000,1787091001,4342.404,4343.088,4339.455,4340.208,260
1787091300,1787091300,1787091301,4340.1,4341.136,4338.032,4338.719,260
1787091600,1787091600,1787091601,4338.754,4339.581,4333.523,4334.954,260
1787091900,1787091900,1787091901,4335.001,4338.633,4334.155,4336.248,260
1787092200,1787092200,1787092201,4336.06,4336.474,4335.168,4335.619,260
1787092500,1787092500,1787092501,4335.87,4336.36,4333.219,4333.867,260
1787092800,1787092800,1787092801,4333.62,4334.434,4332.751,4333.827,260
1787093100,1787093100,1787093101,4333.826,4334.802,4333.02,4334.778,260
1787093400,1787093400,1787093401,4334.796,4335.483,4333.831,4335.029,260
1787093700,1787093700,1787093701,4334.812,4334.984,4332.977,4333.844,240
1787094000,1787094000,1787094001,4333.996,4336.196,4332.689,4335.728,240
1787094300,1787094300,1787094301,4335.729,4338.249,4334.42,4335.207,240
1787094600,1787094600,1787094601,4334.989,4335.444,4332.462,4334.242,240
1787094900,1787094900,1787094901,4333.847,4334.778,4332.049,4332.232,240
1787095200,1787095200,1787095201,4332.559,4337.118,4330.694,4332.537,240
1787095500,1787095500,1787095501,4332.868,4333.681,4330.063,4330.61,240
1787095800,1787095800,1787095801,4330.669,4332.352,4327.278,4330.757,240
1787096100,1787096100,1787096101,4331.008,4331.806,4327.227,4329.093,240
1787096400,1787096400,1787096401,4329.094,4330.279,4327.955,4329.623,240
1787096700,1787096700,1787096701,4329.926,4331.985,4329.43,4330.812,240
1787097000,1787097000,1787097001,4330.85,4334.333,4329.963,4334.097,240
1787097300,1787097300,1787097301,4333.807,4334.009,4331.502,4332.857,240
1787097600,1787097600,1787097601,4332.911,4340.77,4331.335,4336.996,240
1787097900,1787097900,1787097901,4337.022,4341.18,4335.729,4339.926,260
1787098200,1787098200,1787098201,4339.838,4344.961,4338.213,4343.005,260
1787098500,1787098500,1787098501,4342.93,4346.473,4342.683,4343.687,260
1787098800,1787098800,1787098801,4343.702,4346.014,4341.348,4343.285,260
1787099100,1787099100,1787099101,4343.18,4343.843,4339.013,4342.82,260
1787099400,1787099400,1787099401,4342.77,4345.823,4339.409,4340.777,260
1787099700,1787099700,1787099701,4340.543,4346.771,4340.487,4344.964,260
1787100000,1787100000,1787100001,4344.699,4347.255,4343.067,4343.746,260
1787100300,1787100300,1787100301,4343.688,4344.634,4342.405,4342.844,240
1787100600,1787100600,1787100601,4342.792,4344.897,4341.177,4341.254,260
1787100900,1787100900,1787100901,4341.503,4342.481,4336.989,4338.078,260
1787101200,1787101200,1787101201,4338.009,4339.945,4324.484,4332.225,260
1787101500,1787101500,1787101501,4332.361,4342.814,4331.374,4340.298,260
1787101800,1787101800,1787101801,4340.251,4344.083,4336.997,4343.757,260
1787102100,1787102100,1787102101,4343.812,4346.317,4334.679,4337.727,260
1787102400,1787102400,1787102401,4337.78,4340.232,4333.052,4337.176,260
1787102700,1787102700,1787102701,4337.231,4342.615,4335.493,4342.079,260
1787103000,1787103000,1787103001,4342.135,4351.1,4342.135,4350.533,260
1787103300,1787103300,1787103301,4350.585,4356.431,4350.077,4355.207,260
1787103600,1787103600,1787103601,4355.261,4357.697,4354.157,4355.286,260
1787103900,1787103900,1787103901,4355.338,4356.653,4350.848,4351.229,260
1787104200,1787104200,1787104201,4351.173,4355.114,4350.603,4353.406,260
1787104500,1787104500,1787104501,4353.335,4356.624,4352.548,4356.34,260
1787104800,1787104800,1787104801,4356.403,4357.331,4351.677,4354.38,260
1787105100,1787105100,1787105101,4354.451,4357.043,4352.8,4355.616,260
1787105400,1787105400,1787105401,4355.708,4355.987,4352.631,4353.343,260
1787105700,1787105700,1787105701,4353.545,4360.702,4352.511,4358.74,260
1787106000,1787106000,1787106001,4358.668,4361.965,4357.834,4359.795,260
1787106300,1787106300,1787106301,4359.74,4361.324,4359.039,4359.809,260
1787106600,1787106600,1787106601,4359.655,4360.272,4355.455,4356.74,260
1787106900,1787106900,1787106901,4356.687,4358.356,4354.262,4355.121,260
1787107200,1787107200,1787107201,4355.397,4358.24,4354.636,4355.392,260
1787107500,1787107500,1787107501,4355.487,4357.325,4353.92,4355.346,260
1787107800,1787107800,1787107801,4355.616,4356.591,4353.015,4354.095,260
1787108100,1787108100,1787108101,4354.005,4355.071,4351.346,4354.808,260
1787108400,1787108400,1787108401,4355.026,4356.085,4352.782,4355.751,260
1787108700,1787108700,1787108701,4355.693,4355.693,4351.899,4353.476,260
1787109000,1787109000,1787109001,4353.474,4355.374,4353.224,4354.302,260
1787109300,1787109300,1787109301,4354.354,4356.21,4351.984,4352.923,260
1787109600,1787109600,1787109601,4352.888,4355.909,4351.757,4355.538,260
1787109900,1787109900,1787109901,4355.603,4358.101,4355.603,4357.165,260
1787110200,1787110200,1787110201,4357.23,4358.415,4355.837,4356.844,260
1787110500,1787110500,1787110501,4356.893,4360.361,4356.776,4358.306,260
1787110800,1787110800,1787110801,4358.179,4358.947,4356.837,4358.341,260
1787111100,1787111100,1787111101,4358.462,4358.965,4356.393,4357.71,260
1787111400,1787111400,1787111401,4357.683,4358.542,4355.56,4355.808,260
1787111700,1787111700,1787111701,4355.807,4356.599,4354.624,4355.025,240
1787112000,1787112000,1787112001,4355.015,4356.105,4353.488,4353.885,240
1787112300,1787112300,1787112301,4353.952,4354.97,4353.152,4354.529,240
1787112600,1787112600,1787112601,4354.593,4355.013,4353.625,4354.756,260
1787112900,1787112900,1787112901,4354.483,4355.064,4349.884,4352.264,240
1787113200,1787113200,1787113201,4352.43,4352.922,4350.679,4351.761,240
1787113500,1787113500,1787113501,4351.813,4351.813,4350.057,4351.027,240
1787113800,1787113800,1787113801,4351.079,4352.102,4349.467,4349.76,240
1787114100,1787114100,1787114101,4349.815,4350.752,4346.492,4346.658,240
1787114400,1787114400,1787114401,4346.658,4347.626,4344.813,4346.366,260
1787114700,1787114700,1787114701,4346.585,4347.097,4345.634,4346.744,240
1787115000,1787115000,1787115001,4346.732,4346.732,4343.631,4344.928,240
1787115300,1787115300,1787115301,4345.04,4348.494,4344.438,4348.357,240
1787115600,1787115600,1787115601,4348.357,4350.537,4346.158,4347.39,240
1787115900,1787115900,1787115901,4347.448,4347.666,4342.182,4342.556,260
1787116200,1787116200,1787116201,4342.624,4342.862,4338.68,4338.988,260
1787116500,1787116500,1787116501,4338.996,4339.686,4336.577,4337.821,260
1787116800,1787116800,1787116801,4337.768,4342.482,4337.38,4341.352,260
1787117100,1787117100,1787117101,4341.525,4345.106,4340.377,4345.078,260
1787117400,1787117400,1787117401,4345.138,4345.528,4336.837,4338.513,260
1787117700,1787117700,1787117701,4338.554,4342.993,4336.631,4342.741,260
1787118000,1787118000,1787118001,4342.794,4343.399,4339.813,4341.987,260
1787118300,1787118300,1787118301,4342.031,4342.167,4335.225,4337.186,260
1787118600,1787118600,1787118601,4337.167,4338.111,4335.076,4335.602,260
1787118900,1787118900,1787118901,4335.657,4338.66,4335.151,4335.645,260
1787119200,1787119200,1787119201,4335.657,4341.159,4335.22,4337.782,260
1787119500,1787119500,1787119501,4337.608,4340.316,4335.38,4338.755,260
1787119800,1787119800,1787119801,4338.699,4341.667,4336.916,4337.476,260
1787120100,1787120100,1787120101,4337.497,4346.053,4336.755,4345.026,260
1787120400,1787120400,1787120401,4345.021,4348.214,4344.496,4345.882,260
1787120700,1787120700,1787120701,4345.94,4346.77,4340.446,4343.039,260
1787121000,1787121000,1787121001,4343.07,4343.48,4336.947,4338.666,260
1787121300,1787121300,1787121301,4338.701,4345.554,4338.631,4343.84,260
1787121600,1787121600,1787121601,4343.787,4344.426,4341.533,4341.944,260
1787121900,1787121900,1787121901,4342.004,4344.041,4340.731,4343.712,260
1787122200,1787122200,1787122201,4343.907,4347.711,4343.741,4347.598,260
1787122500,1787122500,1787122501,4347.526,4349.528,4347.122,4348.829,260
1787122800,1787122800,1787122801,4348.951,4351.271,4347.284,4347.804,260
1787123100,1787123100,1787123101,4347.751,4353.436,4347.722,4352.704,260
1787123400,1787123400,1787123401,4352.732,4353.516,4349.64,4350.548,260
1787123700,1787123700,1787123701,4350.489,4351.526,4347.276,4350.635,260
1787124000,1787124000,1787124001,4350.571,4354.942,4348.784,4354.117,260
1787124300,1787124300,1787124301,4354.175,4356.951,4353.772,4356.601,260
1787124600,1787124600,1787124601,4356.548,4360.815,4356.071,4359.323,260
1787124900,1787124900,1787124901,4359.218,4363.075,4356.966,4357.638,260
1787125200,1787125200,1787125201,4357.581,4357.934,4352.836,4354.318,260
1787125500,1787125500,1787125501,4354.573,4356.995,4354.043,4356.336,260
1787125800,1787125800,1787125801,4356.679,4357.635,4354.66,4355.372,260
1787126100,1787126100,1787126101,4355.754,4356.372,4354.498,4354.929,240
1787126400,1787126400,1787126401,4354.916,4357.487,4351.009,4356.837,260
1787126700,1787126700,1787126701,4357.025,4361.173,4355.967,4360.73,260
1787127000,1787127000,1787127001,4360.677,4362.977,4359.842,4361.719,260
1787127300,1787127300,1787127301,4361.728,4362.531,4359.636,4359.696,260
1787127600,1787127600,1787127601,4359.587,4360.075,4357.26,4359.92,260
1787127900,1787127900,1787127901,4359.966,4361.117,4358.157,4361.117,260
1787128200,1787128200,1787128201,4360.79,4361.154,4356.8,4357.134,260
1787128500,1787128500,1787128501,4357.283,4360.89,4356.462,4359.94,260
1787128800,1787128800,1787128801,4359.992,4363.182,4359.234,4362.385,260
1787129100,1787129100,1787129101,4362.382,4363.025,4360.57,4361.501,260
1787129400,1787129400,1787129401,4361.503,4361.975,4358.178,4358.44,240
1787129700,1787129700,1787129701,4358.498,4358.549,4354.645,4355.755,240
1787130000,1787130000,1787130001,4355.718,4359.338,4354.814,4358.898,260
1787130300,1787130300,1787130301,4358.887,4359.716,4355.235,4355.899,260
1787130600,1787130600,1787130601,4355.886,4357.637,4355.291,4356.151,260
1787130900,1787130900,1787130901,4356.351,4356.729,4353.279,4355.067,260
1787131200,1787131200,1787131201,4355.136,4357.21,4353.454,4356.137,260
1787131500,1787131500,1787131501,4356.129,4357.329,4353.919,4356.468,240
1787131800,1787131800,1787131801,4356.685,4357.806,4355.244,4356.24,260
1787132100,1787132100,1787132101,4356.513,4357.374,4355.904,4356.753,260
1787132400,1787132400,1787132401,4356.616,4360.793,4356.439,4358.739,240
1787132700,1787132700,1787132701,4358.812,4361.08,4358.087,4360.299,260
1787133000,1787133000,1787133001,4360.358,4360.942,4358.001,4359.648,240
1787133300,1787133300,1787133301,4359.701,4361.925,4358.83,4361.805,240
1787133600,1787133600,1787133601,4361.786,4363.299,4359.57,4360.094,240
1787133900,1787133900,1787133901,4359.837,4362.659,4359.456,4361.508,240
1787134200,1787134200,1787134201,4361.53,4364.254,4360.725,4363.547,260
1787134500,1787134500,1787134501,4363.805,4368.466,4363.413,4368.243,240
1787134800,1787134800,1787134801,4368.606,4369.097,4366.648,4368.185,260
1787135100,1787135100,1787135101,4368.116,4369.181,4366.551,4368.539,240
1787135400,1787135400,1787135401,4368.654,4369.501,4365.765,4367.043,260
1787135700,1787135700,1787135701,4367.097,4367.778,4366.381,4366.814,260
1787136000,1787136000,1787136001,4366.849,4368.583,4366.299,4367.898,240
1787136300,1787136300,1787136301,4367.953,4369.641,4367.182,4368.285,240
1787136600,1787136600,1787136601,4368.623,4368.634,4366.894,4367.517,260
1787136900,1787136900,1787136901,4367.439,4367.996,4366.21,4367.427,240
1787137200,1787137200,1787137201,4367.547,4371.168,4367.361,4371.033,260
1787137500,1787137500,1787137501,4370.77,4373.703,4370.356,4371.3,260
1787137800,1787137800,1787137801,4371.031,4374.117,4370.568,4373.098,260
1787138100,1787138100,1787138101,4373.158,4374.139,4369.755,4370.526,260
1787138400,1787138400,1787138401,4370.55,4371.314,4368.827,4370.723,240
1787138700,1787138700,1787138701,4370.975,4373.451,4370.394,4370.935,240
1787139000,1787139000,1787139001,4370.994,4371.893,4368.588,4369.215,260
1787139300,1787139300,1787139301,4369.493,4370.018,4366.866,4367.954,260
1787139600,1787139600,1787139601,4368.089,4368.145,4363.08,4363.63,260
1787139900,1787139900,1787139901,4363.572,4367.34,4363.292,4367.107,260
1787140200,1787140200,1787140201,4367.047,4367.321,4363.595,4365.808,240
1787140500,1787140500,1787140501,4365.872,4366.359,4363.934,4364.797,240
1787140800,1787140800,1787140801,4364.743,4365.389,4361.883,4363.884,260
1787141100,1787141100,1787141101,4364.185,4368.27,4363.247,4367.649,260
1787141400,1787141400,1787141401,4367.696,4370.698,4366.552,4368.057,260
1787141700,1787141700,1787141701,4368.113,4370.116,4365.811,4367.929,260
1787142000,1787142000,1787142001,4367.987,4373.566,4367.497,4370.414,260
1787142300,1787142300,1787142301,4370.406,4371.137,4367.724,4369.469,260
1787142600,1787142600,1787142601,4369.527,4384.953,4368.482,4384.273,260
1787142900,1787142900,1787142901,4384.167,4416.682,4382.559,4412.343,260
1787143200,1787143200,1787143201,4412.4,4420.913,4406.548,4417.652,260
1787143500,1787143500,1787143501,4417.464,4421.104,4411.32,4417.311,260
1787143800,1787143800,1787143801,4417.186,4428.824,4411.464,4428.351,260
1787144100,1787144100,1787144101,4428.493,4442.48,4426.119,4438.62,260
1787144400,1787144400,1787144401,4438.735,4442.107,4427.029,4427.678,260
1787144700,1787144700,1787144701,4427.462,4441.425,4424.156,4441.317,260
1787145000,1787145000,1787145001,4441.56,4461.014,4440.988,4456.066,260
1787145300,1787145300,1787145301,4455.953,4464.412,4455.556,4460.175,260
1787145600,1787145600,1787145601,4460.142,4462.955,4454.821,4459.079,260
1787145900,1787145900,1787145901,4458.94,4461.45,4455.087,4458.182,260
1787146200,1787146200,1787146201,4458.242,4466.31,4455.156,4461.542,260
1787146500,1787146500,1787146501,4461.758,4462.105,4442.378,4455.555,260
1787146800,1787146800,1787146801,4455.617,4464.684,4449.69,4460.815,260
1787147100,1787147100,1787147101,4460.749,4461.98,4449.391,4450.359,260
1787147400,1787147400,1787147401,4450.302,4456.43,4445.145,4453.352,260
1787147700,1787147700,1787147701,4453.419,4463.308,4451.451,4459.51,260
1787148000,1787148000,1787148001,4459.452,4462.791,4455.005,4460.246,260
1787148300,1787148300,1787148301,4460.576,4472.055,4460.269,4471.938,260
1787148600,1787148600,1787148601,4471.64,4475.618,4469.002,4473.604,260
1787148900,1787148900,1787148901,4473.662,4478.545,4471.284,4471.284,260
1787149200,1787149200,1787149201,4471.618,4480.583,4470.184,4478.326,260
1787149500,1787149500,1787149501,4478.393,4487.922,4477.326,4485.741,260
1787149800,1787149800,1787149801,4485.859,4491.488,4483.835,4487.358,260
1787150100,1787150100,1787150101,4487.418,4491.732,4486.508,4488.928,260
1787150400,1787150400,1787150401,4488.987,4498.839,4487.056,4489.419,260
1787150700,1787150700,1787150701,4489.6,4489.668,4478.139,4479.302,260
1787151000,1787151000,1787151001,4479.367,4486.807,4478.33,4485.568,260
1787151300,1787151300,1787151301,4485.595,4489.679,4485.19,4487.988,260
1787151600,1787151600,1787151601,4488.132,4488.254,4481.045,4484.72,260
1787151900,1787151900,1787151901,4484.846,4487.263,4481.926,4482.212,260
1787152200,1787152200,1787152201,4482.266,4487.94,4479.619,4484.993,260
1787152500,1787152500,1787152501,4485.113,4487.432,4483.742,4486.144,260
1787152800,1787152800,1787152801,4486.066,4487.993,4480.912,4480.912,260
1787153100,1787153100,1787153101,4480.759,4484.568,4478.036,4483.528,260
1787153400,1787153400,1787153401,4483.589,4486.074,4480.001,4484.752,260
1787153700,1787153700,1787153701,4484.976,4488.419,4484.46,4486.908,260
1787154000,1787154000,1787154001,4487.032,4492.568,4484.641,4490.052,260
1787154300,1787154300,1787154301,4489.992,4494.169,4489.655,4490.44,260
1787154600,1787154600,1787154601,4490.571,4492.832,4488.453,4491.058,260
1787154900,1787154900,1787154901,4491.005,4493.93,4490.596,4493.656,260
1787155200,1787155200,1787155201,4493.715,4497.539,4493.015,4493.112,260
1787155500,1787155500,1787155501,4493.183,4497.646,4490.901,4497.155,260
1787155800,1787155800,1787155801,4497.098,4499.122,4496.426,4497.734,260
1787156100,1787156100,1787156101,4497.789,4499.327,4494.944,4495.132,260
1787156400,1787156400,1787156401,4495.068,4496.807,4493.416,4494.68,260
1787156700,1787156700,1787156701,4495.013,4495.718,4490.53,4491.181,260
1787157000,1787157000,1787157001,4491.028,4495.812,4490.5,4495.525,260
1787157300,1787157300,1787157301,4495.518,4496.303,4491.861,4495.31,260
1787157600,1787157600,1787157601,4495.365,4496.322,4493.599,4495.252,260
1787157900,1787157900,1787157901,4495.135,4496.963,4493.512,4494.459,260
1787158200,1787158200,1787158201,4494.449,4497.645,4494.0,4494.68,260
1787158500,1787158500,1787158501,4494.526,4495.242,4493.343,4493.343,260
1787158800,1787158800,1787158801,4493.131,4499.144,4493.131,4496.639,260
1787159100,1787159100,1787159101,4496.667,4497.278,4491.42,4492.912,260
1787159400,1787159400,1787159401,4492.858,4493.836,4488.875,4492.55,260
1787159700,1787159700,1787159701,4492.611,4492.751,4486.878,4489.1,260
1787160000,1787160000,1787160001,4489.434,4490.536,4487.844,4489.54,260
1787160300,1787160300,1787160301,4489.413,4489.632,4486.177,4488.026,260
1787160600,1787160600,1787160601,4487.916,4489.13,4484.344,4488.033,260
1787160900,1787160900,1787160901,4488.088,4490.059,4486.487,4488.223,260
1787161200,1787161200,1787161201,4488.441,4491.711,4486.933,4488.417,260
1787161500,1787161500,1787161501,4488.52,4489.623,4487.566,4488.346,260
1787161800,1787161800,1787161801,4488.402,4489.094,4485.694,4486.472,260
1787162100,1787162100,1787162101,4486.36,4487.049,4484.356,4486.941,260
1787162400,1787162400,1787162401,4487.125,4496.003,4485.446,4495.588,260
1787162700,1787162700,1787162701,4495.696,4496.636,4485.979,4489.075,260
1787163000,1787163000,1787163001,4488.741,4490.338,4485.932,4488.11,260
1787163300,1787163300,1787163301,4487.78,4488.021,4482.173,4484.716,260
1787163600,1787163600,1787163601,4484.673,4485.192,4480.883,4481.341,260
1787163900,1787163900,1787163901,4481.403,4482.022,4472.674,4475.53,260
1787164200,1787164200,1787164201,4475.607,4481.409,4471.914,4480.507,260
1787164500,1787164500,1787164501,4480.578,4484.666,4478.609,4483.884,260
1787164800,1787164800,1787164801,4484.01,4491.704,4483.539,4490.245,260
1787165100,1787165100,1787165101,4490.364,4492.167,4489.281,4491.643,260
1787165400,1787165400,1787165401,4491.583,4496.842,4490.674,4494.182,260
1787165700,1787165700,1787165701,4494.293,4495.919,4493.988,4495.222,260
1787166000,1787166000,1787166001,4495.278,4498.615,4494.204,4497.093,260
1787166300,1787166300,1787166301,4496.876,4505.918,4495.178,4504.862,260
1787166600,1787166600,1787166601,4504.918,4505.55,4501.994,4503.394,260
1787166900,1787166900,1787166901,4503.066,4506.177,4502.818,4504.22,260
1787167200,1787167200,1787167201,4504.147,4505.278,4502.415,4505.19,260
1787167500,1787167500,1787167501,4505.399,4507.776,4503.163,4507.207,260
1787167800,1787167800,1787167801,4507.109,4510.792,4505.682,4509.237,260
1787168100,1787168100,1787168101,4509.295,4510.09,4503.562,4505.946,260
1787168400,1787168400,1787168401,4506.008,4507.746,4502.276,4506.885,260
1787168700,1787168700,1787168701,4506.817,4511.343,4505.069,4510.781,260
1787169000,1787169000,1787169001,4510.902,4512.122,4508.089,4511.301,260
1787169300,1787169300,1787169301,4511.248,4512.25,4508.433,4510.963,260
1787169600,1787169600,1787169601,4511.051,4511.744,4508.79,4509.6,260
1787169900,1787169900,1787169901,4509.25,4510.672,4507.729,4510.376,260
1787170200,1787170200,1787170201,4510.415,4512.153,4505.279,4506.971,260
1787170500,1787170500,1787170501,4507.027,4511.294,4506.263,4510.074,260
1787170800,1787170800,1787170801,4510.133,4517.98,4509.813,4517.8,260
1787171100,1787171100,1787171101,4517.602,4522.117,4517.201,4518.284,260
1787171400,1787171400,1787171401,4518.223,4523.725,4517.76,4521.235,260
1787171700,1787171700,1787171701,4521.226,4521.422,4518.654,4519.468,260
1787172000,1787172000,1787172001,4519.461,4520.872,4518.784,4519.397,260
1787172300,1787172300,1787172301,4519.629,4521.993,4519.302,4521.055,260
1787172600,1787172600,1787172601,4520.933,4523.928,4520.639,4523.628,260
1787172900,1787172900,1787172901,4523.597,4524.372,4522.331,4523.176,260
1787176800,1787176800,1787176801,4522.95,4527.584,4519.371,4521.13,260
1787177100,1787177100,1787177101,4521.239,4523.389,4520.336,4520.989,260
1787177400,1787177400,1787177401,4520.858,4521.781,4518.768,4519.857,260
1787177700,1787177700,1787177701,4519.807,4520.832,4519.224,4520.249,260
1787178000,1787178000,1787178001,4520.18,4521.531,4519.057,4521.428,260
1787178300,1787178300,1787178301,4521.284,4521.519,4519.527,4520.815,260
1787178600,1787178600,1787178601,4520.813,4521.965,4517.929,4518.891,260
1787178900,1787178900,1787178901,4518.969,4519.944,4517.522,4517.986,260
1787179200,1787179200,1787179201,4517.939,4519.491,4517.743,4518.444,260
1787179500,1787179500,1787179501,4518.537,4521.177,4517.947,4519.57,260
1787179800,1787179800,1787179801,4519.679,4521.812,4518.677,4519.652,260
1787180100,1787180100,1787180101,4519.828,4520.082,4516.403,4518.921,260
1787180400,1787180400,1787180401,4519.005,4523.738,4517.44,4520.98,260
1787180700,1787180700,1787180701,4521.316,4523.63,4521.075,4521.699,260
1787181000,1787181000,1787181001,4521.882,4521.994,4519.305,4519.463,260
1787181300,1787181300,1787181301,4519.438,4520.306,4517.909,4519.914,260
1787181600,1787181600,1787181601,4519.87,4520.009,4515.122,4518.82,260
1787181900,1787181900,1787181901,4519.077,4519.23,4516.165,4517.745,260
1787182200,1787182200,1787182201,4517.573,4518.297,4514.1,4514.1,260
1787182500,1787182500,1787182501,4514.024,4516.341,4513.797,4514.035,260
1787182800,1787182800,1787182801,4514.037,4515.458,4513.465,4514.369,260
1787183100,1787183100,1787183101,4514.172,4517.433,4513.935,4514.985,260
1787183400,1787183400,1787183401,4514.896,4515.239,4511.901,4513.055,260
1787183700,1787183700,1787183701,4512.997,4513.382,4511.313,4511.841,260
1787184000,1787184000,1787184001,4511.898,4518.922,4510.148,4514.881,260
1787184300,1787184300,1787184301,4514.816,4518.193,4513.751,4515.138,260
1787184600,1787184600,1787184601,4515.194,4516.479,4512.495,4516.163,260
1787184900,1787184900,1787184901,4516.284,4521.084,4514.253,4517.866,260
1787185200,1787185200,1787185201,4517.907,4518.144,4509.957,4512.035,260
1787185500,1787185500,1787185501,4511.731,4512.531,4508.394,4510.378,260
1787185800,1787185800,1787185801,4510.322,4513.165,4509.303,4511.579,260
1787186100,1787186100,1787186101,4511.347,4511.728,4508.623,4509.329,260
1787186400,1787186400,1787186401,4509.451,4509.542,4503.893,4505.938,260
1787186700,1787186700,1787186701,4505.835,4508.21,4504.552,4507.42,260
1787187000,1787187000,1787187001,4507.365,4510.143,4504.596,4506.129,260
1787187300,1787187300,1787187301,4506.216,4510.481,4503.855,4504.449,260
1787187600,1787187600,1787187601,4504.604,4510.22,4492.654,4493.187,260
1787187900,1787187900,1787187901,4493.249,4499.571,4491.665,4498.391,260
1787188200,1787188200,1787188201,4498.261,4498.47,4492.249,4493.35,260
1787188500,1787188500,1787188501,4493.418,4499.506,4493.185,4498.596,260
1787188800,1787188800,1787188801,4498.536,4503.35,4498.536,4502.436,260
1787189100,1787189100,1787189101,4502.075,4503.198,4497.451,4500.593,260
1787189400,1787189400,1787189401,4500.538,4501.366,4495.257,4498.617,260
1787189700,1787189700,1787189701,4498.216,4499.608,4493.563,4495.608,260
1787190000,1787190000,1787190001,4495.665,4499.404,4493.405,4493.93,260
1787190300,1787190300,1787190301,4493.901,4495.512,4488.92,4489.707,260
1787190600,1787190600,1787190601,4489.769,4490.609,4484.412,4485.129,260
1787190900,1787190900,1787190901,4485.183,4490.644,4484.676,4489.593,260
1787191200,1787191200,1787191201,4489.73,4498.811,4488.567,4497.532,260
1787191500,1787191500,1787191501,4497.588,4498.858,4494.21,4495.775,260
1787191800,1787191800,1787191801,4495.719,4499.73,4495.4,4497.754,260
1787192100,1787192100,1787192101,4497.692,4497.748,4489.514,4491.239,260
1787192400,1787192400,1787192401,4491.225,4494.354,4489.543,4493.918,260
1787192700,1787192700,1787192701,4493.805,4494.962,4490.951,4492.569,260
1787193000,1787193000,1787193001,4492.985,4494.671,4490.733,4491.849,260
1787193300,1787193300,1787193301,4491.976,4493.998,4490.22,4492.556,260
1787193600,1787193600,1787193601,4492.52,4493.943,4490.167,4490.505,260
1787193900,1787193900,1787193901,4490.419,4492.059,4488.808,4488.877,260
1787194200,1787194200,1787194201,4488.815,4494.525,4488.725,4493.395,260
1787194500,1787194500,1787194501,4493.322,4493.348,4490.519,4490.791,260
1787194800,1787194800,1787194801,4490.885,4496.41,4490.885,4495.98,260
1787195100,1787195100,1787195101,4495.703,4497.082,4491.49,4492.017,260
1787195400,1787195400,1787195401,4492.228,4492.541,4487.776,4492.541,260
1787195700,1787195700,1787195701,4492.507,4493.622,4490.342,4492.762,260
1787196000,1787196000,1787196001,4492.685,4496.092,4491.262,4494.951,260
1787196300,1787196300,1787196301,4495.074,4496.365,4493.109,4493.281,260
1787196600,1787196600,1787196601,4493.452,4498.368,4492.218,4497.696,260
1787196900,1787196900,1787196901,4497.637,4497.949,4494.801,4497.216,260
1787197200,1787197200,1787197201,4497.279,4498.703,4495.964,4497.68,260
1787197500,1787197500,1787197501,4497.837,4498.481,4496.833,4498.245,260
1787197800,1787197800,1787197801,4498.19,4500.464,4496.784,4499.589,260
1787198100,1787198100,1787198101,4499.592,4501.113,4497.92,4498.98,260
1787198400,1787198400,1787198401,4499.036,4499.297,4495.032,4495.773,260
1787198700,1787198700,1787198701,4495.719,4497.857,4495.553,4496.915,260
1787199000,1787199000,1787199001,4496.655,4497.584,4496.094,4496.524,260
1787199300,1787199300,1787199301,4496.196,4497.078,4494.961,4496.52,260
1787199600,1787199600,1787199601,4496.397,4497.215,4493.987,4495.163,260
1787199900,1787199900,1787199901,4495.162,4495.387,4489.881,4490.018,260
1787200200,1787200200,1787200201,4489.749,4490.96,4486.622,4488.035,260
1787200500,1787200500,1787200501,4488.275,4488.71,4486.208,4487.167,260
1787200800,1787200800,1787200801,4487.311,4488.65,4486.668,4486.991,260
1787201100,1787201100,1787201101,4486.935,4490.643,4486.747,4490.066,260
1787201400,1787201400,1787201401,4490.046,4491.605,4489.329,4489.915,260
1787201700,1787201700,1787201701,4489.821,4491.409,4487.846,4488.387,260
1787202000,1787202000,1787202001,4488.654,4491.639,4488.212,4491.425,260
1787202300,1787202300,1787202301,4491.454,4494.097,4490.761,4490.856,260
1787202600,1787202600,1787202601,4490.947,4491.707,4483.989,4485.733,260
1787202900,1787202900,1787202901,4485.503,4486.874,4484.068,4484.62,260
1787203200,1787203200,1787203201,4484.595,4487.046,4484.004,4486.201,260
1787203500,1787203500,1787203501,4486.203,4486.355,4482.698,4482.967,260
1787203800,1787203800,1787203801,4483.17,4486.058,4479.545,4480.422,260
1787204100,1787204100,1787204101,4480.478,4481.715,4478.061,4480.238,260
1787204400,1787204400,1787204401,4480.331,4482.447,4478.962,4480.55,260
1787204700,1787204700,1787204701,4480.811,4481.603,4479.145,4481.043,260
1787205000,1787205000,1787205001,4481.36,4481.7,4478.303,4478.596,260
1787205300,1787205300,1787205301,4478.651,4483.071,4477.715,4481.06,260
1787205600,1787205600,1787205601,4481.003,4488.826,4479.947,4488.292,260
1787205900,1787205900,1787205901,4488.235,4491.404,4487.717,4490.198,260
1787206200,1787206200,1787206201,4490.049,4493.541,4489.606,4492.588,260
1787206500,1787206500,1787206501,4492.643,4495.906,4491.732,4493.618,260
1787206800,1787206800,1787206801,4493.509,4494.328,4492.037,4493.271,260
1787207100,1787207100,1787207101,4493.333,4495.382,4492.924,4493.944,260
1787207400,1787207400,1787207401,4493.886,4495.058,4492.263,4495.058,260
1787207700,1787207700,1787207701,4494.965,4495.364,4493.117,4493.522,260
1787208000,1787208000,1787208001,4493.527,4494.318,4491.562,4492.17,260
1787208300,1787208300,1787208301,4492.224,4495.478,4492.224,4493.119,260
1787208600,1787208600,1787208601,4493.127,4493.302,4491.079,4491.969,260
1787208900,1787208900,1787208901,4491.908,4494.29,4491.193,4493.885,260
1787209200,1787209200,1787209201,4493.721,4493.86,4487.517,4488.489,260
1787209500,1787209500,1787209501,4488.827,4490.686,4487.266,4489.134,260
1787209800,1787209800,1787209801,4489.191,4490.298,4487.029,4487.654,260
1787210100,1787210100,1787210101,4487.941,4490.437,4486.913,4487.163,260
1787210400,1787210400,1787210401,4486.883,4488.233,4485.728,4485.729,260
1787210700,1787210700,1787210701,4485.659,4486.23,4483.564,4484.071,260
1787211000,1787211000,1787211001,4484.036,4489.645,4483.34,4489.606,260
1787211300,1787211300,1787211301,4489.545,4491.148,4488.971,4490.197,260
1787211600,1787211600,1787211601,4489.936,4493.091,4489.155,4490.998,260
1787211900,1787211900,1787211901,4491.188,4494.031,4489.035,4489.127,260
1787212200,1787212200,1787212201,4489.343,4491.026,4488.193,4491.004,260
1787212500,1787212500,1787212501,4491.048,4492.387,4489.24,4490.746,260
1787212800,1787212800,1787212801,4490.735,4494.931,4490.47,4492.624,260
1787213100,1787213100,1787213101,4492.568,4494.411,4490.897,4493.735,260
1787213400,1787213400,1787213401,4493.854,4495.504,4491.59,4494.103,260
1787213700,1787213700,1787213701,4494.068,4498.745,4493.766,4496.437,260
1787214000,1787214000,1787214001,4496.382,4497.95,4494.843,4495.627,260
1787214300,1787214300,1787214301,4495.601,4496.28,4489.771,4491.366,260
1787214600,1787214600,1787214601,4491.123,4493.073,4487.011,4492.956,260
1787214900,1787214900,1787214901,4493.272,4495.244,4489.95,4491.799,260
1787215200,1787215200,1787215201,4491.732,4493.036,4490.179,4490.635,260
1787215500,1787215500,1787215501,4490.561,4491.601,4487.755,4487.755,260
1787215800,1787215800,1787215801,4488.082,4491.871,4487.634,4491.626,260
1787216100,1787216100,1787216101,4491.551,4492.096,4487.551,4489.193,260
1787216400,1787216400,1787216401,4489.137,4491.118,4488.444,4490.537,260
1787216700,1787216700,1787216701,4490.55,4493.165,4488.676,4491.552,260
1787217000,1787217000,1787217001,4491.623,4494.221,4491.213,4492.446,260
1787217300,1787217300,1787217301,4492.337,4493.759,4489.09,4489.124,260
1787217600,1787217600,1787217601,4489.382,4492.856,4488.159,4489.918,260
1787217900,1787217900,1787217901,4489.931,4490.92,4488.066,4490.001,260
1787218200,1787218200,1787218201,4489.935,4490.475,4486.965,4487.61,260
1787218500,1787218500,1787218501,4487.615,4488.427,4484.383,4486.28,260
1787218800,1787218800,1787218801,4485.925,4490.27,4485.68,4489.095,260
1787219100,1787219100,1787219101,4489.303,4489.303,4484.893,4485.641,260
1787219400,1787219400,1787219401,4485.641,4486.343,4481.778,4484.052,260
1787219700,1787219700,1787219701,4484.112,4484.685,4481.78,4482.733,260
1787220000,1787220000,1787220001,4482.398,4485.955,4480.526,4485.214,260
1787220300,1787220300,1787220301,4485.154,4489.767,4485.101,4489.388,260
1787220600,1787220600,1787220601,4489.266,4491.421,4487.97,4490.355,260
1787220900,1787220900,1787220901,4490.409,4491.82,4489.762,4490.396,260
1787221200,1787221200,1787221201,4490.34,4490.748,4486.468,4488.758,260
1787221500,1787221500,1787221501,4489.095,4494.227,4488.268,4493.582,260
1787221800,1787221800,1787221801,4493.64,4494.844,4492.318,4492.972,260
1787222100,1787222100,1787222101,4492.917,4494.62,4490.146,4490.532,260
1787222400,1787222400,1787222401,4490.406,4491.327,4489.86,4491.216,260
1787222700,1787222700,1787222701,4491.271,4491.406,4488.587,4490.346,260
1787223000,1787223000,1787223001,4490.019,4490.779,4487.316,4487.998,260
1787223300,1787223300,1787223301,4487.941,4490.478,4487.487,4490.238,260
1787223600,1787223600,1787223601,4490.357,4491.403,4487.54,4488.389,260
1787223900,1787223900,1787223901,4488.443,4488.536,4485.653,4487.433,260
1787224200,1787224200,1787224201,4487.458,4487.644,4482.791,4485.147,260
1787224500,1787224500,1787224501,4485.093,4485.964,4481.116,4482.423,260
1787224800,1787224800,1787224801,4482.418,4487.536,4481.766,4487.39,260
1787225100,1787225100,1787225101,4487.327,4489.981,4484.049,4484.357,260
1787225400,1787225400,1787225401,4484.425,4485.996,4482.434,4484.989,260
1787225700,1787225700,1787225701,4484.936,4486.863,4479.682,4481.819,260
1787226000,1787226000,1787226001,4481.872,4482.726,4474.095,4474.883,260
1787226300,1787226300,1787226301,4474.94,4475.83,4465.57,4471.338,260
1787226600,1787226600,1787226601,4471.12,4473.046,4466.037,4467.266,260
1787226900,1787226900,1787226901,4467.072,4471.344,4465.284,4467.154,260
1787227200,1787227200,1787227201,4467.21,4467.292,4456.961,4458.331,260
1787227500,1787227500,1787227501,4458.271,4459.464,4450.39,4456.995,260
1787227800,1787227800,1787227801,4456.875,4466.152,4456.47,4462.538,260
1787228100,1787228100,1787228101,4462.356,4467.431,4461.918,4466.744,260
1787228400,1787228400,1787228401,4466.689,4467.977,4461.695,4463.745,260
1787228700,1787228700,1787228701,4463.661,4463.773,4456.833,4459.482,260
1787229000,1787229000,1787229001,4459.655,4460.938,4450.847,4453.448,260
1787229300,1787229300,1787229301,4453.375,4463.404,4451.668,4463.282,260
1787229600,1787229600,1787229601,4463.023,4467.038,4459.881,4466.516,260
1787229900,1787229900,1787229901,4466.439,4471.333,4463.956,4471.194,260
1787230200,1787230200,1787230201,4471.192,4475.438,4469.888,4472.014,260
1787230500,1787230500,1787230501,4472.018,4477.157,4471.651,4474.64,260
1787230800,1787230800,1787230801,4474.76,4484.716,4473.631,4478.712,260
1787231100,1787231100,1787231101,4478.772,4480.376,4472.926,4473.825,260
1787231400,1787231400,1787231401,4473.77,4475.979,4471.624,4472.78,260
1787231700,1787231700,1787231701,4472.713,4476.831,4470.856,4474.732,260
1787232000,1787232000,1787232001,4474.697,4476.492,4471.314,4474.226,260
1787232300,1787232300,1787232301,4474.171,4474.518,4470.026,4471.598,260
1787232600,1787232600,1787232601,4471.905,4477.474,4469.162,4475.619,260
1787232900,1787232900,1787232901,4475.551,4486.751,4474.483,4483.78,260
1787233200,1787233200,1787233201,4483.685,4487.996,4477.692,4486.752,260
1787233500,1787233500,1787233501,4486.599,4489.364,4480.246,4482.166,260
1787233800,1787233800,1787233801,4482.105,4486.595,4481.097,4485.794,260
1787234100,1787234100,1787234101,4485.581,4486.643,4479.156,4481.556,260
1787234400,1787234400,1787234401,4481.611,4490.74,4481.557,4483.508,260
1787234700,1787234700,1787234701,4483.413,4486.862,4480.681,4485.216,260
1787235000,1787235000,1787235001,4485.122,4489.054,4483.46,4485.276,260
1787235300,1787235300,1787235301,4485.065,4489.456,4481.821,4482.161,260
1787235600,1787235600,1787235601,4482.294,4493.989,4481.787,4490.734,260
1787235900,1787235900,1787235901,4490.917,4493.165,4486.591,4491.744,260
1787236200,1787236200,1787236201,4491.801,4497.141,4491.7,4494.239,260
1787236500,1787236500,1787236501,4494.597,4500.888,4492.92,4495.816,260
1787236800,1787236800,1787236801,4496.153,4501.252,4493.743,4499.124,260
1787237100,1787237100,1787237101,4499.055,4508.992,4498.61,4507.855,260
1787237400,1787237400,1787237401,4507.797,4510.448,4504.904,4509.748,260
1787237700,1787237700,1787237701,4509.674,4516.282,4509.175,4515.675,260
1787238000,1787238000,1787238001,4515.807,4536.748,4514.93,4535.659,260
1787238300,1787238300,1787238301,4535.603,4536.525,4522.428,4524.601,260
1787238600,1787238600,1787238601,4524.476,4537.398,4521.397,4534.863,260
1787238900,1787238900,1787238901,4534.981,4540.802,4530.357,4539.466,260
1787239200,1787239200,1787239201,4539.707,4540.868,4523.338,4527.271,260
1787239500,1787239500,1787239501,4526.943,4534.124,4525.596,4532.349,260
1787239800,1787239800,1787239801,4532.344,4533.823,4522.756,4523.807,260
1787240100,1787240100,1787240101,4524.021,4526.895,4517.18,4518.627,260
1787240400,1787240400,1787240401,4518.69,4519.819,4509.066,4511.662,260
1787240700,1787240700,1787240701,4511.721,4521.473,4510.8,4520.038,260
1787241000,1787241000,1787241001,4520.257,4521.605,4515.508,4519.229,260
1787241300,1787241300,1787241301,4519.172,4524.225,4517.466,4521.719,260
1787241600,1787241600,1787241601,4521.775,4524.807,4519.129,4519.739,260
1787241900,1787241900,1787241901,4519.796,4522.116,4518.645,4519.882,260
1787242200,1787242200,1787242201,4519.819,4520.471,4510.219,4511.316,260
1787242500,1787242500,1787242501,4511.219,4513.281,4508.422,4512.055,260
1787242800,1787242800,1787242801,4512.092,4513.079,4509.109,4511.657,260
1787243100,1787243100,1787243101,4511.708,4511.915,4505.229,4509.318,260
1787243400,1787243400,1787243401,4509.463,4509.894,4502.721,4509.159,260
1787243700,1787243700,1787243701,4509.042,4512.735,4506.868,4507.319,260
1787244000,1787244000,1787244001,4507.259,4510.354,4506.949,4509.269,260
1787244300,1787244300,1787244301,4509.208,4512.594,4507.335,4512.094,260
1787244600,1787244600,1787244601,4512.034,4513.814,4508.761,4509.606,260
1787244900,1787244900,1787244901,4509.528,4511.279,4507.617,4510.118,260
1787245200,1787245200,1787245201,4509.928,4514.14,4509.717,4511.657,260
1787245500,1787245500,1787245501,4511.711,4511.992,4507.55,4509.783,260
1787245800,1787245800,1787245801,4509.726,4510.651,4507.652,4509.51,260
1787246100,1787246100,1787246101,4509.119,4511.475,4507.951,4508.807,260
1787246400,1787246400,1787246401,4508.523,4514.329,4508.241,4511.355,260
1787246700,1787246700,1787246701,4511.222,4516.677,4509.188,4513.011,260
1787247000,1787247000,1787247001,4513.07,4518.502,4510.644,4518.356,260
1787247300,1787247300,1787247301,4518.087,4518.688,4515.967,4516.774,260
1787247600,1787247600,1787247601,4516.734,4518.402,4515.885,4518.106,260
1787247900,1787247900,1787247901,4518.05,4520.352,4517.096,4518.916,260
1787248200,1787248200,1787248201,4519.072,4520.041,4516.955,4518.781,260
1787248500,1787248500,1787248501,4518.55,4520.465,4517.938,4519.745,260
1787248800,1787248800,1787248801,4519.816,4522.355,4518.101,4521.621,260
1787249100,1787249100,1787249101,4521.681,4522.49,4514.597,4516.699,260
1787249400,1787249400,1787249401,4516.617,4516.787,4509.236,4510.728,260
1787249700,1787249700,1787249701,4510.674,4516.372,4508.12,4515.598,260
1787250000,1787250000,1787250001,4515.665,4518.119,4514.804,4516.317,260
1787250300,1787250300,1787250301,4516.197,4520.135,4516.123,4519.1,260
1787250600,1787250600,1787250601,4519.032,4521.609,4518.294,4519.222,260
1787250900,1787250900,1787250901,4519.278,4523.45,4518.621,4521.187,260
1787251200,1787251200,1787251201,4520.917,4521.947,4519.539,4519.914,260
1787251500,1787251500,1787251501,4520.039,4521.54,4517.703,4521.237,260
1787251800,1787251800,1787251801,4521.215,4525.389,4520.912,4524.742,260
1787252100,1787252100,1787252101,4524.686,4525.009,4521.218,4522.089,260
1787252400,1787252400,1787252401,4521.994,4522.55,4518.13,4521.431,260
1787252700,1787252700,1787252701,4521.741,4526.264,4521.179,4525.906,260
1787253000,1787253000,1787253001,4525.944,4528.092,4524.106,4527.342,260
1787253300,1787253300,1787253301,4527.461,4529.455,4525.566,4525.758,260
1787253600,1787253600,1787253601,4525.93,4528.038,4523.546,4526.964,260
1787253900,1787253900,1787253901,4526.818,4527.858,4522.548,4522.839,260
1787254200,1787254200,1787254201,4522.778,4524.59,4521.883,4524.067,260
1787254500,1787254500,1787254501,4524.012,4529.604,4522.822,4528.823,260
1787254800,1787254800,1787254801,4528.823,4529.023,4526.11,4526.244,260
1787255100,1787255100,1787255101,4526.026,4530.362,4524.742,4528.6,260
1787255400,1787255400,1787255401,4528.542,4532.107,4527.863,4530.794,260
1787255700,1787255700,1787255701,4530.817,4531.582,4526.746,4528.734,260
1787256000,1787256000,1787256001,4528.395,4529.076,4525.832,4527.129,260
1787256300,1787256300,1787256301,4527.174,4527.988,4522.538,4522.967,260
1787256600,1787256600,1787256601,4523.033,4524.99,4522.239,4522.501,260
1787256900,1787256900,1787256901,4522.462,4522.919,4520.689,4522.076,260
1787257200,1787257200,1787257201,4521.955,4522.34,4520.488,4521.484,260
1787257500,1787257500,1787257501,4521.288,4522.045,4520.395,4520.594,260
1787257800,1787257800,1787257801,4521.004,4521.12,4516.701,4518.135,260
1787258100,1787258100,1787258101,4518.114,4518.78,4517.209,4518.101,260
1787258400,1787258400,1787258401,4517.828,4518.915,4517.557,4518.192,260
1787258700,1787258700,1787258701,4518.256,4519.099,4517.758,4518.463,260
1787259000,1787259000,1787259001,4518.741,4521.345,4518.115,4519.566,260
1787259300,1787259300,1787259301,4519.899,4520.472,4518.74,4518.74,260
1787263200,1787263200,1787263201,4518.959,4521.197,4518.959,4519.848,260
1787263500,1787263500,1787263501,4519.951,4520.878,4517.979,4517.979,260
1787263800,1787263800,1787263801,4517.949,4519.676,4516.767,4518.291,260
1787264100,1787264100,1787264101,4518.298,4520.018,4518.298,4519.603,260
1787264400,1787264400,1787264401,4519.578,4520.101,4517.766,4518.518,260
1787264700,1787264700,1787264701,4518.544,4520.796,4518.271,4519.49,260
1787265000,1787265000,1787265001,4519.525,4520.291,4518.537,4520.02,260
1787265300,1787265300,1787265301,4520.293,4522.637,4519.512,4521.42,260
1787265600,1787265600,1787265601,4521.682,4523.721,4521.123,4522.543,260
1787265900,1787265900,1787265901,4522.823,4523.711,4519.501,4522.015,260
1787266200,1787266200,1787266201,4522.015,4524.46,4521.68,4523.773,260
1787266500,1787266500,1787266501,4523.712,4524.502,4523.404,4524.139,260
1787266800,1787266800,1787266801,4524.125,4529.866,4523.378,4529.032,260
1787267100,1787267100,1787267101,4529.143,4530.352,4524.833,4527.095,260
1787267400,1787267400,1787267401,4527.098,4532.86,4527.098,4531.83,260
1787267700,1787267700,1787267701,4531.68,4532.361,4529.328,4531.519,260
1787268000,1787268000,1787268001,4531.535,4531.535,4527.989,4528.926,260
1787268300,1787268300,1787268301,4528.926,4530.555,4522.599,4526.923,260
1787268600,1787268600,1787268601,4527.251,4528.721,4522.163,4523.853,260
1787268900,1787268900,1787268901,4523.81,4524.509,4520.874,4523.615,260
1787269200,1787269200,1787269201,4523.418,4525.017,4523.41,4524.414,260
1787269500,1787269500,1787269501,4524.399,4527.475,4523.088,4527.18,260
1787269800,1787269800,1787269801,4527.319,4528.263,4525.827,4527.444,260
1787270100,1787270100,1787270101,4527.424,4527.695,4525.867,4526.459,260
1787270400,1787270400,1787270401,4526.34,4527.58,4522.083,4522.94,260
1787270700,1787270700,1787270701,4522.675,4523.204,4519.734,4520.21,260
1787271000,1787271000,1787271001,4520.156,4523.148,4517.301,4518.783,260
1787271300,1787271300,1787271301,4518.659,4519.785,4514.417,4517.649,260
1787271600,1787271600,1787271601,4517.711,4519.28,4516.289,4517.688,260
1787271900,1787271900,1787271901,4517.526,4520.81,4513.819,4515.193,260
1787272200,1787272200,1787272201,4515.128,4517.113,4513.033,4514.373,260
1787272500,1787272500,1787272501,4514.376,4515.83,4511.362,4512.829,260
1787272800,1787272800,1787272801,4512.692,4514.579,4510.807,4513.79,260
1787273100,1787273100,1787273101,4513.597,4514.062,4509.846,4511.752,260
1787273400,1787273400,1787273401,4511.661,4512.777,4510.175,4511.152,260
1787273700,1787273700,1787273701,4511.208,4511.708,4509.727,4510.513,260
1787274000,1787274000,1787274001,4510.579,4517.401,4508.614,4513.194,260
1787274300,1787274300,1787274301,4512.985,4516.18,4512.127,4513.736,260
1787274600,1787274600,1787274601,4513.678,4521.157,4511.994,4520.693,260
1787274900,1787274900,1787274901,4520.636,4526.826,4520.225,4524.254,260
1787275200,1787275200,1787275201,4523.852,4530.08,4522.536,4526.582,260
1787275500,1787275500,1787275501,4526.738,4530.744,4525.263,4529.588,260
1787275800,1787275800,1787275801,4529.37,4539.21,4528.389,4537.101,260
1787276100,1787276100,1787276101,4537.519,4543.936,4526.866,4528.819,260
1787276400,1787276400,1787276401,4528.762,4529.083,4523.602,4526.032,260
1787276700,1787276700,1787276701,4525.817,4533.513,4525.817,4531.24,260
1787277000,1787277000,1787277001,4531.3,4532.312,4525.237,4526.147,260
1787277300,1787277300,1787277301,4526.093,4530.997,4525.866,4530.801,260
1787277600,1787277600,1787277601,4530.686,4531.251,4521.134,4522.776,260
1787277900,1787277900,1787277901,4522.831,4525.236,4520.862,4523.059,260
1787278200,1787278200,1787278201,4523.122,4523.616,4518.317,4520.881,260
1787278500,1787278500,1787278501,4520.999,4522.553,4519.952,4522.473,260
1787278800,1787278800,1787278801,4522.516,4527.4,4522.039,4527.224,260
1787279100,1787279100,1787279101,4527.224,4529.279,4525.949,4527.205,260
1787279400,1787279400,1787279401,4527.476,4530.895,4525.137,4526.166,260
1787279700,1787279700,1787279701,4526.254,4531.676,4526.19,4531.179,260
1787280000,1787280000,1787280001,4531.122,4538.345,4530.905,4538.345,260
1787280300,1787280300,1787280301,4538.167,4539.626,4535.098,4538.866,260
1787280600,1787280600,1787280601,4538.736,4543.104,4534.841,4541.01,260
1787280900,1787280900,1787280901,4540.618,4541.086,4532.083,4533.914,260
1787281200,1787281200,1787281201,4533.975,4538.373,4532.831,4533.479,260
1787281500,1787281500,1787281501,4533.422,4535.936,4531.884,4534.5,260
1787281800,1787281800,1787281801,4534.439,4536.64,4532.175,4532.329,260
1787282100,1787282100,1787282101,4532.602,4534.656,4531.861,4532.929,260
1787282400,1787282400,1787282401,4532.931,4534.984,4532.55,4533.539,260
1787282700,1787282700,1787282701,4533.594,4534.644,4529.581,4529.646,260
1787283000,1787283000,1787283001,4529.69,4535.778,4529.199,4535.658,260
1787283300,1787283300,1787283301,4535.713,4535.769,4529.02,4529.02,260
1787283600,1787283600,1787283601,4529.222,4529.596,4526.593,4529.091,260
1787283900,1787283900,1787283901,4529.131,4533.657,4527.988,4531.657,260
1787284200,1787284200,1787284201,4531.329,4533.35,4531.327,4533.21,260
1787284500,1787284500,1787284501,4532.891,4535.538,4532.267,4535.228,260
1787284800,1787284800,1787284801,4535.348,4539.183,4535.199,4538.423,260
1787285100,1787285100,1787285101,4538.429,4539.798,4535.914,4538.045,260
1787285400,1787285400,1787285401,4538.259,4541.569,4537.115,4539.959,260
1787285700,1787285700,1787285701,4540.019,4541.55,4537.312,4541.55,260
1787286000,1787286000,1787286001,4541.223,4546.14,4540.825,4543.218,260
1787286300,1787286300,1787286301,4543.274,4547.336,4542.505,4546.733,260
1787286600,1787286600,1787286601,4546.811,4548.108,4543.03,4544.174,260
1787286900,1787286900,1787286901,4544.208,4544.82,4540.735,4541.956,260
1787287200,1787287200,1787287201,4541.986,4543.286,4540.593,4541.49,260
1787287500,1787287500,1787287501,4541.793,4542.24,4539.992,4541.157,260
1787287800,1787287800,1787287801,4541.136,4542.554,4540.71,4541.623,260
1787288100,1787288100,1787288101,4541.368,4542.327,4540.205,4540.76,260
1787288400,1787288400,1787288401,4540.432,4540.911,4536.511,4537.93,260
1787288700,1787288700,1787288701,4537.675,4539.882,4535.308,4536.879,260
1787289000,1787289000,1787289001,4536.858,4537.674,4534.597,4537.184,260
1787289300,1787289300,1787289301,4536.981,4538.743,4530.872,4533.518,260
1787289600,1787289600,1787289601,4533.848,4534.707,4532.518,4533.607,260
1787289900,1787289900,1787289901,4533.733,4534.551,4530.556,4530.556,260
1787290200,1787290200,1787290201,4530.45,4538.343,4529.223,4537.854,260
1787290500,1787290500,1787290501,4537.912,4540.815,4535.131,4536.322,260
1787290800,1787290800,1787290801,4536.127,4543.358,4535.753,4542.967,260
1787291100,1787291100,1787291101,4542.983,4546.569,4541.516,4546.116,260
1787291400,1787291400,1787291401,4545.933,4549.26,4543.193,4547.746,260
1787291700,1787291700,1787291701,4547.806,4556.272,4547.708,4553.619,260
1787292000,1787292000,1787292001,4553.711,4555.269,4547.59,4549.582,260
1787292300,1787292300,1787292301,4549.588,4551.634,4546.894,4548.55,260
1787292600,1787292600,1787292601,4548.49,4550.238,4545.387,4549.078,260
1787292900,1787292900,1787292901,4549.136,4556.801,4549.136,4555.889,260
1787293200,1787293200,1787293201,4555.684,4556.707,4549.94,4550.678,260
1787293500,1787293500,1787293501,4550.616,4558.216,4550.188,4555.5,260
1787293800,1787293800,1787293801,4555.565,4563.597,4554.429,4561.041,260
1787294100,1787294100,1787294101,4561.101,4565.91,4561.101,4564.783,260
1787294400,1787294400,1787294401,4564.844,4565.108,4560.303,4562.595,260
1787294700,1787294700,1787294701,4562.379,4567.685,4562.379,4567.192,260
1787295000,1787295000,1787295001,4567.101,4567.517,4564.342,4564.628,260
1787295300,1787295300,1787295301,4564.911,4567.572,4561.041,4561.101,260
1787295600,1787295600,1787295601,4561.046,4566.205,4559.376,4565.85,260
1787295900,1787295900,1787295901,4565.918,4565.934,4558.933,4558.933,260
1787296200,1787296200,1787296201,4558.605,4561.732,4558.344,4561.414,260
1787296500,1787296500,1787296501,4561.732,4566.966,4559.598,4566.147,260
1787296800,1787296800,1787296801,4566.207,4568.019,4562.92,4563.579,260
1787297100,1787297100,1787297101,4563.45,4564.666,4560.566,4561.438,260
1787297400,1787297400,1787297401,4561.63,4564.808,4560.168,4562.278,260
1787297700,1787297700,1787297701,4562.29,4564.963,4559.995,4563.973,260
1787298000,1787298000,1787298001,4563.911,4566.229,4562.334,4564.262,260
1787298300,1787298300,1787298301,4564.6,4568.229,4562.721,4565.808,260
1787298600,1787298600,1787298601,4565.868,4567.301,4560.723,4561.874,260
1787298900,1787298900,1787298901,4561.812,4564.798,4561.036,4564.151,260
1787299200,1787299200,1787299201,4564.21,4566.662,4561.311,4561.311,260
1787299500,1787299500,1787299501,4561.371,4562.772,4559.026,4561.437,260
1787299800,1787299800,1787299801,4561.764,4568.142,4561.317,4565.634,260
1787300100,1787300100,1787300101,4565.578,4573.577,4563.877,4572.44,260
1787300400,1787300400,1787300401,4572.383,4579.158,4571.581,4577.518,260
1787300700,1787300700,1787300701,4577.398,4581.933,4577.241,4579.492,260
1787301000,1787301000,1787301001,4579.542,4581.579,4577.702,4580.833,260
1787301300,1787301300,1787301301,4580.616,4582.836,4576.637,4579.335,260
1787301600,1787301600,1787301601,4579.407,4584.276,4578.764,4582.22,260
1787301900,1787301900,1787301901,4582.365,4583.533,4580.369,4580.995,260
1787302200,1787302200,1787302201,4580.825,4583.163,4580.296,4581.601,260
1787302500,1787302500,1787302501,4581.703,4585.104,4580.267,4583.918,260
1787302800,1787302800,1787302801,4583.977,4586.04,4582.049,4585.955,260
1787303100,1787303100,1787303101,4586.15,4596.476,4584.459,4595.695,260
1787303400,1787303400,1787303401,4595.509,4600.58,4595.193,4599.165,260
1787303700,1787303700,1787303701,4599.221,4601.949,4593.134,4593.261,260
1787304000,1787304000,1787304001,4593.203,4593.327,4584.928,4587.002,260
1787304300,1787304300,1787304301,4587.077,4587.93,4581.116,4582.299,260
1787304600,1787304600,1787304601,4582.232,4584.594,4581.354,4582.836,260
1787304900,1787304900,1787304901,4582.55,4585.975,4580.57,4585.566,260
1787305200,1787305200,1787305201,4585.35,4586.854,4581.716,4583.173,260
1787305500,1787305500,1787305501,4583.113,4583.723,4580.792,4581.49,260
1787305800,1787305800,1787305801,4581.549,4584.219,4580.231,4583.991,260
1787306100,1787306100,1787306101,4584.274,4585.276,4581.066,4582.41,260
1787306400,1787306400,1787306401,4582.346,4589.083,4581.56,4584.934,260
1787306700,1787306700,1787306701,4585.193,4585.411,4581.431,4583.306,260
1787307000,1787307000,1787307001,4583.439,4584.249,4577.849,4578.727,260
1787307300,1787307300,1787307301,4578.795,4586.993,4578.239,4584.438,260
1787307600,1787307600,1787307601,4584.313,4586.704,4583.027,4585.845,260
1787307900,1787307900,1787307901,4585.868,4589.476,4585.362,4588.421,260
1787308200,1787308200,1787308201,4588.416,4590.956,4585.601,4590.27,260
1787308500,1787308500,1787308501,4590.368,4593.642,4589.389,4593.466,260
1787308800,1787308800,1787308801,4593.529,4594.176,4590.957,4593.014,260
1787309100,1787309100,1787309101,4593.077,4593.482,4590.068,4590.53,260
1787309400,1787309400,1787309401,4590.722,4592.76,4588.268,4590.205,260
1787309700,1787309700,1787309701,4590.146,4591.091,4587.733,4588.364,260
1787310000,1787310000,1787310001,4588.714,4595.143,4587.064,4593.742,260
1787310300,1787310300,1787310301,4593.619,4595.46,4590.741,4592.134,260
1787310600,1787310600,1787310601,4592.19,4593.43,4588.343,4590.758,260
1787310900,1787310900,1787310901,4590.53,4597.627,4590.491,4596.139,260
1787311200,1787311200,1787311201,4596.068,4600.983,4595.754,4598.184,260
1787311500,1787311500,1787311501,4598.128,4600.184,4595.549,4598.252,260
1787311800,1787311800,1787311801,4598.312,4598.893,4593.408,4595.185,260
1787312100,1787312100,1787312101,4595.243,4604.535,4594.965,4597.088,260
1787312400,1787312400,1787312401,4597.384,4597.738,4593.184,4596.836,260
1787312700,1787312700,1787312701,4596.925,4600.668,4596.336,4599.67,260
1787313000,1787313000,1787313001,4599.697,4600.178,4595.673,4597.678,260
1787313300,1787313300,1787313301,4597.737,4598.783,4596.002,4597.174,260
1787313600,1787313600,1787313601,4597.236,4601.779,4593.85,4595.57,260
1787313900,1787313900,1787313901,4595.626,4600.307,4591.774,4593.618,260
1787314200,1787314200,1787314201,4593.953,4594.089,4589.067,4592.657,260
1787314500,1787314500,1787314501,4592.823,4596.014,4586.1,4587.728,260
1787314800,1787314800,1787314801,4587.787,4589.133,4582.023,4585.39,260
1787315100,1787315100,1787315101,4585.33,4586.724,4583.684,4584.801,260
1787315400,1787315400,1787315401,4584.742,4584.742,4576.377,4577.941,260
1787315700,1787315700,1787315701,4577.997,4578.306,4564.219,4564.64,260
1787316000,1787316000,1787316001,4564.506,4575.937,4563.321,4573.678,260
1787316300,1787316300,1787316301,4573.736,4579.369,4572.913,4579.261,260
1787316600,1787316600,1787316601,4579.329,4580.879,4576.743,4579.651,260
1787316900,1787316900,1787316901,4579.779,4581.05,4574.767,4577.909,260
1787317200,1787317200,1787317201,4578.048,4584.625,4575.684,4580.93,260
1787317500,1787317500,1787317501,4581.215,4584.067,4579.144,4581.011,260
1787317800,1787317800,1787317801,4581.07,4587.05,4580.203,4585.11,260
1787318100,1787318100,1787318101,4585.166,4587.837,4579.423,4580.837,260
1787318400,1787318400,1787318401,4580.517,4586.837,4578.972,4583.213,260
1787318700,1787318700,1787318701,4583.152,4585.501,4581.396,4584.256,260
1787319000,1787319000,1787319001,4584.339,4586.851,4573.461,4573.791,260
1787319300,1787319300,1787319301,4573.734,4591.0,4573.195,4587.319,260
1787319600,1787319600,1787319601,4587.262,4590.597,4584.408,4587.828,260
1787319900,1787319900,1787319901,4587.617,4593.278,4583.552,4589.656,260
1787320200,1787320200,1787320201,4589.747,4591.296,4576.585,4581.442,260
1787320500,1787320500,1787320501,4581.497,4585.485,4579.894,4581.139,260
1787320800,1787320800,1787320801,4581.069,4588.942,4579.854,4588.391,260
1787321100,1787321100,1787321101,4588.603,4590.591,4582.911,4587.217,260
1787321400,1787321400,1787321401,4587.145,4589.993,4585.141,4589.281,260
1787321700,1787321700,1787321701,4589.341,4591.139,4586.388,4590.11,260
1787322000,1787322000,1787322001,4589.984,4598.335,4589.829,4597.481,260
1787322300,1787322300,1787322301,4597.538,4603.224,4597.532,4603.224,260
1787322600,1787322600,1787322601,4603.281,4603.772,4589.722,4590.052,260
1787322900,1787322900,1787322901,4589.991,4592.842,4581.308,4582.163,260
1787323200,1787323200,1787323201,4582.221,4589.652,4580.408,4582.661,260
1787323500,1787323500,1787323501,4582.455,4591.688,4580.45,4591.377,260
1787323800,1787323800,1787323801,4591.257,4595.247,4588.343,4589.698,260
1787324100,1787324100,1787324101,4589.642,4592.598,4584.276,4591.706,260
1787324400,1787324400,1787324401,4591.761,4594.375,4587.129,4593.434,260
1787324700,1787324700,1787324701,4593.495,4598.379,4592.003,4593.84,260
1787325000,1787325000,1787325001,4593.898,4597.894,4593.685,4595.257,260
1787325300,1787325300,1787325301,4595.437,4599.35,4594.904,4597.444,260
1787325600,1787325600,1787325601,4597.502,4602.752,4595.156,4602.294,260
1787325900,1787325900,1787325901,4602.403,4607.78,4599.907,4602.76,260
1787326200,1787326200,1787326201,4602.822,4606.157,4599.407,4605.929,260
1787326500,1787326500,1787326501,4606.21,4608.498,4604.837,4606.614,260
1787326800,1787326800,1787326801,4606.824,4610.638,4605.632,4609.429,260
1787327100,1787327100,1787327101,4609.486,4611.068,4606.946,4607.727,260
1787327400,1787327400,1787327401,4607.787,4615.105,4607.409,4613.643,260
1787327700,1787327700,1787327701,4613.587,4615.392,4610.792,4614.386,260
1787328000,1787328000,1787328001,4614.449,4617.793,4612.791,4617.237,260
1787328300,1787328300,1787328301,4617.31,4617.31,4608.966,4610.149,260
1787328600,1787328600,1787328601,4610.337,4616.022,4610.146,4614.575,260
1787328900,1787328900,1787328901,4614.661,4616.062,4613.681,4614.204,260
1787329200,1787329200,1787329201,4614.149,4620.953,4611.337,4613.032,260
1787329500,1787329500,1787329501,4613.093,4614.643,4610.437,4613.912,260
1787329800,1787329800,1787329801,4613.948,4616.386,4612.061,4615.488,260
1787330100,1787330100,1787330101,4615.539,4621.019,4614.337,4619.099,260
1787330400,1787330400,1787330401,4619.16,4622.068,4617.242,4621.491,260
1787330700,1787330700,1787330701,4621.346,4624.956,4620.863,4623.807,260
1787331000,1787331000,1787331001,4623.873,4627.52,4623.657,4627.332,260
1787331300,1787331300,1787331301,4627.365,4629.192,4625.789,4628.649,260
1787331600,1787331600,1787331601,4628.704,4631.019,4626.725,4627.467,260
1787331900,1787331900,1787331901,4627.524,4632.091,4626.019,4630.497,260
1787332200,1787332200,1787332201,4630.562,4631.704,4621.615,4623.203,260
1787332500,1787332500,1787332501,4623.275,4625.984,4621.851,4623.349,260
1787332800,1787332800,1787332801,4623.289,4624.56,4615.344,4618.153,260
1787333100,1787333100,1787333101,4618.046,4624.585,4615.433,4621.823,260
1787333400,1787333400,1787333401,4621.911,4622.388,4619.412,4620.559,260
1787333700,1787333700,1787333701,4620.501,4624.784,4620.422,4622.769,260
1787334000,1787334000,1787334001,4622.547,4624.574,4618.447,4619.541,260
1787334300,1787334300,1787334301,4619.222,4619.88,4616.836,4618.791,260
1787334600,1787334600,1787334601,4618.711,4622.407,4617.928,4619.636,260
1787334900,1787334900,1787334901,4619.693,4621.636,4619.152,4620.366,260
1787335200,1787335200,1787335201,4620.392,4626.298,4620.227,4625.99,260
1787335500,1787335500,1787335501,4626.047,4627.734,4624.153,4625.867,260
1787335800,1787335800,1787335801,4625.53,4626.163,4622.917,4624.108,260
1787336100,1787336100,1787336101,4624.118,4627.037,4623.853,4626.476,260
1787336400,1787336400,1787336401,4626.48,4627.676,4625.344,4626.214,260
1787336700,1787336700,1787336701,4626.27,4627.728,4624.229,4625.258,260
1787337000,1787337000,1787337001,4625.056,4625.245,4619.773,4622.198,260
1787337300,1787337300,1787337301,4622.32,4623.043,4619.379,4619.772,260
1787337600,1787337600,1787337601,4619.531,4621.526,4619.531,4620.684,260
1787337900,1787337900,1787337901,4620.687,4625.869,4620.632,4624.323,260
1787338200,1787338200,1787338201,4624.443,4625.064,4622.706,4624.716,260
1787338500,1787338500,1787338501,4624.587,4624.621,4622.971,4624.174,260
1787338800,1787338800,1787338801,4624.25,4625.562,4621.373,4622.134,260
1787339100,1787339100,1787339101,4622.124,4622.275,4618.403,4621.076,260
1787339400,1787339400,1787339401,4621.003,4623.472,4620.383,4622.762,260
1787339700,1787339700,1787339701,4622.775,4622.775,4619.96,4622.326,260
1787340000,1787340000,1787340001,4622.602,4623.302,4621.897,4622.363,260
1787340300,1787340300,1787340301,4622.308,4622.907,4617.82,4618.149,260
1787340600,1787340600,1787340601,4618.204,4619.794,4616.491,4616.919,260
1787340900,1787340900,1787340901,4617.06,4618.425,4615.586,4618.01,260
1787341200,1787341200,1787341201,4618.033,4619.689,4617.772,4618.109,260
1787341500,1787341500,1787341501,4618.266,4623.183,4617.172,4622.604,260
1787341800,1787341800,1787341801,4622.504,4623.804,4621.123,4622.674,260
1787342100,1787342100,1787342101,4622.601,4622.805,4615.69,4617.099,260
1787342400,1787342400,1787342401,4617.158,4617.457,4614.954,4617.167,260
1787342700,1787342700,1787342701,4617.474,4617.793,4615.419,4616.596,260
1787343000,1787343000,1787343001,4616.358,4617.697,4615.868,4616.893,260
1787343300,1787343300,1787343301,4617.024,4617.671,4611.386,4612.889,260
1787343600,1787343600,1787343601,4612.962,4613.596,4610.363,4610.828,260
1787343900,1787343900,1787343901,4610.884,4611.961,4610.054,4610.803,260
1787344200,1787344200,1787344201,4610.855,4612.049,4609.824,4610.546,260
1787344500,1787344500,1787344501,4610.602,4611.781,4607.36,4608.351,260
1787344800,1787344800,1787344801,4608.295,4609.603,4607.661,4608.054,260
1787345100,1787345100,1787345101,4608.175,4608.747,4602.958,4605.995,260
1787345400,1787345400,1787345401,4605.937,4607.105,4603.592,4605.099,260
1787345700,1787345700,1787345701,4605.164,4605.387,4602.445,4603.829,260
1787522400,1787522400,1787522401,4615.655,4615.655,4607.392,4610.112,340
1787522700,1787522700,1787522701,4610.186,4617.658,4608.754,4617.174,260
1787523000,1787523000,1787523001,4617.079,4620.464,4615.633,4617.25,260
1787523300,1787523300,1787523301,4617.368,4618.346,4612.744,4618.346,260
1787523600,1787523600,1787523601,4618.318,4621.127,4615.798,4617.118,260
1787523900,1787523900,1787523901,4617.228,4617.503,4612.877,4614.151,260
1787524200,1787524200,1787524201,4613.903,4616.937,4613.551,4614.703,260
1787524500,1787524500,1787524501,4614.721,4616.661,4611.408,4611.674,260
1787524800,1787524800,1787524801,4611.674,4612.209,4606.762,4610.704,260
1787525100,1787525100,1787525101,4611.036,4611.092,4607.139,4608.663,260
1787525400,1787525400,1787525401,4608.661,4609.096,4606.97,4607.325,260
1787525700,1787525700,1787525701,4607.383,4607.969,4605.955,4606.186,260
1787526000,1787526000,1787526001,4606.315,4609.198,4604.929,4607.583,260
1787526300,1787526300,1787526301,4607.621,4607.941,4604.572,4607.86,260
1787526600,1787526600,1787526601,4607.875,4609.512,4607.453,4607.622,260
1787526900,1787526900,1787526901,4607.622,4608.232,4606.685,4607.358,260
1787527200,1787527200,1787527201,4607.259,4613.227,4607.198,4613.047,260
1787527500,1787527500,1787527501,4612.806,4616.183,4612.035,4615.212,260
1787527800,1787527800,1787527801,4615.209,4618.684,4613.824,4617.911,260
1787528100,1787528100,1787528101,4617.969,4619.304,4613.217,4613.467,260
1787528400,1787528400,1787528401,4613.194,4614.572,4607.622,4608.434,260
1787528700,1787528700,1787528701,4608.53,4615.226,4608.108,4614.974,260
1787529000,1787529000,1787529001,4614.919,4622.362,4614.901,4622.347,260
1787529300,1787529300,1787529301,4622.291,4624.606,4622.111,4623.935,260
1787529600,1787529600,1787529601,4624.154,4628.049,4620.14,4627.118,260
1787529900,1787529900,1787529901,4627.223,4639.425,4627.223,4634.882,260
1787530200,1787530200,1787530201,4635.026,4641.031,4633.485,4637.362,260
1787530500,1787530500,1787530501,4637.359,4640.645,4628.615,4629.43,260
1787530800,1787530800,1787530801,4629.461,4630.2,4611.704,4612.502,260
1787531100,1787531100,1787531101,4612.442,4612.868,4594.194,4604.995,260
1787531400,1787531400,1787531401,4604.937,4608.701,4602.646,4602.646,260
1787531700,1787531700,1787531701,4602.588,4608.997,4600.909,4601.546,260
1787532000,1787532000,1787532001,4601.433,4607.854,4600.877,4606.96,260
1787532300,1787532300,1787532301,4606.904,4615.633,4603.744,4614.236,260
1787532600,1787532600,1787532601,4614.351,4617.208,4611.362,4616.897,260
1787532900,1787532900,1787532901,4617.025,4623.51,4615.73,4621.59,260
1787533200,1787533200,1787533201,4621.646,4635.214,4618.757,4622.33,260
1787533500,1787533500,1787533501,4622.256,4630.237,4619.806,4623.076,260
1787533800,1787533800,1787533801,4623.133,4628.015,4621.649,4622.161,260
1787534100,1787534100,1787534101,4622.211,4625.794,4616.664,4621.452,260
1787534400,1787534400,1787534401,4621.394,4622.335,4611.03,4614.896,260
1787534700,1787534700,1787534701,4614.681,4618.105,4611.95,4614.6,260
1787535000,1787535000,1787535001,4614.391,4615.231,4607.966,4614.707,260
1787535300,1787535300,1787535301,4614.493,4621.051,4612.35,4614.257,260
1787535600,1787535600,1787535601,4614.334,4618.367,4608.327,4617.876,260
1787535900,1787535900,1787535901,4618.03,4619.127,4614.849,4618.783,260
1787536200,1787536200,1787536201,4619.068,4630.03,4618.96,4628.741,260
1787536500,1787536500,1787536501,4628.584,4637.663,4626.524,4632.232,260
1787536800,1787536800,1787536801,4632.161,4638.828,4627.854,4636.828,260
1787537100,1787537100,1787537101,4636.779,4643.282,4633.912,4642.582,260
1787537400,1787537400,1787537401,4642.602,4652.363,4642.265,4650.29,260
1787537700,1787537700,1787537701,4650.231,4655.403,4649.065,4654.182,260
1787538000,1787538000,1787538001,4654.147,4655.021,4649.0,4654.185,260
1787538300,1787538300,1787538301,4654.063,4655.524,4649.609,4655.502,260
1787538600,1787538600,1787538601,4655.536,4656.934,4650.002,4652.074,260
1787538900,1787538900,1787538901,4652.132,4653.801,4645.0,4645.0,260
1787539200,1787539200,1787539201,4644.989,4645.718,4637.467,4637.74,260
1787539500,1787539500,1787539501,4637.683,4638.058,4627.494,4628.716,260
1787539800,1787539800,1787539801,4628.692,4638.392,4627.913,4638.023,260
1787540100,1787540100,1787540101,4638.126,4644.66,4637.263,4643.56,260
1787540400,1787540400,1787540401,4643.621,4644.034,4637.624,4640.522,260
1787540700,1787540700,1787540701,4640.465,4640.465,4634.584,4637.619,260
1787541000,1787541000,1787541001,4637.66,4639.573,4633.139,4637.325,260
1787541300,1787541300,1787541301,4637.238,4641.59,4636.725,4638.925,260
1787541600,1787541600,1787541601,4638.841,4643.872,4635.307,4642.31,260
1787541900,1787541900,1787541901,4642.578,4648.35,4642.447,4643.876,260
1787542200,1787542200,1787542201,4643.819,4648.352,4643.762,4648.153,260
1787542500,1787542500,1787542501,4647.938,4650.243,4646.736,4647.467,260
1787542800,1787542800,1787542801,4647.644,4648.189,4642.394,4642.978,260
1787543100,1787543100,1787543101,4642.903,4644.884,4642.163,4642.698,260
1787543400,1787543400,1787543401,4642.402,4644.859,4641.034,4641.088,260
1787543700,1787543700,1787543701,4641.154,4643.755,4639.871,4641.459,260
1787544000,1787544000,1787544001,4641.577,4642.641,4637.752,4639.475,260
1787544300,1787544300,1787544301,4639.398,4639.426,4632.488,4633.782,260
1787544600,1787544600,1787544601,4633.497,4638.871,4632.674,4638.413,260
1787544900,1787544900,1787544901,4638.35,4640.987,4634.331,4639.999,260
1787545200,1787545200,1787545201,4640.055,4640.383,4637.251,4637.58,260
1787545500,1787545500,1787545501,4637.936,4642.09,4637.483,4640.635,260
1787545800,1787545800,1787545801,4640.549,4640.814,4632.819,4635.808,260
1787546100,1787546100,1787546101,4635.475,4637.618,4634.795,4636.833,260
1787546400,1787546400,1787546401,4636.643,4638.517,4635.108,4638.28,260
1787546700,1787546700,1787546701,4637.95,4639.197,4635.623,4636.418,260
1787547000,1787547000,1787547001,4636.321,4640.472,4635.835,4640.066,260
1787547300,1787547300,1787547301,4639.854,4640.289,4637.055,4638.726,260
1787547600,1787547600,1787547601,4638.832,4641.749,4638.407,4639.524,260
1787547900,1787547900,1787547901,4639.463,4642.946,4639.02,4640.039,260
1787548200,1787548200,1787548201,4639.981,4643.587,4638.999,4643.45,260
1787548500,1787548500,1787548501,4643.384,4646.665,4641.56,4643.33,260
1787548800,1787548800,1787548801,4643.158,4643.264,4637.944,4638.408,260
1787549100,1787549100,1787549101,4638.465,4642.368,4636.118,4636.118,260
1787549400,1787549400,1787549401,4636.06,4639.576,4629.602,4632.634,260
1787549700,1787549700,1787549701,4632.836,4638.785,4630.592,4633.218,260
1787550000,1787550000,1787550001,4633.158,4635.514,4631.3,4633.446,260
1787550300,1787550300,1787550301,4633.114,4638.827,4630.041,4638.583,260
1787550600,1787550600,1787550601,4638.564,4643.241,4636.506,4638.589,260
1787550900,1787550900,1787550901,4638.659,4641.357,4637.323,4640.858,260
1787551200,1787551200,1787551201,4640.734,4646.03,4639.177,4644.685,260
1787551500,1787551500,1787551501,4644.617,4651.717,4643.07,4648.847,260
1787551800,1787551800,1787551801,4648.905,4652.705,4647.13,4651.696,260
1787552100,1787552100,1787552101,4651.598,4660.027,4651.598,4656.424,260
1787552400,1787552400,1787552401,4656.218,4658.461,4646.298,4650.119,260
1787552700,1787552700,1787552701,4650.224,4650.224,4640.609,4642.435,260
1787553000,1787553000,1787553001,4642.771,4652.464,4642.054,4650.563,260
1787553300,1787553300,1787553301,4650.532,4653.682,4650.052,4651.053,260
1787553600,1787553600,1787553601,4651.139,4652.019,4641.946,4643.053,260
1787553900,1787553900,1787553901,4643.174,4650.269,4642.773,4649.959,260
1787554200,1787554200,1787554201,4650.027,4653.892,4645.853,4651.289,260
1787554500,1787554500,1787554501,4651.389,4651.52,4648.673,4649.799,260
1787554800,1787554800,1787554801,4650.012,4654.829,4647.232,4648.94,260
1787555100,1787555100,1787555101,4648.883,4650.312,4644.002,4646.587,260
1787555400,1787555400,1787555401,4646.835,4649.264,4644.548,4648.594,260
1787555700,1787555700,1787555701,4648.44,4650.142,4642.685,4645.872,260
1787556000,1787556000,1787556001,4645.781,4647.903,4642.132,4643.566,260
1787556300,1787556300,1787556301,4643.634,4647.576,4642.086,4642.718,260
1787556600,1787556600,1787556601,4642.724,4646.689,4641.203,4646.686,260
1787556900,1787556900,1787556901,4646.426,4648.124,4643.145,4644.532,260
1787557200,1787557200,1787557201,4644.531,4645.156,4634.579,4634.579,260
1787557500,1787557500,1787557501,4634.912,4635.514,4630.372,4631.299,260
1787557800,1787557800,1787557801,4631.667,4637.115,4630.109,4636.093,260
1787558100,1787558100,1787558101,4636.165,4643.888,4635.619,4641.669,260
1787558400,1787558400,1787558401,4641.738,4643.706,4636.348,4640.734,260
1787558700,1787558700,1787558701,4640.671,4646.349,4636.363,4638.347,260
1787559000,1787559000,1787559001,4638.177,4640.399,4635.732,4637.427,260
1787559300,1787559300,1787559301,4637.639,4637.687,4631.52,4635.85,260
1787559600,1787559600,1787559601,4635.846,4638.635,4635.14,4635.845,260
1787559900,1787559900,1787559901,4635.888,4639.951,4629.241,4629.298,260
1787560200,1787560200,1787560201,4629.225,4634.661,4628.655,4634.031,260
1787560500,1787560500,1787560501,4634.067,4637.292,4633.366,4637.169,260
1787560800,1787560800,1787560801,4637.148,4645.945,4636.048,4645.195,260
1787561100,1787561100,1787561101,4645.322,4646.169,4642.178,4643.575,260
1787561400,1787561400,1787561401,4643.898,4644.733,4640.242,4641.369,260
1787561700,1787561700,1787561701,4641.63,4642.468,4636.004,4638.005,260
1787562000,1787562000,1787562001,4637.95,4643.32,4637.197,4642.525,260
1787562300,1787562300,1787562301,4642.527,4644.9,4640.21,4642.021,260
1787562600,1787562600,1787562601,4642.236,4643.633,4639.491,4641.816,260
1787562900,1787562900,1787562901,4641.787,4642.116,4634.767,4636.755,260
1787563200,1787563200,1787563201,4636.696,4639.308,4636.158,4636.845,260
1787563500,1787563500,1787563501,4637.186,4638.648,4635.45,4635.938,260
1787563800,1787563800,1787563801,4636.004,4640.86,4634.226,4635.548,260
1787564100,1787564100,1787564101,4635.651,4637.424,4632.718,4636.878,260
1787564400,1787564400,1787564401,4636.936,4639.911,4636.309,4639.039,260
1787564700,1787564700,1787564701,4638.982,4644.964,4638.774,4643.853,260
1787565000,1787565000,1787565001,4643.781,4645.426,4641.553,4644.081,260
1787565300,1787565300,1787565301,4644.135,4646.132,4643.254,4645.768,260
1787565600,1787565600,1787565601,4645.838,4649.803,4645.493,4648.717,260
1787565900,1787565900,1787565901,4648.701,4650.139,4645.639,4646.888,260
1787566200,1787566200,1787566201,4646.945,4650.137,4645.485,4648.213,260
1787566500,1787566500,1787566501,4648.274,4648.697,4646.121,4646.69,260
1787566800,1787566800,1787566801,4647.02,4647.571,4642.773,4644.9,260
1787567100,1787567100,1787567101,4644.863,4646.064,4642.475,4643.03,260
1787567400,1787567400,1787567401,4642.966,4645.386,4642.54,4645.144,260
1787567700,1787567700,1787567701,4645.206,4649.225,4642.701,4648.124,260
1787568000,1787568000,1787568001,4648.058,4648.301,4643.913,4644.161,260
1787568300,1787568300,1787568301,4644.299,4645.851,4641.685,4645.762,260
1787568600,1787568600,1787568601,4645.665,4647.25,4644.261,4645.708,260
1787568900,1787568900,1787568901,4645.784,4646.66,4642.281,4643.293,260
1787569200,1787569200,1787569201,4643.258,4646.976,4639.814,4646.011,260
1787569500,1787569500,1787569501,4646.14,4646.611,4639.675,4640.587,260
1787569800,1787569800,1787569801,4640.696,4644.781,4638.933,4642.135,260
1787570100,1787570100,1787570101,4642.454,4645.441,4641.491,4644.387,260
1787570400,1787570400,1787570401,4644.443,4645.856,4640.516,4641.543,260
1787570700,1787570700,1787570701,4641.47,4647.575,4640.841,4646.54,260
1787571000,1787571000,1787571001,4646.326,4652.427,4643.485,4652.153,260
1787571300,1787571300,1787571301,4652.007,4670.332,4650.477,4660.572,260
1787571600,1787571600,1787571601,4660.632,4666.631,4653.747,4658.71,260
1787571900,1787571900,1787571901,4658.882,4661.653,4647.974,4649.053,260
1787572200,1787572200,1787572201,4649.185,4659.632,4648.428,4659.567,260
1787572500,1787572500,1787572501,4659.623,4659.971,4655.543,4657.815,260
1787572800,1787572800,1787572801,4657.943,4658.473,4650.05,4652.44,260
1787573100,1787573100,1787573101,4652.52,4656.579,4649.842,4655.005,260
1787573400,1787573400,1787573401,4654.886,4660.022,4653.876,4657.421,260
1787573700,1787573700,1787573701,4657.361,4657.471,4651.802,4653.282,260
1787574000,1787574000,1787574001,4653.203,4659.647,4651.633,4657.719,260
1787574300,1787574300,1787574301,4657.657,4662.711,4655.085,4661.64,260
1787574600,1787574600,1787574601,4661.916,4661.916,4645.126,4654.939,260
1787574900,1787574900,1787574901,4654.813,4664.129,4654.321,4662.836,260
1787575200,1787575200,1787575201,4663.003,4668.875,4655.002,4657.589,260
1787575500,1787575500,1787575501,4657.646,4662.071,4654.521,4661.857,260
1787575800,1787575800,1787575801,4661.922,4667.046,4661.197,4667.046,260
1787576100,1787576100,1787576101,4666.874,4667.343,4661.352,4662.916,260
1787576400,1787576400,1787576401,4662.977,4671.283,4661.621,4667.11,260
1787576700,1787576700,1787576701,4667.322,4674.245,4666.924,4673.397,260
1787577000,1787577000,1787577001,4673.459,4677.863,4673.065,4676.926,260
1787577300,1787577300,1787577301,4676.988,4677.957,4671.482,4672.365,260
1787577600,1787577600,1787577601,4672.305,4672.834,4667.627,4670.769,260
1787577900,1787577900,1787577901,4670.551,4674.773,4668.153,4672.377,260
1787578200,1787578200,1787578201,4672.435,4680.208,4669.76,4679.7,260
1787578500,1787578500,1787578501,4679.765,4680.897,4666.9,4667.193,260
1787578800,1787578800,1787578801,4666.925,4674.5,4658.245,4658.79,260
1787579100,1787579100,1787579101,4658.712,4678.045,4655.962,4673.771,260
1787579400,1787579400,1787579401,4673.711,4676.024,4658.314,4666.71,260
1787579700,1787579700,1787579701,4666.827,4669.001,4659.35,4664.718,260
1787580000,1787580000,1787580001,4664.376,4667.901,4659.717,4662.618,260
1787580300,1787580300,1787580301,4662.559,4670.547,4662.217,4670.457,260
1787580600,1787580600,1787580601,4670.639,4672.032,4661.965,4665.722,260
1787580900,1787580900,1787580901,4665.521,4666.372,4655.261,4665.171,260
1787581200,1787581200,1787581201,4665.229,4669.969,4664.538,4666.364,260
1787581500,1787581500,1787581501,4666.422,4675.109,4665.604,4671.516,260
1787581800,1787581800,1787581801,4671.798,4677.51,4670.706,4676.458,260
1787582100,1787582100,1787582101,4676.524,4678.747,4674.456,4675.771,260
1787582400,1787582400,1787582401,4675.719,4677.905,4669.497,4671.837,260
1787582700,1787582700,1787582701,4672.035,4673.313,4664.775,4665.61,260
1787583000,1787583000,1787583001,4665.649,4668.362,4656.76,4668.282,260
1787583300,1787583300,1787583301,4668.341,4675.869,4666.93,4670.382,260
1787583600,1787583600,1787583601,4670.46,4676.766,4665.11,4675.52,260
1787583900,1787583900,1787583901,4675.566,4676.562,4672.642,4673.274,260
1787584200,1787584200,1787584201,4673.607,4675.127,4670.921,4673.09,260
1787584500,1787584500,1787584501,4673.146,4673.827,4669.511,4673.095,260
1787584800,1787584800,1787584801,4673.091,4673.35,4667.989,4670.361,260
1787585100,1787585100,1787585101,4670.405,4679.632,4669.005,4675.976,260
1787585400,1787585400,1787585401,4676.052,4677.503,4669.663,4672.627,260
1787585700,1787585700,1787585701,4672.673,4674.74,4667.35,4668.509,260
1787586000,1787586000,1787586001,4668.464,4668.656,4659.806,4660.834,260
1787586300,1787586300,1787586301,4660.878,4663.215,4645.25,4646.812,260
1787586600,1787586600,1787586601,4646.927,4655.799,4646.762,4653.207,260
1787586900,1787586900,1787586901,4653.268,4653.309,4639.725,4649.032,260
1787587200,1787587200,1787587201,4648.96,4661.739,4646.277,4658.711,260
1787587500,1787587500,1787587501,4658.886,4662.093,4653.95,4654.4,260
1787587800,1787587800,1787587801,4654.474,4658.089,4653.5,4657.328,260
1787588100,1787588100,1787588101,4657.37,4660.561,4656.057,4658.585,260
1787588400,1787588400,1787588401,4658.807,4659.35,4655.913,4656.322,260
1787588700,1787588700,1787588701,4656.364,4659.291,4656.059,4658.659,260
1787589000,1787589000,1787589001,4658.734,4661.53,4658.556,4660.413,260
1787589300,1787589300,1787589301,4660.569,4662.369,4659.13,4659.422,260
1787589600,1787589600,1787589601,4659.38,4661.47,4658.255,4659.527,260
1787589900,1787589900,1787589901,4659.432,4660.185,4655.058,4657.619,260
1787590200,1787590200,1787590201,4657.449,4657.958,4650.861,4652.512,260
1787590500,1787590500,1787590501,4652.562,4652.666,4641.93,4644.933,260
1787590800,1787590800,1787590801,4645.02,4647.876,4641.452,4646.006,260
1787591100,1787591100,1787591101,4645.953,4655.309,4643.914,4652.121,260
1787591400,1787591400,1787591401,4652.08,4654.793,4649.31,4651.897,260
1787591700,1787591700,1787591701,4651.942,4654.02,4647.511,4648.294,260
1787592000,1787592000,1787592001,4648.376,4648.376,4630.276,4636.718,260
1787592300,1787592300,1787592301,4636.832,4645.175,4632.692,4638.671,260
1787592600,1787592600,1787592601,4638.617,4641.12,4635.409,4637.731,260
1787592900,1787592900,1787592901,4637.621,4642.903,4636.568,4640.893,260
1787593200,1787593200,1787593201,4641.021,4642.375,4638.208,4638.799,260
1787593500,1787593500,1787593501,4638.86,4639.183,4633.504,4633.506,260
1787593800,1787593800,1787593801,4633.628,4638.552,4632.349,4634.336,260
1787594100,1787594100,1787594101,4634.386,4637.488,4632.855,4636.641,260
1787594400,1787594400,1787594401,4636.68,4640.881,4635.114,4640.107,260
1787594700,1787594700,1787594701,4640.121,4640.194,4624.771,4632.031,260
1787595000,1787595000,1787595001,4632.08,4635.063,4629.794,4632.144,260
1787595300,1787595300,1787595301,4632.187,4634.414,4627.666,4628.473,260
1787595600,1787595600,1787595601,4628.471,4636.865,4627.098,4636.042,260
1787595900,1787595900,1787595901,4636.137,4642.369,4636.122,4640.086,260
1787596200,1787596200,1787596201,4640.153,4641.766,4631.442,4632.524,260
1787596500,1787596500,1787596501,4632.353,4633.356,4625.342,4629.928,260
1787596800,1787596800,1787596801,4629.886,4635.846,4629.886,4634.787,260
1787597100,1787597100,1787597101,4634.83,4635.683,4631.543,4633.362,260
1787597400,1787597400,1787597401,4633.463,4635.528,4632.975,4633.503,260
1787597700,1787597700,1787597701,4633.777,4637.69,4633.562,4636.353,260
1787598000,1787598000,1787598001,4636.296,4640.637,4636.073,4638.824,260
1787598300,1787598300,1787598301,4638.904,4640.628,4636.32,4638.744,260
1787598600,1787598600,1787598601,4638.695,4638.878,4635.909,4636.511,260
1787598900,1787598900,1787598901,4636.422,4643.078,4635.784,4642.817,260
1787599200,1787599200,1787599201,4642.994,4645.041,4641.47,4642.279,260
1787599500,1787599500,1787599501,4642.404,4642.991,4640.091,4641.475,260
1787599800,1787599800,1787599801,4641.521,4642.668,4640.063,4640.968,260
1787600100,1787600100,1787600101,4641.077,4646.297,4640.796,4644.927,260
1787600400,1787600400,1787600401,4644.976,4650.809,4644.512,4649.882,260
1787600700,1787600700,1787600701,4649.941,4655.193,4649.747,4655.144,260
1787601000,1787601000,1787601001,4654.917,4656.219,4651.268,4652.994,260
1787601300,1787601300,1787601301,4653.034,4654.141,4650.002,4651.71,260
1787601600,1787601600,1787601601,4651.77,4655.2,4650.548,4654.173,260
1787601900,1787601900,1787601901,4654.18,4654.714,4653.314,4653.768,260
1787602200,1787602200,1787602201,4653.681,4655.345,4650.154,4650.613,260
1787602500,1787602500,1787602501,4650.594,4653.752,4650.464,4651.892,260
1787602800,1787602800,1787602801,4651.851,4652.685,4650.412,4650.669,260
1787603100,1787603100,1787603101,4650.68,4650.68,4648.785,4649.377,260
1787603400,1787603400,1787603401,4649.427,4650.134,4648.329,4648.954,260
1787603700,1787603700,1787603701,4648.866,4649.382,4647.98,4648.785,260
1787604000,1787604000,1787604001,4648.785,4648.88,4647.167,4647.741,260
1787604300,1787604300,1787604301,4648.028,4650.816,4647.032,4650.108,260
1787604600,1787604600,1787604601,4650.198,4651.638,4648.843,4651.014,260
1787604900,1787604900,1787604901,4651.336,4652.531,4649.837,4652.485,260
1787608800,1787608800,1787608801,4654.898,4656.632,4652.521,4655.788,340
1787609100,1787609100,1787609101,4655.72,4660.743,4655.032,4658.775,260
1787609400,1787609400,1787609401,4658.902,4659.864,4657.789,4658.533,260
1787609700,1787609700,1787609701,4658.522,4659.516,4657.888,4658.169,260
1787610000,1787610000,1787610001,4658.163,4659.057,4657.372,4658.607,260
1787610300,1787610300,1787610301,4658.379,4658.652,4656.714,4657.935,260
1787610600,1787610600,1787610601,4657.68,4659.188,4657.085,4659.055,260
1787610900,1787610900,1787610901,4659.055,4661.298,4658.727,4660.622,260
1787611200,1787611200,1787611201,4660.481,4661.74,4660.113,4661.463,260
1787611500,1787611500,1787611501,4661.661,4662.391,4660.841,4662.345,260
1787611800,1787611800,1787611801,4662.357,4665.197,4662.204,4664.452,260
1787612100,1787612100,1787612101,4664.807,4668.385,4663.909,4667.507,260
1787612400,1787612400,1787612401,4667.562,4669.745,4667.562,4668.536,260
1787612700,1787612700,1787612701,4668.524,4669.304,4666.743,4669.218,260
1787613000,1787613000,1787613001,4669.214,4672.316,4668.758,4672.08,260
1787613300,1787613300,1787613301,4672.174,4676.948,4672.174,4675.019,260
1787613600,1787613600,1787613601,4674.957,4675.532,4673.467,4674.593,260
1787613900,1787613900,1787613901,4674.593,4674.892,4669.004,4669.073,260
1787614200,1787614200,1787614201,4669.056,4673.13,4667.454,4672.354,260
1787614500,1787614500,1787614501,4672.641,4677.059,4671.401,4675.034,260
1787614800,1787614800,1787614801,4674.99,4676.961,4674.877,4676.289,260
1787615100,1787615100,1787615101,4676.563,4677.683,4674.817,4676.997,260
1787615400,1787615400,1787615401,4677.336,4682.94,4676.758,4679.247,260
1787615700,1787615700,1787615701,4679.193,4680.636,4677.717,4679.762,260
1787616000,1787616000,1787616001,4679.802,4689.239,4676.936,4677.295,260
1787616300,1787616300,1787616301,4677.367,4687.606,4675.281,4681.863,260
1787616600,1787616600,1787616601,4681.82,4691.874,4679.685,4690.341,260
1787616900,1787616900,1787616901,4690.689,4691.233,4680.829,4681.056,260
1787617200,1787617200,1787617201,4681.407,4682.928,4678.941,4679.52,260
1787617500,1787617500,1787617501,4679.483,4683.74,4676.533,4682.629,260
1787617800,1787617800,1787617801,4682.578,4693.221,4681.634,4688.816,260
1787618100,1787618100,1787618101,4688.71,4696.464,4687.626,4695.47,260
1787618400,1787618400,1787618401,4695.252,4697.107,4691.885,4693.498,260
1787618700,1787618700,1787618701,4693.56,4694.885,4687.466,4692.706,260
1787619000,1787619000,1787619001,4692.255,4694.042,4687.607,4688.46,260
1787619300,1787619300,1787619301,4688.363,4689.793,4683.733,4684.429,260
1787619600,1787619600,1787619601,4684.568,4686.883,4670.87,4676.975,260
1787619900,1787619900,1787619901,4676.928,4680.67,4671.022,4678.608,260
1787620200,1787620200,1787620201,4678.424,4680.162,4674.665,4678.158,260
1787620500,1787620500,1787620501,4678.199,4680.22,4672.963,4677.828,260
1787620800,1787620800,1787620801,4677.897,4678.242,4665.949,4667.039,260
1787621100,1787621100,1787621101,4667.109,4672.765,4664.016,4669.577,260
1787621400,1787621400,1787621401,4669.635,4674.687,4666.649,4668.249,260
1787621700,1787621700,1787621701,4668.32,4674.755,4666.531,4668.22,260
1787622000,1787622000,1787622001,4668.316,4673.41,4667.455,4670.828,260
1787622300,1787622300,1787622301,4670.656,4675.774,4664.851,4674.474,260
1787622600,1787622600,1787622601,4674.35,4674.933,4663.432,4665.051,260
1787622900,1787622900,1787622901,4665.132,4665.501,4656.377,4658.053,260
1787623200,1787623200,1787623201,4658.013,4661.61,4650.356,4651.418,260
1787623500,1787623500,1787623501,4651.347,4651.571,4639.321,4644.455,260
1787623800,1787623800,1787623801,4644.404,4645.844,4638.114,4641.673,260
1787624100,1787624100,1787624101,4641.793,4650.1,4640.764,4649.34,260
1787624400,1787624400,1787624401,4649.287,4655.784,4649.239,4654.209,260
1787624700,1787624700,1787624701,4654.264,4656.942,4652.561,4656.108,260
1787625000,1787625000,1787625001,4656.067,4656.765,4642.324,4646.228,260
1787625300,1787625300,1787625301,4646.218,4647.247,4639.545,4643.449,260
1787625600,1787625600,1787625601,4643.232,4647.393,4630.875,4631.256,260
1787625900,1787625900,1787625901,4631.177,4637.513,4630.079,4632.964,260
1787626200,1787626200,1787626201,4632.753,4636.379,4617.73,4626.912,260
1787626500,1787626500,1787626501,4626.989,4629.399,4620.726,4629.399,260
1787626800,1787626800,1787626801,4629.473,4631.423,4622.041,4623.964,260
1787627100,1787627100,1787627101,4624.057,4638.16,4622.809,4634.978,260
1787627400,1787627400,1787627401,4634.93,4638.233,4631.662,4633.909,260
1787627700,1787627700,1787627701,4633.876,4637.179,4631.876,4635.609,260
1787628000,1787628000,1787628001,4635.564,4637.299,4632.51,4634.583,260
1787628300,1787628300,1787628301,4634.622,4638.463,4634.588,4637.744,260
1787628600,1787628600,1787628601,4637.669,4641.404,4635.996,4640.339,260
1787628900,1787628900,1787628901,4640.214,4641.447,4634.378,4635.737,260
1787629200,1787629200,1787629201,4635.714,4637.405,4633.913,4634.499,260
1787629500,1787629500,1787629501,4634.54,4635.343,4631.346,4633.699,260
1787629800,1787629800,1787629801,4633.69,4634.906,4631.485,4633.127,260
1787630100,1787630100,1787630101,4633.329,4635.993,4632.235,4633.837,260
1787630400,1787630400,1787630401,4633.465,4635.765,4630.696,4634.814,260
1787630700,1787630700,1787630701,4634.897,4636.645,4634.046,4636.054,260
1787631000,1787631000,1787631001,4636.13,4637.921,4635.171,4636.965,260
1787631300,1787631300,1787631301,4637.162,4637.434,4633.541,4634.657,260
1787631600,1787631600,1787631601,4634.642,4635.794,4631.014,4633.032,260
1787631900,1787631900,1787631901,4632.974,4633.054,4628.826,4630.736,260
1787632200,1787632200,1787632201,4631.019,4632.885,4625.983,4629.721,260
1787632500,1787632500,1787632501,4629.481,4631.509,4626.46,4627.46,260
1787632800,1787632800,1787632801,4627.506,4627.672,4623.592,4625.703,260
1787633100,1787633100,1787633101,4625.757,4626.962,4624.358,4626.178,260
1787633400,1787633400,1787633401,4626.124,4629.046,4623.918,4627.102,260
1787633700,1787633700,1787633701,4627.029,4627.738,4625.466,4626.028,260
1787634000,1787634000,1787634001,4625.665,4629.143,4623.849,4629.143,260
1787634300,1787634300,1787634301,4629.102,4639.119,4628.913,4635.638,260
1787634600,1787634600,1787634601,4635.693,4639.113,4635.525,4637.774,260
1787634900,1787634900,1787634901,4637.74,4644.121,4637.687,4644.121,260
1787635200,1787635200,1787635201,4644.077,4646.162,4642.909,4644.23,260
1787635500,1787635500,1787635501,4644.153,4648.018,4642.644,4646.438,260
1787635800,1787635800,1787635801,4646.505,4647.031,4639.306,4642.643,260
1787636100,1787636100,1787636101,4642.585,4646.584,4641.825,4643.104,260
1787636400,1787636400,1787636401,4643.025,4643.502,4638.069,4639.194,260
1787636700,1787636700,1787636701,4639.235,4642.576,4635.75,4639.617,260
1787637000,1787637000,1787637001,4639.556,4643.831,4636.828,4643.543,260
1787637300,1787637300,1787637301,4643.492,4645.954,4641.411,4642.963,260
1787637600,1787637600,1787637601,4642.858,4646.283,4641.3,4644.362,260
1787637900,1787637900,1787637901,4644.405,4648.587,4644.137,4647.824,260
1787638200,1787638200,1787638201,4647.781,4650.538,4647.781,4649.551,260
1787638500,1787638500,1787638501,4649.688,4649.752,4646.671,4647.45,260
1787638800,1787638800,1787638801,4647.348,4652.242,4645.324,4651.42,260
1787639100,1787639100,1787639101,4651.503,4653.54,4649.65,4650.221,260
1787639400,1787639400,1787639401,4650.266,4653.537,4648.796,4651.224,260
1787639700,1787639700,1787639701,4651.455,4652.713,4648.051,4649.45,260
1787640000,1787640000,1787640001,4649.586,4652.813,4647.746,4647.946,260
1787640300,1787640300,1787640301,4647.901,4649.396,4646.655,4647.726,260
1787640600,1787640600,1787640601,4647.948,4648.321,4641.133,4641.305,260
1787640900,1787640900,1787640901,4641.216,4641.988,4636.961,4638.495,260
1787641200,1787641200,1787641201,4638.534,4640.798,4636.77,4639.734,260
1787641500,1787641500,1787641501,4640.037,4642.037,4636.242,4640.929,260
1787641800,1787641800,1787641801,4640.904,4641.908,4637.522,4639.949,260
1787642100,1787642100,1787642101,4639.716,4642.974,4637.607,4641.041,260
1787642400,1787642400,1787642401,4641.041,4643.855,4639.502,4640.836,260
1787642700,1787642700,1787642701,4640.957,4641.234,4634.093,4634.67,260
1787643000,1787643000,1787643001,4634.718,4639.002,4633.97,4635.304,260
1787643300,1787643300,1787643301,4635.2,4636.834,4633.753,4636.486,260
1787643600,1787643600,1787643601,4636.802,4640.181,4635.077,4639.403,260
1787643900,1787643900,1787643901,4639.448,4640.634,4634.431,4635.861,260
1787644200,1787644200,1787644201,4635.91,4637.017,4631.169,4631.58,260
1787644500,1787644500,1787644501,4631.525,4631.691,4629.649,4630.19,260
1787644800,1787644800,1787644801,4630.178,4631.323,4625.164,4625.795,260
1787645100,1787645100,1787645101,4625.778,4628.928,4620.137,4623.235,260
1787645400,1787645400,1787645401,4623.383,4626.757,4622.856,4626.502,260
1787645700,1787645700,1787645701,4626.418,4630.354,4625.697,4627.996,260
1787646000,1787646000,1787646001,4627.984,4645.274,4626.66,4643.685,260
1787646300,1787646300,1787646301,4643.888,4643.888,4631.88,4632.618,260
1787646600,1787646600,1787646601,4632.672,4635.356,4631.712,4634.869,260
1787646900,1787646900,1787646901,4634.789,4634.894,4628.901,4630.075,260
1787647200,1787647200,1787647201,4630.015,4632.168,4625.604,4632.12,260
1787647500,1787647500,1787647501,4632.072,4633.926,4627.216,4628.048,260
1787647800,1787647800,1787647801,4627.996,4628.466,4624.923,4626.539,260
1787648100,1787648100,1787648101,4626.646,4630.7,4626.155,4630.158,260
1787648400,1787648400,1787648401,4630.06,4630.261,4624.636,4626.565,260
1787648700,1787648700,1787648701,4626.252,4633.429,4624.85,4632.677,260
1787649000,1787649000,1787649001,4632.712,4633.036,4629.086,4630.523,260
1787649300,1787649300,1787649301,4630.598,4633.539,4629.934,4631.787,260
1787649600,1787649600,1787649601,4631.747,4632.443,4629.617,4630.012,260
1787649900,1787649900,1787649901,4629.778,4629.839,4625.576,4626.668,260
1787650200,1787650200,1787650201,4626.614,4639.309,4623.893,4636.797,260
1787650500,1787650500,1787650501,4636.84,4637.037,4629.482,4630.586,260
1787650800,1787650800,1787650801,4630.545,4639.18,4629.32,4637.093,260
1787651100,1787651100,1787651101,4637.016,4640.722,4636.369,4640.356,260
1787651400,1787651400,1787651401,4640.497,4642.603,4637.863,4638.01,260
1787651700,1787651700,1787651701,4638.073,4641.075,4635.864,4636.491,260
1787652000,1787652000,1787652001,4636.345,4637.325,4633.083,4634.493,260
1787652300,1787652300,1787652301,4634.546,4636.952,4633.408,4635.468,260
1787652600,1787652600,1787652601,4635.492,4638.715,4633.523,4635.203,260
1787652900,1787652900,1787652901,4635.33,4639.154,4634.957,4637.171,260
1787653200,1787653200,1787653201,4637.224,4638.413,4635.371,4635.59,260
1787653500,1787653500,1787653501,4635.58,4637.807,4632.953,4633.821,260
1787653800,1787653800,1787653801,4633.863,4637.025,4632.832,4635.275,260
1787654100,1787654100,1787654101,4635.4,4638.218,4633.589,4637.498,260
1787654400,1787654400,1787654401,4637.518,4641.105,4636.868,4637.465,260
1787654700,1787654700,1787654701,4637.577,4641.098,4637.201,4638.376,260
1787655000,1787655000,1787655001,4638.423,4642.012,4636.914,4641.164,260
1787655300,1787655300,1787655301,4641.122,4642.435,4639.251,4639.293,260
1787655600,1787655600,1787655601,4639.247,4640.919,4637.674,4640.51,260
1787655900,1787655900,1787655901,4640.242,4643.585,4635.909,4640.315,260
1787656200,1787656200,1787656201,4640.638,4642.972,4639.172,4642.711,260
1787656500,1787656500,1787656501,4642.756,4645.28,4641.345,4643.962,260
1787656800,1787656800,1787656801,4644.113,4644.711,4640.838,4642.252,260
1787657100,1787657100,1787657101,4642.248,4642.814,4638.846,4641.613,260
1787657400,1787657400,1787657401,4641.446,4644.638,4640.519,4643.317,260
1787657700,1787657700,1787657701,4643.329,4644.958,4642.104,4644.415,260
1787658000,1787658000,1787658001,4644.481,4645.207,4640.216,4640.75,260
1787658300,1787658300,1787658301,4640.792,4646.128,4640.666,4644.451,260
1787658600,1787658600,1787658601,4644.556,4647.536,4641.439,4643.856,260
1787658900,1787658900,1787658901,4643.962,4644.847,4641.88,4642.515,260
1787659200,1787659200,1787659201,4642.668,4642.77,4634.777,4636.536,260
1787659500,1787659500,1787659501,4636.59,4638.469,4635.272,4637.097,260
1787659800,1787659800,1787659801,4637.184,4642.079,4635.948,4639.237,260
1787660100,1787660100,1787660101,4638.986,4639.161,4633.091,4635.507,260
1787660400,1787660400,1787660401,4635.611,4639.387,4631.708,4633.803,260
1787660700,1787660700,1787660701,4633.853,4637.632,4632.836,4637.099,260
1787661000,1787661000,1787661001,4637.167,4637.729,4632.65,4632.899,260
1787661300,1787661300,1787661301,4633.051,4634.981,4630.356,4630.853,260
1787661600,1787661600,1787661601,4630.468,4640.64,4629.975,4638.49,260
1787661900,1787661900,1787661901,4638.287,4642.728,4637.226,4640.203,260
1787662200,1787662200,1787662201,4640.355,4644.355,4639.671,4641.15,260
1787662500,1787662500,1787662501,4641.097,4641.411,4638.385,4640.717,260
1787662800,1787662800,1787662801,4640.888,4641.191,4629.948,4634.405,260
1787663100,1787663100,1787663101,4634.45,4636.275,4628.071,4630.835,260
1787663400,1787663400,1787663401,4630.795,4634.009,4622.6,4623.235,260
1787663700,1787663700,1787663701,4623.142,4628.075,4620.284,4626.089,260
1787664000,1787664000,1787664001,4625.746,4626.457,4612.517,4614.579,260
1787664300,1787664300,1787664301,4614.646,4618.287,4608.439,4609.895,260
1787664600,1787664600,1787664601,4609.748,4623.589,4609.152,4621.68,260
1787664900,1787664900,1787664901,4621.751,4621.961,4609.688,4615.768,260
1787665200,1787665200,1787665201,4615.81,4621.479,4610.856,4612.82,260
1787665500,1787665500,1787665501,4612.923,4615.406,4605.205,4607.148,260
1787665800,1787665800,1787665801,4607.048,4612.464,4605.864,4607.363,260
1787666100,1787666100,1787666101,4607.32,4617.751,4605.703,4616.371,260
1787666400,1787666400,1787666401,4616.325,4621.43,4613.265,4618.717,260
1787666700,1787666700,1787666701,4618.643,4625.078,4617.769,4623.137,260
1787667000,1787667000,1787667001,4623.047,4626.564,4621.676,4622.82,260
1787667300,1787667300,1787667301,4622.763,4624.79,4619.074,4619.283,260
1787667600,1787667600,1787667601,4619.213,4626.008,4618.236,4625.395,260
1787667900,1787667900,1787667901,4625.438,4628.551,4623.374,4624.006,260
1787668200,1787668200,1787668201,4624.049,4631.647,4613.021,4629.515,260
1787668500,1787668500,1787668501,4629.455,4637.462,4629.35,4636.558,260
1787668800,1787668800,1787668801,4636.515,4638.221,4631.201,4636.94,260
1787669100,1787669100,1787669101,4636.897,4640.185,4635.279,4636.441,260
1787669400,1787669400,1787669401,4636.343,4638.108,4632.554,4634.752,260
1787669700,1787669700,1787669701,4634.847,4637.291,4632.937,4635.364,260
1787670000,1787670000,1787670001,4635.422,4637.256,4630.518,4632.342,260
1787670300,1787670300,1787670301,4632.393,4634.073,4630.467,4632.276,260
1787670600,1787670600,1787670601,4632.487,4635.431,4630.649,4633.025,260
1787670900,1787670900,1787670901,4633.075,4639.525,4629.225,4638.84,260
1787671200,1787671200,1787671201,4638.651,4644.82,4638.479,4640.769,260
1787671500,1787671500,1787671501,4640.695,4643.389,4636.874,4639.762,260
1787671800,1787671800,1787671801,4639.691,4651.271,4639.691,4648.7,260
1787672100,1787672100,1787672101,4648.659,4658.457,4647.867,4655.666,260
1787672400,1787672400,1787672401,4655.73,4659.666,4654.28,4656.063,260
1787672700,1787672700,1787672701,4655.964,4657.38,4650.825,4651.552,260
1787673000,1787673000,1787673001,4651.484,4652.461,4649.025,4650.505,260
1787673300,1787673300,1787673301,4650.508,4654.176,4648.85,4652.741,260
1787673600,1787673600,1787673601,4652.574,4653.475,4647.708,4648.151,260
1787673900,1787673900,1787673901,4648.166,4649.37,4644.854,4644.959,260
1787674200,1787674200,1787674201,4645.002,4646.08,4642.63,4644.543,260
1787674500,1787674500,1787674501,4644.502,4647.38,4641.625,4643.278,260
1787674800,1787674800,1787674801,4643.262,4643.563,4637.638,4640.182,260
1787675100,1787675100,1787675101,4639.954,4642.57,4638.919,4640.72,260
1787675400,1787675400,1787675401,4640.715,4642.216,4638.19,4638.313,260
1787675700,1787675700,1787675701,4638.369,4645.325,4636.854,4644.223,260
1787676000,1787676000,1787676001,4644.172,4645.206,4642.71,4644.05,260
1787676300,1787676300,1787676301,4643.825,4646.232,4641.644,4645.252,260
1787676600,1787676600,1787676601,4645.325,4646.406,4643.308,4643.793,260
1787676900,1787676900,1787676901,4643.834,4645.339,4640.291,4643.585,260
1787677200,1787677200,1787677201,4643.62,4643.909,4638.353,4640.405,260
1787677500,1787677500,1787677501,4640.357,4640.604,4634.843,4635.939,260
1787677800,1787677800,1787677801,4636.269,4640.009,4634.034,4638.025,260
1787678100,1787678100,1787678101,4637.792,4643.003,4634.182,4642.523,260
1787678400,1787678400,1787678401,4642.518,4644.931,4637.797,4639.299,260
1787678700,1787678700,1787678701,4639.228,4641.062,4635.895,4637.12,260
1787679000,1787679000,1787679001,4637.166,4639.702,4636.243,4638.294,260
1787679300,1787679300,1787679301,4638.245,4643.169,4637.797,4642.636,260
1787679600,1787679600,1787679601,4642.634,4644.664,4641.165,4642.957,260
1787679900,1787679900,1787679901,4643.082,4646.663,4642.652,4645.766,260
1787680200,1787680200,1787680201,4645.808,4646.242,4642.445,4644.645,260
1787680500,1787680500,1787680501,4644.702,4648.489,4644.571,4648.209,260
1787680800,1787680800,1787680801,4648.252,4648.546,4644.304,4644.973,260
1787681100,1787681100,1787681101,4644.863,4647.745,4644.1,4646.127,260
1787681400,1787681400,1787681401,4646.412,4650.412,4645.807,4646.879,260
1787681700,1787681700,1787681701,4647.16,4649.174,4646.057,4648.789,260
1787682000,1787682000,1787682001,4649.111,4649.564,4647.981,4648.975,260
1787682300,1787682300,1787682301,4649.018,4650.587,4648.676,4649.806,260
1787682600,1787682600,1787682601,4649.8,4650.098,4646.112,4647.303,260
1787682900,1787682900,1787682901,4647.539,4648.645,4645.748,4648.165,260
1787683200,1787683200,1787683201,4647.898,4650.441,4647.533,4649.112,260
1787683500,1787683500,1787683501,4649.054,4652.322,4648.98,4651.374,260
1787683800,1787683800,1787683801,4651.248,4651.424,4649.667,4651.029,260
1787684100,1787684100,1787684101,4650.764,4655.106,4650.574,4654.299,260
1787684400,1787684400,1787684401,4654.365,4657.81,4653.198,4654.225,260
1787684700,1787684700,1787684701,4654.155,4660.349,4653.408,4659.086,260
1787685000,1787685000,1787685001,4659.034,4663.348,4658.678,4662.011,260
1787685300,1787685300,1787685301,4662.069,4668.296,4661.66,4666.191,260
1787685600,1787685600,1787685601,4666.522,4667.221,4662.84,4664.18,260
1787685900,1787685900,1787685901,4664.038,4664.451,4659.825,4660.962,260
1787686200,1787686200,1787686201,4660.981,4661.901,4658.468,4658.941,260
1787686500,1787686500,1787686501,4658.859,4660.417,4657.841,4659.523,260
1787686800,1787686800,1787686801,4659.262,4664.334,4659.084,4662.051,260
1787687100,1787687100,1787687101,4662.172,4664.862,4660.275,4664.26,260
1787687400,1787687400,1787687401,4664.199,4667.414,4661.868,4664.993,260
1787687700,1787687700,1787687701,4665.253,4667.526,4660.879,4666.728,260
1787688000,1787688000,1787688001,4667.059,4667.723,4664.25,4665.089,260
1787688300,1787688300,1787688301,4665.151,4668.59,4662.621,4668.59,260
1787688600,1787688600,1787688601,4668.288,4669.075,4665.561,4665.561,260
1787688900,1787688900,1787688901,4665.494,4666.797,4665.208,4666.18,260
1787689200,1787689200,1787689201,4665.925,4667.796,4665.54,4666.075,260
1787689500,1787689500,1787689501,4666.36,4666.36,4661.948,4662.469,260
1787689800,1787689800,1787689801,4662.4,4664.247,4661.239,4661.915,260
1787690100,1787690100,1787690101,4662.042,4662.632,4661.127,4661.486,260
1787690400,1787690400,1787690401,4661.694,4662.071,4660.067,4661.387,260
1787690700,1787690700,1787690701,4661.411,4662.353,4660.702,4661.236,260
1787691000,1787691000,1787691001,4661.165,4661.648,4659.169,4659.712,260
1787691300,1787691300,1787691301,4659.776,4660.204,4657.728,4658.671,260
1787695200,1787695200,1787695201,4657.974,4661.368,4657.68,4661.336,340
1787695500,1787695500,1787695501,4661.437,4661.997,4660.096,4661.36,260
1787695800,1787695800,1787695801,4661.537,4664.848,4660.735,4664.492,260
1787696100,1787696100,1787696101,4664.47,4666.574,4664.366,4666.326,260
1787696400,1787696400,1787696401,4666.11,4666.845,4664.935,4666.632,260
1787696700,1787696700,1787696701,4666.658,4666.804,4665.408,4666.596,260
1787697000,1787697000,1787697001,4666.613,4669.068,4666.585,4668.85,260
1787697300,1787697300,1787697301,4669.18,4670.838,4667.001,4669.942,260
1787697600,1787697600,1787697601,4669.943,4670.512,4668.791,4669.824,260
1787697900,1787697900,1787697901,4669.76,4672.694,4669.702,4672.27,260
1787698200,1787698200,1787698201,4672.133,4673.624,4671.977,4672.363,260
1787698500,1787698500,1787698501,4672.39,4673.579,4672.328,4672.462,260
1787698800,1787698800,1787698801,4672.607,4673.339,4670.172,4671.957,260
1787699100,1787699100,1787699101,4672.232,4672.663,4668.939,4668.939,260
1787699400,1787699400,1787699401,4669.227,4669.999,4667.042,4667.881,260
1787699700,1787699700,1787699701,4668.154,4668.251,4666.369,4667.393,260
1787700000,1787700000,1787700001,4667.404,4667.404,4661.847,4661.847,260
1787700300,1787700300,1787700301,4661.798,4661.923,4659.926,4661.095,260
1787700600,1787700600,1787700601,4661.095,4661.478,4658.516,4660.337,260
1787700900,1787700900,1787700901,4660.342,4660.843,4659.053,4659.053,260
1787701200,1787701200,1787701201,4658.991,4659.832,4655.48,4656.23,260
1787701500,1787701500,1787701501,4656.175,4658.885,4655.061,4655.833,260
1787701800,1787701800,1787701801,4655.851,4657.116,4653.844,4655.003,260
1787702100,1787702100,1787702101,4655.036,4655.628,4653.144,4654.696,260
1787702400,1787702400,1787702401,4654.876,4658.073,4651.467,4652.409,260
1787702700,1787702700,1787702701,4652.531,4654.152,4651.421,4653.768,260
1787703000,1787703000,1787703001,4653.688,4654.816,4650.995,4651.098,260
1787703300,1787703300,1787703301,4651.116,4655.005,4650.166,4651.393,260
1787703600,1787703600,1787703601,4651.263,4651.62,4644.993,4645.415,260
1787703900,1787703900,1787703901,4645.538,4647.514,4642.87,4646.429,260
1787704200,1787704200,1787704201,4646.688,4650.156,4643.791,4645.084,260
1787704500,1787704500,1787704501,4645.021,4645.405,4638.181,4639.925,260
1787704800,1787704800,1787704801,4639.987,4640.166,4636.366,4637.101,260
1787705100,1787705100,1787705101,4637.034,4638.565,4635.908,4636.426,260
1787705400,1787705400,1787705401,4636.488,4638.973,4634.252,4635.755,260
1787705700,1787705700,1787705701,4636.086,4638.983,4635.699,4637.383,260
1787706000,1787706000,1787706001,4637.727,4646.332,4629.273,4645.942,260
1787706300,1787706300,1787706301,4645.881,4647.883,4640.736,4644.744,260
1787706600,1787706600,1787706601,4644.614,4646.352,4640.627,4643.938,260
1787706900,1787706900,1787706901,4644.216,4650.439,4643.932,4645.655,260
1787707200,1787707200,1787707201,4645.587,4649.182,4643.963,4643.963,260
1787707500,1787707500,1787707501,4644.027,4647.941,4643.119,4643.447,260
1787707800,1787707800,1787707801,4643.693,4645.378,4638.784,4639.256,260
1787708100,1787708100,1787708101,4639.316,4646.789,4639.103,4645.671,260
1787708400,1787708400,1787708401,4645.584,4647.133,4639.565,4644.52,260
1787708700,1787708700,1787708701,4644.644,4651.262,4643.09,4650.954,260
1787709000,1787709000,1787709001,4650.861,4653.695,4650.317,4651.781,260
1787709300,1787709300,1787709301,4651.77,4660.962,4651.5,4657.157,260
1787709600,1787709600,1787709601,4657.154,4660.327,4654.782,4659.6,260
1787709900,1787709900,1787709901,4659.671,4661.891,4658.469,4660.358,260
1787710200,1787710200,1787710201,4660.499,4661.547,4657.832,4660.223,260
1787710500,1787710500,1787710501,4660.061,4661.542,4659.062,4661.057,260
1787710800,1787710800,1787710801,4661.228,4661.89,4658.704,4658.972,260
1787711100,1787711100,1787711101,4659.039,4659.921,4655.921,4658.841,260
1787711400,1787711400,1787711401,4659.029,4663.982,4657.554,4663.887,260
1787711700,1787711700,1787711701,4663.602,4665.79,4659.575,4663.41,260
1787712000,1787712000,1787712001,4663.371,4670.836,4661.931,4667.342,260
1787712300,1787712300,1787712301,4667.411,4669.142,4665.446,4665.856,260
1787712600,1787712600,1787712601,4665.609,4666.929,4660.485,4661.071,260
1787712900,1787712900,1787712901,4661.123,4661.321,4657.849,4658.556,260
1787713200,1787713200,1787713201,4658.34,4658.897,4653.03,4656.836,260
1787713500,1787713500,1787713501,4656.895,4657.206,4649.404,4650.239,260
1787713800,1787713800,1787713801,4650.183,4650.28,4647.132,4648.377,260
1787714100,1787714100,1787714101,4648.349,4648.822,4645.832,4647.587,260
1787714400,1787714400,1787714401,4647.622,4650.882,4647.161,4649.088,260
1787714700,1787714700,1787714701,4648.954,4650.777,4647.678,4650.09,260
1787715000,1787715000,1787715001,4650.233,4651.304,4649.473,4650.103,260
1787715300,1787715300,1787715301,4650.191,4651.357,4646.663,4648.398,260
1787715600,1787715600,1787715601,4648.462,4649.139,4645.234,4645.234,260
1787715900,1787715900,1787715901,4645.37,4645.444,4642.424,4644.714,260
1787716200,1787716200,1787716201,4644.582,4645.537,4643.079,4644.363,260
1787716500,1787716500,1787716501,4644.363,4644.723,4642.779,4642.783,260
1787716800,1787716800,1787716801,4642.509,4644.347,4642.403,4642.959,260
1787717100,1787717100,1787717101,4642.9,4643.974,4641.691,4643.822,260
1787717400,1787717400,1787717401,4643.82,4644.1,4642.503,4642.628,260
1787717700,1787717700,1787717701,4642.584,4643.36,4641.297,4641.968,260
1787718000,1787718000,1787718001,4641.95,4643.051,4641.342,4642.57,260
1787718300,1787718300,1787718301,4642.699,4642.948,4640.95,4642.359,260
1787718600,1787718600,1787718601,4642.08,4643.374,4640.998,4641.839,260
1787718900,1787718900,1787718901,4641.783,4642.342,4640.17,4640.438,260
1787719200,1787719200,1787719201,4640.426,4642.089,4639.636,4640.906,260
1787719500,1787719500,1787719501,4640.632,4641.37,4638.749,4640.019,260
1787719800,1787719800,1787719801,4640.281,4641.862,4639.52,4640.899,260
1787720100,1787720100,1787720101,4640.944,4641.741,4639.51,4640.746,260
1787720400,1787720400,1787720401,4640.802,4643.89,4640.195,4642.03,260
1787720700,1787720700,1787720701,4642.055,4645.888,4641.733,4645.484,260
1787721000,1787721000,1787721001,4645.42,4645.562,4641.224,4643.141,260
1787721300,1787721300,1787721301,4643.416,4644.829,4641.291,4643.3,260
1787721600,1787721600,1787721601,4643.242,4644.494,4641.701,4643.76,260
1787721900,1787721900,1787721901,4643.817,4645.466,4642.517,4643.186,260
1787722200,1787722200,1787722201,4643.192,4649.341,4640.669,4645.435,260
1787722500,1787722500,1787722501,4645.492,4646.03,4638.457,4641.436,260
1787722800,1787722800,1787722801,4641.381,4644.584,4637.822,4638.191,260
1787723100,1787723100,1787723101,4638.117,4640.742,4635.321,4637.555,260
1787723400,1787723400,1787723401,4637.755,4640.434,4636.779,4639.079,260
1787723700,1787723700,1787723701,4638.739,4639.793,4637.075,4639.793,260
1787724000,1787724000,1787724001,4639.456,4641.501,4635.935,4641.2,260
1787724300,1787724300,1787724301,4640.969,4641.07,4637.421,4638.92,260
1787724600,1787724600,1787724601,4638.862,4639.141,4635.918,4637.591,260
1787724900,1787724900,1787724901,4637.648,4637.945,4631.067,4634.315,260
1787725200,1787725200,1787725201,4634.237,4634.491,4625.85,4627.136,260
1787725500,1787725500,1787725501,4627.173,4629.014,4624.57,4626.8,260
1787725800,1787725800,1787725801,4626.595,4630.778,4625.536,4630.778,260
1787726100,1787726100,1787726101,4630.857,4631.32,4626.937,4630.462,260
1787726400,1787726400,1787726401,4630.48,4633.919,4629.672,4633.162,260
1787726700,1787726700,1787726701,4633.132,4636.804,4633.132,4634.815,260
1787727000,1787727000,1787727001,4634.754,4635.779,4632.262,4633.119,260
1787727300,1787727300,1787727301,4633.131,4634.599,4630.395,4634.081,260
1787727600,1787727600,1787727601,4633.954,4639.248,4633.896,4638.967,260
1787727900,1787727900,1787727901,4638.958,4639.279,4632.873,4635.039,260
1787728200,1787728200,1787728201,4634.981,4637.202,4633.439,4636.263,260
1787728500,1787728500,1787728501,4636.207,4637.853,4633.579,4633.863,260
1787728800,1787728800,1787728801,4634.059,4635.326,4632.001,4634.375,260
1787729100,1787729100,1787729101,4633.978,4636.127,4630.67,4631.508,260
1787729400,1787729400,1787729401,4631.452,4636.555,4631.002,4633.361,260
1787729700,1787729700,1787729701,4633.296,4634.52,4629.961,4630.587,260
1787730000,1787730000,1787730001,4630.665,4631.838,4628.757,4631.825,260
1787730300,1787730300,1787730301,4631.562,4634.934,4630.568,4631.665,260
1787730600,1787730600,1787730601,4631.954,4631.954,4627.511,4628.552,260
1787730900,1787730900,1787730901,4628.573,4629.803,4626.248,4628.744,260
1787731200,1787731200,1787731201,4628.749,4630.447,4626.534,4628.674,260
1787731500,1787731500,1787731501,4628.748,4629.695,4625.637,4627.504,260
1787731800,1787731800,1787731801,4627.719,4628.488,4625.406,4625.773,260
1787732100,1787732100,1787732101,4625.761,4628.27,4622.639,4625.105,260
1787732400,1787732400,1787732401,4625.136,4626.504,4621.999,4626.175,260
1787732700,1787732700,1787732701,4626.401,4629.479,4625.458,4629.441,260
1787733000,1787733000,1787733001,4629.529,4630.849,4624.866,4628.276,260
1787733300,1787733300,1787733301,4628.036,4630.475,4627.762,4629.327,260
1787733600,1787733600,1787733601,4629.251,4629.649,4627.72,4629.25,260
1787733900,1787733900,1787733901,4629.541,4630.04,4626.834,4628.805,260
1787734200,1787734200,1787734201,4628.862,4628.98,4627.396,4627.396,260
1787734500,1787734500,1787734501,4627.613,4628.702,4625.843,4628.129,260
1787734800,1787734800,1787734801,4628.412,4630.878,4625.669,4625.751,260
1787735100,1787735100,1787735101,4625.695,4627.621,4624.146,4624.368,260
1787735400,1787735400,1787735401,4624.294,4627.8,4623.927,4625.047,260
1787735700,1787735700,1787735701,4625.046,4625.288,4620.715,4621.121,260
1787736000,1787736000,1787736001,4621.268,4621.536,4618.444,4619.137,260
1787736300,1787736300,1787736301,4619.099,4619.701,4616.227,4616.839,260
1787736600,1787736600,1787736601,4616.99,4622.371,4616.831,4620.868,260
1787736900,1787736900,1787736901,4620.937,4621.534,4619.834,4620.483,260
1787737200,1787737200,1787737201,4620.422,4622.488,4619.439,4622.11,260
1787737500,1787737500,1787737501,4621.928,4625.603,4621.75,4624.103,260
1787737800,1787737800,1787737801,4624.122,4625.2,4622.617,4624.027,260
1787738100,1787738100,1787738101,4624.084,4625.174,4623.352,4623.359,260
1787738400,1787738400,1787738401,4623.332,4624.134,4620.398,4623.267,260
1787738700,1787738700,1787738701,4623.267,4623.494,4620.521,4621.812,260
1787739000,1787739000,1787739001,4622.089,4622.089,4617.558,4618.804,260
1787739300,1787739300,1787739301,4619.009,4620.524,4616.986,4617.34,260
1787739600,1787739600,1787739601,4617.424,4619.94,4616.027,4618.662,260
1787739900,1787739900,1787739901,4618.717,4618.717,4613.063,4615.21,260
1787740200,1787740200,1787740201,4615.286,4619.396,4614.492,4619.384,260
1787740500,1787740500,1787740501,4619.211,4624.054,4618.18,4623.882,260
1787740800,1787740800,1787740801,4623.882,4623.914,4620.695,4622.186,260
1787741100,1787741100,1787741101,4622.129,4623.858,4622.07,4623.421,260
1787741400,1787741400,1787741401,4623.709,4624.074,4621.481,4622.714,260
1787741700,1787741700,1787741701,4622.656,4622.656,4618.647,4620.274,260
1787742000,1787742000,1787742001,4620.333,4621.87,4619.251,4620.568,260
1787742300,1787742300,1787742301,4620.512,4621.051,4616.728,4617.777,260
1787742600,1787742600,1787742601,4617.719,4619.249,4616.561,4618.563,260
1787742900,1787742900,1787742901,4618.323,4623.029,4618.088,4621.922,260
1787743200,1787743200,1787743201,4621.793,4622.93,4616.551,4616.607,260
1787743500,1787743500,1787743501,4616.761,4621.565,4616.72,4620.765,260
1787743800,1787743800,1787743801,4620.899,4622.862,4618.362,4619.158,260
1787744100,1787744100,1787744101,4618.822,4620.068,4617.086,4618.366,260
1787744400,1787744400,1787744401,4618.083,4619.611,4617.258,4619.169,260
1787744700,1787744700,1787744701,4619.228,4619.228,4616.757,4618.259,260
1787745000,1787745000,1787745001,4618.555,4620.23,4617.478,4619.399,260
1787745300,1787745300,1787745301,4619.675,4625.072,4618.982,4624.481,260
1787745600,1787745600,1787745601,4624.728,4629.165,4623.459,4627.307,260
1787745900,1787745900,1787745901,4627.248,4629.758,4626.719,4626.991,260
1787746200,1787746200,1787746201,4627.319,4628.146,4624.915,4625.534,260
1787746500,1787746500,1787746501,4625.334,4630.182,4624.54,4628.855,260
1787746800,1787746800,1787746801,4628.914,4629.702,4625.103,4626.243,260
1787747100,1787747100,1787747101,4626.185,4631.075,4625.495,4631.075,260
1787747400,1787747400,1787747401,4630.915,4633.434,4612.149,4623.347,260
1787747700,1787747700,1787747701,4623.291,4626.086,4617.687,4621.954,260
1787748000,1787748000,1787748001,4621.895,4625.527,4614.392,4622.529,260
1787748300,1787748300,1787748301,4622.469,4625.127,4618.283,4623.714,260
1787748600,1787748600,1787748601,4623.773,4626.393,4610.206,4616.087,260
1787748900,1787748900,1787748901,4616.099,4618.534,4612.893,4614.355,260
1787749200,1787749200,1787749201,4614.183,4621.323,4608.693,4612.034,260
1787749500,1787749500,1787749501,4611.989,4617.465,4608.207,4609.251,260
1787749800,1787749800,1787749801,4609.312,4613.084,4608.359,4611.296,260
1787750100,1787750100,1787750101,4611.353,4613.906,4597.999,4611.179,260
1787750400,1787750400,1787750401,4611.121,4614.253,4604.164,4608.951,260
1787750700,1787750700,1787750701,4609.006,4612.754,4605.341,4611.059,260
1787751000,1787751000,1787751001,4611.12,4618.77,4610.179,4615.605,260
1787751300,1787751300,1787751301,4615.55,4617.004,4612.35,4613.405,260
1787751600,1787751600,1787751601,4613.495,4623.11,4611.997,4619.718,260
1787751900,1787751900,1787751901,4619.707,4625.542,4618.017,4625.411,260
1787752200,1787752200,1787752201,4625.352,4628.907,4622.521,4624.022,260
1787752500,1787752500,1787752501,4624.106,4631.919,4623.748,4631.436,260
1787752800,1787752800,1787752801,4631.493,4633.566,4622.696,4624.224,260
1787753100,1787753100,1787753101,4624.281,4626.148,4620.621,4622.721,260
1787753400,1787753400,1787753401,4622.786,4627.155,4619.41,4620.419,260
1787753700,1787753700,1787753701,4620.204,4624.328,4619.274,4623.09,260
1787754000,1787754000,1787754001,4623.036,4626.999,4619.026,4620.972,260
1787754300,1787754300,1787754301,4621.069,4621.272,4616.175,4616.762,260
1787754600,1787754600,1787754601,4616.627,4619.532,4614.757,4618.5,260
1787754900,1787754900,1787754901,4618.441,4618.721,4612.609,4616.855,260
1787755200,1787755200,1787755201,4617.191,4623.023,4616.821,4621.837,260
1787755500,1787755500,1787755501,4621.903,4622.891,4611.629,4612.91,260
1787755800,1787755800,1787755801,4612.619,4614.161,4606.026,4607.561,260
1787756100,1787756100,1787756101,4607.687,4612.262,4602.598,4602.792,260
1787756400,1787756400,1787756401,4603.009,4605.485,4592.818,4598.499,260
1787756700,1787756700,1787756701,4598.557,4598.594,4587.938,4597.697,260
1787757000,1787757000,1787757001,4597.567,4600.052,4588.06,4589.109,260
1787757300,1787757300,1787757301,4589.168,4594.096,4582.916,4590.744,260
1787757600,1787757600,1787757601,4590.956,4594.129,4589.034,4591.925,260
1787757900,1787757900,1787757901,4591.838,4598.015,4590.408,4594.873,260
1787758200,1787758200,1787758201,4594.811,4598.194,4594.483,4598.095,260
1787758500,1787758500,1787758501,4598.425,4601.696,4597.255,4601.578,260
1787758800,1787758800,1787758801,4601.697,4604.75,4600.144,4604.656,260
1787759100,1787759100,1787759101,4604.721,4609.357,4604.298,4608.163,260
1787759400,1787759400,1787759401,4608.034,4608.448,4598.195,4600.245,260
1787759700,1787759700,1787759701,4600.578,4604.107,4595.829,4596.151,260
1787760000,1787760000,1787760001,4596.214,4599.046,4590.392,4597.378,260
1787760300,1787760300,1787760301,4597.043,4601.583,4596.913,4599.514,260
1787760600,1787760600,1787760601,4599.306,4600.582,4597.032,4600.153,260
1787760900,1787760900,1787760901,4600.191,4601.084,4596.782,4599.123,260
1787761200,1787761200,1787761201,4599.026,4599.839,4594.002,4595.856,260
1787761500,1787761500,1787761501,4596.169,4597.3,4594.21,4595.14,260
1787761800,1787761800,1787761801,4595.083,4596.374,4592.884,4594.01,260
1787762100,1787762100,1787762101,4594.073,4595.413,4586.62,4587.239,260
1787762400,1787762400,1787762401,4587.294,4591.413,4585.457,4588.368,260
1787762700,1787762700,1787762701,4588.309,4594.926,4587.892,4594.926,260
1787763000,1787763000,1787763001,4594.694,4596.976,4589.079,4589.673,260
1787763300,1787763300,1787763301,4589.466,4592.212,4588.452,4591.716,260
1787763600,1787763600,1787763601,4591.498,4593.933,4591.144,4593.087,260
1787763900,1787763900,1787763901,4593.08,4596.054,4590.631,4594.429,260
1787764200,1787764200,1787764201,4594.156,4595.399,4593.053,4594.602,260
1787764500,1787764500,1787764501,4594.81,4596.218,4593.349,4595.912,260
1787764800,1787764800,1787764801,4595.977,4598.985,4595.043,4596.609,260
1787765100,1787765100,1787765101,4596.73,4598.573,4594.19,4597.587,260
1787765400,1787765400,1787765401,4597.663,4602.346,4596.627,4600.896,260
1787765700,1787765700,1787765701,4600.791,4601.334,4596.194,4596.489,260
1787766000,1787766000,1787766001,4596.733,4599.482,4595.572,4597.177,260
1787766300,1787766300,1787766301,4597.198,4598.967,4596.062,4598.142,260
1787766600,1787766600,1787766601,4598.202,4599.405,4597.3,4597.468,260
1787766900,1787766900,1787766901,4597.407,4597.922,4594.046,4597.682,260
1787767200,1787767200,1787767201,4597.737,4603.488,4596.597,4602.95,260
1787767500,1787767500,1787767501,4602.812,4604.699,4600.327,4602.3,260
1787767800,1787767800,1787767801,4602.356,4603.807,4599.785,4600.337,260
1787768100,1787768100,1787768101,4600.342,4600.651,4594.959,4595.794,260
1787768400,1787768400,1787768401,4595.727,4595.953,4592.623,4593.743,260
1787768700,1787768700,1787768701,4594.071,4595.168,4592.825,4594.938,260
1787769000,1787769000,1787769001,4594.7,4595.858,4593.262,4593.565,260
1787769300,1787769300,1787769301,4593.507,4596.575,4592.293,4594.172,260
1787769600,1787769600,1787769601,4594.121,4597.556,4593.695,4596.87,260
1787769900,1787769900,1787769901,4596.811,4597.879,4595.857,4596.747,260
1787770200,1787770200,1787770201,4597.001,4597.775,4595.959,4596.256,260
1787770500,1787770500,1787770501,4596.313,4596.333,4593.175,4593.871,260
1787770800,1787770800,1787770801,4594.03,4595.097,4591.042,4592.016,260
1787771100,1787771100,1787771101,4592.018,4593.563,4590.82,4593.087,260
1787771400,1787771400,1787771401,4593.025,4595.723,4592.741,4594.195,260
1787771700,1787771700,1787771701,4594.25,4595.744,4591.394,4591.857,260
1787772000,1787772000,1787772001,4591.608,4594.442,4591.149,4594.252,260
1787772300,1787772300,1787772301,4594.256,4599.034,4594.2,4598.639,260
1787772600,1787772600,1787772601,4598.31,4601.673,4596.702,4597.635,260
1787772900,1787772900,1787772901,4597.495,4598.458,4596.163,4596.824,260
1787773200,1787773200,1787773201,4596.623,4597.033,4594.066,4595.803,260
1787773500,1787773500,1787773501,4595.811,4596.581,4594.734,4595.069,260
1787773800,1787773800,1787773801,4595.162,4595.467,4592.444,4593.763,260
1787774100,1787774100,1787774101,4593.836,4594.906,4592.36,4594.233,260
1787774400,1787774400,1787774401,4594.173,4594.948,4592.898,4594.211,260
1787774700,1787774700,1787774701,4594.09,4596.796,4593.937,4594.423,260
1787775000,1787775000,1787775001,4594.479,4595.106,4591.717,4591.719,260
1787775300,1787775300,1787775301,4591.824,4591.984,4588.963,4589.517,260
1787775600,1787775600,1787775601,4589.177,4589.725,4583.814,4589.725,260
1787775900,1787775900,1787775901,4589.445,4592.074,4589.0,4591.168,260
1787776200,1787776200,1787776201,4591.175,4592.059,4590.158,4591.779,260
1787776500,1787776500,1787776501,4591.771,4593.612,4591.645,4593.323,260
1787776800,1787776800,1787776801,4593.35,4593.35,4591.225,4592.088,260
1787777100,1787777100,1787777101,4592.032,4593.607,4591.435,4593.329,260
1787777400,1787777400,1787777401,4593.273,4593.906,4592.18,4592.973,260
1787777700,1787777700,1787777701,4592.986,4594.49,4592.698,4594.157,260
1787781600,1787781600,1787781601,4599.414,4606.474,4598.242,4603.533,260
1787781900,1787781900,1787781901,4603.534,4605.054,4603.084,4603.892,260
1787782200,1787782200,1787782201,4603.939,4605.355,4601.825,4602.408,260
1787782500,1787782500,1787782501,4602.47,4612.203,4602.24,4610.61,260
1787782800,1787782800,1787782801,4610.479,4613.284,4606.065,4606.884,260
1787783100,1787783100,1787783101,4606.947,4611.135,4605.456,4610.614,260
1787783400,1787783400,1787783401,4610.669,4611.572,4609.35,4609.35,260
1787783700,1787783700,1787783701,4609.35,4611.407,4608.56,4610.071,260
1787784000,1787784000,1787784001,4610.071,4611.578,4608.685,4610.686,260
1787784300,1787784300,1787784301,4610.741,4612.201,4607.667,4608.883,260
1787784600,1787784600,1787784601,4608.904,4609.577,4606.841,4607.474,260
1787784900,1787784900,1787784901,4607.481,4609.838,4606.73,4609.139,260
1787785200,1787785200,1787785201,4609.08,4612.08,4606.915,4608.462,260
1787785500,1787785500,1787785501,4608.31,4612.387,4608.047,4610.997,260
1787785800,1787785800,1787785801,4611.094,4615.714,4611.094,4615.269,260
1787786100,1787786100,1787786101,4615.117,4620.635,4614.183,4620.635,260
1787786400,1787786400,1787786401,4620.472,4622.324,4620.266,4621.152,260
1787786700,1787786700,1787786701,4621.245,4622.453,4619.494,4619.981,260
1787787000,1787787000,1787787001,4620.042,4621.136,4618.068,4621.136,260
1787787300,1787787300,1787787301,4621.142,4625.005,4618.951,4624.726,260
1787787600,1787787600,1787787601,4624.931,4624.931,4622.105,4622.503,260
1787787900,1787787900,1787787901,4622.501,4624.85,4620.879,4623.21,260
1787788200,1787788200,1787788201,4623.156,4624.668,4620.701,4621.372,260
1787788500,1787788500,1787788501,4620.977,4624.427,4620.771,4623.466,260
1787788800,1787788800,1787788801,4623.542,4627.176,4622.526,4624.198,260
1787789100,1787789100,1787789101,4624.455,4624.455,4618.166,4618.985,260
1787789400,1787789400,1787789401,4618.696,4619.52,4616.092,4617.85,260
1787789700,1787789700,1787789701,4617.913,4619.564,4613.294,4618.954,260
1787790000,1787790000,1787790001,4618.94,4621.223,4618.332,4620.215,260
1787790300,1787790300,1787790301,4619.897,4621.647,4617.125,4619.193,260
1787790600,1787790600,1787790601,4619.128,4619.128,4612.991,4613.433,260
1787790900,1787790900,1787790901,4613.437,4615.261,4609.967,4612.381,260
1787791200,1787791200,1787791201,4612.376,4613.471,4605.298,4606.305,260
1787791500,1787791500,1787791501,4606.363,4611.229,4605.9,4609.392,260
1787791800,1787791800,1787791801,4609.457,4609.824,4600.365,4602.675,260
1787792100,1787792100,1787792101,4602.619,4605.376,4601.853,4604.957,260
1787792400,1787792400,1787792401,4604.829,4615.115,4602.244,4614.176,260
1787792700,1787792700,1787792701,4614.242,4619.758,4611.936,4616.231,260
1787793000,1787793000,1787793001,4616.533,4625.067,4616.414,4624.603,260
1787793300,1787793300,1787793301,4624.661,4624.927,4617.019,4622.161,260
1787793600,1787793600,1787793601,4622.224,4625.266,4618.551,4624.896,260
1787793900,1787793900,1787793901,4624.824,4625.166,4618.312,4618.705,260
1787794200,1787794200,1787794201,4618.684,4622.613,4617.822,4621.458,260
1787794500,1787794500,1787794501,4621.401,4630.219,4619.759,4628.265,260
1787794800,1787794800,1787794801,4628.324,4631.529,4621.644,4623.996,260
1787795100,1787795100,1787795101,4623.959,4631.515,4623.515,4629.511,260
1787795400,1787795400,1787795401,4629.814,4635.472,4628.825,4634.718,260
1787795700,1787795700,1787795701,4634.649,4641.053,4634.345,4639.881,260
1787796000,1787796000,1787796001,4639.958,4643.01,4638.029,4638.785,260
1787796300,1787796300,1787796301,4638.779,4642.573,4638.027,4642.024,260
1787796600,1787796600,1787796601,4641.937,4642.329,4638.564,4640.202,260
1787796900,1787796900,1787796901,4640.26,4640.718,4637.282,4638.792,260
1787797200,1787797200,1787797201,4638.609,4640.701,4636.721,4637.065,260
1787797500,1787797500,1787797501,4636.848,4637.677,4632.756,4633.118,260
1787797800,1787797800,1787797801,4633.179,4633.97,4628.295,4629.473,260
1787798100,1787798100,1787798101,4629.531,4630.668,4624.63,4628.035,260
1787798400,1787798400,1787798401,4627.985,4628.632,4623.443,4627.142,260
1787798700,1787798700,1787798701,4627.475,4630.452,4624.399,4629.192,260
1787799000,1787799000,1787799001,4628.954,4631.389,4627.645,4629.144,260
1787799300,1787799300,1787799301,4628.965,4630.921,4628.312,4629.491,260
1787799600,1787799600,1787799601,4629.548,4634.532,4628.307,4634.327,260
1787799900,1787799900,1787799901,4634.338,4635.207,4629.671,4630.254,260
1787800200,1787800200,1787800201,4630.374,4634.805,4629.071,4634.024,260
1787800500,1787800500,1787800501,4634.094,4635.244,4632.794,4633.461,260
1787800800,1787800800,1787800801,4633.341,4638.706,4633.057,4637.847,260
1787801100,1787801100,1787801101,4637.931,4638.02,4634.731,4635.556,260
1787801400,1787801400,1787801401,4635.435,4635.771,4633.417,4633.963,260
1787801700,1787801700,1787801701,4633.69,4634.435,4631.849,4632.359,260
1787802000,1787802000,1787802001,4632.091,4632.485,4628.841,4629.363,260
1787802300,1787802300,1787802301,4629.375,4629.736,4626.523,4627.674,260
1787802600,1787802600,1787802601,4627.611,4627.955,4625.606,4626.789,260
1787802900,1787802900,1787802901,4626.802,4627.17,4624.299,4625.338,260
1787803200,1787803200,1787803201,4625.402,4627.322,4624.678,4626.593,260
1787803500,1787803500,1787803501,4626.561,4627.007,4624.349,4625.524,260
1787803800,1787803800,1787803801,4625.536,4626.318,4624.371,4625.43,260
1787804100,1787804100,1787804101,4625.449,4627.085,4623.703,4623.828,260
1787804400,1787804400,1787804401,4623.884,4624.815,4622.518,4623.29,260
1787804700,1787804700,1787804701,4623.195,4624.227,4620.479,4620.614,260
1787805000,1787805000,1787805001,4620.67,4621.007,4618.296,4618.818,260
1787805300,1787805300,1787805301,4618.716,4620.332,4617.305,4618.218,260
1787805600,1787805600,1787805601,4618.163,4620.177,4617.113,4618.96,260
1787805900,1787805900,1787805901,4619.241,4620.605,4617.625,4620.092,260
1787806200,1787806200,1787806201,4620.338,4620.772,4618.969,4619.897,260
1787806500,1787806500,1787806501,4619.843,4620.065,4617.597,4618.656,260
1787806800,1787806800,1787806801,4618.713,4620.197,4615.963,4620.044,260
1787807100,1787807100,1787807101,4620.069,4621.422,4618.532,4619.829,260
1787807400,1787807400,1787807401,4619.746,4621.484,4619.11,4620.063,260
1787807700,1787807700,1787807701,4619.936,4621.659,4618.212,4619.963,260
1787808000,1787808000,1787808001,4620.029,4621.254,4618.095,4620.491,260
1787808300,1787808300,1787808301,4620.583,4621.44,4616.935,4616.983,260
1787808600,1787808600,1787808601,4617.2,4620.027,4609.117,4611.261,260
1787808900,1787808900,1787808901,4611.204,4612.961,4608.286,4611.093,260
1787809200,1787809200,1787809201,4611.159,4611.245,4604.655,4605.404,260
1787809500,1787809500,1787809501,4605.348,4609.911,4604.363,4606.374,260
1787809800,1787809800,1787809801,4606.157,4608.793,4600.798,4603.004,260
1787810100,1787810100,1787810101,4602.809,4607.714,4601.885,4606.907,260
1787810400,1787810400,1787810401,4606.85,4607.628,4599.436,4603.86,260
1787810700,1787810700,1787810701,4603.786,4605.625,4601.125,4604.925,260
1787811000,1787811000,1787811001,4604.93,4607.127,4600.289,4605.878,260
1787811300,1787811300,1787811301,4605.814,4607.604,4603.781,4606.452,260
1787811600,1787811600,1787811601,4606.628,4610.028,4605.938,4609.343,260
1787811900,1787811900,1787811901,4609.273,4610.306,4607.066,4610.247,260
1787812200,1787812200,1787812201,4610.31,4611.678,4605.246,4607.399,260
1787812500,1787812500,1787812501,4607.596,4608.347,4604.8,4607.897,260
1787812800,1787812800,1787812801,4607.823,4609.184,4606.889,4607.748,260
1787813100,1787813100,1787813101,4607.675,4609.584,4603.474,4604.617,260
1787813400,1787813400,1787813401,4604.403,4606.293,4601.355,4601.909,260
1787813700,1787813700,1787813701,4601.97,4602.64,4597.81,4600.351,260
1787814000,1787814000,1787814001,4600.215,4603.781,4598.396,4603.189,260
1787814300,1787814300,1787814301,4603.361,4605.832,4602.368,4603.179,260
1787814600,1787814600,1787814601,4603.122,4603.896,4601.257,4603.744,260
1787814900,1787814900,1787814901,4603.685,4603.89,4595.684,4597.653,260
1787815200,1787815200,1787815201,4597.596,4598.857,4595.996,4596.658,260
1787815500,1787815500,1787815501,4596.932,4599.421,4593.508,4599.263,260
1787815800,1787815800,1787815801,4599.206,4601.404,4595.148,4596.447,260
1787816100,1787816100,1787816101,4596.507,4598.252,4594.945,4596.519,260
1787816400,1787816400,1787816401,4596.458,4598.438,4595.765,4597.744,260
1787816700,1787816700,1787816701,4598.077,4599.254,4596.248,4597.566,260
1787817000,1787817000,1787817001,4597.275,4599.735,4595.6,4598.278,260
1787817300,1787817300,1787817301,4597.944,4602.621,4597.793,4600.369,260
1787817600,1787817600,1787817601,4600.311,4606.166,4599.473,4605.169,260
1787817900,1787817900,1787817901,4605.414,4606.709,4602.659,4603.382,260
1787818200,1787818200,1787818201,4603.35,4604.869,4602.785,4603.33,260
1787818500,1787818500,1787818501,4603.386,4606.104,4602.53,4603.852,260
1787818800,1787818800,1787818801,4603.812,4603.87,4599.879,4603.24,260
1787819100,1787819100,1787819101,4603.297,4603.961,4600.616,4600.988,260
1787819400,1787819400,1787819401,4600.92,4601.956,4598.633,4599.1,260
1787819700,1787819700,1787819701,4599.246,4599.733,4597.231,4598.394,260
1787820000,1787820000,1787820001,4598.348,4599.06,4594.723,4596.019,260
1787820300,1787820300,1787820301,4596.151,4598.894,4595.465,4598.41,260
1787820600,1787820600,1787820601,4598.47,4600.151,4597.69,4599.466,260
1787820900,1787820900,1787820901,4599.707,4602.278,4598.469,4598.79,260
1787821200,1787821200,1787821201,4598.874,4600.687,4593.47,4594.688,260
1787821500,1787821500,1787821501,4594.821,4597.337,4594.148,4596.428,260
1787821800,1787821800,1787821801,4596.491,4598.707,4595.067,4596.174,260
1787822100,1787822100,1787822101,4596.059,4597.201,4594.753,4595.485,260
1787822400,1787822400,1787822401,4595.541,4597.115,4595.105,4596.655,260
1787822700,1787822700,1787822701,4596.595,4599.403,4593.725,4597.887,260
1787823000,1787823000,1787823001,4597.763,4599.12,4592.827,4593.883,260
1787823300,1787823300,1787823301,4593.709,4594.272,4577.623,4584.526,260
1787823600,1787823600,1787823601,4584.465,4584.613,4580.887,4582.566,260
1787823900,1787823900,1787823901,4582.493,4584.265,4580.542,4582.723,260
1787824200,1787824200,1787824201,4582.782,4585.68,4581.318,4582.474,260
1787824500,1787824500,1787824501,4582.47,4582.852,4579.028,4580.405,260
1787824800,1787824800,1787824801,4580.235,4581.025,4568.909,4572.703,260
1787825100,1787825100,1787825101,4572.647,4576.411,4569.763,4576.411,260
1787825400,1787825400,1787825401,4576.468,4581.99,4576.468,4581.464,260
1787825700,1787825700,1787825701,4581.682,4583.598,4577.422,4581.001,260
1787826000,1787826000,1787826001,4580.893,4582.335,4579.867,4582.079,260
1787826300,1787826300,1787826301,4582.068,4582.505,4579.96,4580.478,260
1787826600,1787826600,1787826601,4580.208,4580.936,4578.151,4578.826,260
1787826900,1787826900,1787826901,4578.738,4579.292,4576.239,4576.934,260
1787827200,1787827200,1787827201,4576.963,4586.094,4576.087,4585.453,260
1787827500,1787827500,1787827501,4585.383,4588.122,4585.354,4586.855,260
1787827800,1787827800,1787827801,4586.916,4589.391,4586.006,4588.915,260
1787828100,1787828100,1787828101,4589.186,4590.64,4588.138,4590.162,260
1787828400,1787828400,1787828401,4590.015,4591.335,4587.206,4589.136,260
1787828700,1787828700,1787828701,4589.194,4591.198,4588.733,4590.524,260
1787829000,1787829000,1787829001,4590.723,4592.613,4589.554,4592.362,260
1787829300,1787829300,1787829301,4592.304,4592.848,4590.926,4592.16,260
1787829600,1787829600,1787829601,4592.374,4596.271,4592.069,4596.239,260
1787829900,1787829900,1787829901,4596.238,4597.031,4592.864,4594.21,260
1787830200,1787830200,1787830201,4594.339,4599.154,4593.662,4595.492,260
1787830500,1787830500,1787830501,4595.795,4597.011,4594.115,4596.839,260
1787830800,1787830800,1787830801,4596.776,4599.77,4596.463,4597.661,260
1787831100,1787831100,1787831101,4597.468,4597.833,4594.534,4595.366,260
1787831400,1787831400,1787831401,4595.066,4600.132,4594.414,4600.132,260
1787831700,1787831700,1787831701,4600.066,4600.424,4596.963,4598.125,260
1787832000,1787832000,1787832001,4598.179,4601.273,4597.673,4598.439,260
1787832300,1787832300,1787832301,4598.446,4598.639,4593.754,4595.115,260
1787832600,1787832600,1787832601,4595.305,4595.6,4592.582,4592.841,260
1787832900,1787832900,1787832901,4592.832,4596.097,4591.711,4594.84,260
1787833200,1787833200,1787833201,4594.898,4600.787,4594.792,4596.552,260
1787833500,1787833500,1787833501,4596.482,4596.777,4592.646,4595.495,260
1787833800,1787833800,1787833801,4595.485,4596.488,4593.023,4593.702,260
1787834100,1787834100,1787834101,4593.786,4595.839,4587.77,4589.139,260
1787834400,1787834400,1787834401,4589.081,4590.427,4586.949,4587.575,260
1787834700,1787834700,1787834701,4587.63,4588.108,4582.933,4583.479,260
1787835000,1787835000,1787835001,4583.424,4584.991,4580.466,4584.599,260
1787835300,1787835300,1787835301,4584.58,4588.119,4583.451,4585.632,260
1787835600,1787835600,1787835601,4585.962,4590.135,4579.535,4588.464,260
1787835900,1787835900,1787835901,4588.297,4590.864,4585.968,4587.0,260
1787836200,1787836200,1787836201,4586.803,4590.768,4584.382,4585.324,260
1787836500,1787836500,1787836501,4585.343,4588.968,4582.89,4586.473,260
1787836800,1787836800,1787836801,4586.353,4588.745,4585.258,4587.505,260
1787837100,1787837100,1787837101,4587.56,4593.392,4587.028,4590.08,260
1787837400,1787837400,1787837401,4590.294,4593.151,4575.461,4575.939,260
1787837700,1787837700,1787837701,4575.819,4581.22,4573.919,4575.461,260
1787838000,1787838000,1787838001,4575.405,4583.607,4572.134,4578.847,260
1787838300,1787838300,1787838301,4578.79,4579.794,4564.795,4576.86,260
1787838600,1787838600,1787838601,4576.92,4582.952,4570.408,4572.335,260
1787838900,1787838900,1787838901,4572.279,4576.007,4571.231,4572.38,260
1787839200,1787839200,1787839201,4572.447,4576.115,4568.206,4575.706,260
1787839500,1787839500,1787839501,4575.612,4579.204,4571.452,4574.794,260
1787839800,1787839800,1787839801,4574.736,4577.793,4572.015,4573.543,260
1787840100,1787840100,1787840101,4573.758,4582.447,4573.735,4579.454,260
1787840400,1787840400,1787840401,4579.509,4584.088,4574.991,4578.366,260
1787840700,1787840700,1787840701,4578.308,4581.725,4573.778,4581.097,260
1787841000,1787841000,1787841001,4581.038,4586.269,4580.981,4586.014,260
1787841300,1787841300,1787841301,4585.685,4591.175,4585.622,4589.163,260
1787841600,1787841600,1787841601,4589.219,4597.383,4586.833,4595.089,260
1787841900,1787841900,1787841901,4595.302,4598.373,4592.168,4593.208,260
1787842200,1787842200,1787842201,4593.095,4594.225,4590.771,4591.088,260
1787842500,1787842500,1787842501,4591.417,4593.318,4588.167,4591.354,260
1787842800,1787842800,1787842801,4591.138,4595.346,4591.138,4593.762,260
1787843100,1787843100,1787843101,4593.705,4595.279,4590.928,4591.983,260
1787843400,1787843400,1787843401,4592.2,4595.278,4591.528,4592.688,260
1787843700,1787843700,1787843701,4592.356,4598.037,4592.356,4596.925,260
1787844000,1787844000,1787844001,4597.188,4597.188,4589.118,4590.467,260
1787844300,1787844300,1787844301,4590.522,4595.725,4588.77,4593.183,260
1787844600,1787844600,1787844601,4592.847,4598.906,4592.144,4596.87,260
1787844900,1787844900,1787844901,4596.925,4599.424,4595.718,4599.41,260
1787845200,1787845200,1787845201,4599.467,4605.893,4599.139,4601.323,260
1787845500,1787845500,1787845501,4601.333,4604.477,4600.113,4604.045,260
1787845800,1787845800,1787845801,4604.18,4609.729,4603.159,4609.185,260
1787846100,1787846100,1787846101,4609.122,4611.411,4608.011,4610.262,260
1787846400,1787846400,1787846401,4610.386,4612.87,4608.876,4611.357,260
1787846700,1787846700,1787846701,4611.289,4611.447,4605.857,4607.374,260
1787847000,1787847000,1787847001,4607.209,4607.894,4604.382,4604.633,260
1787847300,1787847300,1787847301,4604.485,4605.804,4602.365,4603.158,260
1787847600,1787847600,1787847601,4603.277,4608.159,4603.04,4606.349,260
1787847900,1787847900,1787847901,4606.404,4608.6,4605.604,4607.764,260
1787848200,1787848200,1787848201,4607.682,4609.065,4605.791,4608.602,260
1787848500,1787848500,1787848501,4608.747,4612.924,4607.544,4611.782,260
1787848800,1787848800,1787848801,4611.507,4611.918,4609.794,4611.32,260
1787849100,1787849100,1787849101,4611.362,4614.582,4610.306,4610.768,260
1787849400,1787849400,1787849401,4610.826,4616.807,4610.009,4615.797,260
1787849700,1787849700,1787849701,4615.922,4616.14,4612.269,4614.788,260
1787850000,1787850000,1787850001,4614.849,4616.463,4612.154,4614.023,260
1787850300,1787850300,1787850301,4614.045,4614.203,4610.138,4610.201,260
1787850600,1787850600,1787850601,4610.261,4611.562,4608.367,4610.236,260
1787850900,1787850900,1787850901,4610.235,4610.488,4608.259,4609.063,260
1787851200,1787851200,1787851201,4609.148,4612.018,4608.82,4611.58,260
1787851500,1787851500,1787851501,4611.559,4612.105,4608.641,4610.334,260
1787851800,1787851800,1787851801,4610.391,4611.667,4609.079,4610.014,260
1787852100,1787852100,1787852101,4609.943,4611.237,4608.168,4611.035,260
1787852400,1787852400,1787852401,4611.095,4614.359,4609.55,4611.091,260
1787852700,1787852700,1787852701,4611.157,4611.789,4606.422,4609.695,260
1787853000,1787853000,1787853001,4609.56,4610.309,4606.671,4608.037,260
1787853300,1787853300,1787853301,4608.127,4608.986,4605.184,4606.557,260
1787853600,1787853600,1787853601,4606.557,4607.404,4602.196,4603.227,260
1787853900,1787853900,1787853901,4603.293,4607.939,4602.671,4604.69,260
1787854200,1787854200,1787854201,4604.76,4606.605,4603.543,4605.7,260
1787854500,1787854500,1787854501,4605.613,4607.741,4604.683,4607.713,260
1787854800,1787854800,1787854801,4607.654,4608.025,4602.945,4603.614,260
1787855100,1787855100,1787855101,4603.466,4603.632,4601.413,4601.413,260
1787855400,1787855400,1787855401,4601.353,4603.764,4600.654,4602.141,260
1787855700,1787855700,1787855701,4602.086,4605.041,4601.598,4604.243,260
1787856000,1787856000,1787856001,4604.169,4604.802,4603.486,4604.401,260
1787856300,1787856300,1787856301,4604.736,4606.814,4604.082,4605.854,260
1787856600,1787856600,1787856601,4605.864,4611.259,4604.765,4609.04,260
1787856900,1787856900,1787856901,4609.013,4610.654,4608.66,4610.232,260
1787857200,1787857200,1787857201,4610.56,4616.867,4610.42,4613.652,260
1787857500,1787857500,1787857501,4613.322,4618.082,4612.791,4616.827,260
1787857800,1787857800,1787857801,4616.763,4617.115,4614.786,4615.39,260
1787858100,1787858100,1787858101,4615.361,4615.998,4609.357,4611.313,260
1787858400,1787858400,1787858401,4611.378,4611.767,4606.348,4607.583,260
1787858700,1787858700,1787858701,4607.463,4608.368,4604.329,4605.693,260
1787859000,1787859000,1787859001,4606.035,4608.115,4604.652,4607.036,260
1787859300,1787859300,1787859301,4607.067,4608.305,4606.551,4607.62,260
1787859600,1787859600,1787859601,4607.724,4610.236,4607.541,4609.637,260
1787859900,1787859900,1787859901,4609.578,4612.74,4608.448,4610.347,260
1787860200,1787860200,1787860201,4610.011,4610.475,4606.528,4608.113,260
1787860500,1787860500,1787860501,4608.028,4609.875,4605.274,4609.079,260
1787860800,1787860800,1787860801,4609.278,4609.775,4604.551,4605.193,260
1787861100,1787861100,1787861101,4605.248,4605.248,4603.682,4604.177,260
1787861400,1787861400,1787861401,4604.282,4606.207,4603.478,4604.951,260
1787861700,1787861700,1787861701,4604.894,4605.401,4604.303,4605.183,260
1787862000,1787862000,1787862001,4605.433,4605.548,4604.483,4604.603,260
1787862300,1787862300,1787862301,4604.845,4604.845,4602.543,4603.704,260
1787862600,1787862600,1787862601,4603.802,4604.174,4602.95,4603.598,260
1787862900,1787862900,1787862901,4603.467,4603.707,4601.947,4603.3,260
1787863200,1787863200,1787863201,4603.261,4604.536,4602.923,4603.852,260
1787863500,1787863500,1787863501,4603.82,4604.725,4602.004,4604.535,260
1787863800,1787863800,1787863801,4604.866,4604.866,4600.694,4601.164,260
1787864100,1787864100,1787864101,4601.042,4601.042,4599.905,4600.785,260
1787868000,1787868000,1787868001,4606.343,4607.668,4601.865,4602.063,260
1787868300,1787868300,1787868301,4602.056,4605.483,4601.228,4604.947,260
1787868600,1787868600,1787868601,4605.22,4605.399,4603.7,4604.774,260
1787868900,1787868900,1787868901,4605.035,4606.383,4604.488,4606.056,260
1787869200,1787869200,1787869201,4606.057,4608.447,4606.056,4608.138,260
1787869500,1787869500,1787869501,4608.29,4608.311,4606.303,4607.843,260
1787869800,1787869800,1787869801,4607.53,4609.205,4606.49,4608.916,260
1787870100,1787870100,1787870101,4608.859,4609.404,4607.817,4609.161,260
1787870400,1787870400,1787870401,4609.184,4610.211,4607.176,4607.724,260
1787870700,1787870700,1787870701,4607.982,4608.167,4606.69,4607.439,260
1787871000,1787871000,1787871001,4607.429,4610.153,4606.612,4608.845,260
1787871300,1787871300,1787871301,4609.122,4610.91,4608.781,4610.789,260
1787871600,1787871600,1787871601,4610.789,4611.541,4608.849,4609.357,260
1787871900,1787871900,1787871901,4609.099,4609.696,4605.369,4605.369,260
1787872200,1787872200,1787872201,4605.455,4605.574,4602.708,4602.75,260
1787872500,1787872500,1787872501,4602.982,4603.708,4602.073,4602.909,260
1787872800,1787872800,1787872801,4602.909,4603.409,4599.693,4602.226,260
1787873100,1787873100,1787873101,4602.499,4602.791,4600.172,4601.08,260
1787873400,1787873400,1787873401,4601.061,4601.701,4599.209,4599.508,260
1787873700,1787873700,1787873701,4599.283,4602.441,4598.391,4600.994,260
1787874000,1787874000,1787874001,4601.037,4601.641,4599.058,4599.838,260
1787874300,1787874300,1787874301,4599.753,4599.753,4595.735,4596.629,260
1787874600,1787874600,1787874601,4596.601,4596.78,4594.508,4595.276,260
1787874900,1787874900,1787874901,4595.023,4595.491,4594.209,4594.556,260
1787875200,1787875200,1787875201,4594.612,4600.147,4593.072,4596.813,260
1787875500,1787875500,1787875501,4596.878,4600.221,4595.94,4599.654,260
1787875800,1787875800,1787875801,4599.987,4602.583,4599.523,4600.759,260
1787876100,1787876100,1787876101,4600.759,4600.94,4593.039,4593.421,260
1787876400,1787876400,1787876401,4593.356,4595.832,4591.174,4593.61,260
1787876700,1787876700,1787876701,4593.665,4594.155,4590.394,4594.155,260
1787877000,1787877000,1787877001,4594.084,4594.34,4587.473,4589.487,260
1787877300,1787877300,1787877301,4589.469,4590.47,4588.101,4589.459,260
1787877600,1787877600,1787877601,4589.403,4591.427,4588.869,4591.281,260
1787877900,1787877900,1787877901,4591.206,4591.258,4586.068,4587.404,260
1787878200,1787878200,1787878201,4587.377,4589.309,4586.674,4587.739,260
1787878500,1787878500,1787878501,4587.613,4588.892,4585.558,4588.608,260
1787878800,1787878800,1787878801,4588.955,4595.914,4586.242,4594.469,260
1787879100,1787879100,1787879101,4594.5,4600.35,4591.726,4599.764,260
1787879400,1787879400,1787879401,4599.896,4602.364,4592.231,4594.02,260
1787879700,1787879700,1787879701,4593.928,4598.154,4591.167,4595.693,260
1787880000,1787880000,1787880001,4595.752,4597.296,4590.519,4591.929,260
1787880300,1787880300,1787880301,4591.779,4593.432,4583.748,4585.704,260
1787880600,1787880600,1787880601,4585.764,4589.245,4583.737,4587.204,260
1787880900,1787880900,1787880901,4587.419,4589.02,4580.482,4581.057,260
1787881200,1787881200,1787881201,4581.001,4582.84,4578.25,4582.188,260
1787881500,1787881500,1787881501,4581.859,4582.655,4577.595,4582.518,260
1787881800,1787881800,1787881801,4582.189,4583.373,4575.757,4577.121,260
1787882100,1787882100,1787882101,4576.986,4578.857,4575.104,4576.033,260
1787882400,1787882400,1787882401,4575.972,4577.998,4574.925,4577.038,260
1787882700,1787882700,1787882701,4577.315,4581.44,4576.983,4580.305,260
1787883000,1787883000,1787883001,4580.25,4582.73,4578.295,4581.58,260
1787883300,1787883300,1787883301,4581.515,4581.515,4578.502,4581.342,260
1787883600,1787883600,1787883601,4581.556,4584.533,4580.328,4584.223,260
1787883900,1787883900,1787883901,4583.949,4584.997,4582.589,4583.386,260
1787884200,1787884200,1787884201,4583.692,4587.176,4582.992,4585.147,260
1787884500,1787884500,1787884501,4585.146,4589.486,4585.146,4588.052,260
1787884800,1787884800,1787884801,4588.061,4588.605,4583.931,4585.149,260
1787885100,1787885100,1787885101,4585.213,4586.509,4582.206,4586.101,260
1787885400,1787885400,1787885401,4586.427,4587.265,4584.665,4585.955,260
1787885700,1787885700,1787885701,4585.899,4586.678,4582.785,4586.165,260
1787886000,1787886000,1787886001,4586.074,4588.033,4584.344,4587.304,260
1787886300,1787886300,1787886301,4587.643,4588.405,4584.986,4586.531,260
1787886600,1787886600,1787886601,4586.375,4587.875,4582.547,4583.963,260
1787886900,1787886900,1787886901,4584.24,4588.858,4584.114,4587.289,260
1787887200,1787887200,1787887201,4587.097,4589.738,4585.686,4589.587,260
1787887500,1787887500,1787887501,4589.546,4590.098,4586.596,4587.863,260
1787887800,1787887800,1787887801,4588.081,4588.453,4583.361,4584.191,260
1787888100,1787888100,1787888101,4584.447,4584.447,4582.186,4582.745,260
1787888400,1787888400,1787888401,4582.801,4583.727,4580.85,4581.765,260
1787888700,1787888700,1787888701,4581.886,4582.055,4579.376,4580.465,260
1787889000,1787889000,1787889001,4580.609,4580.965,4578.638,4579.161,260
1787889300,1787889300,1787889301,4579.203,4580.109,4578.588,4580.059,260
1787889600,1787889600,1787889601,4579.757,4580.402,4578.631,4579.371,260
1787889900,1787889900,1787889901,4579.426,4579.563,4577.819,4579.198,260
1787890200,1787890200,1787890201,4578.915,4580.362,4578.755,4579.292,260
1787890500,1787890500,1787890501,4579.432,4583.473,4578.625,4583.46,260
1787890800,1787890800,1787890801,4583.174,4584.639,4582.509,4584.577,260
1787891100,1787891100,1787891101,4584.459,4585.447,4582.95,4584.85,260
1787891400,1787891400,1787891401,4584.656,4584.785,4581.457,4581.741,260
1787891700,1787891700,1787891701,4581.523,4582.023,4577.958,4578.513,260
1787892000,1787892000,1787892001,4578.533,4580.339,4578.146,4579.955,260
1787892300,1787892300,1787892301,4579.685,4582.361,4578.076,4580.632,260
1787892600,1787892600,1787892601,4580.896,4582.703,4580.63,4581.814,260
1787892900,1787892900,1787892901,4581.858,4585.157,4581.229,4584.188,260
1787893200,1787893200,1787893201,4584.519,4585.33,4581.941,4582.592,260
1787893500,1787893500,1787893501,4582.682,4582.939,4578.86,4579.215,260
1787893800,1787893800,1787893801,4579.275,4580.759,4578.398,4579.997,260
1787894100,1787894100,1787894101,4579.991,4582.101,4578.972,4581.806,260
1787894400,1787894400,1787894401,4582.134,4584.606,4580.598,4584.066,260
1787894700,1787894700,1787894701,4584.011,4586.438,4582.242,4583.853,260
1787895000,1787895000,1787895001,4583.918,4584.179,4577.562,4578.812,260
1787895300,1787895300,1787895301,4578.915,4579.634,4574.732,4574.886,260
1787895600,1787895600,1787895601,4574.826,4576.255,4571.35,4572.784,260
1787895900,1787895900,1787895901,4572.838,4575.809,4571.599,4573.904,260
1787896200,1787896200,1787896201,4573.961,4577.157,4573.308,4576.737,260
1787896500,1787896500,1787896501,4576.873,4577.505,4572.575,4573.523,260
1787896800,1787896800,1787896801,4573.58,4577.533,4572.458,4576.77,260
1787897100,1787897100,1787897101,4576.833,4580.797,4574.112,4580.528,260
1787897400,1787897400,1787897401,4580.682,4583.65,4580.307,4581.759,260
1787897700,1787897700,1787897701,4581.653,4585.102,4580.542,4582.674,260
1787898000,1787898000,1787898001,4582.892,4585.716,4581.951,4583.666,260
1787898300,1787898300,1787898301,4583.442,4585.81,4583.011,4584.82,260
1787898600,1787898600,1787898601,4584.876,4586.931,4582.828,4584.099,260
1787898900,1787898900,1787898901,4583.862,4588.095,4583.675,4586.085,260
1787899200,1787899200,1787899201,4586.16,4588.536,4584.348,4588.064,260
1787899500,1787899500,1787899501,4588.243,4600.108,4588.045,4599.325,260
1787899800,1787899800,1787899801,4599.444,4606.767,4596.619,4603.954,260
1787900100,1787900100,1787900101,4604.079,4613.371,4603.717,4612.477,260
1787900400,1787900400,1787900401,4612.349,4613.55,4605.665,4606.798,260
1787900700,1787900700,1787900701,4606.854,4607.496,4599.234,4601.078,260
1787901000,1787901000,1787901001,4601.02,4603.479,4596.434,4600.84,260
1787901300,1787901300,1787901301,4600.547,4606.783,4599.227,4605.919,260
1787901600,1787901600,1787901601,4605.828,4610.148,4605.694,4607.657,260
1787901900,1787901900,1787901901,4607.383,4609.91,4606.56,4607.451,260
1787902200,1787902200,1787902201,4607.434,4611.932,4607.076,4611.565,260
1787902500,1787902500,1787902501,4611.507,4614.419,4609.562,4610.372,260
1787902800,1787902800,1787902801,4610.647,4610.828,4608.34,4609.303,260
1787903100,1787903100,1787903101,4609.297,4611.55,4607.516,4610.306,260
1787903400,1787903400,1787903401,4610.364,4613.073,4609.864,4611.482,260
1787903700,1787903700,1787903701,4611.36,4613.315,4609.548,4611.601,260
1787904000,1787904000,1787904001,4611.532,4614.683,4610.492,4612.576,260
1787904300,1787904300,1787904301,4612.679,4613.173,4609.783,4611.77,260
1787904600,1787904600,1787904601,4611.71,4613.091,4610.746,4611.501,260
1787904900,1787904900,1787904901,4611.831,4612.363,4608.948,4609.312,260
1787905200,1787905200,1787905201,4609.081,4611.61,4607.897,4610.819,260
1787905500,1787905500,1787905501,4611.08,4611.447,4608.729,4609.242,260
1787905800,1787905800,1787905801,4609.182,4611.428,4608.024,4609.592,260
1787906100,1787906100,1787906101,4609.471,4611.539,4606.513,4607.219,260
1787906400,1787906400,1787906401,4607.253,4607.817,4603.129,4603.729,260
1787906700,1787906700,1787906701,4603.668,4603.773,4600.8,4601.95,260
1787907000,1787907000,1787907001,4602.015,4606.03,4601.63,4604.592,260
1787907300,1787907300,1787907301,4604.822,4605.137,4601.097,4603.006,260
1787907600,1787907600,1787907601,4603.004,4604.336,4601.874,4603.919,260
1787907900,1787907900,1787907901,4603.98,4604.206,4601.145,4601.89,260
1787908200,1787908200,1787908201,4601.955,4603.031,4600.586,4601.712,260
1787908500,1787908500,1787908501,4601.653,4602.799,4600.327,4602.255,260
1787908800,1787908800,1787908801,4602.376,4604.137,4600.755,4603.223,260
1787909100,1787909100,1787909101,4603.006,4603.397,4600.262,4601.684,260
1787909400,1787909400,1787909401,4601.871,4604.214,4601.614,4602.674,260
1787909700,1787909700,1787909701,4602.412,4605.147,4601.06,4603.561,260
1787910000,1787910000,1787910001,4603.437,4604.874,4602.251,4604.03,260
1787910300,1787910300,1787910301,4604.086,4605.19,4602.923,4604.38,260
1787910600,1787910600,1787910601,4604.406,4607.239,4604.175,4606.843,260
1787910900,1787910900,1787910901,4606.84,4607.375,4605.068,4605.163,260
1787911200,1787911200,1787911201,4605.2,4606.435,4603.384,4605.741,260
1787911500,1787911500,1787911501,4605.702,4607.624,4605.424,4607.241,260
1787911800,1787911800,1787911801,4607.515,4608.974,4606.741,4608.381,260
1787912100,1787912100,1787912101,4608.547,4609.721,4604.25,4604.434,260
1787912400,1787912400,1787912401,4604.364,4604.562,4602.398,4603.805,260
1787912700,1787912700,1787912701,4603.671,4605.41,4601.587,4605.14,260
1787913000,1787913000,1787913001,4605.472,4608.06,4604.961,4607.194,260
1787913300,1787913300,1787913301,4607.138,4607.379,4602.716,4603.927,260
1787913600,1787913600,1787913601,4603.997,4604.34,4601.651,4602.852,260
1787913900,1787913900,1787913901,4602.792,4603.364,4599.787,4601.349,260
1787914200,1787914200,1787914201,4601.404,4601.404,4597.422,4598.416,260
1787914500,1787914500,1787914501,4598.087,4600.361,4597.882,4599.905,260
1787914800,1787914800,1787914801,4600.156,4601.301,4597.204,4598.858,260
1787915100,1787915100,1787915101,4598.61,4599.099,4594.737,4596.058,260
1787915400,1787915400,1787915401,4596.137,4598.969,4595.198,4598.969,260
1787915700,1787915700,1787915701,4598.763,4601.379,4598.125,4599.9,260
1787916000,1787916000,1787916001,4600.187,4600.529,4597.823,4600.219,260
1787916300,1787916300,1787916301,4600.489,4601.061,4597.487,4598.843,260
1787916600,1787916600,1787916601,4598.77,4600.738,4597.683,4598.472,260
1787916900,1787916900,1787916901,4598.846,4598.984,4593.506,4593.557,260
1787917200,1787917200,1787917201,4593.484,4595.015,4591.172,4594.762,260
1787917500,1787917500,1787917501,4594.818,4596.102,4593.034,4594.254,260
1787917800,1787917800,1787917801,4594.43,4595.972,4593.432,4594.351,260
1787918100,1787918100,1787918101,4594.529,4594.602,4591.464,4593.461,260
1787918400,1787918400,1787918401,4593.339,4595.821,4590.627,4594.562,260
1787918700,1787918700,1787918701,4594.504,4595.767,4592.018,4594.346,260
1787919000,1787919000,1787919001,4594.29,4597.198,4592.185,4594.341,260
1787919300,1787919300,1787919301,4594.501,4595.541,4592.288,4594.237,260
1787919600,1787919600,1787919601,4594.435,4601.407,4594.083,4601.187,260
1787919900,1787919900,1787919901,4601.246,4603.838,4600.063,4601.389,260
1787920200,1787920200,1787920201,4601.448,4602.304,4591.697,4593.032,260
1787920500,1787920500,1787920501,4593.123,4593.867,4588.96,4589.541,260
1787920800,1787920800,1787920801,4589.305,4592.787,4589.305,4591.733,260
1787921100,1787921100,1787921101,4591.949,4595.435,4590.011,4593.968,260
1787921400,1787921400,1787921401,4594.033,4597.436,4591.786,4596.136,260
1787921700,1787921700,1787921701,4596.194,4602.602,4596.194,4601.39,260
1787922000,1787922000,1787922001,4601.494,4603.649,4595.974,4599.162,260
1787922300,1787922300,1787922301,4599.104,4605.511,4598.747,4600.445,260
1787922600,1787922600,1787922601,4600.389,4601.251,4597.58,4598.798,260
1787922900,1787922900,1787922901,4599.158,4599.688,4593.547,4598.268,260
1787923200,1787923200,1787923201,4598.206,4601.244,4595.994,4600.952,260
1787923500,1787923500,1787923501,4601.162,4604.561,4599.548,4603.781,260
1787923800,1787923800,1787923801,4603.725,4605.631,4598.807,4604.934,260
1787924100,1787924100,1787924101,4604.999,4607.138,4600.472,4605.842,260
1787924400,1787924400,1787924401,4605.939,4607.942,4601.626,4604.723,260
1787924700,1787924700,1787924701,4604.788,4612.474,4604.753,4610.018,260
1787925000,1787925000,1787925001,4609.623,4612.066,4607.024,4610.009,260
1787925300,1787925300,1787925301,4610.208,4627.459,4604.183,4604.705,260
1787925600,1787925600,1787925601,4604.654,4632.24,4573.695,4577.374,260
1787925900,1787925900,1787925901,4577.431,4581.775,4548.303,4573.714,260
1787926200,1787926200,1787926201,4573.551,4574.246,4543.527,4546.158,260
1787926500,1787926500,1787926501,4546.224,4566.563,4544.907,4554.008,260
1787926800,1787926800,1787926801,4553.852,4568.405,4548.294,4557.772,260
1787927100,1787927100,1787927101,4557.39,4559.444,4529.673,4551.901,260
1787927400,1787927400,1787927401,4551.97,4570.219,4551.588,4569.861,260
1787927700,1787927700,1787927701,4569.62,4577.117,4564.402,4564.873,260
1787928000,1787928000,1787928001,4564.681,4568.798,4557.316,4561.484,260
1787928300,1787928300,1787928301,4561.414,4562.915,4551.603,4552.931,260
1787928600,1787928600,1787928601,4552.783,4571.166,4550.209,4570.656,260
1787928900,1787928900,1787928901,4570.784,4580.983,4569.849,4576.651,260
1787929200,1787929200,1787929201,4576.593,4583.081,4571.778,4580.088,260
1787929500,1787929500,1787929501,4580.146,4581.847,4572.084,4573.008,260
1787929800,1787929800,1787929801,4573.064,4574.136,4556.711,4559.23,260
1787930100,1787930100,1787930101,4559.289,4564.572,4554.002,4555.569,260
1787930400,1787930400,1787930401,4555.477,4566.315,4551.489,4565.845,260
1787930700,1787930700,1787930701,4565.622,4569.41,4558.737,4566.778,260
1787931000,1787931000,1787931001,4566.867,4567.61,4555.068,4557.543,260
1787931300,1787931300,1787931301,4557.604,4562.465,4546.926,4547.288,260
1787931600,1787931600,1787931601,4547.35,4548.361,4534.236,4539.27,260
1787931900,1787931900,1787931901,4539.471,4545.971,4531.631,4535.85,260
1787932200,1787932200,1787932201,4536.038,4545.575,4534.035,4539.985,260
1787932500,1787932500,1787932501,4539.896,4541.001,4523.759,4524.629,260
1787932800,1787932800,1787932801,4524.503,4529.423,4520.294,4520.75,260
1787933100,1787933100,1787933101,4520.695,4520.695,4508.149,4508.282,260
1787933400,1787933400,1787933401,4508.338,4515.566,4497.146,4498.017,260
1787933700,1787933700,1787933701,4497.957,4503.706,4481.361,4481.396,260
1787934000,1787934000,1787934001,4481.606,4483.754,4463.962,4469.225,260
1787934300,1787934300,1787934301,4468.894,4482.061,4464.564,4480.788,260
1787934600,1787934600,1787934601,4481.119,4487.612,4471.042,4474.052,260
1787934900,1787934900,1787934901,4474.301,4486.21,4473.511,4484.903,260
1787935200,1787935200,1787935201,4484.816,4486.532,4465.701,4469.321,260
1787935500,1787935500,1787935501,4469.248,4481.854,4469.175,4481.853,260
1787935800,1787935800,1787935801,4481.517,4485.211,4479.419,4480.835,260
1787936100,1787936100,1787936101,4480.903,4482.855,4474.943,4479.497,260
1787936400,1787936400,1787936401,4479.563,4480.832,4473.205,4475.974,260
1787936700,1787936700,1787936701,4476.049,4482.812,4474.709,4480.077,260
1787937000,1787937000,1787937001,4480.232,4480.954,4470.988,4480.842,260
1787937300,1787937300,1787937301,4480.625,4482.062,4475.043,4480.754,260
1787937600,1787937600,1787937601,4480.818,4486.63,4479.627,4484.774,260
1787937900,1787937900,1787937901,4484.842,4486.136,4475.719,4478.232,260
1787938200,1787938200,1787938201,4478.33,4481.234,4473.435,4478.732,260
1787938500,1787938500,1787938501,4478.52,4481.566,4470.883,4471.946,260
1787938800,1787938800,1787938801,4471.775,4474.88,4460.304,4467.104,260
1787939100,1787939100,1787939101,4467.16,4475.682,4466.305,4474.04,260
1787939400,1787939400,1787939401,4474.103,4475.629,4471.563,4472.745,260
1787939700,1787939700,1787939701,4472.677,4472.679,4466.507,4469.175,260
1787940000,1787940000,1787940001,4469.085,4471.772,4460.198,4460.693,260
1787940300,1787940300,1787940301,4460.749,4466.861,4459.465,4461.649,260
1787940600,1787940600,1787940601,4461.793,4465.004,4459.663,4461.06,260
1787940900,1787940900,1787940901,4461.147,4462.774,4453.299,4458.804,260
1787941200,1787941200,1787941201,4458.736,4463.516,4452.444,4453.286,260
1787941500,1787941500,1787941501,4453.615,4462.826,4452.386,4456.306,260
1787941800,1787941800,1787941801,4456.246,4458.768,4452.08,4457.088,260
1787942100,1787942100,1787942101,4456.997,4457.386,4451.579,4452.73,260
1787942400,1787942400,1787942401,4452.95,4455.269,4445.288,4451.135,260
1787942700,1787942700,1787942701,4451.152,4455.092,4448.27,4453.252,260
1787943000,1787943000,1787943001,4453.108,4456.919,4451.525,4454.35,260
1787943300,1787943300,1787943301,4454.437,4458.337,4452.441,4456.906,260
1787943600,1787943600,1787943601,4456.71,4461.92,4452.748,4458.189,260
1787943900,1787943900,1787943901,4458.068,4462.671,4456.824,4461.766,260
1787944200,1787944200,1787944201,4461.832,4462.029,4454.322,4457.257,260
1787944500,1787944500,1787944501,4456.921,4460.893,4455.159,4460.064,260
1787944800,1787944800,1787944801,4459.992,4462.139,4457.407,4459.655,260
1787945100,1787945100,1787945101,4459.636,4463.76,4459.636,4462.145,260
1787945400,1787945400,1787945401,4462.078,4465.018,4460.851,4462.916,260
1787945700,1787945700,1787945701,4463.186,4467.064,4461.793,4466.224,260
1787946000,1787946000,1787946001,4466.159,4466.825,4464.367,4465.137,260
1787946300,1787946300,1787946301,4465.082,4465.114,4454.831,4457.306,260
1787946600,1787946600,1787946601,4457.427,4459.648,4452.925,4457.298,260
1787946900,1787946900,1787946901,4457.165,4461.273,4456.394,4458.359,260
1787947200,1787947200,1787947201,4458.489,4462.746,4455.461,4460.666,260
1787947500,1787947500,1787947501,4460.542,4461.586,4459.896,4460.45,260
1787947800,1787947800,1787947801,4460.378,4461.428,4457.443,4457.845,260
1787948100,1787948100,1787948101,4457.628,4460.705,4457.628,4458.445,260
1787948400,1787948400,1787948401,4458.413,4458.413,4453.73,4454.521,260
1787948700,1787948700,1787948701,4454.756,4458.342,4453.728,4457.967,260
1787949000,1787949000,1787949001,4458.035,4458.237,4455.428,4456.095,260
1787949300,1787949300,1787949301,4456.04,4457.655,4455.368,4455.524,260
1787949600,1787949600,1787949601,4455.687,4457.274,4453.588,4457.019,260
1787949900,1787949900,1787949901,4456.968,4459.938,4455.735,4459.22,260
1787950200,1787950200,1787950201,4459.275,4459.977,4453.365,4454.331,260
1787950500,1787950500,1787950501,4454.351,4456.189,4452.972,4456.134,260
1788127200,1788127200,1788127201,4439.04,4446.867,4438.975,4446.122,260
1788127500,1788127500,1788127501,4445.914,4456.719,4445.914,4455.779,260
1788127800,1788127800,1788127801,4455.794,4459.512,4454.954,4458.786,260
1788128100,1788128100,1788128101,4458.774,4462.997,4456.001,4461.772,260
1788128400,1788128400,1788128401,4461.711,4465.98,4460.405,4462.391,260
1788128700,1788128700,1788128701,4462.604,4465.445,4457.936,4459.729,260
1788129000,1788129000,1788129001,4459.665,4459.847,4452.862,4453.104,260
1788129300,1788129300,1788129301,4453.321,4461.605,4453.104,4460.279,260
1788129600,1788129600,1788129601,4460.226,4462.615,4456.675,4457.95,260
1788129900,1788129900,1788129901,4457.943,4460.536,4457.051,4459.604,260
1788130200,1788130200,1788130201,4459.754,4460.148,4458.432,4458.868,260
1788130500,1788130500,1788130501,4459.13,4462.625,4458.576,4461.374,260
1788130800,1788130800,1788130801,4461.589,4463.184,4459.695,4462.138,260
1788131100,1788131100,1788131101,4462.206,4466.891,4461.86,4465.289,260
1788131400,1788131400,1788131401,4465.334,4465.684,4459.869,4460.61,260
1788131700,1788131700,1788131701,4460.735,4464.003,4460.013,4463.107,260
1788132000,1788132000,1788132001,4463.425,4465.308,4458.892,4459.856,260
1788132300,1788132300,1788132301,4459.544,4459.871,4455.144,4457.417,260
1788132600,1788132600,1788132601,4457.271,4457.994,4451.177,4454.753,260
1788132900,1788132900,1788132901,4454.778,4454.778,4450.092,4450.115,260
1788133200,1788133200,1788133201,4450.138,4451.352,4446.364,4447.62,260
1788133500,1788133500,1788133501,4447.561,4447.561,4435.62,4439.731,260
1788133800,1788133800,1788133801,4439.727,4448.041,4439.524,4447.573,260
1788134100,1788134100,1788134101,4447.354,4460.411,4447.354,4458.24,260
1788134400,1788134400,1788134401,4458.301,4462.102,4453.447,4458.669,260
1788134700,1788134700,1788134701,4458.607,4460.021,4454.224,4456.969,260
1788135000,1788135000,1788135001,4456.957,4463.491,4454.797,4461.8,260
1788135300,1788135300,1788135301,4461.587,4465.268,4459.239,4459.749,260
1788135600,1788135600,1788135601,4459.693,4460.868,4456.51,4458.204,260
1788135900,1788135900,1788135901,4458.275,4458.451,4452.03,4456.56,260
1788136200,1788136200,1788136201,4456.753,4466.173,4456.589,4462.434,260
1788136500,1788136500,1788136501,4462.644,4470.737,4462.644,4470.426,260
1788136800,1788136800,1788136801,4470.429,4472.423,4464.022,4465.112,260
1788137100,1788137100,1788137101,4465.37,4469.018,4463.942,4465.726,260
1788137400,1788137400,1788137401,4465.855,4466.645,4462.525,4466.433,260
1788137700,1788137700,1788137701,4466.585,4467.131,4456.036,4456.388,260
1788138000,1788138000,1788138001,4456.5,4463.335,4437.873,4462.124,260
1788138300,1788138300,1788138301,4462.06,4463.017,4438.855,4439.783,260
1788138600,1788138600,1788138601,4439.721,4444.85,4435.837,4443.595,260
1788138900,1788138900,1788138901,4443.476,4452.46,4442.01,4452.4,260
1788139200,1788139200,1788139201,4452.108,4454.51,4444.146,4449.514,260
1788139500,1788139500,1788139501,4449.378,4449.894,4443.087,4443.959,260
1788139800,1788139800,1788139801,4443.901,4450.354,4436.428,4441.197,260
1788140100,1788140100,1788140101,4441.132,4450.838,4439.445,4448.997,260
1788140400,1788140400,1788140401,4449.056,4454.074,4443.218,4451.022,260
1788140700,1788140700,1788140701,4450.835,4452.797,4437.224,4437.542,260
1788141000,1788141000,1788141001,4437.488,4444.531,4436.154,4444.389,260
1788141300,1788141300,1788141301,4444.422,4446.869,4439.513,4440.261,260
1788141600,1788141600,1788141601,4440.316,4441.578,4418.122,4426.661,260
1788141900,1788141900,1788141901,4426.798,4434.159,4425.005,4428.866,260
1788142200,1788142200,1788142201,4428.658,4432.48,4422.672,4424.403,260
1788142500,1788142500,1788142501,4424.533,4425.206,4418.44,4421.946,260
1788142800,1788142800,1788142801,4422.001,4427.219,4420.975,4426.981,260
1788143100,1788143100,1788143101,4426.862,4428.156,4422.747,4423.079,260
1788143400,1788143400,1788143401,4422.768,4426.401,4410.926,4411.382,260
1788143700,1788143700,1788143701,4411.443,4412.176,4405.267,4408.379,260
1788144000,1788144000,1788144001,4408.248,4408.248,4402.073,4403.241,260
1788144300,1788144300,1788144301,4403.234,4407.013,4396.348,4401.727,260
1788144600,1788144600,1788144601,4401.755,4416.991,4399.34,4416.538,260
1788144900,1788144900,1788144901,4416.482,4423.02,4416.18,4423.02,260
1788145200,1788145200,1788145201,4422.693,4426.887,4421.553,4422.477,260
1788145500,1788145500,1788145501,4422.279,4426.675,4421.757,4425.281,260
1788145800,1788145800,1788145801,4425.462,4428.354,4424.109,4428.068,260
1788146100,1788146100,1788146101,4428.051,4432.463,4427.59,4427.941,260
1788146400,1788146400,1788146401,4427.729,4434.124,4427.332,4430.878,260
1788146700,1788146700,1788146701,4430.929,4431.901,4426.441,4427.638,260
1788147000,1788147000,1788147001,4427.812,4427.881,4423.213,4423.615,260
1788147300,1788147300,1788147301,4423.628,4425.293,4419.608,4420.737,260
1788147600,1788147600,1788147601,4420.403,4424.255,4420.259,4422.962,260
1788147900,1788147900,1788147901,4422.681,4425.134,4422.44,4423.859,260
1788148200,1788148200,1788148201,4423.88,4426.909,4423.732,4424.385,260
1788148500,1788148500,1788148501,4424.314,4424.729,4421.409,4422.55,260
1788148800,1788148800,1788148801,4422.584,4422.924,4418.421,4418.552,260
1788149100,1788149100,1788149101,4418.608,4419.108,4416.73,4418.432,260
1788149400,1788149400,1788149401,4418.457,4422.654,4416.858,4421.114,260
1788149700,1788149700,1788149701,4421.037,4421.576,4417.821,4418.285,260
1788150000,1788150000,1788150001,4418.349,4419.583,4415.733,4418.457,260
1788150300,1788150300,1788150301,4418.513,4420.597,4415.744,4416.055,260
1788150600,1788150600,1788150601,4415.944,4416.638,4412.815,4416.638,260
1788150900,1788150900,1788150901,4416.423,4422.041,4415.81,4420.199,260
1788151200,1788151200,1788151201,4420.192,4420.58,4416.967,4420.303,260
1788151500,1788151500,1788151501,4420.078,4421.473,4418.884,4419.375,260
1788151800,1788151800,1788151801,4419.314,4421.174,4418.593,4420.464,260
1788152100,1788152100,1788152101,4420.713,4425.017,4419.326,4424.599,260
1788152400,1788152400,1788152401,4424.531,4427.182,4422.162,4423.583,260
1788152700,1788152700,1788152701,4423.515,4424.13,4419.032,4420.231,260
1788153000,1788153000,1788153001,4420.404,4425.354,4419.349,4422.793,260
1788153300,1788153300,1788153301,4422.572,4428.091,4421.955,4427.924,260
1788153600,1788153600,1788153601,4427.822,4434.582,4427.822,4433.864,260
1788153900,1788153900,1788153901,4433.79,4441.038,4432.469,4440.09,260
1788154200,1788154200,1788154201,4440.192,4442.336,4430.472,4433.082,260
1788154500,1788154500,1788154501,4432.746,4436.953,4431.738,4434.131,260
1788154800,1788154800,1788154801,4434.076,4439.059,4432.541,4437.561,260
1788155100,1788155100,1788155101,4437.615,4441.55,4435.279,4435.505,260
1788155400,1788155400,1788155401,4435.455,4439.659,4434.147,4437.089,260
1788155700,1788155700,1788155701,4437.02,4443.972,4435.126,4442.791,260
1788156000,1788156000,1788156001,4442.851,4443.233,4432.739,4433.278,260
1788156300,1788156300,1788156301,4433.364,4433.407,4429.163,4432.047,260
1788156600,1788156600,1788156601,4432.267,4435.249,4431.829,4431.938,260
1788156900,1788156900,1788156901,4432.154,4438.46,4431.171,4437.864,260
1788157200,1788157200,1788157201,4437.965,4439.019,4434.545,4437.576,260
1788157500,1788157500,1788157501,4437.629,4438.28,4434.381,4435.712,260
1788157800,1788157800,1788157801,4435.766,4437.07,4431.146,4433.991,260
1788158100,1788158100,1788158101,4433.943,4440.914,4433.676,4440.277,260
1788158400,1788158400,1788158401,4440.291,4441.286,4438.734,4439.588,260
1788158700,1788158700,1788158701,4439.671,4442.507,4438.945,4441.628,260
1788159000,1788159000,1788159001,4441.609,4441.812,4437.191,4440.214,260
1788159300,1788159300,1788159301,4440.16,4440.16,4436.615,4439.4,260
1788159600,1788159600,1788159601,4439.072,4440.488,4436.93,4439.398,260
1788159900,1788159900,1788159901,4439.328,4442.034,4436.711,4437.576,260
1788160200,1788160200,1788160201,4437.504,4440.036,4435.394,4436.258,260
1788160500,1788160500,1788160501,4435.913,4441.342,4434.927,4438.873,260
1788160800,1788160800,1788160801,4438.929,4445.568,4438.557,4444.863,260
1788161100,1788161100,1788161101,4444.99,4448.36,4443.454,4444.053,260
1788161400,1788161400,1788161401,4444.109,4446.442,4441.04,4444.205,260
1788161700,1788161700,1788161701,4443.879,4444.994,4441.638,4443.411,260
1788162000,1788162000,1788162001,4443.178,4447.143,4441.189,4446.336,260
1788162300,1788162300,1788162301,4446.583,4447.85,4443.265,4444.59,260
1788162600,1788162600,1788162601,4444.579,4444.701,4442.189,4444.196,260
1788162900,1788162900,1788162901,4444.196,4444.933,4440.684,4443.123,260
1788163200,1788163200,1788163201,4443.046,4449.585,4442.714,4448.267,260
1788163500,1788163500,1788163501,4448.257,4448.572,4441.77,4442.965,260
1788163800,1788163800,1788163801,4442.912,4442.988,4436.964,4438.987,260
1788164100,1788164100,1788164101,4438.866,4440.314,4436.187,4439.542,260
1788164400,1788164400,1788164401,4439.78,4440.281,4437.257,4437.558,260
1788164700,1788164700,1788164701,4437.562,4441.459,4437.553,4440.0,260
1788165000,1788165000,1788165001,4439.941,4440.319,4435.666,4436.133,260
1788165300,1788165300,1788165301,4435.917,4438.064,4435.135,4436.774,260
1788165600,1788165600,1788165601,4436.758,4437.439,4434.224,4435.491,260
1788165900,1788165900,1788165901,4435.459,4436.713,4434.331,4436.122,260
1788166200,1788166200,1788166201,4436.293,4437.071,4433.657,4434.261,260
1788166500,1788166500,1788166501,4434.273,4436.139,4433.999,4435.443,260
1788166800,1788166800,1788166801,4435.808,4438.918,4435.378,4438.648,260
1788167100,1788167100,1788167101,4438.677,4441.383,4436.581,4436.681,260
1788167400,1788167400,1788167401,4436.75,4443.039,4435.585,4442.801,260
1788167700,1788167700,1788167701,4442.854,4444.312,4440.765,4441.144,260
1788168000,1788168000,1788168001,4441.045,4441.465,4438.554,4439.513,260
1788168300,1788168300,1788168301,4439.23,4439.891,4438.013,4439.159,260
1788168600,1788168600,1788168601,4439.222,4444.268,4438.791,4444.079,260
1788168900,1788168900,1788168901,4444.087,4444.578,4441.474,4441.72,260
1788169200,1788169200,1788169201,4441.441,4443.504,4440.63,4442.861,260
1788169500,1788169500,1788169501,4443.069,4445.011,4442.398,4442.747,260
1788169800,1788169800,1788169801,4442.962,4444.329,4440.969,4443.445,260
1788170100,1788170100,1788170101,4443.403,4445.592,4442.313,4445.218,260
1788170400,1788170400,1788170401,4445.545,4447.852,4444.649,4447.591,260
1788170700,1788170700,1788170701,4447.536,4453.866,4446.852,4448.267,260
1788171000,1788171000,1788171001,4448.323,4451.626,4446.081,4451.52,260
1788171300,1788171300,1788171301,4451.466,4452.021,4446.525,4448.269,260
1788171600,1788171600,1788171601,4448.053,4449.857,4447.318,4447.449,260
1788171900,1788171900,1788171901,4447.159,4449.052,4446.631,4448.54,260
1788172200,1788172200,1788172201,4448.366,4450.255,4447.675,4448.47,260
1788172500,1788172500,1788172501,4448.414,4451.313,4447.817,4450.131,260
1788172800,1788172800,1788172801,4450.144,4451.568,4448.607,4451.069,260
1788173100,1788173100,1788173101,4451.015,4451.402,4449.378,4450.639,260
1788173400,1788173400,1788173401,4450.805,4455.63,4450.296,4453.534,260
1788173700,1788173700,1788173701,4453.589,4455.56,4453.409,4453.761,260
1788174000,1788174000,1788174001,4453.912,4456.971,4453.339,4455.969,260
1788174300,1788174300,1788174301,4455.948,4456.984,4453.026,4456.458,260
1788174600,1788174600,1788174601,4456.46,4457.706,4453.493,4453.766,260
1788174900,1788174900,1788174901,4453.893,4457.145,4452.518,4456.298,260
1788175200,1788175200,1788175201,4456.536,4458.283,4455.863,4457.883,260
1788175500,1788175500,1788175501,4458.277,4464.062,4457.742,4463.06,260
1788175800,1788175800,1788175801,4463.005,4463.946,4458.58,4458.58,260
1788176100,1788176100,1788176101,4458.641,4459.787,4454.868,4455.802,260
1788176400,1788176400,1788176401,4455.709,4459.617,4453.659,4454.785,260
1788176700,1788176700,1788176701,4454.857,4455.807,4452.722,4453.315,260
1788177000,1788177000,1788177001,4453.436,4454.912,4452.417,4453.01,260
1788177300,1788177300,1788177301,4453.077,4456.368,4453.077,4455.212,260
1788177600,1788177600,1788177601,4455.385,4459.253,4454.753,4458.529,260
1788177900,1788177900,1788177901,4458.345,4461.059,4450.072,4457.094,260
1788178200,1788178200,1788178201,4457.1,4459.906,4454.767,4457.042,260
1788178500,1788178500,1788178501,4457.096,4458.859,4454.782,4456.885,260
1788178800,1788178800,1788178801,4456.943,4457.178,4450.427,4452.75,260
1788179100,1788179100,1788179101,4452.713,4454.59,4447.069,4447.831,260
1788179400,1788179400,1788179401,4447.771,4450.042,4445.413,4446.402,260
1788179700,1788179700,1788179701,4446.589,4447.614,4441.865,4442.107,260
1788180000,1788180000,1788180001,4442.163,4442.653,4439.017,4440.24,260
1788180300,1788180300,1788180301,4440.185,4440.407,4435.702,4437.979,260
1788180600,1788180600,1788180601,4437.917,4441.791,4436.7,4437.227,260
1788180900,1788180900,1788180901,4437.124,4439.566,4435.357,4435.543,260
1788181200,1788181200,1788181201,4435.728,4440.12,4433.677,4437.57,260
1788181500,1788181500,1788181501,4437.515,4445.88,4436.112,4444.764,260
1788181800,1788181800,1788181801,4444.872,4446.71,4442.646,4445.93,260
1788182100,1788182100,1788182101,4446.131,4448.256,4441.358,4443.025,260
1788182400,1788182400,1788182401,4442.82,4443.958,4439.228,4440.957,260
1788182700,1788182700,1788182701,4440.984,4447.369,4440.272,4446.079,260
1788183000,1788183000,1788183001,4445.925,4447.345,4437.61,4438.549,260
1788183300,1788183300,1788183301,4438.487,4443.156,4435.627,4436.813,260
1788183600,1788183600,1788183601,4436.857,4438.015,4431.849,4433.473,260
1788183900,1788183900,1788183901,4433.44,4433.686,4424.695,4425.54,260
1788184200,1788184200,1788184201,4425.659,4429.256,4419.094,4424.375,260
1788184500,1788184500,1788184501,4424.547,4424.864,4415.475,4418.527,260
1788184800,1788184800,1788184801,4418.422,4423.723,4416.194,4420.619,260
1788185100,1788185100,1788185101,4420.499,4427.93,4419.644,4426.924,260
1788185400,1788185400,1788185401,4426.869,4427.754,4421.138,4427.478,260
1788185700,1788185700,1788185701,4427.267,4431.152,4424.499,4427.206,260
1788186000,1788186000,1788186001,4427.15,4427.15,4416.494,4419.081,260
1788186300,1788186300,1788186301,4419.147,4423.004,4417.393,4420.046,260
1788186600,1788186600,1788186601,4420.259,4428.501,4419.037,4424.938,260
1788186900,1788186900,1788186901,4425.082,4436.081,4424.667,4433.422,260
1788187200,1788187200,1788187201,4433.667,4435.959,4431.269,4432.857,260
1788187500,1788187500,1788187501,4433.102,4435.998,4428.258,4428.722,260
1788187800,1788187800,1788187801,4428.779,4433.485,4426.128,4432.72,260
1788188100,1788188100,1788188101,4432.663,4436.18,4431.056,4431.784,260
1788188400,1788188400,1788188401,4431.5,4436.528,4428.328,4428.648,260
1788188700,1788188700,1788188701,4428.591,4434.28,4428.029,4433.699,260
1788189000,1788189000,1788189001,4433.637,4437.688,4431.735,4435.102,260
1788189300,1788189300,1788189301,4435.156,4437.915,4429.007,4432.063,260
1788189600,1788189600,1788189601,4432.126,4435.506,4429.521,4433.204,260
1788189900,1788189900,1788189901,4433.238,4434.637,4430.501,4432.798,260
1788190200,1788190200,1788190201,4432.732,4434.261,4428.627,4430.01,260
1788190500,1788190500,1788190501,4430.102,4432.412,4427.13,4429.658,260
1788190800,1788190800,1788190801,4429.715,4431.417,4426.117,4427.517,260
1788191100,1788191100,1788191101,4427.489,4433.57,4426.961,4431.317,260
1788191400,1788191400,1788191401,4431.52,4432.703,4426.597,4428.335,260
1788191700,1788191700,1788191701,4428.237,4428.969,4424.395,4426.196,260
1788192000,1788192000,1788192001,4426.072,4432.755,4423.554,4430.413,260
1788192300,1788192300,1788192301,4430.358,4436.159,4429.844,4434.086,260
1788192600,1788192600,1788192601,4434.023,4437.419,4432.579,4434.564,260
1788192900,1788192900,1788192901,4434.572,4436.659,4434.113,4434.645,260
1788193200,1788193200,1788193201,4434.912,4436.394,4433.354,4435.808,260
1788193500,1788193500,1788193501,4435.822,4438.677,4435.021,4438.208,260
1788193800,1788193800,1788193801,4438.276,4440.396,4435.244,4436.56,260
1788194100,1788194100,1788194101,4436.496,4436.496,4431.28,4431.99,260
1788194400,1788194400,1788194401,4432.21,4437.74,4431.277,4435.867,260
1788194700,1788194700,1788194701,4435.54,4436.971,4432.244,4433.716,260
1788195000,1788195000,1788195001,4434.053,4437.551,4433.492,4434.282,260
1788195300,1788195300,1788195301,4434.133,4434.513,4432.164,4433.039,260
1788195600,1788195600,1788195601,4433.416,4434.672,4431.141,4432.399,260
1788195900,1788195900,1788195901,4432.461,4433.091,4430.595,4431.427,260
1788196200,1788196200,1788196201,4431.523,4435.315,4431.175,4433.914,260
1788196500,1788196500,1788196501,4433.829,4436.413,4432.796,4435.715,260
1788196800,1788196800,1788196801,4435.739,4437.156,4432.591,4432.591,260
1788197100,1788197100,1788197101,4432.858,4435.041,4428.509,4430.635,260
1788197400,1788197400,1788197401,4430.514,4434.797,4429.757,4432.533,260
1788197700,1788197700,1788197701,4432.587,4435.328,4432.587,4433.312,260
1788198000,1788198000,1788198001,4433.181,4436.966,4432.789,4436.41,260
1788198300,1788198300,1788198301,4436.34,4439.886,4435.645,4438.771,260
1788198600,1788198600,1788198601,4438.921,4440.065,4437.102,4437.732,260
1788198900,1788198900,1788198901,4437.789,4438.109,4435.67,4436.6,260
1788199200,1788199200,1788199201,4436.46,4436.936,4430.621,4432.448,260
1788199500,1788199500,1788199501,4432.33,4432.929,4431.161,4431.408,260
1788199800,1788199800,1788199801,4431.431,4433.886,4430.299,4433.886,260
1788200100,1788200100,1788200101,4433.608,4434.637,4431.468,4432.101,260
1788200400,1788200400,1788200401,4432.025,4433.327,4431.709,4432.868,260
1788200700,1788200700,1788200701,4432.856,4432.992,4429.463,4429.765,260
1788201000,1788201000,1788201001,4429.677,4429.677,4426.088,4427.71,260
1788201300,1788201300,1788201301,4427.607,4428.76,4426.587,4428.114,260
1788201600,1788201600,1788201601,4428.173,4430.315,4427.415,4429.157,260
1788201900,1788201900,1788201901,4429.367,4433.041,4428.984,4432.696,260
1788202200,1788202200,1788202201,4432.733,4434.667,4432.28,4433.418,260
1788202500,1788202500,1788202501,4433.713,4433.95,4430.419,4430.712,260
1788202800,1788202800,1788202801,4430.766,4433.152,4429.057,4430.656,260
1788203100,1788203100,1788203101,4430.782,4434.584,4430.722,4434.569,260
1788203400,1788203400,1788203401,4434.622,4435.529,4432.627,4433.92,260
1788203700,1788203700,1788203701,4433.801,4434.221,4433.141,4433.784,260
1788204000,1788204000,1788204001,4433.691,4439.614,4432.828,4438.931,260
1788204300,1788204300,1788204301,4439.035,4442.483,4437.958,4440.232,260
1788204600,1788204600,1788204601,4440.386,4441.408,4439.313,4440.526,260
1788204900,1788204900,1788204901,4440.474,4445.349,4439.979,4443.056,260
1788205200,1788205200,1788205201,4443.113,4443.309,4438.852,4442.93,260
1788205500,1788205500,1788205501,4442.818,4449.16,4441.326,4448.829,260
1788205800,1788205800,1788205801,4448.613,4452.755,4447.214,4450.099,260
1788206100,1788206100,1788206101,4450.043,4453.784,4447.87,4453.429,260
1788206400,1788206400,1788206401,4453.577,4455.897,4452.502,4452.765,260
1788206700,1788206700,1788206701,4452.965,4453.358,4451.308,4452.475,260
1788207000,1788207000,1788207001,4452.237,4453.005,4449.708,4450.28,260
1788207300,1788207300,1788207301,4450.147,4450.581,4448.759,4449.005,260
1788207600,1788207600,1788207601,4448.91,4449.179,4446.781,4447.647,260
1788207900,1788207900,1788207901,4447.939,4448.3,4446.744,4447.377,260
1788208200,1788208200,1788208201,4447.312,4448.808,4446.704,4448.177,260
1788208500,1788208500,1788208501,4448.242,4449.269,4447.734,4448.244,260
1788208800,1788208800,1788208801,4448.315,4448.85,4447.306,4448.347,260
1788209100,1788209100,1788209101,4448.29,4448.479,4446.723,4447.272,260
1788209400,1788209400,1788209401,4447.209,4448.394,4446.473,4448.394,260
1788209700,1788209700,1788209701,4448.422,4448.939,4447.691,4448.558,260
1788213600,1788213600,1788213601,4450.204,4454.684,4447.365,4454.316,260
1788213900,1788213900,1788213901,4454.316,4455.903,4452.036,4455.452,260
1788214200,1788214200,1788214201,4455.732,4455.894,4451.598,4451.824,260
1788214500,1788214500,1788214501,4451.751,4452.265,4450.127,4450.247,260
1788214800,1788214800,1788214801,4450.23,4450.24,4447.753,4447.986,260
1788215100,1788215100,1788215101,4448.04,4450.559,4447.604,4449.579,260
1788215400,1788215400,1788215401,4449.542,4451.05,4448.632,4450.335,260
1788215700,1788215700,1788215701,4450.003,4450.201,4448.096,4448.535,260
1788216000,1788216000,1788216001,4448.41,4448.79,4447.185,4447.656,260
1788216300,1788216300,1788216301,4447.651,4448.341,4445.865,4446.912,260
1788216600,1788216600,1788216601,4446.857,4447.619,4445.397,4445.913,260
1788216900,1788216900,1788216901,4445.945,4447.953,4445.752,4447.033,260
1788217200,1788217200,1788217201,4447.104,4447.291,4445.823,4446.174,260
1788217500,1788217500,1788217501,4445.855,4446.674,4445.615,4446.099,260
1788217800,1788217800,1788217801,4446.117,4446.726,4443.822,4444.177,260
1788218100,1788218100,1788218101,4444.159,4444.194,4442.915,4443.002,260
1788218400,1788218400,1788218401,4443.275,4443.522,4441.604,4443.226,260
1788218700,1788218700,1788218701,4443.226,4444.409,4442.677,4443.466,260
1788219000,1788219000,1788219001,4443.486,4448.004,4443.113,4445.758,260
1788219300,1788219300,1788219301,4445.76,4446.387,4444.323,4444.816,260
1788219600,1788219600,1788219601,4444.972,4446.672,4443.025,4445.777,260
1788219900,1788219900,1788219901,4445.447,4449.588,4445.447,4446.523,260
1788220200,1788220200,1788220201,4446.283,4451.608,4446.283,4450.571,260
1788220500,1788220500,1788220501,4450.548,4452.353,4448.52,4452.137,260
1788220800,1788220800,1788220801,4452.22,4454.338,4446.002,4453.983,260
1788221100,1788221100,1788221101,4453.918,4456.159,4450.675,4455.204,260
1788221400,1788221400,1788221401,4455.32,4458.128,4452.564,4455.277,260
1788221700,1788221700,1788221701,4455.298,4458.294,4452.649,4457.304,260
1788222000,1788222000,1788222001,4457.358,4461.346,4457.304,4457.771,260
1788222300,1788222300,1788222301,4457.77,4461.276,4456.902,4460.491,260
1788222600,1788222600,1788222601,4460.547,4460.978,4456.262,4457.461,260
1788222900,1788222900,1788222901,4457.222,4457.376,4453.32,4455.199,260
1788223200,1788223200,1788223201,4455.241,4456.607,4451.835,4453.388,260
1788223500,1788223500,1788223501,4453.082,4456.992,4452.12,4455.813,260
1788223800,1788223800,1788223801,4455.741,4461.478,4455.227,4457.279,260
1788224100,1788224100,1788224101,4457.223,4457.305,4450.924,4453.488,260
1788224400,1788224400,1788224401,4453.562,4457.239,4447.955,4449.971,260
1788224700,1788224700,1788224701,4449.916,4450.726,4446.491,4447.109,260
1788225000,1788225000,1788225001,4447.163,4449.024,4445.345,4446.568,260
1788225300,1788225300,1788225301,4446.42,4447.91,4443.215,4443.439,260
1788225600,1788225600,1788225601,4443.515,4444.937,4438.552,4440.487,260
1788225900,1788225900,1788225901,4440.157,4440.759,4437.788,4439.904,260
1788226200,1788226200,1788226201,4439.958,4443.06,4436.178,4442.837,260
1788226500,1788226500,1788226501,4442.711,4445.543,4440.903,4443.917,260
1788226800,1788226800,1788226801,4443.856,4445.617,4440.651,4445.617,260
1788227100,1788227100,1788227101,4445.561,4446.519,4440.449,4441.231,260
1788227400,1788227400,1788227401,4441.177,4443.171,4439.241,4441.271,260
1788227700,1788227700,1788227701,4441.618,4444.447,4440.835,4444.242,260
1788228000,1788228000,1788228001,4444.177,4447.095,4442.6,4446.821,260
1788228300,1788228300,1788228301,4447.084,4448.542,4441.786,4442.059,260
1788228600,1788228600,1788228601,4441.993,4449.251,4441.94,4445.056,260
1788228900,1788228900,1788228901,4444.838,4446.85,4444.587,4446.527,260
1788229200,1788229200,1788229201,4446.584,4448.415,4442.372,4443.124,260
1788229500,1788229500,1788229501,4443.146,4443.579,4440.191,4440.63,260
1788229800,1788229800,1788229801,4440.558,4441.064,4435.042,4437.832,260
1788230100,1788230100,1788230101,4437.713,4437.713,4432.148,4433.742,260
1788230400,1788230400,1788230401,4433.414,4436.962,4431.476,4431.96,260
1788230700,1788230700,1788230701,4431.903,4436.107,4427.669,4435.14,260
1788231000,1788231000,1788231001,4435.194,4440.314,4434.326,4439.174,260
1788231300,1788231300,1788231301,4439.23,4443.269,4438.417,4443.269,260
1788231600,1788231600,1788231601,4442.937,4444.245,4439.553,4440.796,260
1788231900,1788231900,1788231901,4440.784,4442.438,4439.396,4440.604,260
1788232200,1788232200,1788232201,4440.817,4442.024,4438.532,4439.587,260
1788232500,1788232500,1788232501,4439.618,4440.401,4436.432,4436.49,260
1788232800,1788232800,1788232801,4436.5,4437.022,4432.452,4432.946,260
1788233100,1788233100,1788233101,4432.927,4436.253,4431.728,4434.132,260
1788233400,1788233400,1788233401,4434.176,4436.832,4433.396,4436.389,260
1788233700,1788233700,1788233701,4436.03,4437.761,4433.21,4437.619,260
1788234000,1788234000,1788234001,4437.488,4438.89,4436.992,4438.394,260
1788234300,1788234300,1788234301,4438.331,4443.164,4438.266,4441.215,260
1788234600,1788234600,1788234601,4441.198,4443.31,4440.742,4441.73,260
1788234900,1788234900,1788234901,4441.607,4441.607,4436.693,4436.765,260
1788235200,1788235200,1788235201,4436.437,4437.782,4435.497,4437.074,260
1788235500,1788235500,1788235501,4437.056,4437.535,4431.638,4432.201,260
1788235800,1788235800,1788235801,4432.075,4432.441,4430.014,4431.045,260
1788236100,1788236100,1788236101,4431.268,4433.8,4429.528,4430.288,260
1788236400,1788236400,1788236401,4430.374,4432.587,4429.69,4431.941,260
1788236700,1788236700,1788236701,4432.229,4433.297,4429.42,4429.721,260
1788237000,1788237000,1788237001,4429.706,4430.443,4428.45,4429.931,260
1788237300,1788237300,1788237301,4430.225,4430.644,4428.894,4429.76,260
1788237600,1788237600,1788237601,4429.616,4430.182,4426.422,4427.869,260
1788237900,1788237900,1788237901,4427.901,4429.537,4425.403,4427.203,260
1788238200,1788238200,1788238201,4426.867,4429.487,4425.329,4428.963,260
1788238500,1788238500,1788238501,4429.237,4429.284,4425.366,4426.691,260
1788238800,1788238800,1788238801,4426.823,4431.514,4426.039,4430.896,260
1788239100,1788239100,1788239101,4430.893,4432.39,4430.015,4430.65,260
1788239400,1788239400,1788239401,4430.703,4431.541,4428.809,4429.444,260
1788239700,1788239700,1788239701,4429.395,4430.592,4425.259,4425.991,260
1788240000,1788240000,1788240001,4426.046,4427.981,4425.933,4427.294,260
1788240300,1788240300,1788240301,4427.043,4428.26,4425.798,4426.925,260
1788240600,1788240600,1788240601,4426.69,4435.291,4423.808,4435.092,260
1788240900,1788240900,1788240901,4435.03,4443.024,4433.307,4439.196,260
1788241200,1788241200,1788241201,4439.253,4443.411,4438.16,4442.554,260
1788241500,1788241500,1788241501,4442.621,4445.761,4441.169,4445.325,260
1788241800,1788241800,1788241801,4445.266,4445.266,4441.184,4443.176,260
1788242100,1788242100,1788242101,4443.023,4446.087,4439.877,4440.307,260
1788242400,1788242400,1788242401,4440.247,4440.718,4435.427,4436.508,260
1788242700,1788242700,1788242701,4436.562,4438.635,4435.12,4435.587,260
1788243000,1788243000,1788243001,4435.587,4436.629,4431.583,4433.019,260
1788243300,1788243300,1788243301,4432.806,4435.102,4432.526,4433.968,260
1788243600,1788243600,1788243601,4433.877,4434.867,4430.908,4433.021,260
1788243900,1788243900,1788243901,4433.148,4433.523,4427.609,4429.198,260
1788244200,1788244200,1788244201,4429.14,4430.484,4428.514,4429.512,260
1788244500,1788244500,1788244501,4429.544,4434.03,4429.516,4433.215,260
1788244800,1788244800,1788244801,4433.198,4435.331,4432.604,4434.923,260
1788245100,1788245100,1788245101,4434.694,4435.3,4429.162,4429.893,260
1788245400,1788245400,1788245401,4430.193,4430.466,4428.173,4429.995,260
1788245700,1788245700,1788245701,4430.134,4431.134,4429.346,4429.81,260
1788246000,1788246000,1788246001,4429.755,4434.928,4429.298,4433.968,260
1788246300,1788246300,1788246301,4434.022,4434.187,4429.757,4430.682,260
1788246600,1788246600,1788246601,4430.506,4433.387,4429.488,4433.067,260
1788246900,1788246900,1788246901,4433.01,4433.544,4428.539,4429.554,260
1788247200,1788247200,1788247201,4429.568,4432.523,4426.445,4426.991,260
1788247500,1788247500,1788247501,4426.937,4429.78,4425.925,4426.364,260
1788247800,1788247800,1788247801,4426.209,4428.07,4419.12,4425.631,260
1788248100,1788248100,1788248101,4425.324,4425.893,4413.055,4413.055,260
1788248400,1788248400,1788248401,4413.127,4421.81,4412.046,4418.294,260
1788248700,1788248700,1788248701,4418.348,4422.611,4416.96,4422.464,260
1788249000,1788249000,1788249001,4422.066,4423.165,4418.661,4419.414,260
1788249300,1788249300,1788249301,4419.437,4422.194,4417.161,4420.226,260
1788249600,1788249600,1788249601,4420.061,4420.061,4410.427,4411.321,260
1788249900,1788249900,1788249901,4411.11,4418.958,4393.391,4396.085,260
1788250200,1788250200,1788250201,4396.142,4406.515,4389.185,4405.386,260
1788250500,1788250500,1788250501,4405.332,4405.772,4394.681,4395.267,260
1788250800,1788250800,1788250801,4395.214,4398.387,4383.871,4385.238,260
1788251100,1788251100,1788251101,4385.304,4387.78,4381.606,4383.075,260
1788251400,1788251400,1788251401,4383.198,4383.995,4372.578,4374.838,260
1788251700,1788251700,1788251701,4374.891,4377.153,4369.795,4374.632,260
1788252000,1788252000,1788252001,4374.711,4380.988,4370.299,4375.505,260
1788252300,1788252300,1788252301,4375.468,4378.538,4369.049,4377.031,260
1788252600,1788252600,1788252601,4376.975,4377.968,4372.666,4376.696,260
1788252900,1788252900,1788252901,4376.642,4377.989,4370.05,4370.9,260
1788253200,1788253200,1788253201,4370.602,4375.545,4366.343,4374.352,260
1788253500,1788253500,1788253501,4374.264,4375.102,4367.434,4370.072,260
1788253800,1788253800,1788253801,4369.729,4376.18,4369.054,4376.164,260
1788254100,1788254100,1788254101,4375.845,4378.113,4374.513,4376.226,260
1788254400,1788254400,1788254401,4376.169,4377.871,4374.228,4375.146,260
1788254700,1788254700,1788254701,4375.202,4375.45,4370.472,4372.771,260
1788255000,1788255000,1788255001,4372.979,4373.23,4366.546,4370.914,260
1788255300,1788255300,1788255301,4370.645,4371.174,4365.4,4368.193,260
1788255600,1788255600,1788255601,4368.247,4371.794,4365.87,4371.736,260
1788255900,1788255900,1788255901,4371.406,4373.519,4369.352,4369.419,260
1788256200,1788256200,1788256201,4369.34,4371.689,4368.644,4370.313,260
1788256500,1788256500,1788256501,4370.611,4373.297,4364.538,4364.763,260
1788256800,1788256800,1788256801,4364.784,4370.797,4364.135,4368.469,260
1788257100,1788257100,1788257101,4368.531,4374.859,4367.561,4373.121,260
1788257400,1788257400,1788257401,4372.97,4382.022,4372.917,4378.306,260
1788257700,1788257700,1788257701,4378.156,4383.302,4378.045,4380.849,260
1788258000,1788258000,1788258001,4380.819,4385.254,4380.183,4384.302,260
1788258300,1788258300,1788258301,4384.26,4385.636,4383.015,4384.83,260
1788258600,1788258600,1788258601,4384.883,4385.811,4381.527,4383.58,260
1788258900,1788258900,1788258901,4383.577,4385.672,4382.913,4384.006,260
1788259200,1788259200,1788259201,4384.126,4386.044,4381.377,4381.377,260
1788259500,1788259500,1788259501,4381.708,4381.798,4377.121,4377.982,260
1788259800,1788259800,1788259801,4377.928,4378.864,4375.023,4375.853,260
1788260100,1788260100,1788260101,4376.014,4380.209,4375.405,4378.226,260
1788260400,1788260400,1788260401,4378.28,4380.694,4375.72,4380.12,260
1788260700,1788260700,1788260701,4380.068,4382.838,4376.641,4381.948,260
1788261000,1788261000,1788261001,4381.924,4383.243,4376.31,4377.348,260
1788261300,1788261300,1788261301,4377.014,4377.494,4374.792,4376.224,260
1788261600,1788261600,1788261601,4376.288,4381.645,4375.612,4378.022,260
1788261900,1788261900,1788261901,4377.831,4382.005,4376.521,4380.61,260
1788262200,1788262200,1788262201,4380.536,4382.255,4378.143,4380.599,260
1788262500,1788262500,1788262501,4380.563,4384.269,4378.801,4383.61,260
1788262800,1788262800,1788262801,4383.549,4384.917,4382.497,4383.969,260
1788263100,1788263100,1788263101,4384.152,4387.31,4383.462,4384.945,260
1788263400,1788263400,1788263401,4385.01,4386.736,4378.637,4379.121,260
1788263700,1788263700,1788263701,4379.064,4379.064,4371.952,4374.495,260
1788264000,1788264000,1788264001,4374.421,4374.771,4369.605,4371.897,260
1788264300,1788264300,1788264301,4371.844,4372.824,4369.963,4370.755,260
1788264600,1788264600,1788264601,4370.817,4372.392,4366.752,4370.988,260
1788264900,1788264900,1788264901,4370.932,4375.507,4369.629,4371.121,260
1788265200,1788265200,1788265201,4371.174,4371.932,4365.808,4367.939,260
1788265500,1788265500,1788265501,4368.088,4376.154,4367.611,4368.656,260
1788265800,1788265800,1788265801,4368.595,4369.111,4358.826,4359.064,260
1788266100,1788266100,1788266101,4359.002,4360.784,4351.804,4357.486,260
1788266400,1788266400,1788266401,4357.526,4365.055,4355.173,4364.698,260
1788266700,1788266700,1788266701,4364.637,4370.06,4362.815,4364.313,260
1788267000,1788267000,1788267001,4364.32,4365.445,4361.811,4362.977,260
1788267300,1788267300,1788267301,4363.035,4363.317,4356.144,4356.311,260
1788267600,1788267600,1788267601,4356.258,4357.908,4336.876,4339.565,260
1788267900,1788267900,1788267901,4339.499,4342.942,4329.618,4331.949,260
1788268200,1788268200,1788268201,4332.004,4335.36,4326.019,4329.567,260
1788268500,1788268500,1788268501,4329.621,4334.089,4326.246,4333.732,260
1788268800,1788268800,1788268801,4333.791,4337.295,4331.359,4335.789,260
1788269100,1788269100,1788269101,4335.735,4344.662,4334.92,4343.014,260
1788269400,1788269400,1788269401,4343.074,4354.702,4341.064,4352.757,260
1788269700,1788269700,1788269701,4352.812,4356.929,4346.612,4352.798,260
1788270000,1788270000,1788270001,4352.853,4362.35,4351.169,4361.548,260
1788270300,1788270300,1788270301,4361.602,4362.267,4354.162,4361.011,260
1788270600,1788270600,1788270601,4360.932,4364.852,4356.651,4357.825,260
1788270900,1788270900,1788270901,4357.878,4367.48,4357.822,4365.545,260
1788271200,1788271200,1788271201,4365.418,4370.601,4353.301,4353.5,260
1788271500,1788271500,1788271501,4353.211,4369.736,4353.159,4366.144,260
1788271800,1788271800,1788271801,4365.934,4370.373,4362.094,4370.289,260
1788272100,1788272100,1788272101,4370.088,4374.658,4368.732,4371.21,260
1788272400,1788272400,1788272401,4371.153,4375.553,4370.829,4373.684,260
1788272700,1788272700,1788272701,4373.62,4374.353,4365.656,4365.736,260
1788273000,1788273000,1788273001,4365.795,4372.126,4365.533,4372.063,260
1788273300,1788273300,1788273301,4371.994,4373.15,4365.071,4365.735,260
1788273600,1788273600,1788273601,4365.819,4367.79,4364.092,4367.106,260
1788273900,1788273900,1788273901,4366.774,4370.24,4360.498,4361.61,260
1788274200,1788274200,1788274201,4361.692,4368.051,4358.867,4360.114,260
1788274500,1788274500,1788274501,4360.18,4360.677,4356.806,4360.279,260
1788274800,1788274800,1788274801,4360.568,4362.971,4354.997,4357.587,260
1788275100,1788275100,1788275101,4357.263,4360.573,4356.19,4359.976,260
1788275400,1788275400,1788275401,4359.973,4362.905,4356.46,4357.315,260
1788275700,1788275700,1788275701,4357.393,4363.965,4356.05,4363.251,260
1788276000,1788276000,1788276001,4363.198,4365.373,4361.761,4361.956,260
1788276300,1788276300,1788276301,4362.086,4366.037,4358.656,4365.748,260
1788276600,1788276600,1788276601,4365.661,4366.897,4362.516,4362.879,260
1788276900,1788276900,1788276901,4362.797,4366.586,4361.419,4363.919,260
1788277200,1788277200,1788277201,4364.285,4370.851,4363.973,4370.629,260
1788277500,1788277500,1788277501,4370.606,4371.602,4368.443,4370.944,260
1788277800,1788277800,1788277801,4371.041,4373.207,4369.398,4372.713,260
1788278100,1788278100,1788278101,4372.65,4373.973,4370.306,4373.031,260
1788278400,1788278400,1788278401,4373.097,4374.913,4371.406,4371.797,260
1788278700,1788278700,1788278701,4371.784,4373.14,4367.679,4367.916,260
1788279000,1788279000,1788279001,4367.92,4368.536,4362.347,4362.514,260
1788279300,1788279300,1788279301,4362.453,4365.69,4358.511,4358.772,260
1788279600,1788279600,1788279601,4358.981,4358.981,4355.653,4357.839,260
1788279900,1788279900,1788279901,4357.781,4358.937,4352.496,4352.794,260
1788280200,1788280200,1788280201,4352.728,4353.297,4347.179,4348.872,260
1788280500,1788280500,1788280501,4348.938,4355.428,4347.003,4354.983,260
1788280800,1788280800,1788280801,4354.925,4357.622,4352.331,4354.717,260
1788281100,1788281100,1788281101,4354.664,4359.196,4354.431,4357.085,260
1788281400,1788281400,1788281401,4357.032,4358.238,4353.576,4355.099,260
1788281700,1788281700,1788281701,4354.988,4356.323,4351.029,4351.38,260
1788282000,1788282000,1788282001,4351.231,4352.049,4346.899,4346.995,260
1788282300,1788282300,1788282301,4346.716,4347.855,4344.435,4346.13,260
1788282600,1788282600,1788282601,4346.189,4347.673,4344.289,4346.233,260
1788282900,1788282900,1788282901,4346.478,4348.622,4344.041,4346.634,260
1788283200,1788283200,1788283201,4346.309,4348.035,4344.969,4347.249,260
1788283500,1788283500,1788283501,4347.463,4350.19,4342.223,4350.089,260
1788283800,1788283800,1788283801,4350.029,4352.0,4347.095,4347.555,260
1788284100,1788284100,1788284101,4347.678,4350.786,4345.492,4345.931,260
1788284400,1788284400,1788284401,4346.017,4347.096,4342.553,4343.763,260
1788284700,1788284700,1788284701,4343.822,4344.369,4340.829,4342.698,240
1788285000,1788285000,1788285001,4342.705,4344.622,4341.181,4343.422,260
1788285300,1788285300,1788285301,4343.474,4344.11,4341.829,4342.808,240
1788285600,1788285600,1788285601,4343.078,4344.44,4338.064,4338.957,240
1788285900,1788285900,1788285901,4338.739,4340.426,4336.388,4336.388,240
1788286200,1788286200,1788286201,4336.658,4337.485,4334.255,4336.306,240
1788286500,1788286500,1788286501,4336.585,4341.087,4335.52,4340.535,240
1788286800,1788286800,1788286801,4340.413,4341.784,4339.553,4341.381,260
1788287100,1788287100,1788287101,4341.328,4341.328,4337.033,4337.37,240
1788287400,1788287400,1788287401,4337.427,4337.554,4332.799,4333.96,240
1788287700,1788287700,1788287701,4333.987,4334.397,4328.759,4329.908,260
1788288000,1788288000,1788288001,4329.84,4331.001,4328.186,4329.784,240
1788288300,1788288300,1788288301,4329.668,4331.698,4328.142,4331.485,240
1788288600,1788288600,1788288601,4331.819,4334.353,4329.058,4329.428,240
1788288900,1788288900,1788288901,4329.371,4333.429,4328.03,4331.516,240
1788289200,1788289200,1788289201,4331.457,4332.55,4328.901,4331.948,240
1788289500,1788289500,1788289501,4331.664,4333.799,4329.658,4331.524,240
1788289800,1788289800,1788289801,4331.536,4337.442,4330.817,4337.442,240
1788290100,1788290100,1788290101,4337.115,4337.555,4334.399,4335.103,240
1788290400,1788290400,1788290401,4334.973,4335.737,4333.222,4333.815,240
1788290700,1788290700,1788290701,4333.812,4335.516,4333.812,4334.549,240
1788291000,1788291000,1788291001,4334.608,4334.831,4328.234,4330.021,240
1788291300,1788291300,1788291301,4330.048,4330.657,4322.672,4323.02,240
1788291600,1788291600,1788291601,4323.087,4328.12,4322.697,4326.488,260
1788291900,1788291900,1788291901,4326.561,4329.585,4323.443,4327.387,260
1788292200,1788292200,1788292201,4327.335,4330.269,4326.238,4327.942,260
1788292500,1788292500,1788292501,4327.882,4329.645,4324.295,4326.751,260
1788292800,1788292800,1788292801,4326.873,4329.398,4323.782,4328.068,260
1788293100,1788293100,1788293101,4328.124,4330.75,4327.586,4329.266,260
1788293400,1788293400,1788293401,4329.226,4329.434,4325.361,4325.736,260
1788293700,1788293700,1788293701,4325.818,4328.352,4324.679,4327.599,260
1788294000,1788294000,1788294001,4327.91,4328.607,4326.66,4327.725,260
1788294300,1788294300,1788294301,4327.758,4329.074,4325.297,4326.171,260
1788294600,1788294600,1788294601,4326.029,4327.303,4325.932,4326.004,260
1788294900,1788294900,1788294901,4325.829,4328.023,4325.077,4327.403,260
1788295200,1788295200,1788295201,4327.452,4330.643,4327.143,4327.585,260
1788295500,1788295500,1788295501,4327.681,4329.701,4326.683,4328.469,260
1788295800,1788295800,1788295801,4328.436,4329.153,4327.513,4328.693,260
1788296100,1788296100,1788296101,4328.824,4329.291,4328.147,4328.886,260
1788300000,1788300000,1788300001,4332.48,4334.597,4330.736,4331.01,260
1788300300,1788300300,1788300301,4331.01,4331.065,4328.709,4330.126,260
1788300600,1788300600,1788300601,4330.067,4330.247,4328.495,4329.272,260
1788300900,1788300900,1788300901,4329.272,4329.293,4327.277,4327.662,260
1788301200,1788301200,1788301201,4327.389,4328.633,4327.389,4328.107,260
1788301500,1788301500,1788301501,4328.109,4328.324,4327.177,4327.959,260
1788301800,1788301800,1788301801,4327.687,4328.618,4326.675,4327.394,260
1788302100,1788302100,1788302101,4327.447,4329.571,4327.133,4327.679,260
1788302400,1788302400,1788302401,4327.679,4328.688,4326.124,4327.93,260
1788302700,1788302700,1788302701,4328.151,4329.147,4327.444,4328.113,240
1788303000,1788303000,1788303001,4328.363,4331.165,4327.739,4329.489,240
1788303300,1788303300,1788303301,4329.492,4330.247,4329.002,4329.455,260
1788303600,1788303600,1788303601,4329.458,4329.87,4326.994,4329.487,240
1788303900,1788303900,1788303901,4329.685,4330.828,4328.482,4330.62,240
1788304200,1788304200,1788304201,4330.837,4332.497,4330.245,4330.712,240
1788304500,1788304500,1788304501,4330.356,4331.651,4329.348,4329.889,240
1788304800,1788304800,1788304801,4329.847,4331.011,4326.43,4327.435,260
1788305100,1788305100,1788305101,4327.424,4330.688,4325.919,4330.688,260
1788305400,1788305400,1788305401,4330.745,4333.155,4330.548,4332.916,260
1788305700,1788305700,1788305701,4333.219,4335.758,4331.654,4335.029,240
1788306000,1788306000,1788306001,4334.704,4335.742,4333.126,4333.987,240
1788306300,1788306300,1788306301,4333.78,4333.958,4330.969,4331.839,240
1788306600,1788306600,1788306601,4331.894,4332.707,4328.973,4329.042,240
1788306900,1788306900,1788306901,4328.983,4329.266,4322.753,4324.635,240
1788307200,1788307200,1788307201,4324.688,4330.274,4315.569,4329.486,260
1788307500,1788307500,1788307501,4329.449,4330.595,4318.149,4322.926,260
1788307800,1788307800,1788307801,4323.253,4328.227,4318.606,4328.159,260
1788308100,1788308100,1788308101,4328.213,4334.526,4327.322,4327.546,260
1788308400,1788308400,1788308401,4327.813,4334.268,4324.013,4329.831,260
1788308700,1788308700,1788308701,4329.777,4330.692,4322.478,4325.878,260
1788309000,1788309000,1788309001,4325.911,4325.988,4320.261,4322.624,260
1788309300,1788309300,1788309301,4322.549,4329.95,4322.048,4326.895,260
1788309600,1788309600,1788309601,4326.838,4331.573,4323.717,4329.935,260
1788309900,1788309900,1788309901,4329.809,4331.2,4323.006,4323.677,260
1788310200,1788310200,1788310201,4323.575,4323.575,4314.38,4314.762,260
1788310500,1788310500,1788310501,4314.71,4320.009,4314.479,4315.835,260
1788310800,1788310800,1788310801,4315.769,4322.782,4306.673,4312.04,260
1788311100,1788311100,1788311101,4311.971,4312.322,4304.344,4308.897,260
1788311400,1788311400,1788311401,4308.95,4321.027,4308.583,4317.315,260
1788311700,1788311700,1788311701,4317.434,4326.679,4315.836,4320.493,260
1788312000,1788312000,1788312001,4320.414,4323.292,4317.425,4321.84,260
1788312300,1788312300,1788312301,4321.938,4324.593,4315.258,4317.378,260
1788312600,1788312600,1788312601,4317.517,4318.459,4305.264,4309.36,260
1788312900,1788312900,1788312901,4309.435,4310.222,4305.084,4307.823,260
1788313200,1788313200,1788313201,4307.764,4311.267,4306.345,4309.011,240
1788313500,1788313500,1788313501,4309.414,4309.98,4303.876,4306.089,260
1788313800,1788313800,1788313801,4306.221,4306.376,4290.504,4297.646,260
1788314100,1788314100,1788314101,4297.442,4299.946,4288.092,4291.155,260
1788314400,1788314400,1788314401,4291.228,4296.752,4287.142,4295.492,260
1788314700,1788314700,1788314701,4295.818,4302.156,4291.877,4292.808,260
1788315000,1788315000,1788315001,4292.874,4296.763,4289.233,4296.092,240
1788315300,1788315300,1788315301,4296.148,4301.184,4295.966,4300.412,240
1788315600,1788315600,1788315601,4300.397,4306.698,4299.878,4303.313,260
1788315900,1788315900,1788315901,4303.328,4306.043,4301.495,4304.539,240
1788316200,1788316200,1788316201,4304.584,4309.135,4299.347,4307.731,260
1788316500,1788316500,1788316501,4307.724,4314.612,4306.275,4311.974,260
1788316800,1788316800,1788316801,4311.993,4313.818,4308.702,4309.447,260
1788317100,1788317100,1788317101,4309.502,4311.297,4308.773,4310.52,240
1788317400,1788317400,1788317401,4310.616,4310.845,4305.423,4305.695,240
1788317700,1788317700,1788317701,4305.679,4306.372,4300.2,4302.856,240
1788318000,1788318000,1788318001,4302.764,4304.342,4299.184,4301.27,240
1788318300,1788318300,1788318301,4301.119,4301.119,4296.679,4299.245,240
1788318600,1788318600,1788318601,4299.365,4301.704,4297.824,4300.784,260
1788318900,1788318900,1788318901,4300.79,4302.466,4296.316,4297.617,260
1788319200,1788319200,1788319201,4297.745,4297.745,4289.287,4293.524,260
1788319500,1788319500,1788319501,4293.472,4298.78,4292.826,4293.66,260
1788319800,1788319800,1788319801,4293.502,4293.899,4284.473,4284.882,260
1788320100,1788320100,1788320101,4285.123,4291.797,4282.298,4291.504,260
1788320400,1788320400,1788320401,4291.159,4291.504,4285.162,4288.485,260
1788320700,1788320700,1788320701,4288.279,4299.722,4288.279,4298.963,260
1788321000,1788321000,1788321001,4298.891,4301.092,4296.405,4301.092,260
1788321300,1788321300,1788321301,4301.16,4303.819,4300.065,4303.151,240
1788321600,1788321600,1788321601,4303.127,4305.565,4301.966,4303.728,240
1788321900,1788321900,1788321901,4303.776,4306.845,4303.463,4304.769,260
1788322200,1788322200,1788322201,4304.825,4306.703,4303.549,4304.176,260
1788322500,1788322500,1788322501,4304.075,4305.549,4302.777,4303.228,260
1788322800,1788322800,1788322801,4303.228,4304.808,4301.27,4304.141,260
1788323100,1788323100,1788323101,4304.138,4304.88,4301.58,4302.938,240
1788323400,1788323400,1788323401,4302.802,4307.816,4302.328,4305.197,260
1788323700,1788323700,1788323701,4305.495,4306.647,4303.83,4304.703,260
1788324000,1788324000,1788324001,4304.413,4306.314,4302.595,4304.808,240
1788324300,1788324300,1788324301,4304.665,4306.667,4303.736,4305.38,240
1788324600,1788324600,1788324601,4305.657,4306.998,4304.886,4306.336,240
1788324900,1788324900,1788324901,4306.01,4307.723,4305.701,4307.186,240
1788325200,1788325200,1788325201,4307.242,4308.334,4305.463,4306.196,240
1788325500,1788325500,1788325501,4306.444,4306.444,4303.506,4304.448,240
1788325800,1788325800,1788325801,4304.585,4310.126,4304.537,4309.846,240
1788326100,1788326100,1788326101,4309.766,4313.996,4309.646,4310.956,260
1788326400,1788326400,1788326401,4310.961,4311.026,4306.719,4308.845,240
1788326700,1788326700,1788326701,4308.885,4314.021,4308.624,4312.896,240
1788327000,1788327000,1788327001,4312.964,4324.837,4312.964,4324.573,260
1788327300,1788327300,1788327301,4324.246,4324.609,4317.791,4318.315,260
1788327600,1788327600,1788327601,4318.296,4323.301,4317.277,4323.001,260
1788327900,1788327900,1788327901,4323.058,4326.303,4322.459,4325.758,260
1788328200,1788328200,1788328201,4325.591,4326.492,4319.234,4320.119,260
1788328500,1788328500,1788328501,4320.148,4322.806,4319.109,4319.894,240
1788328800,1788328800,1788328801,4319.895,4322.503,4317.56,4318.072,260
1788329100,1788329100,1788329101,4318.16,4324.393,4317.479,4324.085,260
1788329400,1788329400,1788329401,4324.003,4329.334,4320.907,4326.694,240
1788329700,1788329700,1788329701,4326.527,4328.607,4321.742,4325.899,260
1788330000,1788330000,1788330001,4325.903,4326.935,4320.643,4326.516,260
1788330300,1788330300,1788330301,4326.576,4327.602,4322.201,4322.804,260
1788330600,1788330600,1788330601,4322.821,4324.043,4318.366,4319.879,260
1788330900,1788330900,1788330901,4320.157,4324.726,4316.667,4324.631,260
1788331200,1788331200,1788331201,4324.669,4326.325,4322.585,4324.028,260
1788331500,1788331500,1788331501,4324.081,4324.966,4316.386,4316.705,260
1788331800,1788331800,1788331801,4316.757,4317.513,4314.428,4316.3,240
1788332100,1788332100,1788332101,4316.212,4321.836,4315.715,4321.554,240
1788332400,1788332400,1788332401,4321.611,4324.393,4319.09,4321.265,260
1788332700,1788332700,1788332701,4321.21,4327.085,4319.107,4326.203,260
1788333000,1788333000,1788333001,4326.145,4331.067,4326.039,4326.804,260
1788333300,1788333300,1788333301,4326.748,4328.723,4325.346,4328.235,260
1788333600,1788333600,1788333601,4328.172,4329.338,4324.812,4328.103,260
1788333900,1788333900,1788333901,4328.28,4328.939,4324.923,4326.535,260
1788334200,1788334200,1788334201,4326.756,4330.095,4324.963,4327.379,260
1788334500,1788334500,1788334501,4327.092,4331.391,4326.317,4326.569,260
1788334800,1788334800,1788334801,4326.649,4327.399,4321.779,4322.742,260
1788335100,1788335100,1788335101,4322.8,4325.083,4321.873,4322.307,260
1788335400,1788335400,1788335401,4322.221,4323.56,4320.508,4322.053,240
1788335700,1788335700,1788335701,4322.105,4324.053,4320.612,4323.046,240
1788336000,1788336000,1788336001,4323.181,4327.568,4321.99,4327.061,240
1788336300,1788336300,1788336301,4327.036,4330.107,4322.858,4329.667,240
1788336600,1788336600,1788336601,4329.719,4331.494,4324.51,4325.347,260
1788336900,1788336900,1788336901,4325.407,4327.65,4324.665,4325.502,240
1788337200,1788337200,1788337201,4325.564,4327.092,4324.154,4326.171,240
1788337500,1788337500,1788337501,4326.242,4326.242,4322.558,4323.222,240
1788337800,1788337800,1788337801,4323.166,4325.83,4320.969,4321.798,260
1788338100,1788338100,1788338101,4321.736,4326.793,4319.27,4324.943,240
1788338400,1788338400,1788338401,4324.952,4326.103,4320.18,4322.095,240
1788338700,1788338700,1788338701,4321.94,4322.713,4319.811,4321.706,240
1788339000,1788339000,1788339001,4321.764,4322.162,4313.065,4314.677,240
1788339300,1788339300,1788339301,4314.62,4317.344,4312.483,4312.974,240
1788339600,1788339600,1788339601,4312.945,4316.662,4312.115,4315.677,240
1788339900,1788339900,1788339901,4315.731,4322.382,4315.672,4318.493,240
1788340200,1788340200,1788340201,4318.701,4318.701,4313.609,4314.04,240
1788340500,1788340500,1788340501,4314.074,4315.447,4313.126,4314.585,240
1788340800,1788340800,1788340801,4314.523,4314.733,4308.682,4309.049,240
1788341100,1788341100,1788341101,4309.039,4309.271,4304.848,4308.9,240
1788341400,1788341400,1788341401,4308.91,4310.583,4307.109,4309.705,240
1788341700,1788341700,1788341701,4309.618,4311.077,4307.508,4308.85,240
1788342000,1788342000,1788342001,4309.108,4311.728,4308.72,4309.886,240
1788342300,1788342300,1788342301,4310.153,4311.449,4309.54,4310.215,240
1788342600,1788342600,1788342601,4310.108,4310.909,4307.788,4308.383,240
1788342900,1788342900,1788342901,4308.777,4310.397,4307.895,4308.542,240
1788343200,1788343200,1788343201,4308.629,4309.664,4304.206,4304.352,240
1788343500,1788343500,1788343501,4304.407,4305.846,4301.687,4302.893,240
1788343800,1788343800,1788343801,4303.223,4308.318,4302.186,4306.939,240
1788344100,1788344100,1788344101,4306.882,4309.628,4305.863,4308.383,240
1788344400,1788344400,1788344401,4308.267,4312.196,4308.267,4310.345,240
1788344700,1788344700,1788344701,4310.445,4312.307,4309.406,4309.885,240
1788345000,1788345000,1788345001,4309.735,4310.756,4307.362,4308.984,240
1788345300,1788345300,1788345301,4308.983,4309.751,4307.137,4308.576,240
1788345600,1788345600,1788345601,4308.519,4310.148,4307.611,4309.468,240
1788345900,1788345900,1788345901,4309.428,4310.569,4308.0,4310.491,240
1788346200,1788346200,1788346201,4310.158,4310.492,4304.998,4308.283,260
1788346500,1788346500,1788346501,4308.28,4309.709,4306.364,4309.402,240
1788346800,1788346800,1788346801,4309.342,4313.088,4307.595,4312.605,260
1788347100,1788347100,1788347101,4312.553,4314.732,4307.949,4312.773,260
1788347400,1788347400,1788347401,4312.698,4324.596,4311.083,4322.371,260
1788347700,1788347700,1788347701,4322.313,4323.299,4315.521,4318.975,260
1788348000,1788348000,1788348001,4318.857,4319.849,4316.02,4318.883,260
1788348300,1788348300,1788348301,4318.888,4323.072,4316.753,4321.647,260
1788348600,1788348600,1788348601,4321.589,4330.128,4321.433,4329.924,260
1788348900,1788348900,1788348901,4329.872,4332.935,4328.698,4332.119,260
1788349200,1788349200,1788349201,4332.38,4332.959,4323.847,4324.695,260
1788349500,1788349500,1788349501,4324.82,4327.451,4323.35,4325.936,240
1788349800,1788349800,1788349801,4325.715,4331.203,4323.262,4330.227,240
1788350100,1788350100,1788350101,4330.173,4333.007,4329.248,4332.125,240
1788350400,1788350400,1788350401,4332.228,4335.943,4328.823,4334.682,260
1788350700,1788350700,1788350701,4334.513,4336.374,4330.44,4333.726,260
1788351000,1788351000,1788351001,4333.78,4334.582,4329.421,4333.083,260
1788351300,1788351300,1788351301,4332.926,4335.136,4330.285,4331.167,260
1788351600,1788351600,1788351601,4331.315,4344.636,4329.696,4338.701,260
1788351900,1788351900,1788351901,4338.594,4342.537,4333.906,4336.356,260
1788352200,1788352200,1788352201,4336.418,4337.714,4329.381,4330.097,260
1788352500,1788352500,1788352501,4330.018,4333.465,4327.169,4333.465,260
1788352800,1788352800,1788352801,4333.245,4335.054,4331.632,4334.086,260
1788353100,1788353100,1788353101,4334.033,4339.26,4331.534,4339.26,260
1788353400,1788353400,1788353401,4339.048,4339.271,4332.391,4334.401,240
1788353700,1788353700,1788353701,4334.466,4334.902,4330.313,4331.458,240
1788354000,1788354000,1788354001,4331.129,4341.59,4330.555,4338.745,260
1788354300,1788354300,1788354301,4338.692,4344.27,4338.479,4341.942,260
1788354600,1788354600,1788354601,4342.013,4344.578,4337.611,4339.468,260
1788354900,1788354900,1788354901,4339.536,4344.334,4336.625,4342.497,260
1788355200,1788355200,1788355201,4342.451,4348.335,4341.938,4347.796,260
1788355500,1788355500,1788355501,4347.735,4358.64,4347.353,4358.537,260
1788355800,1788355800,1788355801,4358.202,4367.534,4357.059,4364.704,260
1788356100,1788356100,1788356101,4364.757,4368.618,4362.295,4366.917,260
1788356400,1788356400,1788356401,4366.971,4379.601,4364.392,4378.097,260
1788356700,1788356700,1788356701,4377.892,4379.525,4368.2,4368.51,260
1788357000,1788357000,1788357001,4368.566,4378.314,4367.848,4376.642,260
1788357300,1788357300,1788357301,4376.606,4385.507,4371.9,4385.281,260
1788357600,1788357600,1788357601,4385.393,4385.735,4378.684,4384.329,260
1788357900,1788357900,1788357901,4384.414,4396.842,4383.747,4390.876,260
1788358200,1788358200,1788358201,4391.017,4397.711,4387.092,4387.923,260
1788358500,1788358500,1788358501,4388.016,4392.715,4384.766,4392.01,260
1788358800,1788358800,1788358801,4392.084,4397.364,4386.789,4387.235,260
1788359100,1788359100,1788359101,4387.346,4390.45,4385.208,4387.649,260
1788359400,1788359400,1788359401,4387.339,4387.966,4382.605,4386.55,260
1788359700,1788359700,1788359701,4386.352,4387.523,4381.954,4382.863,260
1788360000,1788360000,1788360001,4382.467,4386.325,4381.111,4385.373,260
1788360300,1788360300,1788360301,4385.254,4386.987,4378.768,4381.144,260
1788360600,1788360600,1788360601,4381.136,4382.506,4375.87,4376.797,260
1788360900,1788360900,1788360901,4376.745,4378.657,4374.248,4377.115,260
1788361200,1788361200,1788361201,4376.789,4380.874,4373.954,4377.783,260
1788361500,1788361500,1788361501,4377.835,4380.761,4373.623,4376.288,260
1788361800,1788361800,1788361801,4376.411,4378.201,4372.491,4373.022,260
1788362100,1788362100,1788362101,4372.889,4372.889,4368.749,4370.022,260
1788362400,1788362400,1788362401,4370.008,4371.696,4365.461,4370.213,260
1788362700,1788362700,1788362701,4370.009,4373.111,4367.403,4372.484,260
1788363000,1788363000,1788363001,4372.545,4375.059,4370.882,4371.394,260
1788363300,1788363300,1788363301,4371.421,4372.696,4367.32,4370.439,260
1788363600,1788363600,1788363601,4370.245,4372.278,4365.989,4366.306,260
1788363900,1788363900,1788363901,4366.249,4369.69,4364.432,4367.964,260
1788364200,1788364200,1788364201,4368.021,4369.864,4367.042,4368.665,260
1788364500,1788364500,1788364501,4368.622,4373.942,4367.816,4372.95,260
1788364800,1788364800,1788364801,4372.895,4374.882,4371.137,4373.079,260
1788365100,1788365100,1788365101,4373.061,4373.232,4368.808,4370.358,260
1788365400,1788365400,1788365401,4370.303,4373.185,4370.123,4372.545,260
1788365700,1788365700,1788365701,4372.459,4372.459,4367.88,4369.982,260
1788366000,1788366000,1788366001,4370.045,4371.037,4368.573,4369.609,260
1788366300,1788366300,1788366301,4369.547,4370.255,4367.494,4368.514,260
1788366600,1788366600,1788366601,4368.554,4370.587,4367.02,4367.334,260
1788366900,1788366900,1788366901,4367.387,4369.063,4366.18,4368.483,260
1788367200,1788367200,1788367201,4368.586,4368.641,4364.305,4365.024,260
1788367500,1788367500,1788367501,4364.967,4366.59,4364.535,4365.777,260
1788367800,1788367800,1788367801,4366.035,4370.634,4364.528,4369.811,260
1788368100,1788368100,1788368101,4370.006,4370.43,4367.734,4368.447,260
1788368400,1788368400,1788368401,4368.332,4370.623,4367.651,4370.623,260
1788368700,1788368700,1788368701,4370.701,4371.256,4368.864,4370.13,260
1788369000,1788369000,1788369001,4369.836,4370.643,4367.349,4368.861,260
1788369300,1788369300,1788369301,4368.747,4369.008,4364.408,4365.214,260
1788369600,1788369600,1788369601,4365.092,4367.465,4364.694,4366.848,260
1788369900,1788369900,1788369901,4366.904,4369.975,4366.771,4369.975,260
1788370200,1788370200,1788370201,4370.02,4371.699,4367.916,4368.18,260
1788370500,1788370500,1788370501,4368.147,4369.627,4366.493,4366.7,260
1788370800,1788370800,1788370801,4366.663,4377.669,4366.455,4376.634,260
1788371100,1788371100,1788371101,4376.304,4380.836,4375.241,4375.839,260
1788371400,1788371400,1788371401,4376.159,4377.661,4375.237,4376.32,260
1788371700,1788371700,1788371701,4376.268,4378.43,4375.609,4376.779,260
1788372000,1788372000,1788372001,4376.901,4377.724,4372.173,4374.911,260
1788372300,1788372300,1788372301,4374.879,4375.841,4373.179,4373.63,260
1788372600,1788372600,1788372601,4373.673,4374.16,4369.966,4370.328,260
1788372900,1788372900,1788372901,4370.273,4379.732,4369.158,4377.381,260
1788373200,1788373200,1788373201,4377.351,4379.858,4372.054,4373.307,260
1788373500,1788373500,1788373501,4373.251,4373.946,4371.847,4372.952,260
1788373800,1788373800,1788373801,4373.166,4378.096,4372.596,4376.655,260
1788374100,1788374100,1788374101,4376.781,4377.965,4375.118,4376.039,260
1788374400,1788374400,1788374401,4376.276,4376.624,4372.559,4373.179,260
1788374700,1788374700,1788374701,4373.124,4374.542,4372.441,4374.04,260
1788375000,1788375000,1788375001,4374.029,4375.956,4373.569,4374.876,260
1788375300,1788375300,1788375301,4374.939,4375.424,4372.579,4374.219,260
1788375600,1788375600,1788375601,4374.268,4375.277,4371.597,4375.007,260
1788375900,1788375900,1788375901,4375.003,4377.465,4374.566,4376.908,240
1788376200,1788376200,1788376201,4376.923,4380.265,4376.217,4379.064,260
1788376500,1788376500,1788376501,4379.121,4380.066,4378.13,4379.617,260
1788376800,1788376800,1788376801,4379.517,4380.8,4378.193,4380.029,260
1788377100,1788377100,1788377101,4380.037,4383.198,4379.688,4381.011,260
1788377400,1788377400,1788377401,4381.079,4384.175,4381.079,4383.895,260
1788377700,1788377700,1788377701,4383.827,4384.207,4381.176,4384.207,260
1788378000,1788378000,1788378001,4384.154,4388.704,4383.349,4388.094,260
1788378300,1788378300,1788378301,4387.884,4388.969,4384.787,4386.61,260
1788378600,1788378600,1788378601,4386.699,4389.695,4385.799,4387.506,260
1788378900,1788378900,1788378901,4387.452,4391.339,4386.094,4391.102,260
1788379200,1788379200,1788379201,4391.046,4391.691,4388.526,4390.284,260
1788379500,1788379500,1788379501,4390.281,4391.09,4387.57,4387.892,260
1788379800,1788379800,1788379801,4387.947,4388.773,4385.806,4386.04,260
1788380100,1788380100,1788380101,4386.095,4386.364,4383.903,4385.102,260
1788380400,1788380400,1788380401,4384.809,4385.847,4384.357,4385.528,260
1788380700,1788380700,1788380701,4385.634,4387.853,4385.13,4386.353,260
1788381000,1788381000,1788381001,4386.294,4387.91,4385.483,4387.424,260
1788381300,1788381300,1788381301,4387.477,4387.732,4386.736,4387.306,260
1788381600,1788381600,1788381601,4387.268,4389.8,4387.165,4387.826,260
1788381900,1788381900,1788381901,4387.88,4389.701,4387.373,4388.841,260
1788382200,1788382200,1788382201,4389.043,4390.768,4388.823,4389.192,260
1788382500,1788382500,1788382501,4389.281,4389.421,4387.565,4387.565,260
1788386400,1788386400,1788386401,4391.577,4393.324,4389.95,4391.189,260
1788386700,1788386700,1788386701,4391.081,4391.925,4390.276,4390.522,260
1788387000,1788387000,1788387001,4390.473,4391.573,4390.103,4390.126,260
1788387300,1788387300,1788387301,4390.088,4390.208,4387.75,4388.548,260
1788387600,1788387600,1788387601,4388.597,4389.586,4388.025,4389.586,260
1788387900,1788387900,1788387901,4389.455,4390.862,4388.852,4389.707,260
1788388200,1788388200,1788388201,4389.927,4389.98,4387.666,4387.864,260
1788388500,1788388500,1788388501,4388.198,4388.48,4387.098,4387.361,260
1788388800,1788388800,1788388801,4387.303,4387.959,4384.912,4385.283,260
1788389100,1788389100,1788389101,4385.337,4385.381,4383.491,4384.247,260
1788389400,1788389400,1788389401,4384.26,4385.273,4383.808,4384.663,260
1788389700,1788389700,1788389701,4384.35,4385.052,4384.324,4384.564,240
1788390000,1788390000,1788390001,4384.621,4386.507,4384.11,4386.332,260
1788390300,1788390300,1788390301,4386.643,4386.82,4384.924,4386.813,260
1788390600,1788390600,1788390601,4386.568,4386.892,4383.74,4384.181,260
1788390900,1788390900,1788390901,4384.21,4384.308,4382.217,4382.248,260
1788391200,1788391200,1788391201,4382.514,4383.228,4382.113,4382.847,260
1788391500,1788391500,1788391501,4383.104,4383.142,4381.773,4382.169,240
1788391800,1788391800,1788391801,4382.102,4383.859,4381.419,4383.133,260
1788392100,1788392100,1788392101,4383.204,4383.616,4381.193,4383.265,260
1788392400,1788392400,1788392401,4383.274,4385.566,4383.211,4385.111,260
1788392700,1788392700,1788392701,4385.423,4388.861,4384.533,4386.769,260
1788393000,1788393000,1788393001,4386.782,4387.617,4384.409,4384.814,260
1788393300,1788393300,1788393301,4384.817,4387.069,4384.374,4385.397,240
1788393600,1788393600,1788393601,4385.81,4389.69,4384.577,4389.205,260
1788393900,1788393900,1788393901,4389.08,4390.981,4384.812,4387.191,260
1788394200,1788394200,1788394201,4387.244,4392.611,4387.03,4390.204,260
1788394500,1788394500,1788394501,4390.325,4390.407,4385.122,4386.789,260
1788394800,1788394800,1788394801,4386.783,4387.993,4385.316,4387.924,260
1788395100,1788395100,1788395101,4387.612,4390.138,4386.856,4387.261,260
1788395400,1788395400,1788395401,4387.286,4387.286,4382.747,4382.935,260
1788395700,1788395700,1788395701,4383.004,4389.778,4382.419,4389.257,260
1788396000,1788396000,1788396001,4389.311,4390.002,4386.93,4387.611,260
1788396300,1788396300,1788396301,4387.669,4390.044,4385.781,4389.833,260
1788396600,1788396600,1788396601,4389.887,4393.922,4389.196,4391.802,260
1788396900,1788396900,1788396901,4391.727,4397.979,4390.497,4395.3,260
1788397200,1788397200,1788397201,4395.355,4397.187,4387.181,4395.444,260
1788397500,1788397500,1788397501,4395.388,4403.042,4392.615,4402.553,260
1788397800,1788397800,1788397801,4402.414,4409.487,4400.863,4401.499,260
1788398100,1788398100,1788398101,4401.441,4403.842,4396.671,4398.447,260
1788398400,1788398400,1788398401,4398.396,4402.898,4395.01,4396.14,260
1788398700,1788398700,1788398701,4396.02,4402.251,4393.781,4401.481,260
1788399000,1788399000,1788399001,4401.426,4409.295,4401.275,4408.946,260
1788399300,1788399300,1788399301,4409.118,4409.484,4404.725,4408.061,260
1788399600,1788399600,1788399601,4407.817,4407.942,4400.188,4400.914,260
1788399900,1788399900,1788399901,4400.857,4408.327,4400.105,4407.312,260
1788400200,1788400200,1788400201,4407.272,4408.017,4404.367,4407.377,260
1788400500,1788400500,1788400501,4407.432,4412.272,4407.056,4410.287,260
1788400800,1788400800,1788400801,4410.443,4415.452,4409.366,4410.848,260
1788401100,1788401100,1788401101,4410.771,4412.961,4408.925,4410.196,260
1788401400,1788401400,1788401401,4410.139,4413.577,4409.622,4411.128,260
1788401700,1788401700,1788401701,4411.308,4413.465,4409.096,4410.285,260
1788402000,1788402000,1788402001,4410.005,4412.59,4406.583,4409.743,260
1788402300,1788402300,1788402301,4409.561,4411.775,4407.559,4411.338,260
1788402600,1788402600,1788402601,4411.283,4417.276,4409.266,4415.608,260
1788402900,1788402900,1788402901,4415.45,4418.156,4413.904,4416.226,260
1788403200,1788403200,1788403201,4416.391,4416.869,4412.621,4413.632,260
1788403500,1788403500,1788403501,4413.747,4417.389,4411.542,4417.142,260
1788403800,1788403800,1788403801,4417.022,4419.97,4415.777,4419.591,260
1788404100,1788404100,1788404101,4419.566,4420.565,4418.75,4420.519,260
1788404400,1788404400,1788404401,4420.222,4425.174,4419.25,4424.263,260
1788404700,1788404700,1788404701,4424.128,4426.242,4423.807,4424.966,260
1788405000,1788405000,1788405001,4424.953,4430.241,4423.754,4428.664,260
1788405300,1788405300,1788405301,4428.602,4430.343,4425.482,4426.388,260
1788405600,1788405600,1788405601,4426.456,4427.203,4424.685,4426.675,260
1788405900,1788405900,1788405901,4426.622,4431.387,4425.419,4429.205,260
1788406200,1788406200,1788406201,4429.216,4432.286,4429.216,4431.764,260
1788406500,1788406500,1788406501,4431.635,4431.764,4429.042,4430.353,260
1788406800,1788406800,1788406801,4430.378,4430.608,4426.663,4426.663,260
1788407100,1788407100,1788407101,4426.658,4428.643,4425.369,4426.97,260
1788407400,1788407400,1788407401,4427.067,4430.782,4425.994,4430.317,260
1788407700,1788407700,1788407701,4430.262,4432.598,4429.469,4431.26,260
1788408000,1788408000,1788408001,4431.205,4431.909,4427.067,4427.242,260
1788408300,1788408300,1788408301,4427.183,4433.987,4425.534,4433.726,260
1788408600,1788408600,1788408601,4433.405,4435.83,4430.433,4431.326,260
1788408900,1788408900,1788408901,4431.323,4431.576,4429.853,4430.998,260
1788409200,1788409200,1788409201,4430.733,4434.078,4430.628,4433.438,260
1788409500,1788409500,1788409501,4433.458,4436.984,4433.458,4436.614,260
1788409800,1788409800,1788409801,4436.67,4437.372,4435.305,4436.951,260
1788410100,1788410100,1788410101,4436.931,4438.511,4435.936,4437.838,260
1788410400,1788410400,1788410401,4438.013,4438.15,4436.443,4437.869,260
1788410700,1788410700,1788410701,4437.792,4438.177,4436.046,4436.108,260
1788411000,1788411000,1788411001,4436.133,4436.647,4434.983,4435.482,260
1788411300,1788411300,1788411301,4435.75,4437.856,4433.871,4437.198,260
1788411600,1788411600,1788411601,4437.18,4440.37,4436.065,4436.166,260
1788411900,1788411900,1788411901,4436.502,4436.611,4430.541,4430.813,260
1788412200,1788412200,1788412201,4430.931,4432.795,4428.72,4429.664,260
1788412500,1788412500,1788412501,4429.638,4430.944,4427.093,4428.713,260
1788412800,1788412800,1788412801,4428.774,4428.774,4422.591,4425.434,260
1788413100,1788413100,1788413101,4425.492,4427.49,4422.694,4424.991,260
1788413400,1788413400,1788413401,4425.244,4432.447,4422.169,4430.562,260
1788413700,1788413700,1788413701,4430.616,4432.337,4425.233,4428.378,260
1788414000,1788414000,1788414001,4428.323,4432.352,4425.467,4432.15,260
1788414300,1788414300,1788414301,4432.205,4436.469,4428.389,4435.22,260
1788414600,1788414600,1788414601,4435.278,4439.169,4432.607,4433.495,260
1788414900,1788414900,1788414901,4433.551,4436.558,4430.381,4431.096,260
1788415200,1788415200,1788415201,4431.05,4433.974,4428.519,4430.337,260
1788415500,1788415500,1788415501,4430.422,4436.381,4429.403,4431.541,260
1788415800,1788415800,1788415801,4431.594,4431.666,4425.713,4427.032,260
1788416100,1788416100,1788416101,4427.102,4430.797,4424.969,4425.943,260
1788416400,1788416400,1788416401,4425.944,4427.118,4418.85,4419.194,260
1788416700,1788416700,1788416701,4419.317,4423.936,4418.793,4421.371,260
1788417000,1788417000,1788417001,4421.432,4423.455,4420.418,4422.96,260
1788417300,1788417300,1788417301,4422.846,4425.798,4422.268,4422.506,260
1788417600,1788417600,1788417601,4422.453,4426.16,4422.387,4425.62,260
1788417900,1788417900,1788417901,4425.562,4428.893,4425.094,4426.336,260
1788418200,1788418200,1788418201,4426.276,4426.276,4422.832,4422.832,260
1788418500,1788418500,1788418501,4422.738,4424.151,4420.536,4420.713,260
1788418800,1788418800,1788418801,4420.539,4431.382,4418.985,4431.382,260
1788419100,1788419100,1788419101,4431.228,4431.613,4423.727,4425.211,260
1788419400,1788419400,1788419401,4425.154,4425.468,4421.55,4422.101,260
1788419700,1788419700,1788419701,4422.091,4426.767,4421.748,4425.194,260
1788420000,1788420000,1788420001,4425.086,4430.099,4424.348,4429.472,260
1788420300,1788420300,1788420301,4429.507,4430.039,4425.294,4426.559,260
1788420600,1788420600,1788420601,4426.534,4428.664,4426.164,4427.787,260
1788420900,1788420900,1788420901,4427.917,4430.708,4423.53,4427.542,260
1788421200,1788421200,1788421201,4427.416,4430.855,4426.544,4426.859,260
1788421500,1788421500,1788421501,4426.848,4428.846,4424.201,4426.385,260
1788421800,1788421800,1788421801,4426.152,4431.175,4424.632,4430.45,260
1788422100,1788422100,1788422101,4430.373,4430.373,4428.086,4428.596,260
1788422400,1788422400,1788422401,4428.571,4441.427,4427.918,4436.789,260
1788422700,1788422700,1788422701,4436.819,4443.731,4435.19,4435.381,260
1788423000,1788423000,1788423001,4435.478,4435.663,4430.953,4431.559,260
1788423300,1788423300,1788423301,4431.497,4438.536,4430.87,4437.833,260
1788423600,1788423600,1788423601,4437.799,4439.421,4435.035,4437.621,260
1788423900,1788423900,1788423901,4437.403,4438.742,4435.116,4438.018,260
1788424200,1788424200,1788424201,4438.229,4439.631,4435.788,4439.166,260
1788424500,1788424500,1788424501,4439.222,4439.776,4434.0,4434.0,260
1788424800,1788424800,1788424801,4434.22,4435.423,4431.353,4434.224,260
1788425100,1788425100,1788425101,4434.285,4440.067,4434.285,4438.186,260
1788425400,1788425400,1788425401,4438.176,4438.479,4434.291,4435.506,260
1788425700,1788425700,1788425701,4435.561,4437.538,4433.842,4435.031,260
1788426000,1788426000,1788426001,4435.086,4437.934,4433.992,4437.106,260
1788426300,1788426300,1788426301,4437.112,4441.876,4434.923,4439.798,260
1788426600,1788426600,1788426601,4439.98,4440.144,4437.855,4438.102,260
1788426900,1788426900,1788426901,4438.153,4438.44,4434.352,4434.727,260
1788427200,1788427200,1788427201,4434.754,4435.485,4432.062,4432.676,260
1788427500,1788427500,1788427501,4432.623,4435.762,4432.049,4435.33,260
1788427800,1788427800,1788427801,4435.094,4437.795,4433.456,4436.922,260
1788428100,1788428100,1788428101,4436.88,4438.088,4430.624,4432.611,260
1788428400,1788428400,1788428401,4432.715,4434.196,4429.529,4430.166,260
1788428700,1788428700,1788428701,4429.874,4430.247,4427.079,4428.88,260
1788429000,1788429000,1788429001,4428.822,4430.595,4426.474,4427.124,260
1788429300,1788429300,1788429301,4427.165,4429.315,4425.609,4427.385,260
1788429600,1788429600,1788429601,4427.633,4428.569,4425.402,4427.398,260
1788429900,1788429900,1788429901,4427.451,4429.77,4424.996,4424.996,260
1788430200,1788430200,1788430201,4425.05,4425.82,4422.993,4424.548,260
1788430500,1788430500,1788430501,4424.478,4425.745,4421.722,4422.112,260
1788430800,1788430800,1788430801,4422.058,4423.018,4418.844,4420.033,260
1788431100,1788431100,1788431101,4420.101,4424.099,4420.101,4422.305,260
1788431400,1788431400,1788431401,4422.514,4424.048,4419.98,4422.491,260
1788431700,1788431700,1788431701,4422.641,4424.879,4422.085,4424.275,260
1788432000,1788432000,1788432001,4424.575,4426.392,4423.947,4425.407,260
1788432300,1788432300,1788432301,4425.339,4426.581,4423.908,4424.425,260
1788432600,1788432600,1788432601,4424.299,4427.88,4423.878,4427.812,260
1788432900,1788432900,1788432901,4427.759,4428.554,4426.73,4427.368,260
1788433200,1788433200,1788433201,4427.307,4429.183,4424.855,4426.503,260
1788433500,1788433500,1788433501,4426.448,4431.103,4425.74,4430.638,260
1788433800,1788433800,1788433801,4430.575,4432.699,4429.917,4432.527,260
1788434100,1788434100,1788434101,4432.586,4438.303,4432.194,4434.042,260
1788434400,1788434400,1788434401,4434.097,4434.652,4430.584,4431.423,260
1788434700,1788434700,1788434701,4431.489,4435.333,4430.144,4434.256,260
1788435000,1788435000,1788435001,4434.484,4435.502,4426.239,4434.189,260
1788435300,1788435300,1788435301,4434.242,4436.8,4434.114,4435.601,260
1788435600,1788435600,1788435601,4435.544,4439.311,4435.334,4438.585,260
1788435900,1788435900,1788435901,4438.606,4440.74,4436.5,4439.056,260
1788436200,1788436200,1788436201,4439.118,4441.763,4437.901,4439.856,260
1788436500,1788436500,1788436501,4439.969,4445.787,4439.583,4444.004,260
1788436800,1788436800,1788436801,4443.926,4448.525,4440.96,4448.16,260
1788437100,1788437100,1788437101,4448.181,4448.975,4444.949,4448.588,260
1788437400,1788437400,1788437401,4448.534,4450.252,4443.063,4443.948,260
1788437700,1788437700,1788437701,4443.889,4444.697,4440.63,4441.411,260
1788438000,1788438000,1788438001,4441.473,4449.234,4437.806,4446.679,260
1788438300,1788438300,1788438301,4446.39,4448.91,4445.914,4446.649,260
1788438600,1788438600,1788438601,4446.635,4469.989,4446.635,4466.908,260
1788438900,1788438900,1788438901,4466.838,4478.828,4459.626,4475.356,260
1788439200,1788439200,1788439201,4475.445,4477.578,4464.834,4467.821,260
1788439500,1788439500,1788439501,4467.655,4480.171,4465.311,4479.802,260
1788439800,1788439800,1788439801,4479.871,4492.257,4479.229,4490.909,260
1788440100,1788440100,1788440101,4490.847,4495.176,4489.62,4493.266,260
1788440400,1788440400,1788440401,4493.392,4496.145,4488.15,4490.096,260
1788440700,1788440700,1788440701,4490.192,4494.032,4485.769,4488.21,260
1788441000,1788441000,1788441001,4488.153,4490.287,4484.617,4485.799,260
1788441300,1788441300,1788441301,4485.702,4487.949,4479.049,4479.911,260
1788441600,1788441600,1788441601,4479.857,4484.406,4478.215,4483.408,260
1788441900,1788441900,1788441901,4483.249,4483.787,4476.793,4479.89,260
1788442200,1788442200,1788442201,4480.042,4482.402,4473.924,4477.627,260
1788442500,1788442500,1788442501,4477.57,4479.9,4472.368,4475.554,260
1788442800,1788442800,1788442801,4475.622,4475.808,4468.061,4470.207,260
1788443100,1788443100,1788443101,4470.255,4470.361,4456.541,4458.313,260
1788443400,1788443400,1788443401,4458.125,4464.638,4458.109,4463.788,260
1788443700,1788443700,1788443701,4463.666,4470.909,4462.283,4470.578,260
1788444000,1788444000,1788444001,4470.634,4470.634,4458.207,4465.406,260
1788444300,1788444300,1788444301,4465.352,4472.999,4461.986,4464.408,260
1788444600,1788444600,1788444601,4464.31,4469.99,4461.319,4469.062,260
1788444900,1788444900,1788444901,4469.391,4477.58,4469.055,4476.345,260
1788445200,1788445200,1788445201,4476.729,4480.866,4471.881,4475.997,260
1788445500,1788445500,1788445501,4476.052,4478.277,4470.558,4477.445,260
1788445800,1788445800,1788445801,4477.384,4479.85,4470.397,4470.969,260
1788446100,1788446100,1788446101,4470.909,4474.182,4468.36,4469.415,260
1788446400,1788446400,1788446401,4469.314,4474.984,4466.059,4473.088,260
1788446700,1788446700,1788446701,4472.981,4480.093,4472.861,4474.322,260
1788447000,1788447000,1788447001,4474.196,4479.389,4474.196,4476.727,260
1788447300,1788447300,1788447301,4476.793,4485.401,4470.51,4485.401,260
1788447600,1788447600,1788447601,4485.522,4500.335,4484.078,4498.014,260
1788447900,1788447900,1788447901,4497.965,4504.112,4496.721,4498.052,260
1788448200,1788448200,1788448201,4498.109,4504.245,4495.327,4503.527,260
1788448500,1788448500,1788448501,4503.475,4510.953,4501.469,4510.068,260
1788448800,1788448800,1788448801,4510.013,4510.851,4503.564,4504.456,260
1788449100,1788449100,1788449101,4504.73,4508.077,4503.867,4506.259,260
1788449400,1788449400,1788449401,4506.367,4509.802,4499.881,4502.943,260
1788449700,1788449700,1788449701,4503.338,4504.975,4495.309,4496.667,260
1788450000,1788450000,1788450001,4496.76,4498.615,4494.679,4494.746,260
1788450300,1788450300,1788450301,4494.869,4495.666,4487.523,4488.474,260
1788450600,1788450600,1788450601,4488.402,4492.162,4487.237,4490.292,260
1788450900,1788450900,1788450901,4490.238,4493.305,4485.94,4493.114,260
1788451200,1788451200,1788451201,4493.445,4493.656,4490.141,4490.699,260
1788451500,1788451500,1788451501,4490.754,4493.327,4487.504,4492.083,260
1788451800,1788451800,1788451801,4491.964,4495.41,4491.964,4493.803,260
1788452100,1788452100,1788452101,4494.134,4494.873,4491.201,4493.656,260
1788452400,1788452400,1788452401,4493.712,4494.267,4490.862,4493.109,260
1788452700,1788452700,1788452701,4493.053,4494.471,4490.326,4493.178,260
1788453000,1788453000,1788453001,4493.253,4495.467,4489.176,4490.847,260
1788453300,1788453300,1788453301,4490.831,4491.902,4489.744,4491.043,260
1788453600,1788453600,1788453601,4490.922,4491.411,4486.729,4487.992,260
1788453900,1788453900,1788453901,4487.659,4491.1,4487.075,4488.538,260
1788454200,1788454200,1788454201,4488.593,4490.255,4485.319,4486.996,260
1788454500,1788454500,1788454501,4487.15,4488.643,4485.791,4486.336,260
1788454800,1788454800,1788454801,4486.395,4487.767,4483.081,4486.95,260
1788455100,1788455100,1788455101,4486.967,4488.83,4485.444,4486.026,260
1788455400,1788455400,1788455401,4486.014,4488.327,4485.499,4487.713,260
1788455700,1788455700,1788455701,4487.787,4488.281,4485.029,4487.422,260
1788456000,1788456000,1788456001,4487.418,4491.418,4486.797,4490.855,260
1788456300,1788456300,1788456301,4490.919,4493.831,4489.797,4492.954,260
1788456600,1788456600,1788456601,4492.895,4494.092,4490.713,4491.667,260
1788456900,1788456900,1788456901,4491.704,4494.034,4491.444,4492.767,260
1788457200,1788457200,1788457201,4492.824,4493.579,4491.63,4491.969,260
1788457500,1788457500,1788457501,4491.972,4494.753,4490.835,4491.453,260
1788457800,1788457800,1788457801,4491.224,4491.52,4488.159,4489.9,260
1788458100,1788458100,1788458101,4489.822,4490.581,4486.475,4486.645,260
1788458400,1788458400,1788458401,4486.632,4489.828,4486.551,4489.046,260
1788458700,1788458700,1788458701,4489.031,4489.175,4484.449,4488.027,260
1788459000,1788459000,1788459001,4488.152,4489.317,4483.953,4483.953,260
1788459300,1788459300,1788459301,4483.859,4486.883,4483.859,4486.214,260
1788459600,1788459600,1788459601,4486.209,4488.183,4481.87,4483.706,260
1788459900,1788459900,1788459901,4483.638,4484.635,4479.801,4479.887,260
1788460200,1788460200,1788460201,4479.948,4480.746,4475.844,4479.107,260
1788460500,1788460500,1788460501,4479.053,4482.895,4478.629,4482.604,260
1788460800,1788460800,1788460801,4482.319,4482.876,4480.499,4481.439,260
1788461100,1788461100,1788461101,4481.347,4482.911,4477.448,4478.822,260
1788461400,1788461400,1788461401,4478.591,4479.421,4475.208,4475.208,260
1788461700,1788461700,1788461701,4475.264,4476.407,4473.87,4475.061,260
1788462000,1788462000,1788462001,4475.008,4476.649,4473.67,4474.754,260
1788462300,1788462300,1788462301,4474.815,4476.466,4473.951,4476.099,260
1788462600,1788462600,1788462601,4476.094,4477.033,4472.767,4474.241,260
1788462900,1788462900,1788462901,4474.208,4476.824,4473.789,4476.173,260
1788463200,1788463200,1788463201,4476.155,4476.481,4474.038,4474.377,260
1788463500,1788463500,1788463501,4474.359,4475.947,4472.551,4475.947,260
1788463800,1788463800,1788463801,4476.01,4477.82,4473.929,4473.929,260
1788464100,1788464100,1788464101,4474.218,4476.21,4474.023,4475.327,260
1788464400,1788464400,1788464401,4475.336,4478.883,4475.244,4477.647,260
1788464700,1788464700,1788464701,4477.562,4480.823,4477.329,4479.482,260
1788465000,1788465000,1788465001,4479.604,4479.604,4476.605,4477.865,260
1788465300,1788465300,1788465301,4477.561,4478.638,4473.134,4475.306,260
1788465600,1788465600,1788465601,4475.096,4475.806,4471.49,4472.161,260
1788465900,1788465900,1788465901,4472.087,4473.821,4471.455,4473.235,260
1788466200,1788466200,1788466201,4473.174,4473.515,4471.551,4471.923,260
1788466500,1788466500,1788466501,4471.931,4472.012,4470.376,4471.071,260
1788466800,1788466800,1788466801,4471.064,4471.492,4470.502,4470.761,260
1788467100,1788467100,1788467101,4471.051,4472.677,4470.843,4471.857,260
1788467400,1788467400,1788467401,4471.783,4472.616,4471.213,4472.31,260
1788467700,1788467700,1788467701,4472.395,4472.765,4471.039,4471.714,260
1788468000,1788468000,1788468001,4471.577,4472.911,4471.145,4472.322,260
1788468300,1788468300,1788468301,4472.303,4473.296,4471.664,4472.868,260
1788468600,1788468600,1788468601,4472.817,4474.026,4472.591,4473.392,260
1788468900,1788468900,1788468901,4473.397,4473.975,4473.033,4473.258,260
1788472800,1788472800,1788472801,4475.526,4477.3,4472.794,4476.531,260
1788473100,1788473100,1788473101,4476.519,4477.103,4475.223,4475.438,260
1788473400,1788473400,1788473401,4475.562,4478.354,4474.042,4478.258,260
1788473700,1788473700,1788473701,4478.288,4478.842,4476.279,4476.754,260
1788474000,1788474000,1788474001,4476.757,4476.825,4474.651,4474.985,260
1788474300,1788474300,1788474301,4474.946,4475.795,4474.038,4475.139,260
1788474600,1788474600,1788474601,4474.833,4476.748,4474.022,4474.905,260
1788474900,1788474900,1788474901,4474.895,4474.996,4472.7,4472.861,260
1788475200,1788475200,1788475201,4472.807,4476.493,4472.645,4473.759,260
1788475500,1788475500,1788475501,4474.052,4475.066,4471.185,4474.419,260
1788475800,1788475800,1788475801,4474.202,4475.766,4472.153,4474.464,260
1788476100,1788476100,1788476101,4474.775,4475.294,4473.673,4474.546,260
1788476400,1788476400,1788476401,4474.454,4476.65,4474.32,4476.65,260
1788476700,1788476700,1788476701,4476.354,4477.782,4472.473,4475.973,260
1788477000,1788477000,1788477001,4475.715,4476.225,4473.831,4474.299,260
1788477300,1788477300,1788477301,4474.299,4475.198,4471.553,4473.328,260
1788477600,1788477600,1788477601,4473.328,4473.595,4472.026,4472.409,260
1788477900,1788477900,1788477901,4472.378,4474.537,4472.226,4473.943,260
1788478200,1788478200,1788478201,4473.946,4476.068,4473.407,4474.904,260
1788478500,1788478500,1788478501,4474.776,4478.422,4474.582,4477.949,260
1788478800,1788478800,1788478801,4477.965,4478.416,4476.615,4477.206,260
1788479100,1788479100,1788479101,4477.48,4477.48,4474.717,4475.051,260
1788479400,1788479400,1788479401,4475.047,4479.623,4475.044,4477.229,260
1788479700,1788479700,1788479701,4477.087,4480.366,4477.02,4479.842,260
1788480000,1788480000,1788480001,4480.11,4481.023,4477.975,4480.782,260
1788480300,1788480300,1788480301,4480.854,4483.248,4479.544,4480.021,260
1788480600,1788480600,1788480601,4480.024,4483.324,4479.275,4480.845,260
1788480900,1788480900,1788480901,4480.9,4481.123,4476.31,4477.175,260
1788481200,1788481200,1788481201,4477.128,4479.7,4476.274,4477.619,260
1788481500,1788481500,1788481501,4477.794,4477.794,4474.045,4474.666,260
1788481800,1788481800,1788481801,4474.666,4479.548,4472.665,4479.257,260
1788482100,1788482100,1788482101,4479.237,4479.639,4476.038,4476.049,260
1788482400,1788482400,1788482401,4476.319,4482.105,4475.75,4482.075,260
1788482700,1788482700,1788482701,4482.087,4485.044,4481.399,4481.399,260
1788483000,1788483000,1788483001,4481.182,4484.331,4480.54,4482.163,260
1788483300,1788483300,1788483301,4482.108,4487.191,4481.52,4486.168,260
1788483600,1788483600,1788483601,4486.253,4487.532,4477.832,4478.181,260
1788483900,1788483900,1788483901,4478.126,4480.209,4475.07,4477.684,260
1788484200,1788484200,1788484201,4477.858,4483.129,4474.217,4475.045,260
1788484500,1788484500,1788484501,4474.962,4478.841,4474.429,4475.929,260
1788484800,1788484800,1788484801,4475.985,4478.999,4474.238,4474.768,260
1788485100,1788485100,1788485101,4474.824,4475.98,4467.811,4471.196,260
1788485400,1788485400,1788485401,4470.921,4473.143,4469.001,4469.842,260
1788485700,1788485700,1788485701,4469.896,4476.639,4467.967,4473.308,260
1788486000,1788486000,1788486001,4473.197,4477.016,4471.033,4473.752,260
1788486300,1788486300,1788486301,4474.019,4474.019,4466.846,4468.724,260
1788486600,1788486600,1788486601,4468.406,4473.998,4467.994,4473.465,260
1788486900,1788486900,1788486901,4473.45,4480.416,4473.389,4478.653,260
1788487200,1788487200,1788487201,4478.697,4482.602,4478.217,4480.823,260
1788487500,1788487500,1788487501,4480.7,4480.856,4477.389,4478.516,260
1788487800,1788487800,1788487801,4478.528,4480.378,4476.957,4479.416,260
1788488100,1788488100,1788488101,4479.311,4480.155,4476.852,4478.231,260
1788488400,1788488400,1788488401,4478.491,4478.544,4473.717,4477.116,260
1788488700,1788488700,1788488701,4477.012,4477.722,4471.461,4473.78,260
1788489000,1788489000,1788489001,4473.724,4476.145,4470.885,4471.067,260
1788489300,1788489300,1788489301,4470.738,4477.218,4470.129,4476.52,260
1788489600,1788489600,1788489601,4476.301,4477.407,4470.724,4470.843,260
1788489900,1788489900,1788489901,4470.684,4476.185,4469.963,4475.81,260
1788490200,1788490200,1788490201,4475.661,4479.55,4475.088,4479.386,260
1788490500,1788490500,1788490501,4479.327,4480.835,4475.74,4477.413,260
1788490800,1788490800,1788490801,4477.537,4478.776,4475.391,4476.12,260
1788491100,1788491100,1788491101,4475.837,4476.275,4471.349,4472.042,260
1788491400,1788491400,1788491401,4471.925,4473.748,4470.094,4473.391,260
1788491700,1788491700,1788491701,4473.339,4474.117,4471.273,4473.064,260
1788492000,1788492000,1788492001,4472.791,4474.712,4472.005,4473.71,260
1788492300,1788492300,1788492301,4473.599,4474.554,4471.671,4472.244,260
1788492600,1788492600,1788492601,4472.355,4475.3,4472.306,4474.954,260
1788492900,1788492900,1788492901,4474.669,4475.139,4472.306,4472.958,260
1788493200,1788493200,1788493201,4472.88,4473.4,4468.983,4469.419,260
1788493500,1788493500,1788493501,4469.3,4470.233,4468.785,4469.358,260
1788493800,1788493800,1788493801,4469.355,4470.239,4467.437,4469.653,260
1788494100,1788494100,1788494101,4469.647,4469.987,4466.959,4467.11,260
1788494400,1788494400,1788494401,4466.786,4469.404,4465.343,4468.712,260
1788494700,1788494700,1788494701,4468.7,4469.798,4467.178,4468.227,260
1788495000,1788495000,1788495001,4468.168,4470.243,4467.431,4469.341,260
1788495300,1788495300,1788495301,4469.39,4469.782,4468.295,4469.439,260
1788495600,1788495600,1788495601,4469.431,4470.541,4468.533,4470.065,260
1788495900,1788495900,1788495901,4470.076,4472.383,4468.814,4471.771,260
1788496200,1788496200,1788496201,4471.501,4474.719,4471.47,4472.227,260
1788496500,1788496500,1788496501,4471.895,4474.999,4471.577,4474.261,260
1788496800,1788496800,1788496801,4474.26,4474.869,4473.19,4473.992,260
1788497100,1788497100,1788497101,4473.855,4474.521,4472.508,4473.159,260
1788497400,1788497400,1788497401,4473.216,4474.953,4473.145,4474.213,260
1788497700,1788497700,1788497701,4474.217,4474.585,4473.517,4473.797,260
1788498000,1788498000,1788498001,4473.519,4474.38,4470.612,4470.888,260
1788498300,1788498300,1788498301,4470.615,4471.838,4468.243,4469.308,260
1788498600,1788498600,1788498601,4469.301,4469.559,4467.294,4469.302,260
1788498900,1788498900,1788498901,4469.63,4475.297,4468.547,4473.768,260
1788499200,1788499200,1788499201,4473.899,4474.275,4470.053,4471.16,260
1788499500,1788499500,1788499501,4471.148,4471.356,4467.285,4467.451,260
1788499800,1788499800,1788499801,4467.78,4474.934,4466.69,4472.823,260
1788500100,1788500100,1788500101,4472.88,4476.802,4468.914,4476.197,260
1788500400,1788500400,1788500401,4476.286,4477.737,4470.328,4471.227,260
1788500700,1788500700,1788500701,4471.217,4473.048,4470.545,4470.874,260
1788501000,1788501000,1788501001,4470.807,4470.807,4467.223,4467.36,260
1788501300,1788501300,1788501301,4467.522,4472.236,4467.104,4471.912,260
1788501600,1788501600,1788501601,4471.985,4473.406,4468.966,4470.845,260
1788501900,1788501900,1788501901,4470.669,4471.941,4467.981,4469.836,260
1788502200,1788502200,1788502201,4469.506,4471.705,4466.495,4468.799,260
1788502500,1788502500,1788502501,4469.071,4469.254,4467.076,4468.986,260
1788502800,1788502800,1788502801,4468.965,4471.573,4466.575,4468.179,260
1788503100,1788503100,1788503101,4467.802,4471.763,4467.621,4468.987,260
1788503400,1788503400,1788503401,4468.93,4469.889,4464.478,4464.979,260
1788503700,1788503700,1788503701,4464.835,4466.581,4463.237,4465.954,260
1788504000,1788504000,1788504001,4466.09,4468.66,4463.938,4464.349,260
1788504300,1788504300,1788504301,4464.221,4464.368,4461.323,4461.821,260
1788504600,1788504600,1788504601,4461.82,4464.43,4461.165,4462.672,260
1788504900,1788504900,1788504901,4462.328,4463.645,4459.981,4462.849,260
1788505200,1788505200,1788505201,4462.787,4467.818,4461.357,4466.277,260
1788505500,1788505500,1788505501,4466.288,4469.349,4464.856,4468.445,260
1788505800,1788505800,1788505801,4468.508,4471.287,4467.785,4467.897,260
1788506100,1788506100,1788506101,4467.876,4469.04,4466.47,4468.655,260
1788506400,1788506400,1788506401,4468.967,4470.001,4466.645,4469.389,260
1788506700,1788506700,1788506701,4469.403,4472.804,4468.025,4472.468,260
1788507000,1788507000,1788507001,4472.53,4475.502,4472.53,4474.63,260
1788507300,1788507300,1788507301,4474.892,4476.484,4474.026,4474.961,260
1788507600,1788507600,1788507601,4474.967,4486.419,4474.397,4485.519,260
1788507900,1788507900,1788507901,4485.592,4490.905,4484.486,4487.874,260
1788508200,1788508200,1788508201,4487.799,4488.102,4482.576,4484.681,260
1788508500,1788508500,1788508501,4484.642,4486.605,4481.426,4483.478,260
1788508800,1788508800,1788508801,4483.536,4486.547,4483.267,4483.709,260
1788509100,1788509100,1788509101,4483.654,4483.952,4480.418,4480.892,260
1788509400,1788509400,1788509401,4481.016,4483.967,4479.126,4482.08,260
1788509700,1788509700,1788509701,4482.054,4484.109,4481.235,4482.59,260
1788510000,1788510000,1788510001,4482.503,4484.04,4479.956,4480.137,260
1788510300,1788510300,1788510301,4480.055,4482.516,4479.47,4481.066,260
1788510600,1788510600,1788510601,4481.181,4482.531,4477.886,4480.816,260
1788510900,1788510900,1788510901,4480.871,4481.684,4477.673,4478.649,260
1788511200,1788511200,1788511201,4478.367,4479.157,4477.245,4477.597,260
1788511500,1788511500,1788511501,4477.259,4478.575,4474.733,4474.916,260
1788511800,1788511800,1788511801,4474.898,4477.245,4474.251,4476.735,260
1788512100,1788512100,1788512101,4476.842,4479.924,4476.613,4477.808,260
1788512400,1788512400,1788512401,4477.828,4479.318,4476.324,4478.366,260
1788512700,1788512700,1788512701,4478.247,4478.39,4473.663,4475.131,260
1788513000,1788513000,1788513001,4475.075,4475.086,4468.923,4470.211,260
1788513300,1788513300,1788513301,4470.155,4470.752,4466.664,4467.034,260
1788513600,1788513600,1788513601,4467.025,4467.634,4463.832,4464.595,260
1788513900,1788513900,1788513901,4464.622,4466.691,4463.78,4466.564,260
1788514200,1788514200,1788514201,4466.509,4470.052,4464.561,4467.238,260
1788514500,1788514500,1788514501,4467.167,4469.784,4466.458,4467.61,260
1788514800,1788514800,1788514801,4467.676,4468.624,4465.761,4467.433,260
1788515100,1788515100,1788515101,4467.495,4469.702,4467.365,4469.021,260
1788515400,1788515400,1788515401,4469.023,4469.51,4467.048,4467.048,260
1788515700,1788515700,1788515701,4467.256,4469.595,4465.365,4465.642,260
1788516000,1788516000,1788516001,4465.315,4470.298,4465.222,4469.491,260
1788516300,1788516300,1788516301,4469.242,4470.928,4468.586,4470.494,260
1788516600,1788516600,1788516601,4470.477,4473.087,4469.006,4472.668,260
1788516900,1788516900,1788516901,4472.586,4473.422,4470.918,4471.758,260
1788517200,1788517200,1788517201,4471.647,4472.09,4468.06,4468.401,260
1788517500,1788517500,1788517501,4468.464,4473.634,4468.36,4471.07,260
1788517800,1788517800,1788517801,4471.126,4475.053,4470.669,4473.29,260
1788518100,1788518100,1788518101,4473.294,4473.628,4469.875,4473.162,260
1788518400,1788518400,1788518401,4473.229,4474.145,4472.47,4473.624,260
1788518700,1788518700,1788518701,4473.378,4476.467,4473.311,4474.707,260
1788519000,1788519000,1788519001,4474.795,4475.914,4473.324,4474.789,260
1788519300,1788519300,1788519301,4474.764,4475.21,4472.822,4472.896,260
1788519600,1788519600,1788519601,4472.951,4473.468,4470.406,4471.805,260
1788519900,1788519900,1788519901,4471.874,4472.25,4469.405,4470.824,260
1788520200,1788520200,1788520201,4471.004,4471.485,4469.472,4470.389,260
1788520500,1788520500,1788520501,4470.111,4470.702,4466.261,4466.852,260
1788520800,1788520800,1788520801,4466.856,4470.955,4466.568,4468.91,260
1788521100,1788521100,1788521101,4468.851,4468.851,4465.253,4465.46,260
1788521400,1788521400,1788521401,4465.766,4468.238,4465.246,4465.988,260
1788521700,1788521700,1788521701,4465.929,4469.553,4465.929,4468.336,260
1788522000,1788522000,1788522001,4468.39,4470.279,4465.828,4468.066,260
1788522300,1788522300,1788522301,4468.011,4470.409,4467.02,4467.602,260
1788522600,1788522600,1788522601,4467.576,4470.661,4467.18,4469.086,260
1788522900,1788522900,1788522901,4469.14,4469.888,4465.196,4466.818,260
1788523200,1788523200,1788523201,4466.807,4469.464,4464.855,4468.803,260
1788523500,1788523500,1788523501,4468.746,4470.553,4466.704,4467.415,260
1788523800,1788523800,1788523801,4467.476,4469.215,4464.486,4464.541,260
1788524100,1788524100,1788524101,4464.744,4468.204,4464.293,4467.631,260
1788524400,1788524400,1788524401,4467.75,4470.344,4464.269,4468.32,260
1788524700,1788524700,1788524701,4468.231,4476.485,4467.207,4473.375,260
1788525000,1788525000,1788525001,4472.71,4473.607,4378.846,4395.027,260
1788525300,1788525300,1788525301,4395.098,4398.986,4382.631,4392.027,260
1788525600,1788525600,1788525601,4391.968,4406.587,4386.959,4393.775,260
1788525900,1788525900,1788525901,4393.717,4397.905,4379.982,4397.019,260
1788526200,1788526200,1788526201,4396.92,4409.973,4395.203,4406.127,260
1788526500,1788526500,1788526501,4406.07,4408.957,4392.411,4393.614,260
1788526800,1788526800,1788526801,4393.833,4394.779,4365.418,4379.326,260
1788527100,1788527100,1788527101,4379.448,4390.221,4375.758,4387.906,260
1788527400,1788527400,1788527401,4387.96,4394.316,4381.949,4394.316,260
1788527700,1788527700,1788527701,4394.248,4400.033,4391.177,4398.573,260
1788528000,1788528000,1788528001,4398.446,4407.16,4396.806,4404.974,260
1788528300,1788528300,1788528301,4404.894,4414.629,4404.138,4412.343,260
1788528600,1788528600,1788528601,4412.416,4420.756,4411.929,4414.045,260
1788528900,1788528900,1788528901,4413.827,4417.804,4405.074,4407.42,260
1788529200,1788529200,1788529201,4407.361,4424.202,4407.037,4423.887,260
1788529500,1788529500,1788529501,4423.833,4434.817,4418.171,4429.602,260
1788529800,1788529800,1788529801,4429.669,4431.592,4420.872,4422.593,260
1788530100,1788530100,1788530101,4422.683,4426.94,4413.041,4413.041,260
1788530400,1788530400,1788530401,4413.278,4420.813,4411.881,4420.813,260
1788530700,1788530700,1788530701,4420.869,4427.251,4415.702,4423.739,260
1788531000,1788531000,1788531001,4423.565,4435.2,4419.228,4433.834,260
1788531300,1788531300,1788531301,4433.778,4437.163,4428.701,4432.108,260
1788531600,1788531600,1788531601,4432.027,4435.796,4426.683,4430.855,260
1788531900,1788531900,1788531901,4430.655,4437.526,4428.669,4429.079,260
1788532200,1788532200,1788532201,4429.134,4440.038,4429.076,4439.309,260
1788532500,1788532500,1788532501,4439.436,4442.38,4428.441,4429.751,260
1788532800,1788532800,1788532801,4429.695,4432.771,4425.241,4429.134,260
1788533100,1788533100,1788533101,4428.907,4432.07,4422.614,4427.836,260
1788533400,1788533400,1788533401,4427.775,4428.982,4417.228,4417.459,260
1788533700,1788533700,1788533701,4417.872,4429.939,4417.256,4427.224,260
1788534000,1788534000,1788534001,4427.626,4430.901,4422.746,4429.956,260
1788534300,1788534300,1788534301,4429.835,4439.333,4429.539,4436.611,260
1788534600,1788534600,1788534601,4436.94,4443.78,4434.635,4443.161,260
1788534900,1788534900,1788534901,4443.488,4448.628,4440.876,4447.739,260
1788535200,1788535200,1788535201,4447.685,4448.996,4439.996,4442.992,260
1788535500,1788535500,1788535501,4442.953,4446.159,4439.383,4439.935,260
1788535800,1788535800,1788535801,4439.776,4444.368,4438.261,4439.846,260
1788536100,1788536100,1788536101,4439.789,4441.231,4437.138,4437.83,260
1788536400,1788536400,1788536401,4437.776,4446.743,4436.457,4443.125,260
1788536700,1788536700,1788536701,4443.068,4444.927,4441.591,4444.032,260
1788537000,1788537000,1788537001,4443.851,4446.013,4439.085,4439.357,260
1788537300,1788537300,1788537301,4439.41,4441.019,4435.529,4436.648,260
1788537600,1788537600,1788537601,4436.719,4440.225,4436.294,4439.452,260
1788537900,1788537900,1788537901,4439.386,4440.467,4433.447,4433.936,260
1788538200,1788538200,1788538201,4433.544,4439.397,4431.967,4438.942,260
1788538500,1788538500,1788538501,4438.539,4443.432,4437.197,4441.452,260
1788538800,1788538800,1788538801,4441.728,4442.37,4435.571,4437.634,260
1788539100,1788539100,1788539101,4437.692,4438.415,4433.152,4434.3,260
1788539400,1788539400,1788539401,4434.236,4439.001,4433.365,4437.338,260
1788539700,1788539700,1788539701,4437.284,4438.395,4436.091,4437.356,260
1788540000,1788540000,1788540001,4437.397,4439.792,4435.394,4437.835,260
1788540300,1788540300,1788540301,4438.01,4440.349,4437.399,4439.712,260
1788540600,1788540600,1788540601,4439.808,4440.312,4435.905,4436.029,260
1788540900,1788540900,1788540901,4435.951,4438.099,4434.559,4436.09,260
1788541200,1788541200,1788541201,4436.427,4436.691,4429.934,4431.495,260
1788541500,1788541500,1788541501,4431.428,4433.822,4430.335,4432.07,260
1788541800,1788541800,1788541801,4432.343,4434.75,4431.722,4433.57,260
1788542100,1788542100,1788542101,4433.624,4438.94,4432.961,4438.179,260
1788542400,1788542400,1788542401,4438.236,4440.596,4431.155,4433.126,260
1788542700,1788542700,1788542701,4433.103,4433.409,4427.233,4428.356,260
1788543000,1788543000,1788543001,4428.485,4429.838,4422.854,4424.225,260
1788543300,1788543300,1788543301,4424.164,4425.482,4421.623,4422.315,260
1788543600,1788543600,1788543601,4422.306,4422.446,4416.214,4417.37,260
1788543900,1788543900,1788543901,4417.297,4420.321,4415.307,4419.461,260
1788544200,1788544200,1788544201,4419.404,4421.367,4418.465,4419.088,260
1788544500,1788544500,1788544501,4419.141,4419.617,4416.077,4416.268,260
1788544800,1788544800,1788544801,4416.44,4417.594,4411.789,4412.627,260
1788545100,1788545100,1788545101,4412.812,4418.186,4412.214,4417.602,260
1788545400,1788545400,1788545401,4417.577,4419.826,4416.24,4419.423,260
1788545700,1788545700,1788545701,4419.446,4422.501,4418.994,4419.341,260
1788546000,1788546000,1788546001,4419.232,4424.753,4419.033,4424.742,260
1788546300,1788546300,1788546301,4424.501,4426.839,4423.476,4424.87,260
1788546600,1788546600,1788546601,4424.949,4425.189,4422.871,4425.158,260
1788546900,1788546900,1788546901,4424.92,4425.376,4421.195,4422.694,260
1788547200,1788547200,1788547201,4422.706,4425.782,4421.95,4422.961,260
1788547500,1788547500,1788547501,4423.055,4424.482,4421.848,4423.883,260
1788547800,1788547800,1788547801,4423.91,4425.543,4423.372,4424.861,260
1788548100,1788548100,1788548101,4425.123,4425.793,4422.892,4423.763,260
1788548400,1788548400,1788548401,4423.991,4425.358,4422.331,4423.687,260
1788548700,1788548700,1788548701,4423.553,4425.438,4422.772,4425.099,260
1788549000,1788549000,1788549001,4425.397,4429.95,4424.646,4428.998,260
1788549300,1788549300,1788549301,4429.104,4431.936,4428.265,4428.925,260
1788549600,1788549600,1788549601,4428.598,4431.276,4426.724,4430.807,260
1788549900,1788549900,1788549901,4430.791,4435.835,4429.904,4435.667,260
1788550200,1788550200,1788550201,4435.702,4438.394,4433.936,4437.395,260
1788550500,1788550500,1788550501,4437.341,4437.573,4434.874,4436.523,260
1788550800,1788550800,1788550801,4436.282,4437.376,4434.829,4436.761,260
1788551100,1788551100,1788551101,4436.699,4437.3,4433.424,4435.357,260
1788551400,1788551400,1788551401,4435.443,4436.423,4434.023,4436.423,260
1788551700,1788551700,1788551701,4436.365,4436.365,4432.725,4434.57,260
1788552000,1788552000,1788552001,4434.633,4435.286,4432.179,4432.756,260
1788552300,1788552300,1788552301,4432.8,4432.845,4431.037,4432.014,260
1788552600,1788552600,1788552601,4431.731,4432.673,4430.753,4431.797,260
1788552900,1788552900,1788552901,4431.81,4431.961,4429.92,4431.076,260
1788553200,1788553200,1788553201,4431.099,4431.433,4430.142,4430.281,260
1788553500,1788553500,1788553501,4430.264,4431.006,4429.385,4429.944,260
1788553800,1788553800,1788553801,4429.812,4430.019,4429.016,4429.727,260
1788554100,1788554100,1788554101,4429.746,4431.042,4429.326,4430.435,260
1788554400,1788554400,1788554401,4430.694,4430.933,4429.303,4430.504,260
1788554700,1788554700,1788554701,4430.624,4430.745,4428.488,4428.964,260
1788555000,1788555000,1788555001,4428.699,4431.547,4428.694,4431.395,260
1788555300,1788555300,1788555301,4431.296,4431.768,4429.543,4430.155,260
1788732000,1788732000,1788732001,4421.983,4423.57,4417.61,4422.666,340
1788732300,1788732300,1788732301,4422.502,4425.95,4422.006,4424.808,260
1788732600,1788732600,1788732601,4424.938,4429.029,4424.322,4428.894,260
1788732900,1788732900,1788732901,4428.892,4430.016,4427.531,4427.763,260
1788733200,1788733200,1788733201,4427.753,4429.951,4427.258,4428.366,260
1788733500,1788733500,1788733501,4428.484,4430.047,4426.689,4428.56,260
1788733800,1788733800,1788733801,4428.829,4430.935,4427.946,4428.096,260
1788734100,1788734100,1788734101,4428.132,4429.787,4427.477,4429.787,260
1788734400,1788734400,1788734401,4429.578,4431.412,4429.403,4430.796,260
1788734700,1788734700,1788734701,4430.803,4435.077,4430.413,4433.801,260
1788735000,1788735000,1788735001,4433.806,4434.517,4431.215,4432.207,260
1788735300,1788735300,1788735301,4432.087,4433.042,4429.075,4429.4,260
1788735600,1788735600,1788735601,4429.539,4431.184,4428.95,4429.908,260
1788735900,1788735900,1788735901,4429.943,4431.399,4429.849,4430.322,260
1788736200,1788736200,1788736201,4430.343,4430.643,4429.294,4429.933,260
1788736500,1788736500,1788736501,4429.933,4430.064,4428.444,4428.719,260
1788736800,1788736800,1788736801,4428.835,4429.286,4424.999,4425.28,260
1788737100,1788737100,1788737101,4425.246,4427.377,4424.973,4426.873,260
1788737400,1788737400,1788737401,4426.963,4428.397,4425.212,4427.672,260
1788737700,1788737700,1788737701,4427.958,4430.366,4426.663,4427.497,260
1788738000,1788738000,1788738001,4427.497,4429.22,4425.077,4428.882,260
1788738300,1788738300,1788738301,4428.873,4434.031,4426.911,4427.382,260
1788738600,1788738600,1788738601,4427.328,4427.885,4422.507,4424.153,260
1788738900,1788738900,1788738901,4424.196,4424.971,4421.038,4423.098,260
1788739200,1788739200,1788739201,4423.16,4426.908,4421.862,4422.972,260
1788739500,1788739500,1788739501,4423.38,4425.505,4420.941,4421.74,260
1788739800,1788739800,1788739801,4421.96,4427.698,4421.129,4425.233,260
1788740100,1788740100,1788740101,4425.291,4428.973,4423.564,4425.917,260
1788740400,1788740400,1788740401,4425.92,4427.41,4424.421,4425.825,260
1788740700,1788740700,1788740701,4426.036,4427.244,4422.175,4422.339,260
1788741000,1788741000,1788741001,4422.278,4422.766,4418.554,4419.216,260
1788741300,1788741300,1788741301,4419.014,4424.131,4418.292,4422.307,260
1788741600,1788741600,1788741601,4422.017,4425.088,4420.915,4423.902,260
1788741900,1788741900,1788741901,4423.906,4429.727,4423.906,4426.968,260
1788742200,1788742200,1788742201,4427.102,4427.613,4421.108,4422.459,260
1788742500,1788742500,1788742501,4422.607,4422.607,4409.869,4412.757,260
1788742800,1788742800,1788742801,4412.811,4416.099,4406.839,4412.086,260
1788743100,1788743100,1788743101,4411.855,4413.336,4401.412,4403.155,260
1788743400,1788743400,1788743401,4403.101,4407.01,4395.655,4399.675,260
1788743700,1788743700,1788743701,4399.607,4400.237,4390.844,4393.9,260
1788744000,1788744000,1788744001,4393.856,4396.497,4389.434,4395.827,260
1788744300,1788744300,1788744301,4395.704,4403.51,4393.867,4403.421,260
1788744600,1788744600,1788744601,4403.276,4411.28,4402.837,4408.475,260
1788744900,1788744900,1788744901,4408.54,4413.303,4406.549,4412.153,260
1788745200,1788745200,1788745201,4412.222,4413.279,4408.34,4410.083,260
1788745500,1788745500,1788745501,4410.018,4413.449,4408.634,4409.189,260
1788745800,1788745800,1788745801,4409.249,4416.984,4409.113,4413.787,260
1788746100,1788746100,1788746101,4413.568,4415.052,4408.601,4409.2,260
1788746400,1788746400,1788746401,4409.146,4410.714,4405.054,4407.236,260
1788746700,1788746700,1788746701,4407.49,4407.49,4402.73,4404.923,260
1788747000,1788747000,1788747001,4404.833,4406.16,4402.995,4403.77,260
1788747300,1788747300,1788747301,4403.717,4406.95,4403.465,4406.677,260
1788747600,1788747600,1788747601,4406.949,4409.287,4406.307,4408.993,260
1788747900,1788747900,1788747901,4409.052,4409.298,4407.017,4407.533,260
1788748200,1788748200,1788748201,4407.601,4414.619,4406.565,4414.311,260
1788748500,1788748500,1788748501,4414.45,4418.656,4412.557,4417.803,260
1788748800,1788748800,1788748801,4418.072,4418.583,4413.624,4414.727,260
1788749100,1788749100,1788749101,4414.78,4419.155,4413.375,4417.113,260
1788749400,1788749400,1788749401,4417.509,4417.682,4413.365,4413.799,260
1788749700,1788749700,1788749701,4414.132,4414.48,4407.37,4408.845,260
1788750000,1788750000,1788750001,4408.77,4410.559,4407.174,4410.237,260
1788750300,1788750300,1788750301,4409.87,4410.028,4405.282,4406.22,260
1788750600,1788750600,1788750601,4406.101,4408.652,4405.53,4407.687,260
1788750900,1788750900,1788750901,4407.624,4408.831,4404.55,4406.967,260
1788751200,1788751200,1788751201,4406.982,4410.217,4405.993,4409.283,260
1788751500,1788751500,1788751501,4409.082,4409.777,4408.089,4408.783,260
1788751800,1788751800,1788751801,4408.723,4408.968,4406.068,4408.114,260
1788752100,1788752100,1788752101,4407.95,4408.559,4404.804,4405.561,260
1788752400,1788752400,1788752401,4405.504,4405.968,4401.709,4401.709,260
1788752700,1788752700,1788752701,4401.542,4405.028,4401.542,4403.455,260
1788753000,1788753000,1788753001,4403.191,4403.699,4401.102,4402.345,260
1788753300,1788753300,1788753301,4402.475,4404.427,4401.575,4403.895,260
1788753600,1788753600,1788753601,4403.951,4405.237,4401.333,4401.587,260
1788753900,1788753900,1788753901,4401.781,4405.337,4401.188,4404.805,260
1788754200,1788754200,1788754201,4404.899,4407.209,4404.73,4406.488,260
1788754500,1788754500,1788754501,4406.544,4406.815,4402.565,4403.145,260
1788754800,1788754800,1788754801,4403.15,4403.255,4400.488,4400.847,260
1788755100,1788755100,1788755101,4400.826,4402.418,4399.921,4401.964,260
1788755400,1788755400,1788755401,4402.096,4402.592,4397.06,4398.158,260
1788755700,1788755700,1788755701,4398.206,4398.533,4394.42,4395.041,260
1788756000,1788756000,1788756001,4395.038,4397.5,4394.687,4396.836,260
1788756300,1788756300,1788756301,4396.836,4397.678,4395.403,4396.686,260
1788756600,1788756600,1788756601,4396.632,4397.967,4395.44,4396.262,260
1788756900,1788756900,1788756901,4395.989,4399.02,4395.501,4397.743,260
1788757200,1788757200,1788757201,4397.802,4402.272,4397.412,4401.926,260
1788757500,1788757500,1788757501,4401.857,4404.215,4400.174,4401.178,260
1788757800,1788757800,1788757801,4400.894,4402.612,4398.202,4402.397,260
1788758100,1788758100,1788758101,4402.439,4405.471,4401.771,4404.574,260
1788758400,1788758400,1788758401,4404.562,4405.159,4402.32,4405.106,260
1788758700,1788758700,1788758701,4404.861,4411.764,4404.302,4410.828,260
1788759000,1788759000,1788759001,4410.889,4413.278,4405.015,4408.173,260
1788759300,1788759300,1788759301,4408.406,4410.406,4404.857,4405.549,260
1788759600,1788759600,1788759601,4405.485,4405.485,4401.539,4404.426,260
1788759900,1788759900,1788759901,4404.485,4406.57,4401.951,4403.323,260
1788760200,1788760200,1788760201,4403.253,4403.253,4395.435,4396.416,260
1788760500,1788760500,1788760501,4396.076,4397.984,4393.038,4393.929,260
1788760800,1788760800,1788760801,4393.984,4394.794,4385.119,4387.811,260
1788761100,1788761100,1788761101,4387.479,4390.471,4385.23,4389.461,260
1788761400,1788761400,1788761401,4389.279,4393.686,4387.407,4391.837,260
1788761700,1788761700,1788761701,4391.959,4396.014,4391.779,4394.881,260
1788762000,1788762000,1788762001,4394.934,4397.975,4389.999,4397.405,260
1788762300,1788762300,1788762301,4397.149,4398.121,4393.442,4394.488,260
1788762600,1788762600,1788762601,4394.543,4398.037,4393.672,4397.737,260
1788762900,1788762900,1788762901,4397.753,4398.573,4393.812,4396.858,260
1788763200,1788763200,1788763201,4397.098,4399.973,4396.092,4396.379,260
1788763500,1788763500,1788763501,4396.441,4399.092,4395.973,4396.619,260
1788763800,1788763800,1788763801,4396.952,4398.024,4394.459,4394.806,260
1788764100,1788764100,1788764101,4395.15,4395.917,4391.199,4392.915,260
1788764400,1788764400,1788764401,4392.97,4401.375,4391.755,4399.991,260
1788764700,1788764700,1788764701,4400.321,4401.784,4397.735,4400.116,260
1788765000,1788765000,1788765001,4400.179,4401.604,4395.771,4401.604,260
1788765300,1788765300,1788765301,4401.494,4402.403,4397.155,4397.636,260
1788765600,1788765600,1788765601,4397.643,4400.83,4395.69,4398.018,260
1788765900,1788765900,1788765901,4398.081,4399.662,4394.658,4394.951,260
1788766200,1788766200,1788766201,4395.284,4397.363,4393.373,4395.607,260
1788766500,1788766500,1788766501,4395.492,4398.963,4395.107,4395.107,260
1788766800,1788766800,1788766801,4395.142,4396.793,4392.178,4395.811,260
1788767100,1788767100,1788767101,4395.757,4399.325,4394.76,4399.093,260
1788767400,1788767400,1788767401,4399.13,4402.232,4397.636,4401.025,260
1788767700,1788767700,1788767701,4401.229,4406.617,4400.388,4406.194,260
1788768000,1788768000,1788768001,4406.238,4416.769,4404.995,4412.502,260
1788768300,1788768300,1788768301,4412.508,4414.831,4409.736,4413.675,260
1788768600,1788768600,1788768601,4413.65,4417.752,4412.409,4416.983,260
1788768900,1788768900,1788768901,4417.063,4423.523,4416.954,4421.695,260
1788769200,1788769200,1788769201,4421.759,4423.23,4418.044,4418.044,260
1788769500,1788769500,1788769501,4418.011,4420.425,4416.305,4419.584,260
1788769800,1788769800,1788769801,4419.558,4424.024,4418.26,4421.041,260
1788770100,1788770100,1788770101,4420.985,4421.996,4415.565,4415.565,260
1788770400,1788770400,1788770401,4415.501,4416.532,4413.603,4414.876,260
1788770700,1788770700,1788770701,4414.626,4415.296,4413.131,4414.254,260
1788771000,1788771000,1788771001,4414.099,4414.115,4410.503,4411.471,260
1788771300,1788771300,1788771301,4411.599,4411.825,4409.794,4411.225,260
1788771600,1788771600,1788771601,4411.223,4413.777,4411.139,4412.154,260
1788771900,1788771900,1788771901,4412.402,4412.892,4411.104,4412.59,260
1788772200,1788772200,1788772201,4412.835,4413.51,4410.71,4411.169,260
1788772500,1788772500,1788772501,4411.176,4411.926,4406.622,4408.05,260
1788772800,1788772800,1788772801,4408.112,4409.25,4407.513,4408.417,260
1788773100,1788773100,1788773101,4408.666,4409.576,4405.368,4405.66,260
1788773400,1788773400,1788773401,4405.783,4406.653,4403.351,4405.805,260
1788773700,1788773700,1788773701,4405.863,4409.021,4404.596,4408.54,260
1788774000,1788774000,1788774001,4408.659,4410.171,4408.386,4409.674,260
1788774300,1788774300,1788774301,4409.71,4410.278,4408.745,4409.543,260
1788774600,1788774600,1788774601,4409.678,4410.278,4406.888,4408.249,260
1788774900,1788774900,1788774901,4408.564,4408.564,4404.666,4405.527,260
1788775200,1788775200,1788775201,4405.677,4406.359,4404.492,4404.836,260
1788775500,1788775500,1788775501,4404.786,4405.69,4402.556,4405.013,260
1788775800,1788775800,1788775801,4404.728,4405.012,4402.371,4403.259,260
1788776100,1788776100,1788776101,4403.256,4404.574,4402.375,4404.049,260
1788776400,1788776400,1788776401,4404.401,4404.74,4397.698,4398.296,260
1788776700,1788776700,1788776701,4398.335,4399.099,4395.737,4395.737,260
1788777000,1788777000,1788777001,4395.949,4397.043,4393.751,4394.651,260
1788777300,1788777300,1788777301,4394.591,4394.591,4391.827,4393.702,260
1788777600,1788777600,1788777601,4393.701,4396.639,4393.591,4396.159,260
1788778800,1788778800,1788778801,4392.036,4392.327,4388.997,4391.101,260
1788779100,1788779100,1788779101,4391.156,4393.763,4390.548,4391.232,260
1788779400,1788779400,1788779401,4391.096,4394.492,4390.182,4393.761,260
1788779700,1788779700,1788779701,4393.496,4394.278,4391.624,4392.254,260
1788780000,1788780000,1788780001,4392.321,4394.875,4388.726,4389.692,260
1788780300,1788780300,1788780301,4389.891,4390.906,4387.242,4389.612,260
1788780600,1788780600,1788780601,4389.551,4390.021,4380.958,4382.643,260
1788780900,1788780900,1788780901,4382.663,4389.075,4381.84,4388.447,260
1788781200,1788781200,1788781201,4388.457,4388.772,4386.155,4386.513,260
1788781500,1788781500,1788781501,4386.801,4392.075,4385.812,4390.743,260
1788781800,1788781800,1788781801,4391.071,4391.88,4386.306,4387.327,260
1788782100,1788782100,1788782101,4387.371,4388.317,4384.953,4385.418,260
1788782400,1788782400,1788782401,4385.487,4389.338,4385.195,4386.204,260
1788782700,1788782700,1788782701,4386.5,4391.365,4386.287,4390.377,260
1788783000,1788783000,1788783001,4390.37,4393.047,4389.769,4390.881,260
1788783300,1788783300,1788783301,4390.879,4392.802,4390.637,4392.271,260
1788783600,1788783600,1788783601,4392.218,4393.87,4390.3,4393.549,260
1788783900,1788783900,1788783901,4393.611,4395.407,4392.942,4395.145,260
1788784200,1788784200,1788784201,4395.437,4397.086,4393.935,4394.728,260
1788784500,1788784500,1788784501,4394.674,4395.914,4392.566,4395.094,260
1788784800,1788784800,1788784801,4395.367,4397.564,4395.129,4396.839,260
1788785100,1788785100,1788785101,4396.892,4397.803,4395.861,4396.853,260
1788785400,1788785400,1788785401,4396.859,4398.193,4394.142,4394.762,260
1788785700,1788785700,1788785701,4394.613,4397.138,4394.107,4396.658,260
1788786000,1788786000,1788786001,4396.567,4400.514,4395.211,4400.231,260
1788786300,1788786300,1788786301,4400.166,4402.707,4399.043,4402.442,260
1788786600,1788786600,1788786601,4402.4,4404.688,4400.89,4403.937,260
1788786900,1788786900,1788786901,4403.999,4404.192,4401.312,4401.95,260
1788787200,1788787200,1788787201,4402.009,4404.854,4402.009,4403.432,260
1788787500,1788787500,1788787501,4403.459,4405.112,4402.559,4403.887,260
1788787800,1788787800,1788787801,4403.732,4407.731,4403.029,4406.026,260
1788788100,1788788100,1788788101,4406.06,4406.832,4402.385,4403.288,260
1788788400,1788788400,1788788401,4403.068,4404.061,4401.548,4403.5,260
1788788700,1788788700,1788788701,4403.284,4407.977,4403.209,4403.695,260
1788789000,1788789000,1788789001,4403.427,4404.916,4402.275,4404.507,260
1788789300,1788789300,1788789301,4404.464,4404.729,4401.08,4402.627,260
1788789600,1788789600,1788789601,4402.664,4408.06,4400.935,4406.315,260
1788789900,1788789900,1788789901,4406.143,4408.703,4405.524,4407.87,260
1788790200,1788790200,1788790201,4407.873,4408.898,4406.746,4406.957,260
1788790500,1788790500,1788790501,4407.012,4409.11,4406.584,4407.871,260
1788790800,1788790800,1788790801,4407.792,4408.08,4404.911,4406.012,260
1788791100,1788791100,1788791101,4405.857,4408.865,4405.669,4406.847,260
1788791400,1788791400,1788791401,4406.883,4407.733,4405.574,4405.796,260
1788791700,1788791700,1788791701,4406.112,4408.018,4404.713,4405.572,260
1788792000,1788792000,1788792001,4405.647,4412.246,4405.129,4411.904,260
1788792300,1788792300,1788792301,4412.033,4419.284,4410.653,4413.987,260
1788792600,1788792600,1788792601,4414.041,4419.694,4412.028,4416.809,260
1788792900,1788792900,1788792901,4417.03,4417.535,4415.459,4416.123,260
1788793200,1788793200,1788793201,4416.176,4416.747,4411.868,4413.186,260
1788793500,1788793500,1788793501,4412.911,4413.434,4409.356,4412.88,260
1788793800,1788793800,1788793801,4412.873,4414.782,4411.292,4414.782,260
1788794100,1788794100,1788794101,4414.722,4415.112,4413.178,4414.374,260
1788794400,1788794400,1788794401,4414.437,4415.206,4412.957,4414.199,260
1788794700,1788794700,1788794701,4414.257,4414.697,4411.459,4412.75,260
1788795000,1788795000,1788795001,4412.81,4413.803,4411.112,4413.102,260
1788795300,1788795300,1788795301,4413.168,4414.03,4410.714,4411.001,260
1788795600,1788795600,1788795601,4411.059,4411.894,4408.701,4411.728,260
1788795900,1788795900,1788795901,4411.869,4413.114,4411.114,4412.446,260
1788796200,1788796200,1788796201,4412.378,4413.41,4411.99,4413.397,260
1788796500,1788796500,1788796501,4413.135,4414.98,4412.152,4414.25,260
1788796800,1788796800,1788796801,4414.644,4415.057,4412.775,4413.826,260
1788797100,1788797100,1788797101,4414.002,4415.631,4413.517,4415.61,260
1788797400,1788797400,1788797401,4415.52,4417.377,4415.04,4415.4,260
1788797700,1788797700,1788797701,4415.114,4415.992,4412.583,4413.356,260
1788798000,1788798000,1788798001,4413.179,4414.166,4412.939,4413.374,260
1788798300,1788798300,1788798301,4413.372,4414.476,4412.918,4413.722,260
1788798600,1788798600,1788798601,4413.695,4414.083,4412.478,4412.488,260
1788798900,1788798900,1788798901,4412.769,4413.62,4411.617,4412.173,260
1788799200,1788799200,1788799201,4412.455,4414.22,4412.199,4413.947,260
1788799500,1788799500,1788799501,4413.972,4414.615,4412.814,4413.273,260
1788799800,1788799800,1788799801,4413.546,4414.649,4412.834,4413.073,260
1788800100,1788800100,1788800101,4413.234,4414.615,4412.866,4414.615,260
1788800400,1788800400,1788800401,4414.369,4415.126,4413.35,4413.731,260
1788800700,1788800700,1788800701,4413.887,4414.782,4412.352,4413.231,260
1788801000,1788801000,1788801001,4412.96,4413.233,4411.749,4412.239,260
1788801300,1788801300,1788801301,4412.239,4413.861,4411.952,4413.226,260
1788801600,1788801600,1788801601,4413.223,4413.452,4412.161,4412.931,260
1788801900,1788801900,1788801901,4412.677,4413.095,4411.99,4412.353,260
1788802200,1788802200,1788802201,4412.367,4412.794,4409.836,4410.189,260
1788802500,1788802500,1788802501,4410.206,4410.949,4409.987,4410.441,260
1788802800,1788802800,1788802801,4410.44,4411.139,4409.979,4411.076,260
1788803100,1788803100,1788803101,4410.943,4410.943,4409.53,4410.582,260
1788803400,1788803400,1788803401,4410.701,4410.959,4408.835,4409.289,260
1788803700,1788803700,1788803701,4409.555,4409.555,4406.924,4407.161,260
1788804000,1788804000,1788804001,4407.217,4408.735,4405.697,4407.1,260
1788804300,1788804300,1788804301,4407.085,4409.291,4406.585,4408.133,260
1788804600,1788804600,1788804601,4408.215,4408.994,4404.466,4405.04,260
1788804900,1788804900,1788804901,4405.062,4405.336,4403.454,4405.089,260
1788805200,1788805200,1788805201,4404.865,4406.462,4404.065,4405.552,260
1788805500,1788805500,1788805501,4405.517,4405.83,4402.975,4405.138,260
1788818400,1788818400,1788818401,4412.027,4414.223,4410.207,4412.762,260
1788818700,1788818700,1788818701,4412.767,4413.313,4411.686,4412.327,260
1788819000,1788819000,1788819001,4412.331,4413.143,4412.133,4412.416,260
1788819300,1788819300,1788819301,4412.412,4413.136,4412.154,4413.111,260
1788819600,1788819600,1788819601,4413.152,4413.152,4410.92,4411.351,260
1788819900,1788819900,1788819901,4411.318,4411.341,4409.488,4409.738,260
1788820200,1788820200,1788820201,4409.462,4409.538,4408.488,4409.032,260
1788820500,1788820500,1788820501,4409.039,4409.981,4408.353,4408.547,260
1788820800,1788820800,1788820801,4408.535,4409.807,4407.7,4408.067,260
1788821100,1788821100,1788821101,4408.078,4408.623,4406.111,4406.711,260
1788821400,1788821400,1788821401,4406.43,4407.71,4406.43,4407.71,260
1788821700,1788821700,1788821701,4407.774,4408.087,4407.034,4407.693,260
1788822000,1788822000,1788822001,4407.296,4411.865,4406.996,4411.865,260
1788822300,1788822300,1788822301,4412.081,4412.431,4410.241,4410.353,260
1788822600,1788822600,1788822601,4410.353,4411.383,4410.076,4410.877,260
1788822900,1788822900,1788822901,4411.107,4411.612,4408.753,4410.241,260
1788823200,1788823200,1788823201,4410.279,4412.834,4409.397,4410.078,260
1788823500,1788823500,1788823501,4410.159,4412.783,4409.578,4410.96,260
1788823800,1788823800,1788823801,4410.964,4417.725,4410.964,4417.438,260
1788824100,1788824100,1788824101,4417.591,4422.769,4417.371,4420.49,260
1788824400,1788824400,1788824401,4420.411,4428.111,4419.06,4427.136,260
1788824700,1788824700,1788824701,4427.125,4427.881,4423.036,4426.587,260
1788825000,1788825000,1788825001,4426.544,4426.924,4421.277,4421.604,260
1788825300,1788825300,1788825301,4421.557,4424.057,4420.146,4422.902,260
1788825600,1788825600,1788825601,4423.056,4424.554,4418.315,4419.44,260
1788825900,1788825900,1788825901,4419.316,4420.697,4417.132,4419.842,260
1788826200,1788826200,1788826201,4419.989,4420.184,4414.947,4417.281,260
1788826500,1788826500,1788826501,4417.401,4430.34,4415.837,4425.422,260
1788826800,1788826800,1788826801,4425.483,4430.087,4419.427,4421.595,260
1788827100,1788827100,1788827101,4421.625,4423.429,4417.903,4421.301,260
1788827400,1788827400,1788827401,4421.238,4426.13,4420.68,4425.16,260
1788827700,1788827700,1788827701,4425.218,4425.674,4420.858,4422.844,260
1788828000,1788828000,1788828001,4422.852,4426.243,4418.583,4421.676,260
1788828300,1788828300,1788828301,4421.597,4423.032,4416.966,4420.191,260
1788828600,1788828600,1788828601,4420.252,4421.468,4415.097,4420.952,260
1788828900,1788828900,1788828901,4421.074,4427.528,4420.693,4426.0,260
1788829200,1788829200,1788829201,4425.941,4428.739,4417.009,4419.056,260
1788829500,1788829500,1788829501,4419.173,4422.45,4417.901,4421.936,260
1788829800,1788829800,1788829801,4422.107,4431.437,4421.143,4428.703,260
1788830100,1788830100,1788830101,4428.525,4431.842,4426.864,4428.733,260
1788830400,1788830400,1788830401,4428.675,4435.763,4427.917,4433.383,260
1788830700,1788830700,1788830701,4433.446,4436.145,4432.317,4434.392,260
1788831000,1788831000,1788831001,4434.338,4437.2,4431.791,4431.862,260
1788831300,1788831300,1788831301,4432.187,4433.205,4430.817,4432.455,260
1788831600,1788831600,1788831601,4432.577,4435.41,4432.041,4433.406,260
1788831900,1788831900,1788831901,4433.393,4440.725,4433.393,4440.535,260
1788832200,1788832200,1788832201,4440.566,4440.813,4435.925,4438.37,260
1788832500,1788832500,1788832501,4438.311,4439.8,4436.385,4437.244,260
1788832800,1788832800,1788832801,4437.353,4438.605,4432.044,4434.0,260
1788833100,1788833100,1788833101,4433.836,4434.464,4428.321,4428.65,260
1788833400,1788833400,1788833401,4428.704,4430.658,4426.145,4428.393,260
1788833700,1788833700,1788833701,4428.34,4428.34,4425.555,4426.584,260
1788834000,1788834000,1788834001,4426.464,4429.53,4424.993,4428.397,260
1788834300,1788834300,1788834301,4428.616,4429.055,4424.369,4424.721,260
1788834600,1788834600,1788834601,4424.941,4426.312,4422.747,4424.468,260
1788834900,1788834900,1788834901,4424.687,4424.799,4421.525,4423.919,260
1788835200,1788835200,1788835201,4423.972,4426.984,4422.658,4426.477,260
1788835500,1788835500,1788835501,4426.659,4427.862,4422.486,4423.172,260
1788835800,1788835800,1788835801,4423.39,4425.715,4421.062,4422.949,260
1788836100,1788836100,1788836101,4422.758,4424.734,4421.984,4424.05,260
1788836400,1788836400,1788836401,4423.976,4425.459,4422.331,4425.089,260
1788836700,1788836700,1788836701,4425.416,4430.392,4424.469,4430.002,260
1788837000,1788837000,1788837001,4429.949,4431.76,4428.456,4429.442,260
1788837300,1788837300,1788837301,4429.319,4435.757,4428.596,4435.013,260
1788837600,1788837600,1788837601,4435.066,4440.194,4434.317,4436.632,260
1788837900,1788837900,1788837901,4436.696,4437.749,4431.007,4432.148,260
1788838200,1788838200,1788838201,4432.271,4435.006,4430.769,4431.86,260
1788838500,1788838500,1788838501,4431.777,4432.286,4430.323,4431.092,260
1788838800,1788838800,1788838801,4431.092,4433.298,4430.641,4432.651,260
1788839100,1788839100,1788839101,4432.762,4437.457,4432.219,4436.678,260
1788839400,1788839400,1788839401,4436.509,4437.585,4434.808,4436.965,260
1788839700,1788839700,1788839701,4436.7,4438.748,4435.842,4437.541,260
1788840000,1788840000,1788840001,4437.87,4442.19,4437.718,4441.679,260
1788840300,1788840300,1788840301,4441.418,4443.097,4439.11,4440.451,260
1788840600,1788840600,1788840601,4440.42,4442.821,4438.98,4439.219,260
1788840900,1788840900,1788840901,4439.129,4440.718,4437.855,4438.787,260
1788841200,1788841200,1788841201,4439.116,4439.119,4432.728,4433.7,260
1788841500,1788841500,1788841501,4433.597,4434.153,4431.605,4432.775,260
1788841800,1788841800,1788841801,4432.83,4434.609,4432.135,4433.476,260
1788842100,1788842100,1788842101,4433.753,4434.948,4432.936,4434.358,260
1788842400,1788842400,1788842401,4434.243,4436.635,4434.105,4436.631,260
1788842700,1788842700,1788842701,4436.367,4436.561,4434.299,4434.43,260
1788843000,1788843000,1788843001,4434.81,4435.737,4434.133,4434.894,260
1788843300,1788843300,1788843301,4434.956,4439.966,4433.976,4436.139,260
1788843600,1788843600,1788843601,4436.081,4437.82,4434.175,4434.234,260
1788843900,1788843900,1788843901,4434.45,4434.58,4430.017,4431.13,260
1788844200,1788844200,1788844201,4431.146,4431.541,4427.166,4427.452,260
1788844500,1788844500,1788844501,4427.301,4429.466,4426.259,4429.022,260
1788844800,1788844800,1788844801,4429.021,4431.459,4424.609,4424.609,260
1788845100,1788845100,1788845101,4424.828,4425.547,4420.1,4420.29,260
1788845400,1788845400,1788845401,4420.63,4425.481,4417.712,4422.741,260
1788845700,1788845700,1788845701,4423.085,4426.827,4421.326,4426.765,260
1788846000,1788846000,1788846001,4426.846,4426.99,4424.775,4425.672,260
1788846300,1788846300,1788846301,4425.619,4428.874,4423.085,4425.189,260
1788846600,1788846600,1788846601,4425.134,4425.134,4419.093,4419.588,260
1788846900,1788846900,1788846901,4419.711,4421.009,4417.266,4419.156,260
1788847200,1788847200,1788847201,4419.223,4420.355,4412.697,4415.468,260
1788847500,1788847500,1788847501,4415.413,4415.752,4411.165,4413.419,260
1788847800,1788847800,1788847801,4413.365,4413.659,4408.531,4411.437,260
1788848100,1788848100,1788848101,4411.584,4411.584,4401.429,4401.702,260
1788848400,1788848400,1788848401,4401.643,4406.02,4400.939,4403.656,260
1788848700,1788848700,1788848701,4403.671,4404.109,4398.85,4400.383,260
1788849000,1788849000,1788849001,4400.241,4403.025,4398.288,4402.359,260
1788849300,1788849300,1788849301,4402.413,4403.861,4398.029,4403.766,260
1788849600,1788849600,1788849601,4403.844,4408.859,4403.789,4407.152,260
1788849900,1788849900,1788849901,4407.207,4408.35,4405.91,4407.959,260
1788850200,1788850200,1788850201,4407.839,4409.315,4403.714,4405.232,260
1788850500,1788850500,1788850501,4404.97,4405.478,4403.203,4403.853,260
1788850800,1788850800,1788850801,4404.014,4408.633,4402.181,4407.779,260
1788851100,1788851100,1788851101,4407.711,4409.47,4406.355,4407.147,260
1788851400,1788851400,1788851401,4407.287,4407.56,4402.352,4403.124,260
1788851700,1788851700,1788851701,4403.067,4403.592,4400.946,4403.367,260
1788852000,1788852000,1788852001,4403.377,4404.258,4399.997,4401.787,260
1788852300,1788852300,1788852301,4401.858,4404.265,4400.672,4401.639,260
1788852600,1788852600,1788852601,4401.76,4405.219,4397.733,4397.787,260
1788852900,1788852900,1788852901,4398.045,4399.283,4391.631,4393.856,260
1788853200,1788853200,1788853201,4393.913,4397.321,4391.211,4395.285,260
1788853500,1788853500,1788853501,4395.586,4397.294,4393.279,4393.279,260
1788853800,1788853800,1788853801,4393.611,4393.722,4390.377,4391.563,260
1788854100,1788854100,1788854101,4391.488,4394.187,4389.99,4392.205,260
1788854400,1788854400,1788854401,4392.421,4392.892,4388.689,4391.57,260
1788854700,1788854700,1788854701,4391.169,4395.851,4387.84,4388.174,260
1788855000,1788855000,1788855001,4388.293,4392.597,4387.671,4390.458,260
1788855300,1788855300,1788855301,4390.579,4394.079,4389.934,4393.379,260
1788855600,1788855600,1788855601,4393.325,4394.542,4389.562,4394.155,260
1788855900,1788855900,1788855901,4394.208,4396.435,4394.208,4394.743,260
1788856200,1788856200,1788856201,4394.724,4398.399,4393.219,4398.21,260
1788856500,1788856500,1788856501,4398.151,4398.807,4393.776,4395.784,260
1788856800,1788856800,1788856801,4395.839,4395.839,4391.89,4392.957,260
1788857100,1788857100,1788857101,4392.875,4398.288,4390.9,4393.881,260
1788857400,1788857400,1788857401,4393.555,4394.952,4391.737,4392.998,260
1788857700,1788857700,1788857701,4393.131,4394.46,4391.523,4394.231,260
1788858000,1788858000,1788858001,4394.201,4395.959,4391.394,4395.758,260
1788858300,1788858300,1788858301,4395.724,4398.122,4394.613,4395.276,260
1788858600,1788858600,1788858601,4395.065,4397.857,4394.889,4397.175,260
1788858900,1788858900,1788858901,4397.306,4399.409,4396.809,4396.855,260
1788859200,1788859200,1788859201,4396.925,4397.199,4393.753,4394.91,260
1788859500,1788859500,1788859501,4394.847,4396.534,4392.307,4392.966,260
1788859800,1788859800,1788859801,4392.849,4397.776,4390.712,4395.775,260
1788860100,1788860100,1788860101,4395.503,4397.327,4395.265,4396.949,260
1788860400,1788860400,1788860401,4396.896,4403.731,4396.824,4401.255,260
1788860700,1788860700,1788860701,4401.474,4403.213,4400.924,4403.184,260
1788861000,1788861000,1788861001,4402.969,4405.664,4402.923,4404.463,260
1788861300,1788861300,1788861301,4404.46,4405.286,4402.723,4402.993,260
1788861600,1788861600,1788861601,4403.066,4403.066,4398.17,4398.459,260
1788861900,1788861900,1788861901,4398.445,4398.907,4396.185,4396.529,260
1788862200,1788862200,1788862201,4396.464,4396.874,4393.558,4396.229,260
1788862500,1788862500,1788862501,4396.414,4398.747,4395.811,4398.123,260
1788862800,1788862800,1788862801,4398.291,4407.01,4397.419,4400.511,260
1788863100,1788863100,1788863101,4400.681,4401.263,4398.454,4399.36,260
1788863400,1788863400,1788863401,4399.431,4399.558,4396.992,4396.992,260
1788863700,1788863700,1788863701,4397.003,4397.579,4393.817,4394.745,260
1788864000,1788864000,1788864001,4394.884,4398.132,4393.782,4397.091,260
1788864300,1788864300,1788864301,4397.081,4400.323,4396.575,4398.704,260
1788864600,1788864600,1788864601,4398.961,4400.207,4396.674,4398.752,260
1788864900,1788864900,1788864901,4398.853,4399.871,4395.149,4395.373,260
1788865200,1788865200,1788865201,4395.317,4397.427,4394.89,4395.809,260
1788865500,1788865500,1788865501,4396.091,4399.688,4393.023,4396.793,260
1788865800,1788865800,1788865801,4396.727,4397.148,4391.004,4394.928,260
1788866100,1788866100,1788866101,4394.89,4401.746,4394.82,4401.462,260
1788866400,1788866400,1788866401,4401.461,4401.746,4398.22,4400.811,260
1788866700,1788866700,1788866701,4400.779,4403.051,4400.155,4401.812,260
1788867000,1788867000,1788867001,4401.87,4404.977,4400.375,4404.546,260
1788867300,1788867300,1788867301,4404.584,4407.93,4404.033,4404.881,260
1788867600,1788867600,1788867601,4404.553,4406.809,4403.178,4403.351,260
1788867900,1788867900,1788867901,4403.741,4404.408,4399.346,4399.914,260
1788868200,1788868200,1788868201,4399.861,4402.724,4397.606,4400.271,260
1788868500,1788868500,1788868501,4400.189,4406.631,4400.08,4406.231,260
1788868800,1788868800,1788868801,4406.292,4406.585,4402.293,4402.858,260
1788869100,1788869100,1788869101,4402.859,4404.385,4401.81,4404.038,260
1788869400,1788869400,1788869401,4404.1,4404.1,4390.209,4391.885,260
1788869700,1788869700,1788869701,4391.817,4391.878,4385.152,4391.455,260
1788870000,1788870000,1788870001,4391.402,4396.657,4387.265,4394.902,260
1788870300,1788870300,1788870301,4395.228,4401.702,4393.967,4401.702,260
1788870600,1788870600,1788870601,4402.061,4408.3,4400.582,4404.903,260
1788870900,1788870900,1788870901,4404.846,4405.593,4398.315,4401.045,260
1788871200,1788871200,1788871201,4401.114,4401.976,4395.172,4396.576,260
1788871500,1788871500,1788871501,4396.713,4402.313,4395.563,4402.103,260
1788871800,1788871800,1788871801,4402.173,4403.662,4400.499,4403.125,260
1788872100,1788872100,1788872101,4403.244,4411.759,4402.79,4411.458,260
1788872400,1788872400,1788872401,4411.498,4413.045,4402.315,4406.184,260
1788872700,1788872700,1788872701,4406.02,4407.038,4402.341,4404.506,260
1788873000,1788873000,1788873001,4404.388,4408.796,4403.701,4408.343,260
1788873300,1788873300,1788873301,4408.277,4410.904,4405.402,4407.827,260
1788873600,1788873600,1788873601,4407.755,4408.94,4403.111,4403.383,260
1788873900,1788873900,1788873901,4403.328,4404.359,4398.904,4400.383,260
1788874200,1788874200,1788874201,4400.436,4406.025,4397.835,4398.035,260
1788874500,1788874500,1788874501,4398.244,4402.943,4395.907,4399.873,260
1788874800,1788874800,1788874801,4400.072,4400.072,4390.117,4396.724,260
1788875100,1788875100,1788875101,4396.393,4403.012,4394.386,4402.727,260
1788875400,1788875400,1788875401,4402.91,4404.422,4397.054,4404.422,260
1788875700,1788875700,1788875701,4404.193,4407.491,4395.285,4395.753,260
1788876000,1788876000,1788876001,4395.697,4402.162,4394.311,4401.821,260
1788876300,1788876300,1788876301,4402.08,4402.882,4397.835,4399.075,260
1788876600,1788876600,1788876601,4398.962,4399.086,4391.398,4394.589,260
1788876900,1788876900,1788876901,4394.198,4400.302,4393.865,4399.556,260
1788877200,1788877200,1788877201,4399.609,4401.959,4395.507,4401.663,260
1788877500,1788877500,1788877501,4401.602,4403.859,4396.054,4396.88,260
1788877800,1788877800,1788877801,4396.834,4399.64,4394.85,4398.597,260
1788878100,1788878100,1788878101,4398.265,4400.684,4394.957,4395.721,260
1788878400,1788878400,1788878401,4395.891,4397.65,4392.621,4397.395,260
1788878700,1788878700,1788878701,4397.553,4398.982,4391.948,4393.557,260
1788879000,1788879000,1788879001,4393.282,4395.904,4388.941,4393.681,260
1788879300,1788879300,1788879301,4393.594,4398.577,4392.108,4398.516,260
1788879600,1788879600,1788879601,4398.577,4406.861,4397.355,4403.484,260
1788879900,1788879900,1788879901,4403.502,4404.18,4400.687,4403.541,260
1788880200,1788880200,1788880201,4403.687,4408.374,4403.627,4404.902,260
1788880500,1788880500,1788880501,4404.93,4409.44,4404.755,4405.735,260
1788880800,1788880800,1788880801,4405.933,4405.96,4396.562,4398.438,260
1788881100,1788881100,1788881101,4398.11,4404.42,4397.905,4398.993,260
1788881400,1788881400,1788881401,4399.048,4404.268,4398.962,4403.69,260
1788881700,1788881700,1788881701,4403.567,4404.217,4398.443,4399.793,260
1788882000,1788882000,1788882001,4399.85,4401.056,4397.103,4400.371,260
1788882300,1788882300,1788882301,4400.425,4400.664,4395.8,4397.034,260
1788882600,1788882600,1788882601,4397.093,4400.582,4396.278,4397.635,260
1788882900,1788882900,1788882901,4397.442,4399.058,4394.589,4394.764,260
1788883200,1788883200,1788883201,4394.892,4395.243,4391.131,4394.704,260
1788883500,1788883500,1788883501,4394.575,4394.793,4380.373,4381.184,260
1788883800,1788883800,1788883801,4381.255,4386.518,4380.489,4386.28,260
1788884100,1788884100,1788884101,4386.208,4387.575,4383.722,4385.094,260
1788884400,1788884400,1788884401,4385.429,4392.961,4385.26,4392.637,260
1788884700,1788884700,1788884701,4392.583,4395.577,4390.652,4393.782,260
1788885000,1788885000,1788885001,4393.836,4396.844,4392.796,4394.443,260
1788885300,1788885300,1788885301,4394.685,4396.422,4393.407,4394.466,260
1788885600,1788885600,1788885601,4394.451,4395.811,4393.336,4393.952,260
1788885900,1788885900,1788885901,4394.073,4394.518,4391.869,4393.595,260
1788886200,1788886200,1788886201,4393.603,4398.653,4392.596,4393.756,260
1788886500,1788886500,1788886501,4393.817,4395.577,4390.064,4393.691,260
1788886800,1788886800,1788886801,4393.757,4401.813,4393.455,4401.151,260
1788887100,1788887100,1788887101,4401.213,4403.72,4397.429,4397.841,260
1788887400,1788887400,1788887401,4397.782,4399.358,4394.797,4395.545,260
1788887700,1788887700,1788887701,4395.68,4397.496,4395.613,4396.536,260
1788888000,1788888000,1788888001,4396.687,4396.687,4392.819,4394.145,260
1788888300,1788888300,1788888301,4394.387,4395.121,4392.055,4394.12,260
1788888600,1788888600,1788888601,4393.909,4395.199,4391.275,4391.531,260
1788888900,1788888900,1788888901,4391.493,4392.949,4389.224,4389.495,260
1788889200,1788889200,1788889201,4389.431,4389.629,4385.384,4385.483,260
1788889500,1788889500,1788889501,4385.451,4387.878,4385.267,4386.875,260
1788889800,1788889800,1788889801,4386.88,4389.52,4386.801,4389.116,260
1788890100,1788890100,1788890101,4388.87,4390.506,4387.709,4390.089,260
1788890400,1788890400,1788890401,4389.871,4390.18,4386.979,4387.207,260
1788890700,1788890700,1788890701,4387.148,4388.353,4384.88,4384.888,260
1788891000,1788891000,1788891001,4384.941,4387.544,4384.013,4387.443,260
1788891300,1788891300,1788891301,4387.387,4387.732,4384.313,4385.488,260
1788891600,1788891600,1788891601,4385.546,4386.837,4384.657,4385.677,260
1788891900,1788891900,1788891901,4385.667,4386.251,4384.225,4385.345,260
1788892200,1788892200,1788892201,4385.409,4385.711,4381.344,4384.024,260
1788892500,1788892500,1788892501,4384.229,4384.946,4382.52,4384.362,260
1788892800,1788892800,1788892801,4384.11,4385.836,4383.311,4385.49,260
1788893100,1788893100,1788893101,4385.456,4386.762,4362.226,4363.749,260
1788893400,1788893400,1788893401,4363.807,4376.069,4358.083,4375.721,260
1788893700,1788893700,1788893701,4375.931,4378.14,4372.402,4375.822,260
1788894000,1788894000,1788894001,4375.764,4377.383,4370.941,4374.818,260
1788894300,1788894300,1788894301,4374.846,4375.456,4369.168,4371.642,260
1788894600,1788894600,1788894601,4371.695,4374.255,4370.469,4370.469,260
1788894900,1788894900,1788894901,4370.522,4373.069,4367.662,4367.865,260
1788895200,1788895200,1788895201,4367.8,4370.385,4366.39,4366.733,260
1788895500,1788895500,1788895501,4366.785,4370.424,4366.327,4368.816,260
1788895800,1788895800,1788895801,4368.763,4368.763,4361.26,4364.225,260
1788896100,1788896100,1788896101,4364.502,4369.913,4364.059,4367.398,260
1788896400,1788896400,1788896401,4367.453,4369.413,4366.179,4368.63,260
1788896700,1788896700,1788896701,4368.955,4368.955,4364.726,4365.876,260
1788897000,1788897000,1788897001,4365.956,4366.107,4361.065,4363.576,260
1788897300,1788897300,1788897301,4363.638,4364.29,4356.587,4359.555,260
1788897600,1788897600,1788897601,4359.419,4364.383,4357.396,4357.669,260
1788897900,1788897900,1788897901,4357.602,4358.943,4355.717,4358.04,260
1788898200,1788898200,1788898201,4358.048,4362.085,4356.907,4360.228,260
1788898500,1788898500,1788898501,4360.358,4360.992,4359.177,4360.942,260
1788898800,1788898800,1788898801,4361.269,4361.433,4358.753,4358.848,260
1788899100,1788899100,1788899101,4359.141,4359.81,4355.477,4356.863,260
1788899400,1788899400,1788899401,4356.929,4358.25,4356.367,4358.104,260
1788899700,1788899700,1788899701,4357.831,4358.801,4356.963,4357.663,260
1788900000,1788900000,1788900001,4357.442,4358.407,4357.076,4358.011,260
1788900300,1788900300,1788900301,4358.025,4358.117,4345.122,4347.745,260
1788900600,1788900600,1788900601,4347.671,4355.705,4347.618,4353.754,260
1788900900,1788900900,1788900901,4353.625,4355.702,4352.928,4355.644,260
1788904800,1788904800,1788904801,4353.928,4358.96,4352.552,4357.53,260
1788905100,1788905100,1788905101,4357.531,4357.81,4353.055,4353.961,260
1788905400,1788905400,1788905401,4354.171,4357.302,4353.527,4356.036,260
1788905700,1788905700,1788905701,4356.178,4357.818,4354.52,4355.808,260
1788906000,1788906000,1788906001,4355.83,4355.83,4353.137,4354.272,260
1788906300,1788906300,1788906301,4354.272,4355.742,4353.199,4354.424,260
1788906600,1788906600,1788906601,4354.76,4356.028,4354.33,4354.872,260
1788906900,1788906900,1788906901,4354.913,4355.72,4352.306,4352.471,260
1788907200,1788907200,1788907201,4352.758,4354.067,4350.421,4351.759,260
1788907500,1788907500,1788907501,4351.816,4352.732,4350.797,4352.615,260
1788907800,1788907800,1788907801,4352.391,4353.666,4352.368,4353.581,260
1788908100,1788908100,1788908101,4353.212,4354.472,4352.45,4353.933,260
1788908400,1788908400,1788908401,4354.078,4355.142,4352.591,4353.023,260
1788908700,1788908700,1788908701,4353.301,4354.502,4352.73,4353.823,260
1788909000,1788909000,1788909001,4353.735,4354.592,4351.902,4352.442,260
1788909300,1788909300,1788909301,4352.42,4353.423,4351.706,4353.19,260
1788909600,1788909600,1788909601,4352.919,4354.401,4352.505,4354.105,240
1788909900,1788909900,1788909901,4354.11,4357.648,4353.562,4357.335,240
1788910200,1788910200,1788910201,4357.454,4359.989,4356.821,4358.82,260
1788910500,1788910500,1788910501,4358.767,4359.04,4356.584,4357.178,240
1788910800,1788910800,1788910801,4357.206,4359.16,4356.765,4358.36,240
1788911100,1788911100,1788911101,4358.655,4358.655,4353.113,4353.848,240
1788911400,1788911400,1788911401,4353.905,4353.905,4350.25,4350.567,240
1788911700,1788911700,1788911701,4350.405,4352.831,4349.009,4350.031,240
1788912000,1788912000,1788912001,4349.791,4352.918,4346.243,4349.933,240
1788912300,1788912300,1788912301,4349.814,4350.589,4344.432,4349.059,260
1788912600,1788912600,1788912601,4349.005,4352.567,4346.954,4349.721,260
1788912900,1788912900,1788912901,4349.66,4350.273,4344.496,4347.904,260
1788913200,1788913200,1788913201,4347.849,4348.501,4342.525,4343.262,260
1788913500,1788913500,1788913501,4342.908,4347.839,4340.916,4346.843,260
1788913800,1788913800,1788913801,4346.897,4348.037,4345.368,4346.288,260
1788914100,1788914100,1788914101,4346.374,4349.577,4343.475,4349.388,260
1788914400,1788914400,1788914401,4349.173,4355.133,4347.325,4354.741,260
1788914700,1788914700,1788914701,4354.687,4356.968,4352.676,4355.879,260
1788915000,1788915000,1788915001,4355.879,4361.064,4354.751,4359.449,260
1788915300,1788915300,1788915301,4359.436,4365.666,4358.661,4364.544,260
1788915600,1788915600,1788915601,4364.665,4365.009,4353.924,4357.716,260
1788915900,1788915900,1788915901,4357.789,4367.532,4357.232,4367.324,260
1788916200,1788916200,1788916201,4367.464,4368.653,4365.339,4368.175,260
1788916500,1788916500,1788916501,4368.117,4369.27,4362.539,4365.967,260
1788916800,1788916800,1788916801,4365.911,4369.595,4364.736,4369.315,260
1788917100,1788917100,1788917101,4369.368,4373.208,4368.041,4371.448,260
1788917400,1788917400,1788917401,4371.396,4376.938,4370.474,4376.456,260
1788917700,1788917700,1788917701,4376.582,4377.963,4374.29,4375.23,260
1788918000,1788918000,1788918001,4375.011,4378.167,4374.409,4376.336,260
1788918300,1788918300,1788918301,4376.229,4378.092,4373.365,4375.4,260
1788918600,1788918600,1788918601,4375.738,4375.831,4371.819,4373.468,260
1788918900,1788918900,1788918901,4373.861,4376.239,4370.627,4373.533,260
1788919200,1788919200,1788919201,4373.595,4373.835,4370.897,4373.036,260
1788919500,1788919500,1788919501,4372.996,4375.646,4370.512,4374.428,260
1788919800,1788919800,1788919801,4374.375,4375.396,4372.384,4373.203,260
1788920100,1788920100,1788920101,4373.143,4377.002,4372.981,4374.513,260
1788920400,1788920400,1788920401,4374.516,4375.189,4371.892,4371.892,260
1788920700,1788920700,1788920701,4371.865,4373.097,4371.478,4372.798,260
1788921000,1788921000,1788921001,4372.678,4373.972,4369.235,4369.372,260
1788921300,1788921300,1788921301,4369.058,4370.953,4367.091,4368.432,260
1788921600,1788921600,1788921601,4368.213,4374.413,4368.213,4373.96,260
1788921900,1788921900,1788921901,4373.905,4378.676,4372.784,4376.927,260
1788922200,1788922200,1788922201,4376.812,4384.331,4375.952,4380.26,260
1788922500,1788922500,1788922501,4380.461,4382.805,4379.801,4382.032,260
1788922800,1788922800,1788922801,4382.098,4382.813,4378.637,4379.686,260
1788923100,1788923100,1788923101,4379.428,4382.263,4378.105,4378.367,260
1788923400,1788923400,1788923401,4378.667,4380.576,4378.236,4379.017,260
1788923700,1788923700,1788923701,4379.065,4379.228,4375.387,4377.168,260
1788924000,1788924000,1788924001,4377.21,4379.373,4376.743,4378.739,260
1788924300,1788924300,1788924301,4378.853,4379.103,4375.293,4377.866,260
1788924600,1788924600,1788924601,4378.077,4378.178,4375.155,4376.46,260
1788924900,1788924900,1788924901,4376.188,4377.905,4375.867,4377.458,260
1788925200,1788925200,1788925201,4377.431,4380.074,4377.373,4378.692,260
1788925500,1788925500,1788925501,4378.64,4379.054,4377.068,4377.898,260
1788925800,1788925800,1788925801,4377.916,4379.05,4375.941,4377.523,260
1788926100,1788926100,1788926101,4377.132,4377.671,4374.98,4375.153,260
1788926400,1788926400,1788926401,4375.096,4376.168,4374.362,4374.621,260
1788926700,1788926700,1788926701,4374.592,4374.627,4371.702,4372.232,260
1788927000,1788927000,1788927001,4372.23,4373.709,4370.63,4373.261,260
1788927300,1788927300,1788927301,4373.45,4374.389,4372.267,4373.477,260
1788927600,1788927600,1788927601,4373.425,4377.279,4372.733,4376.965,260
1788927900,1788927900,1788927901,4376.945,4380.509,4376.694,4379.899,260
1788928200,1788928200,1788928201,4379.858,4380.093,4377.74,4378.608,260
1788928500,1788928500,1788928501,4378.566,4380.021,4377.869,4378.329,260
1788928800,1788928800,1788928801,4378.261,4378.691,4376.319,4377.92,260
1788929100,1788929100,1788929101,4377.831,4379.948,4377.831,4378.583,260
1788929400,1788929400,1788929401,4378.753,4381.487,4377.354,4380.856,260
1788929700,1788929700,1788929701,4380.859,4382.559,4380.04,4381.485,260
1788930000,1788930000,1788930001,4381.363,4384.078,4380.275,4381.67,260
1788930300,1788930300,1788930301,4381.414,4385.174,4381.175,4384.597,260
1788930600,1788930600,1788930601,4384.54,4387.82,4384.54,4387.527,260
1788930900,1788930900,1788930901,4387.461,4388.662,4386.643,4388.056,260
1788931200,1788931200,1788931201,4388.088,4388.274,4383.373,4386.453,260
1788931500,1788931500,1788931501,4386.479,4388.378,4384.862,4384.988,260
1788931800,1788931800,1788931801,4385.197,4389.053,4384.194,4387.261,260
1788932100,1788932100,1788932101,4387.208,4392.654,4386.074,4392.392,260
1788932400,1788932400,1788932401,4392.423,4395.45,4391.497,4395.356,260
1788932700,1788932700,1788932701,4395.346,4397.208,4392.255,4395.502,260
1788933000,1788933000,1788933001,4395.555,4400.425,4395.443,4399.452,260
1788933300,1788933300,1788933301,4399.641,4400.862,4398.458,4398.792,260
1788933600,1788933600,1788933601,4398.914,4404.392,4398.121,4402.936,260
1788933900,1788933900,1788933901,4402.992,4405.292,4399.872,4400.298,260
1788934200,1788934200,1788934201,4400.015,4401.935,4398.915,4401.108,260
1788934500,1788934500,1788934501,4401.053,4403.135,4399.533,4400.046,260
1788934800,1788934800,1788934801,4399.713,4400.623,4396.934,4398.953,260
1788935100,1788935100,1788935101,4398.996,4399.542,4395.156,4398.035,260
1788935400,1788935400,1788935401,4398.093,4403.407,4397.073,4402.695,260
1788935700,1788935700,1788935701,4402.698,4406.148,4401.749,4404.795,260
1788936000,1788936000,1788936001,4404.864,4404.869,4399.54,4400.184,260
1788936300,1788936300,1788936301,4400.129,4401.112,4398.588,4401.056,260
1788936600,1788936600,1788936601,4401.035,4401.691,4399.733,4400.396,260
1788936900,1788936900,1788936901,4400.325,4401.524,4399.443,4400.603,260
1788937200,1788937200,1788937201,4400.658,4402.478,4399.088,4401.598,260
1788937500,1788937500,1788937501,4401.381,4404.514,4401.072,4403.542,260
1788937800,1788937800,1788937801,4403.681,4407.851,4402.98,4406.382,260
1788938100,1788938100,1788938101,4406.362,4406.965,4402.848,4403.479,260
1788938400,1788938400,1788938401,4403.817,4407.769,4403.441,4405.404,260
1788938700,1788938700,1788938701,4405.414,4408.969,4405.073,4407.542,260
1788939000,1788939000,1788939001,4407.696,4408.59,4406.366,4407.227,260
1788939300,1788939300,1788939301,4407.101,4410.31,4406.69,4410.037,260
1788939600,1788939600,1788939601,4409.974,4410.437,4408.148,4410.393,260
1788939900,1788939900,1788939901,4410.188,4412.771,4409.195,4411.481,260
1788940200,1788940200,1788940201,4411.414,4411.62,4408.295,4409.047,260
1788940500,1788940500,1788940501,4408.9,4410.066,4408.495,4409.235,260
1788940800,1788940800,1788940801,4409.276,4409.568,4406.786,4408.492,260
1788941100,1788941100,1788941101,4408.218,4412.171,4407.042,4407.139,260
1788941400,1788941400,1788941401,4407.168,4407.436,4403.577,4403.919,260
1788941700,1788941700,1788941701,4403.937,4404.932,4402.035,4403.602,260
1788942000,1788942000,1788942001,4403.859,4403.934,4400.908,4401.272,260
1788942300,1788942300,1788942301,4401.32,4402.378,4399.421,4399.638,260
1788942600,1788942600,1788942601,4399.842,4403.639,4399.724,4401.911,260
1788942900,1788942900,1788942901,4401.724,4402.585,4399.345,4399.44,260
1788943200,1788943200,1788943201,4399.614,4401.983,4398.918,4399.984,260
1788943500,1788943500,1788943501,4400.038,4402.051,4398.871,4400.351,260
1788943800,1788943800,1788943801,4400.289,4402.04,4399.557,4401.886,260
1788944100,1788944100,1788944101,4401.767,4403.295,4400.27,4400.76,260
1788944400,1788944400,1788944401,4400.814,4402.199,4399.954,4401.088,260
1788944700,1788944700,1788944701,4401.144,4402.105,4399.462,4401.609,260
1788945000,1788945000,1788945001,4401.674,4401.892,4397.7,4398.334,260
1788945300,1788945300,1788945301,4398.489,4399.969,4397.384,4399.667,260
1788945600,1788945600,1788945601,4399.639,4400.211,4397.108,4397.452,260
1788945900,1788945900,1788945901,4397.515,4399.024,4396.7,4398.18,260
1788946200,1788946200,1788946201,4398.237,4398.847,4395.742,4397.956,260
1788946500,1788946500,1788946501,4397.961,4398.536,4397.016,4398.015,260
1788946800,1788946800,1788946801,4397.754,4398.428,4395.135,4396.063,260
1788947100,1788947100,1788947101,4396.297,4396.297,4393.856,4394.794,260
1788947400,1788947400,1788947401,4395.028,4395.028,4391.044,4391.126,260
1788947700,1788947700,1788947701,4391.1,4391.223,4388.53,4390.779,260
1788948000,1788948000,1788948001,4390.72,4391.561,4386.017,4390.018,260
1788948300,1788948300,1788948301,4390.15,4393.33,4390.15,4392.328,260
1788948600,1788948600,1788948601,4392.359,4393.416,4389.74,4391.214,260
1788948900,1788948900,1788948901,4391.151,4394.718,4389.357,4394.215,260
1788949200,1788949200,1788949201,4394.137,4396.031,4393.621,4394.656,260
1788949500,1788949500,1788949501,4394.366,4395.547,4392.986,4394.441,260
1788949800,1788949800,1788949801,4394.5,4396.933,4393.593,4396.445,260
1788950100,1788950100,1788950101,4396.181,4399.224,4395.913,4398.542,260
1788950400,1788950400,1788950401,4398.566,4398.957,4394.175,4394.93,260
1788950700,1788950700,1788950701,4394.888,4399.964,4394.352,4398.692,260
1788951000,1788951000,1788951001,4398.663,4402.226,4398.15,4401.895,260
1788951300,1788951300,1788951301,4401.833,4403.241,4399.464,4399.628,260
1788951600,1788951600,1788951601,4399.693,4403.737,4399.693,4403.387,260
1788951900,1788951900,1788951901,4403.363,4404.393,4401.925,4403.972,260
1788952200,1788952200,1788952201,4404.127,4404.614,4402.429,4403.397,260
1788952500,1788952500,1788952501,4403.725,4404.688,4401.293,4403.816,260
1788952800,1788952800,1788952801,4404.032,4406.349,4402.295,4406.293,260
1788953100,1788953100,1788953101,4406.348,4409.048,4405.957,4408.126,260
1788953400,1788953400,1788953401,4407.996,4408.463,4404.465,4404.821,260
1788953700,1788953700,1788953701,4404.767,4405.499,4403.336,4404.708,260
1788954000,1788954000,1788954001,4405.01,4407.119,4404.666,4405.66,260
1788954300,1788954300,1788954301,4405.459,4414.628,4403.228,4414.132,260
1788954600,1788954600,1788954601,4414.075,4415.417,4406.948,4407.135,260
1788954900,1788954900,1788954901,4407.254,4408.675,4405.814,4407.205,260
1788955200,1788955200,1788955201,4407.15,4409.497,4403.164,4404.301,260
1788955500,1788955500,1788955501,4404.158,4405.795,4400.738,4403.074,260
1788955800,1788955800,1788955801,4403.282,4404.653,4398.993,4399.268,260
1788956100,1788956100,1788956101,4399.39,4400.056,4395.971,4396.594,260
1788956400,1788956400,1788956401,4396.687,4400.263,4394.72,4396.843,260
1788956700,1788956700,1788956701,4396.962,4397.104,4393.46,4393.719,260
1788957000,1788957000,1788957001,4393.866,4397.321,4391.762,4396.059,260
1788957300,1788957300,1788957301,4396.121,4397.624,4390.903,4391.169,260
1788957600,1788957600,1788957601,4391.3,4395.679,4390.768,4395.14,260
1788957900,1788957900,1788957901,4395.131,4399.629,4395.131,4397.282,260
1788958200,1788958200,1788958201,4397.229,4399.121,4395.962,4398.308,260
1788958500,1788958500,1788958501,4398.505,4402.209,4398.1,4400.169,260
1788958800,1788958800,1788958801,4400.113,4408.371,4398.33,4407.027,260
1788959100,1788959100,1788959101,4407.059,4410.679,4406.704,4409.632,260
1788959400,1788959400,1788959401,4409.832,4413.648,4409.53,4413.065,260
1788959700,1788959700,1788959701,4413.119,4418.11,4410.722,4417.168,260
1788960000,1788960000,1788960001,4417.109,4427.98,4414.368,4427.384,260
1788960300,1788960300,1788960301,4427.447,4430.229,4425.238,4429.324,260
1788960600,1788960600,1788960601,4429.264,4434.213,4428.019,4430.712,260
1788960900,1788960900,1788960901,4430.587,4430.701,4419.694,4421.525,260
1788961200,1788961200,1788961201,4421.59,4422.132,4412.926,4417.228,260
1788961500,1788961500,1788961501,4416.891,4421.189,4415.805,4421.189,260
1788961800,1788961800,1788961801,4421.135,4423.874,4415.318,4416.516,260
1788962100,1788962100,1788962101,4416.319,4416.916,4410.489,4415.142,260
1788962400,1788962400,1788962401,4414.815,4424.615,4414.24,4423.447,260
1788962700,1788962700,1788962701,4423.502,4428.724,4420.804,4422.137,260
1788963000,1788963000,1788963001,4421.909,4423.603,4417.62,4423.099,260
1788963300,1788963300,1788963301,4423.429,4423.429,4413.81,4416.938,260
1788963600,1788963600,1788963601,4417.041,4417.411,4409.635,4410.28,260
1788963900,1788963900,1788963901,4410.377,4426.14,4410.118,4425.771,260
1788964200,1788964200,1788964201,4425.831,4425.831,4420.224,4422.874,260
1788964500,1788964500,1788964501,4422.937,4427.061,4422.443,4425.819,260
1788964800,1788964800,1788964801,4425.753,4426.436,4418.504,4419.007,260
1788965100,1788965100,1788965101,4418.748,4422.398,4417.923,4420.704,260
1788965400,1788965400,1788965401,4420.768,4423.635,4419.016,4419.235,260
1788965700,1788965700,1788965701,4419.466,4420.476,4414.999,4418.895,260
1788966000,1788966000,1788966001,4418.957,4432.349,4394.548,4395.143,260
1788966300,1788966300,1788966301,4395.088,4398.233,4380.095,4391.299,260
1788966600,1788966600,1788966601,4391.155,4392.588,4381.778,4389.51,260
1788966900,1788966900,1788966901,4389.572,4393.51,4379.836,4384.732,260
1788967200,1788967200,1788967201,4384.663,4388.258,4375.056,4383.372,260
1788967500,1788967500,1788967501,4383.43,4395.469,4382.7,4394.553,260
1788967800,1788967800,1788967801,4394.606,4401.386,4392.281,4401.023,260
1788968100,1788968100,1788968101,4400.692,4407.214,4397.553,4406.117,260
1788968400,1788968400,1788968401,4406.378,4407.203,4399.296,4402.787,260
1788968700,1788968700,1788968701,4402.883,4404.639,4398.885,4402.246,260
1788969000,1788969000,1788969001,4402.34,4407.265,4399.578,4401.454,260
1788969300,1788969300,1788969301,4401.401,4401.401,4398.01,4398.231,260
1788969600,1788969600,1788969601,4398.723,4403.054,4396.775,4402.405,260
1788969900,1788969900,1788969901,4402.631,4402.631,4394.754,4395.445,260
1788970200,1788970200,1788970201,4395.623,4398.737,4394.759,4397.731,260
1788970500,1788970500,1788970501,4397.783,4398.354,4391.373,4393.169,260
1788970800,1788970800,1788970801,4393.385,4398.455,4393.149,4398.455,260
1788971100,1788971100,1788971101,4398.397,4402.372,4398.397,4401.818,260
1788971400,1788971400,1788971401,4401.49,4403.989,4398.767,4402.464,260
1788971700,1788971700,1788971701,4402.594,4404.32,4399.06,4403.988,260
1788972000,1788972000,1788972001,4403.87,4407.938,4403.158,4407.158,260
1788972300,1788972300,1788972301,4407.106,4409.385,4405.907,4406.707,260
1788972600,1788972600,1788972601,4406.825,4407.801,4405.368,4407.344,260
1788972900,1788972900,1788972901,4407.124,4410.425,4406.441,4409.255,260
1788973200,1788973200,1788973201,4409.472,4414.18,4408.672,4412.788,260
1788973500,1788973500,1788973501,4413.121,4420.601,4412.634,4418.257,260
1788973800,1788973800,1788973801,4418.26,4419.307,4415.456,4416.497,260
1788974100,1788974100,1788974101,4416.443,4418.556,4414.936,4416.3,260
1788974400,1788974400,1788974401,4416.304,4418.631,4415.687,4418.227,260
1788974700,1788974700,1788974701,4418.081,4420.637,4414.239,4414.868,260
1788975000,1788975000,1788975001,4414.987,4415.147,4411.679,4412.556,260
1788975300,1788975300,1788975301,4412.754,4414.684,4411.835,4413.351,260
1788975600,1788975600,1788975601,4413.131,4417.228,4413.131,4413.478,260
1788975900,1788975900,1788975901,4413.693,4415.245,4413.141,4413.506,260
1788976200,1788976200,1788976201,4413.625,4416.316,4413.173,4415.035,260
1788976500,1788976500,1788976501,4415.117,4417.026,4414.845,4415.916,260
1788976800,1788976800,1788976801,4415.972,4419.048,4415.842,4418.347,260
1788977100,1788977100,1788977101,4418.403,4418.876,4415.653,4418.039,260
1788977400,1788977400,1788977401,4417.956,4421.585,4417.597,4420.145,260
1788977700,1788977700,1788977701,4420.199,4420.815,4418.207,4419.279,260
1788978000,1788978000,1788978001,4419.156,4419.659,4416.942,4417.45,260
1788978300,1788978300,1788978301,4417.718,4418.093,4416.539,4417.783,260
1788978600,1788978600,1788978601,4417.837,4418.44,4413.734,4414.974,260
1788978900,1788978900,1788978901,4415.03,4415.846,4413.354,4414.822,260
1788979200,1788979200,1788979201,4415.149,4416.612,4409.34,4409.951,260
1788979500,1788979500,1788979501,4410.002,4410.226,4406.187,4406.605,260
1788979800,1788979800,1788979801,4406.581,4407.974,4404.919,4405.79,260
1788980100,1788980100,1788980101,4405.626,4407.138,4401.511,4402.914,260
1788980400,1788980400,1788980401,4403.048,4404.238,4396.732,4398.469,260
1788980700,1788980700,1788980701,4398.4,4400.241,4397.061,4398.96,260
1788981000,1788981000,1788981001,4399.207,4400.704,4397.028,4400.06,260
1788981300,1788981300,1788981301,4400.279,4402.295,4398.404,4401.973,260
1788981600,1788981600,1788981601,4401.753,4404.914,4401.43,4404.261,260
1788981900,1788981900,1788981901,4404.199,4404.747,4399.382,4399.481,260
1788982200,1788982200,1788982201,4399.374,4401.052,4398.301,4398.973,260
1788982500,1788982500,1788982501,4398.92,4399.117,4395.476,4397.369,260
1788982800,1788982800,1788982801,4397.307,4399.953,4395.963,4399.702,260
1788983100,1788983100,1788983101,4399.759,4401.461,4399.454,4399.956,260
1788983400,1788983400,1788983401,4400.351,4400.839,4396.186,4398.704,260
1788983700,1788983700,1788983701,4398.805,4400.072,4397.564,4398.907,260
1788984000,1788984000,1788984001,4398.853,4399.409,4396.218,4396.945,260
1788984300,1788984300,1788984301,4396.892,4397.462,4396.227,4396.786,260
1788984600,1788984600,1788984601,4396.782,4398.473,4396.689,4397.055,260
1788984900,1788984900,1788984901,4397.351,4397.601,4394.081,4394.524,260
1788985200,1788985200,1788985201,4394.468,4395.105,4393.303,4395.074,260
1788985500,1788985500,1788985501,4395.066,4396.062,4393.657,4394.616,260
1788985800,1788985800,1788985801,4394.657,4397.598,4394.657,4397.146,260
1788986100,1788986100,1788986101,4397.091,4400.891,4396.839,4399.576,260
1788986400,1788986400,1788986401,4399.514,4400.383,4398.543,4399.988,260
1788986700,1788986700,1788986701,4400.099,4401.025,4399.14,4399.876,260
1788987000,1788987000,1788987001,4400.172,4400.524,4399.335,4400.006,260
1788987300,1788987300,1788987301,4400.127,4401.056,4399.803,4400.712,260
1788991200,1788991200,1788991201,4404.616,4406.264,4403.664,4405.302,260
1788991500,1788991500,1788991501,4405.21,4405.695,4403.276,4404.51,260
1788991800,1788991800,1788991801,4404.51,4406.091,4402.476,4402.968,260
1788992100,1788992100,1788992101,4403.05,4404.414,4402.218,4403.515,260
1788992400,1788992400,1788992401,4403.207,4403.422,4401.109,4401.912,260
1788992700,1788992700,1788992701,4401.913,4403.039,4400.259,4402.331,260
1788993000,1788993000,1788993001,4402.544,4403.849,4401.365,4402.703,260
1788993300,1788993300,1788993301,4402.682,4403.323,4399.754,4400.462,260
1788993600,1788993600,1788993601,4400.485,4402.361,4400.035,4401.552,260
1788993900,1788993900,1788993901,4401.337,4401.722,4397.674,4400.133,260
1788994200,1788994200,1788994201,4399.878,4400.459,4398.429,4398.797,260
1788994500,1788994500,1788994501,4398.797,4401.052,4397.617,4399.477,260
1788994800,1788994800,1788994801,4399.419,4403.138,4399.363,4402.619,260
1788995100,1788995100,1788995101,4402.655,4402.973,4398.437,4400.126,260
1788995400,1788995400,1788995401,4400.141,4402.66,4399.502,4400.802,260
1788995700,1788995700,1788995701,4400.794,4402.294,4397.994,4400.17,260
1788996000,1788996000,1788996001,4400.218,4401.425,4396.883,4397.228,260
1788996300,1788996300,1788996301,4397.591,4399.776,4395.852,4397.721,260
1788996600,1788996600,1788996601,4397.587,4399.31,4393.714,4394.268,260
1788996900,1788996900,1788996901,4394.323,4394.944,4393.372,4394.084,260
1788997200,1788997200,1788997201,4393.922,4394.513,4393.179,4394.51,260
1788997500,1788997500,1788997501,4394.51,4395.368,4393.268,4394.067,240
1788997800,1788997800,1788997801,4393.977,4394.995,4393.522,4394.488,240
1788998100,1788998100,1788998101,4394.505,4394.879,4393.076,4394.034,240
1788998400,1788998400,1788998401,4393.98,4394.113,4389.597,4392.202,260
1788998700,1788998700,1788998701,4392.06,4394.282,4389.983,4393.44,260
1788999000,1788999000,1788999001,4393.5,4397.199,4392.908,4395.097,260
1788999300,1788999300,1788999301,4395.09,4398.527,4394.538,4396.796,260
1788999600,1788999600,1788999601,4396.848,4397.947,4395.178,4396.026,260
1788999900,1788999900,1788999901,4395.976,4397.38,4392.062,4392.668,260
1789000200,1789000200,1789000201,4392.733,4395.14,4391.251,4394.579,260
1789000500,1789000500,1789000501,4394.561,4398.811,4394.509,4398.313,260
1789000800,1789000800,1789000801,4398.342,4401.674,4396.522,4400.721,260
1789001100,1789001100,1789001101,4400.839,4401.014,4397.782,4400.149,260
1789001400,1789001400,1789001401,4400.181,4404.984,4397.917,4402.712,260
1789001700,1789001700,1789001701,4402.83,4403.706,4400.67,4400.916,260
1789002000,1789002000,1789002001,4401.125,4413.244,4399.819,4409.295,260
1789002300,1789002300,1789002301,4409.551,4418.629,4407.369,4417.65,260
1789002600,1789002600,1789002601,4417.708,4419.103,4411.852,4412.884,260
1789002900,1789002900,1789002901,4412.621,4416.311,4411.408,4415.055,260
1789003200,1789003200,1789003201,4414.965,4415.308,4410.282,4412.573,260
1789003500,1789003500,1789003501,4412.482,4416.671,4410.325,4410.509,260
1789003800,1789003800,1789003801,4410.565,4411.104,4405.32,4407.898,260
1789004100,1789004100,1789004101,4408.116,4410.459,4406.089,4407.303,260
1789004400,1789004400,1789004401,4407.358,4410.528,4407.236,4409.87,260
1789004700,1789004700,1789004701,4409.921,4414.275,4408.92,4412.98,260
1789005000,1789005000,1789005001,4412.919,4414.442,4408.087,4408.97,260
1789005300,1789005300,1789005301,4408.859,4413.182,4407.826,4412.063,260
1789005600,1789005600,1789005601,4412.124,4418.016,4411.462,4415.14,260
1789005900,1789005900,1789005901,4414.934,4418.862,4414.238,4416.389,260
1789006200,1789006200,1789006201,4416.716,4417.182,4411.921,4413.836,260
1789006500,1789006500,1789006501,4414.093,4414.793,4407.974,4409.737,260
1789006800,1789006800,1789006801,4409.798,4413.867,4408.517,4412.926,260
1789007100,1789007100,1789007101,4412.981,4417.777,4412.081,4416.823,260
1789007400,1789007400,1789007401,4416.952,4417.71,4411.152,4415.681,260
1789007700,1789007700,1789007701,4415.735,4420.36,4414.227,4418.547,260
1789008000,1789008000,1789008001,4418.555,4420.816,4417.225,4417.998,260
1789008300,1789008300,1789008301,4418.036,4419.393,4416.704,4417.787,260
1789008600,1789008600,1789008601,4417.779,4420.856,4415.905,4420.472,260
1789008900,1789008900,1789008901,4420.486,4420.529,4417.199,4419.464,260
1789009200,1789009200,1789009201,4419.138,4421.125,4415.306,4417.446,260
1789009500,1789009500,1789009501,4417.378,4417.407,4411.453,4413.386,260
1789009800,1789009800,1789009801,4413.441,4416.503,4412.334,4412.774,260
1789010100,1789010100,1789010101,4412.685,4414.877,4412.091,4414.399,260
1789010400,1789010400,1789010401,4414.324,4415.042,4411.317,4412.241,260
1789010700,1789010700,1789010701,4412.474,4412.668,4409.268,4410.148,260
1789011000,1789011000,1789011001,4410.081,4412.506,4409.554,4411.13,260
1789011300,1789011300,1789011301,4411.087,4411.307,4407.956,4408.739,260
1789011600,1789011600,1789011601,4408.679,4408.893,4406.891,4407.977,260
1789011900,1789011900,1789011901,4407.977,4410.005,4407.977,4408.791,260
1789012200,1789012200,1789012201,4408.72,4408.87,4406.76,4408.096,260
1789012500,1789012500,1789012501,4408.12,4409.531,4407.593,4408.984,260
1789012800,1789012800,1789012801,4409.252,4412.772,4408.939,4412.765,260
1789013100,1789013100,1789013101,4412.763,4414.172,4412.189,4413.182,260
1789013400,1789013400,1789013401,4412.79,4415.462,4412.694,4413.84,260
1789013700,1789013700,1789013701,4413.857,4415.359,4413.723,4414.456,260
1789014000,1789014000,1789014001,4414.434,4415.28,4413.459,4414.012,260
1789014300,1789014300,1789014301,4414.066,4414.62,4410.681,4411.501,260
1789014600,1789014600,1789014601,4411.568,4413.684,4410.47,4410.892,260
1789014900,1789014900,1789014901,4410.831,4411.464,4407.591,4408.273,260
1789015200,1789015200,1789015201,4408.29,4408.918,4405.427,4406.758,260
1789015500,1789015500,1789015501,4406.696,4409.5,4406.334,4409.385,260
1789015800,1789015800,1789015801,4409.653,4411.81,4406.987,4407.226,260
1789016100,1789016100,1789016101,4407.008,4408.77,4406.626,4408.498,260
1789016400,1789016400,1789016401,4408.56,4411.827,4408.029,4409.447,260
1789016700,1789016700,1789016701,4409.264,4414.799,4408.716,4414.373,260
1789017000,1789017000,1789017001,4414.491,4418.918,4414.474,4418.782,260
1789017300,1789017300,1789017301,4418.687,4420.004,4416.817,4418.395,260
1789017600,1789017600,1789017601,4418.406,4419.968,4417.913,4418.819,260
1789017900,1789017900,1789017901,4418.788,4420.874,4417.036,4420.552,260
1789018200,1789018200,1789018201,4420.93,4427.621,4417.354,4425.493,260
1789018500,1789018500,1789018501,4425.612,4427.709,4421.651,4423.282,260
1789018800,1789018800,1789018801,4423.062,4429.683,4422.51,4428.151,260
1789019100,1789019100,1789019101,4428.026,4430.414,4425.674,4426.007,260
1789019400,1789019400,1789019401,4425.877,4427.949,4423.723,4426.886,260
1789019700,1789019700,1789019701,4426.805,4431.171,4425.463,4430.843,260
1789020000,1789020000,1789020001,4430.945,4435.175,4426.594,4426.594,260
1789020300,1789020300,1789020301,4426.919,4427.637,4422.426,4422.52,260
1789020600,1789020600,1789020601,4422.576,4423.28,4416.083,4416.479,260
1789020900,1789020900,1789020901,4416.538,4416.568,4412.982,4414.924,260
1789021200,1789021200,1789021201,4414.983,4416.127,4410.885,4415.962,260
1789021500,1789021500,1789021501,4415.834,4417.693,4413.123,4417.435,260
1789021800,1789021800,1789021801,4417.647,4418.947,4414.757,4415.493,260
1789022100,1789022100,1789022101,4415.406,4418.584,4413.162,4418.584,260
1789022400,1789022400,1789022401,4418.524,4426.854,4418.524,4426.65,260
1789022700,1789022700,1789022701,4426.706,4428.81,4424.051,4424.866,260
1789023000,1789023000,1789023001,4424.841,4428.635,4423.617,4425.028,260
1789023300,1789023300,1789023301,4425.199,4425.554,4423.515,4425.384,260
1789023600,1789023600,1789023601,4425.27,4425.56,4414.649,4415.181,260
1789023900,1789023900,1789023901,4415.119,4416.555,4413.961,4414.826,260
1789024200,1789024200,1789024201,4414.702,4417.439,4413.096,4413.529,260
1789024500,1789024500,1789024501,4413.411,4415.136,4411.592,4412.667,260
1789024800,1789024800,1789024801,4412.547,4413.154,4410.179,4411.657,260
1789025100,1789025100,1789025101,4411.67,4411.973,4407.94,4408.519,260
1789025400,1789025400,1789025401,4408.514,4410.804,4403.967,4404.775,260
1789025700,1789025700,1789025701,4404.839,4407.738,4403.927,4406.245,260
1789026000,1789026000,1789026001,4406.187,4409.834,4405.133,4409.519,260
1789026300,1789026300,1789026301,4409.397,4412.573,4408.663,4411.308,260
1789026600,1789026600,1789026601,4411.294,4415.548,4411.003,4414.542,260
1789026900,1789026900,1789026901,4414.603,4414.863,4411.003,4411.852,260
1789027200,1789027200,1789027201,4411.794,4412.911,4407.359,4407.776,260
1789027500,1789027500,1789027501,4407.654,4409.15,4406.504,4409.09,260
1789027800,1789027800,1789027801,4408.876,4409.885,4404.727,4405.497,260
1789028100,1789028100,1789028101,4405.827,4407.127,4404.679,4406.076,260
1789028400,1789028400,1789028401,4406.339,4407.881,4405.2,4406.234,260
1789028700,1789028700,1789028701,4406.179,4406.566,4403.807,4405.722,260
1789029000,1789029000,1789029001,4405.672,4406.072,4399.851,4399.962,260
1789029300,1789029300,1789029301,4399.947,4401.715,4398.429,4399.652,260
1789029600,1789029600,1789029601,4399.869,4400.652,4394.796,4395.973,260
1789029900,1789029900,1789029901,4396.035,4396.706,4392.553,4392.995,260
1789030200,1789030200,1789030201,4393.115,4398.311,4392.908,4396.826,260
1789030500,1789030500,1789030501,4396.769,4396.769,4393.662,4395.013,260
1789030800,1789030800,1789030801,4394.762,4396.798,4393.201,4395.725,260
1789031100,1789031100,1789031101,4395.717,4396.659,4389.723,4391.491,260
1789031400,1789031400,1789031401,4391.617,4395.091,4391.616,4395.0,260
1789031700,1789031700,1789031701,4395.056,4396.977,4393.449,4395.644,260
1789032000,1789032000,1789032001,4395.91,4396.174,4391.994,4392.898,260
1789032300,1789032300,1789032301,4392.962,4395.698,4391.736,4392.654,260
1789032600,1789032600,1789032601,4392.87,4393.145,4389.487,4392.204,260
1789032900,1789032900,1789032901,4392.139,4393.255,4390.62,4390.908,260
1789033200,1789033200,1789033201,4390.928,4393.229,4388.279,4393.22,260
1789033500,1789033500,1789033501,4393.16,4395.852,4392.533,4395.02,260
1789033800,1789033800,1789033801,4394.96,4395.791,4393.732,4394.594,260
1789034100,1789034100,1789034101,4394.528,4395.203,4393.066,4394.114,260
1789034400,1789034400,1789034401,4394.21,4399.367,4391.584,4398.148,260
1789034700,1789034700,1789034701,4398.247,4399.978,4391.777,4392.962,260
1789035000,1789035000,1789035001,4392.908,4397.402,4389.701,4395.282,260
1789035300,1789035300,1789035301,4395.223,4400.231,4394.242,4398.523,260
1789035600,1789035600,1789035601,4398.612,4399.345,4395.749,4396.043,260
1789035900,1789035900,1789035901,4396.095,4397.485,4393.582,4394.245,260
1789036200,1789036200,1789036201,4394.306,4394.808,4383.462,4385.027,260
1789036500,1789036500,1789036501,4384.973,4385.519,4377.685,4385.353,260
1789036800,1789036800,1789036801,4385.326,4386.396,4382.976,4383.868,260
1789037100,1789037100,1789037101,4383.474,4385.939,4380.024,4383.009,260
1789037400,1789037400,1789037401,4382.953,4383.758,4374.865,4377.293,260
1789037700,1789037700,1789037701,4377.352,4387.653,4377.098,4379.071,260
1789038000,1789038000,1789038001,4379.018,4384.554,4377.997,4383.571,260
1789038300,1789038300,1789038301,4383.624,4384.431,4378.659,4379.632,260
1789038600,1789038600,1789038601,4379.567,4383.725,4374.984,4383.426,260
1789038900,1789038900,1789038901,4383.373,4385.89,4380.794,4382.982,260
1789039200,1789039200,1789039201,4382.684,4383.703,4379.836,4382.674,260
1789039500,1789039500,1789039501,4382.892,4388.794,4382.391,4386.09,260
1789039800,1789039800,1789039801,4385.765,4388.77,4384.369,4386.529,260
1789040100,1789040100,1789040101,4386.71,4389.532,4386.136,4389.359,260
1789040400,1789040400,1789040401,4389.389,4390.656,4384.282,4384.436,260
1789040700,1789040700,1789040701,4384.711,4385.408,4380.327,4381.354,260
1789041000,1789041000,1789041001,4381.686,4382.802,4375.769,4380.312,260
1789041300,1789041300,1789041301,4380.247,4380.462,4373.979,4374.341,260
1789041600,1789041600,1789041601,4374.41,4377.084,4370.533,4372.749,260
1789041900,1789041900,1789041901,4372.42,4376.67,4369.656,4372.295,260
1789042200,1789042200,1789042201,4372.348,4377.795,4371.769,4375.131,260
1789042500,1789042500,1789042501,4375.489,4377.154,4366.625,4372.096,260
1789042800,1789042800,1789042801,4372.041,4373.803,4365.596,4367.626,260
1789043100,1789043100,1789043101,4367.644,4368.415,4361.779,4363.821,260
1789043400,1789043400,1789043401,4364.102,4373.103,4339.839,4342.32,260
1789043700,1789043700,1789043701,4342.375,4343.221,4324.001,4327.035,260
1789044000,1789044000,1789044001,4326.877,4342.967,4324.049,4340.682,260
1789044300,1789044300,1789044301,4340.612,4349.462,4338.194,4349.462,260
1789044600,1789044600,1789044601,4349.514,4354.913,4342.407,4343.355,260
1789044900,1789044900,1789044901,4343.482,4344.272,4336.297,4340.007,260
1789045200,1789045200,1789045201,4340.06,4355.441,4339.21,4351.147,260
1789045500,1789045500,1789045501,4351.001,4353.447,4346.412,4347.317,260
1789045800,1789045800,1789045801,4347.276,4351.278,4343.753,4343.934,260
1789046100,1789046100,1789046101,4343.879,4349.231,4341.223,4349.134,260
1789046400,1789046400,1789046401,4349.193,4356.242,4349.193,4349.928,260
1789046700,1789046700,1789046701,4350.067,4357.833,4344.796,4357.784,260
1789047000,1789047000,1789047001,4357.919,4368.109,4352.243,4363.631,260
1789047300,1789047300,1789047301,4363.564,4371.631,4359.389,4369.438,260
1789047600,1789047600,1789047601,4369.375,4373.304,4363.247,4364.633,260
1789047900,1789047900,1789047901,4364.69,4376.017,4363.259,4371.727,260
1789048200,1789048200,1789048201,4371.511,4374.579,4362.341,4367.042,260
1789048500,1789048500,1789048501,4367.169,4370.33,4364.204,4366.028,260
1789048800,1789048800,1789048801,4366.152,4374.955,4366.134,4369.909,260
1789049100,1789049100,1789049101,4369.951,4371.754,4361.089,4364.171,260
1789049400,1789049400,1789049401,4364.032,4367.15,4358.961,4359.216,260
1789049700,1789049700,1789049701,4359.432,4363.192,4353.884,4361.342,260
1789050000,1789050000,1789050001,4361.498,4373.566,4359.191,4371.432,260
1789050300,1789050300,1789050301,4371.145,4376.439,4362.529,4363.554,260
1789050600,1789050600,1789050601,4363.499,4365.415,4360.193,4364.326,260
1789050900,1789050900,1789050901,4364.382,4370.373,4362.708,4363.141,260
1789051200,1789051200,1789051201,4363.087,4369.609,4356.059,4356.4,260
1789051500,1789051500,1789051501,4356.335,4359.043,4353.922,4358.049,260
1789051800,1789051800,1789051801,4357.723,4361.683,4355.039,4355.378,260
1789052100,1789052100,1789052101,4355.288,4359.935,4353.99,4358.258,260
1789052400,1789052400,1789052401,4358.316,4358.477,4352.364,4353.678,260
1789052700,1789052700,1789052701,4353.351,4358.984,4353.351,4355.636,260
1789053000,1789053000,1789053001,4355.689,4361.412,4355.059,4359.545,260
1789053300,1789053300,1789053301,4359.771,4365.046,4358.601,4363.514,260
1789053600,1789053600,1789053601,4363.278,4367.197,4361.011,4365.974,260
1789053900,1789053900,1789053901,4365.96,4367.863,4363.059,4365.262,260
1789054200,1789054200,1789054201,4365.322,4369.69,4362.3,4369.345,260
1789054500,1789054500,1789054501,4369.399,4372.359,4366.918,4368.35,260
1789054800,1789054800,1789054801,4368.332,4368.774,4363.876,4365.65,260
1789055100,1789055100,1789055101,4365.705,4366.868,4360.847,4366.812,260
1789055400,1789055400,1789055401,4366.759,4370.11,4365.214,4365.726,260
1789055700,1789055700,1789055701,4365.707,4367.654,4363.773,4365.991,260
1789056000,1789056000,1789056001,4366.056,4369.899,4364.863,4367.245,260
1789056300,1789056300,1789056301,4367.154,4368.871,4359.545,4359.827,260
1789056600,1789056600,1789056601,4359.61,4361.058,4353.791,4358.876,260
1789056900,1789056900,1789056901,4358.814,4361.314,4355.194,4359.123,260
1789057200,1789057200,1789057201,4359.176,4362.751,4358.756,4361.131,260
1789057500,1789057500,1789057501,4361.351,4363.812,4359.782,4362.948,260
1789057800,1789057800,1789057801,4363.167,4365.669,4356.777,4357.294,260
1789058100,1789058100,1789058101,4357.129,4361.4,4355.526,4360.298,260
1789058400,1789058400,1789058401,4360.244,4361.665,4356.03,4356.733,260
1789058700,1789058700,1789058701,4356.671,4363.254,4356.213,4360.065,260
1789059000,1789059000,1789059001,4360.229,4363.887,4360.21,4361.519,260
1789059300,1789059300,1789059301,4361.442,4364.413,4359.625,4363.921,260
1789059600,1789059600,1789059601,4363.974,4368.162,4359.479,4363.443,260
1789059900,1789059900,1789059901,4363.676,4364.757,4360.501,4361.721,260
1789060200,1789060200,1789060201,4361.773,4366.246,4361.168,4362.641,260
1789060500,1789060500,1789060501,4362.699,4364.939,4361.194,4363.991,260
1789060800,1789060800,1789060801,4364.109,4365.538,4362.641,4362.716,260
1789061100,1789061100,1789061101,4362.767,4366.727,4362.661,4365.591,260
1789061400,1789061400,1789061401,4365.712,4366.19,4362.02,4362.681,260
1789061700,1789061700,1789061701,4362.66,4363.973,4358.071,4358.546,260
1789062000,1789062000,1789062001,4358.214,4359.552,4355.199,4359.3,260
1789062300,1789062300,1789062301,4359.362,4360.194,4356.708,4357.68,260
1789062600,1789062600,1789062601,4357.836,4360.042,4357.081,4359.308,260
1789062900,1789062900,1789062901,4359.375,4359.841,4351.05,4352.664,260
1789063200,1789063200,1789063201,4352.722,4356.138,4348.619,4350.666,260
1789063500,1789063500,1789063501,4350.992,4350.992,4341.885,4343.283,240
1789063800,1789063800,1789063801,4343.19,4343.97,4340.354,4340.94,260
1789064100,1789064100,1789064101,4340.993,4344.969,4338.752,4342.4,260
1789064400,1789064400,1789064401,4342.461,4346.207,4341.889,4343.86,260
1789064700,1789064700,1789064701,4343.647,4345.324,4337.357,4338.896,260
1789065000,1789065000,1789065001,4338.953,4338.953,4332.361,4335.249,260
1789065300,1789065300,1789065301,4335.421,4336.138,4332.648,4334.272,240
1789065600,1789065600,1789065601,4334.218,4335.673,4331.717,4333.894,260
1789065900,1789065900,1789065901,4333.841,4334.436,4330.269,4331.888,240
1789066200,1789066200,1789066201,4331.8,4338.684,4329.76,4331.579,260
1789066500,1789066500,1789066501,4331.527,4336.792,4330.656,4332.689,240
1789066800,1789066800,1789066801,4332.635,4332.852,4313.577,4316.671,260
1789067100,1789067100,1789067101,4316.616,4324.718,4316.218,4324.24,240
1789067400,1789067400,1789067401,4324.179,4324.64,4319.693,4322.273,240
1789067700,1789067700,1789067701,4322.338,4323.721,4319.183,4321.154,240
1789068000,1789068000,1789068001,4320.743,4329.709,4320.682,4329.235,240
1789068300,1789068300,1789068301,4329.18,4331.055,4326.263,4327.442,240
1789068600,1789068600,1789068601,4327.381,4329.486,4324.721,4327.146,260
1789068900,1789068900,1789068901,4327.149,4328.102,4324.138,4326.826,240
1789069200,1789069200,1789069201,4326.879,4328.057,4323.287,4324.342,240
1789069500,1789069500,1789069501,4324.46,4326.16,4320.798,4322.866,240
1789069800,1789069800,1789069801,4323.023,4325.018,4319.875,4323.919,240
1789070100,1789070100,1789070101,4323.522,4324.799,4322.34,4324.224,240
1789070400,1789070400,1789070401,4324.386,4324.532,4319.837,4321.395,260
1789070700,1789070700,1789070701,4321.483,4323.824,4320.187,4322.702,260
1789071000,1789071000,1789071001,4322.824,4324.358,4322.224,4323.061,240
1789071300,1789071300,1789071301,4323.175,4323.175,4321.795,4321.795,240
1789071600,1789071600,1789071601,4321.737,4321.915,4316.498,4316.99,240
1789071900,1789071900,1789071901,4316.95,4319.219,4316.911,4318.3,240
1789072200,1789072200,1789072201,4318.353,4318.792,4316.489,4316.882,260
1789072500,1789072500,1789072501,4316.983,4318.381,4315.657,4317.183,240
1789072800,1789072800,1789072801,4317.125,4318.269,4315.978,4317.907,240
1789073100,1789073100,1789073101,4317.78,4318.855,4315.169,4315.169,240
1789073400,1789073400,1789073401,4315.339,4317.984,4314.42,4317.14,260
1789073700,1789073700,1789073701,4317.187,4319.028,4316.279,4316.716,260
1789077600,1789077600,1789077601,4319.261,4324.882,4319.134,4322.291,260
1789077900,1789077900,1789077901,4322.144,4323.478,4320.909,4322.806,260
1789078200,1789078200,1789078201,4322.806,4323.094,4321.004,4321.326,260
1789078500,1789078500,1789078501,4321.093,4322.071,4319.573,4319.804,240
1789078800,1789078800,1789078801,4319.821,4321.599,4318.962,4319.613,240
1789079100,1789079100,1789079101,4319.563,4320.413,4318.787,4319.585,260
1789079400,1789079400,1789079401,4319.581,4320.42,4315.601,4318.523,240
1789079700,1789079700,1789079701,4318.302,4318.628,4315.926,4316.194,240
1789080000,1789080000,1789080001,4316.132,4317.917,4313.565,4316.204,240
1789080300,1789080300,1789080301,4316.207,4318.516,4315.272,4318.409,240
1789080600,1789080600,1789080601,4318.438,4319.305,4317.088,4317.975,240
1789080900,1789080900,1789080901,4318.0,4318.974,4317.416,4318.386,240
1789081200,1789081200,1789081201,4318.397,4320.045,4317.411,4318.769,240
1789081500,1789081500,1789081501,4318.439,4319.557,4317.978,4318.676,240
1789081800,1789081800,1789081801,4318.691,4320.001,4316.613,4319.876,240
1789082100,1789082100,1789082101,4319.579,4319.961,4319.092,4319.61,240
1789082400,1789082400,1789082401,4319.514,4320.682,4317.606,4318.24,240
1789082700,1789082700,1789082701,4318.515,4319.233,4317.674,4318.331,240
1789083000,1789083000,1789083001,4318.319,4320.657,4317.114,4318.91,240
1789083300,1789083300,1789083301,4318.9,4318.9,4314.481,4316.156,240
1789083600,1789083600,1789083601,4315.869,4318.038,4314.992,4316.333,240
1789083900,1789083900,1789083901,4316.008,4317.972,4313.935,4315.268,240
1789084200,1789084200,1789084201,4315.381,4316.43,4311.857,4312.896,240
1789084500,1789084500,1789084501,4312.841,4316.467,4311.082,4315.216,240
1789084800,1789084800,1789084801,4315.164,4321.422,4312.545,4319.715,240
1789085100,1789085100,1789085101,4319.649,4323.848,4317.401,4318.734,260
1789085400,1789085400,1789085401,4318.676,4319.693,4314.902,4319.008,260
1789085700,1789085700,1789085701,4319.082,4321.259,4316.881,4320.05,260
1789086000,1789086000,1789086001,4320.058,4321.993,4318.123,4318.956,260
1789086300,1789086300,1789086301,4318.837,4324.162,4317.251,4323.75,260
1789086600,1789086600,1789086601,4323.698,4325.096,4319.707,4321.725,260
1789086900,1789086900,1789086901,4321.408,4325.753,4320.638,4325.183,260
1789087200,1789087200,1789087201,4325.461,4327.845,4321.159,4327.467,260
1789087500,1789087500,1789087501,4327.397,4333.848,4326.623,4332.59,260
1789087800,1789087800,1789087801,4332.533,4333.735,4331.008,4332.013,260
1789088100,1789088100,1789088101,4332.255,4333.553,4329.806,4331.888,240
1789088400,1789088400,1789088401,4331.826,4340.582,4327.844,4340.245,260
1789088700,1789088700,1789088701,4340.181,4340.453,4333.16,4337.984,260
1789089000,1789089000,1789089001,4337.676,4339.078,4332.818,4333.32,260
1789089300,1789089300,1789089301,4333.185,4337.508,4330.998,4332.483,260
1789089600,1789089600,1789089601,4332.399,4332.524,4320.742,4321.482,260
1789089900,1789089900,1789089901,4321.602,4330.599,4321.234,4327.913,260
1789090200,1789090200,1789090201,4327.966,4333.217,4327.95,4332.47,260
1789090500,1789090500,1789090501,4332.523,4334.793,4329.329,4329.617,260
1789090800,1789090800,1789090801,4329.594,4329.647,4322.555,4326.69,260
1789091100,1789091100,1789091101,4326.744,4329.17,4324.083,4328.917,260
1789091400,1789091400,1789091401,4328.97,4330.252,4324.321,4325.4,260
1789091700,1789091700,1789091701,4325.012,4329.595,4324.162,4329.122,240
1789092000,1789092000,1789092001,4329.067,4333.082,4329.067,4332.557,260
1789092300,1789092300,1789092301,4332.557,4333.425,4327.948,4329.819,260
1789092600,1789092600,1789092601,4329.765,4332.31,4328.729,4330.875,260
1789092900,1789092900,1789092901,4330.779,4334.681,4329.724,4333.612,260
1789093200,1789093200,1789093201,4333.667,4333.878,4327.381,4328.079,260
1789093500,1789093500,1789093501,4327.94,4327.94,4323.569,4325.117,260
1789093800,1789093800,1789093801,4325.183,4326.612,4316.803,4319.068,260
1789094100,1789094100,1789094101,4319.295,4322.855,4316.787,4321.771,260
1789094400,1789094400,1789094401,4321.883,4325.629,4318.625,4318.695,260
1789094700,1789094700,1789094701,4319.026,4325.149,4315.814,4323.591,260
1789095000,1789095000,1789095001,4323.576,4326.85,4322.34,4322.616,260
1789095300,1789095300,1789095301,4322.486,4324.12,4320.892,4322.774,260
1789095600,1789095600,1789095601,4322.683,4326.541,4321.705,4322.285,260
1789095900,1789095900,1789095901,4322.241,4323.397,4314.884,4317.81,260
1789096200,1789096200,1789096201,4317.866,4320.1,4314.424,4319.598,260
1789096500,1789096500,1789096501,4319.435,4321.603,4314.524,4315.085,260
1789096800,1789096800,1789096801,4315.088,4316.376,4304.024,4306.771,260
1789097100,1789097100,1789097101,4307.136,4310.789,4304.841,4309.093,260
1789097400,1789097400,1789097401,4309.042,4311.452,4306.296,4308.809,260
1789097700,1789097700,1789097701,4308.916,4310.896,4306.571,4308.668,260
1789098000,1789098000,1789098001,4308.725,4312.546,4306.622,4308.355,260
1789098300,1789098300,1789098301,4308.14,4308.462,4302.213,4303.262,240
1789098600,1789098600,1789098601,4303.208,4304.188,4300.524,4304.033,260
1789098900,1789098900,1789098901,4304.031,4307.081,4302.412,4304.146,240
1789099200,1789099200,1789099201,4304.023,4309.333,4301.884,4308.681,260
1789099500,1789099500,1789099501,4308.738,4318.838,4308.488,4318.043,260
1789099800,1789099800,1789099801,4318.176,4325.103,4317.991,4321.718,260
1789100100,1789100100,1789100101,4321.77,4322.195,4319.276,4320.766,260
1789100400,1789100400,1789100401,4320.46,4327.131,4320.291,4326.913,260
1789100700,1789100700,1789100701,4326.969,4329.318,4325.666,4328.489,260
1789101000,1789101000,1789101001,4328.544,4330.453,4326.559,4326.922,260
1789101300,1789101300,1789101301,4326.975,4328.651,4325.367,4328.077,260
1789101600,1789101600,1789101601,4328.113,4332.82,4327.425,4330.384,260
1789101900,1789101900,1789101901,4330.308,4333.029,4328.827,4330.566,260
1789102200,1789102200,1789102201,4330.555,4335.102,4330.38,4334.851,260
1789102500,1789102500,1789102501,4334.799,4335.408,4331.294,4331.904,260
1789102800,1789102800,1789102801,4331.634,4332.058,4327.953,4329.144,260
1789103100,1789103100,1789103101,4329.091,4335.234,4328.712,4334.929,260
1789103400,1789103400,1789103401,4334.844,4338.209,4332.289,4338.031,260
1789103700,1789103700,1789103701,4337.972,4339.511,4334.856,4338.158,260
1789104000,1789104000,1789104001,4338.173,4339.417,4335.531,4336.685,260
1789104300,1789104300,1789104301,4336.603,4336.789,4333.537,4334.479,260
1789104600,1789104600,1789104601,4334.605,4341.044,4333.571,4338.398,260
1789104900,1789104900,1789104901,4338.345,4340.289,4336.216,4338.318,260
1789105200,1789105200,1789105201,4338.236,4343.25,4333.896,4342.717,260
1789105500,1789105500,1789105501,4342.579,4347.112,4339.491,4344.799,260
1789105800,1789105800,1789105801,4344.91,4348.011,4343.166,4348.011,260
1789106100,1789106100,1789106101,4347.797,4352.03,4345.632,4346.177,260
1789106400,1789106400,1789106401,4346.242,4356.166,4345.756,4353.765,260
1789106700,1789106700,1789106701,4353.711,4359.167,4351.428,4355.761,260
1789107000,1789107000,1789107001,4355.841,4361.13,4354.182,4358.795,260
1789107300,1789107300,1789107301,4358.74,4360.34,4356.523,4358.7,260
1789107600,1789107600,1789107601,4358.776,4358.875,4352.523,4352.551,260
1789107900,1789107900,1789107901,4352.608,4353.806,4351.014,4351.636,260
1789108200,1789108200,1789108201,4351.583,4352.651,4346.905,4347.179,260
1789108500,1789108500,1789108501,4347.236,4352.883,4347.236,4352.191,260
1789108800,1789108800,1789108801,4352.173,4353.955,4349.108,4350.463,260
1789109100,1789109100,1789109101,4350.592,4355.446,4349.324,4351.911,260
1789109400,1789109400,1789109401,4351.964,4353.184,4349.517,4353.06,260
1789109700,1789109700,1789109701,4353.112,4354.179,4350.689,4353.196,260
1789110000,1789110000,1789110001,4353.0,4356.387,4352.041,4354.682,260
1789110300,1789110300,1789110301,4354.784,4356.107,4349.823,4350.801,260
1789110600,1789110600,1789110601,4350.951,4355.503,4350.291,4351.508,260
1789110900,1789110900,1789110901,4351.618,4352.386,4349.956,4350.495,260
1789111200,1789111200,1789111201,4350.551,4352.421,4347.595,4349.656,260
1789111500,1789111500,1789111501,4349.626,4349.656,4345.872,4346.194,260
1789111800,1789111800,1789111801,4346.28,4347.781,4344.118,4345.196,260
1789112100,1789112100,1789112101,4345.249,4346.295,4343.078,4343.801,260
1789112400,1789112400,1789112401,4343.854,4346.593,4343.142,4344.982,260
1789112700,1789112700,1789112701,4345.197,4345.264,4342.043,4342.63,260
1789113000,1789113000,1789113001,4342.535,4343.248,4340.381,4342.644,260
1789113300,1789113300,1789113301,4342.701,4345.095,4342.637,4344.669,260
1789113600,1789113600,1789113601,4345.06,4347.256,4342.35,4344.483,260
1789113900,1789113900,1789113901,4344.263,4348.879,4343.46,4345.33,260
1789114200,1789114200,1789114201,4345.383,4349.481,4342.131,4347.283,260
1789114500,1789114500,1789114501,4347.396,4350.383,4345.912,4346.934,260
1789114800,1789114800,1789114801,4346.693,4357.605,4343.619,4352.352,260
1789115100,1789115100,1789115101,4352.297,4354.841,4349.033,4351.637,260
1789115400,1789115400,1789115401,4351.576,4356.027,4351.035,4352.82,260
1789115700,1789115700,1789115701,4352.549,4356.073,4351.06,4354.275,260
1789116000,1789116000,1789116001,4354.119,4356.77,4352.078,4352.65,260
1789116300,1789116300,1789116301,4352.752,4355.725,4351.773,4352.65,260
1789116600,1789116600,1789116601,4352.655,4353.141,4349.31,4350.844,260
1789116900,1789116900,1789116901,4350.715,4350.886,4345.454,4347.105,260
1789117200,1789117200,1789117201,4347.167,4354.012,4347.167,4348.544,260
1789117500,1789117500,1789117501,4348.512,4348.898,4344.303,4344.94,260
1789117800,1789117800,1789117801,4344.611,4345.853,4342.401,4342.401,260
1789118100,1789118100,1789118101,4342.547,4345.312,4341.437,4345.09,260
1789118400,1789118400,1789118401,4345.112,4346.158,4343.419,4344.472,260
1789118700,1789118700,1789118701,4344.6,4345.844,4343.449,4343.786,260
1789119000,1789119000,1789119001,4343.843,4345.157,4341.38,4342.221,260
1789119300,1789119300,1789119301,4342.163,4344.511,4341.895,4342.283,260
1789119600,1789119600,1789119601,4342.338,4343.663,4340.602,4343.357,260
1789119900,1789119900,1789119901,4343.405,4344.032,4342.346,4343.544,260
1789120200,1789120200,1789120201,4343.492,4344.544,4342.605,4343.611,260
1789120500,1789120500,1789120501,4343.914,4347.734,4343.002,4346.201,240
1789120800,1789120800,1789120801,4346.251,4349.281,4341.33,4348.94,260
1789121100,1789121100,1789121101,4349.146,4349.981,4344.811,4345.826,260
1789121400,1789121400,1789121401,4345.841,4347.928,4343.434,4345.911,260
1789121700,1789121700,1789121701,4346.1,4349.691,4345.827,4348.95,260
1789122000,1789122000,1789122001,4348.96,4349.733,4345.684,4348.333,260
1789122300,1789122300,1789122301,4348.328,4350.04,4346.839,4349.191,260
1789122600,1789122600,1789122601,4349.259,4349.775,4347.181,4348.895,260
1789122900,1789122900,1789122901,4348.831,4349.24,4344.008,4346.563,260
1789123200,1789123200,1789123201,4346.564,4346.836,4343.551,4345.133,260
1789123500,1789123500,1789123501,4345.173,4345.474,4341.645,4341.777,260
1789123800,1789123800,1789123801,4341.831,4342.691,4339.758,4340.728,260
1789124100,1789124100,1789124101,4340.805,4341.022,4336.502,4337.708,260
1789124400,1789124400,1789124401,4337.653,4342.496,4337.406,4339.516,260
1789124700,1789124700,1789124701,4339.503,4340.375,4336.72,4337.6,240
1789125000,1789125000,1789125001,4337.465,4338.593,4334.642,4338.177,260
1789125300,1789125300,1789125301,4337.9,4339.059,4335.895,4338.713,260
1789125600,1789125600,1789125601,4338.651,4339.696,4336.886,4338.773,260
1789125900,1789125900,1789125901,4338.489,4341.698,4336.186,4336.607,260
1789126200,1789126200,1789126201,4336.487,4337.328,4331.601,4331.704,260
1789126500,1789126500,1789126501,4331.555,4334.152,4330.031,4332.429,260
1789126800,1789126800,1789126801,4332.377,4334.768,4329.955,4334.768,260
1789127100,1789127100,1789127101,4334.714,4336.238,4332.823,4335.014,260
1789127400,1789127400,1789127401,4334.972,4335.376,4331.117,4331.117,260
1789127700,1789127700,1789127701,4331.06,4334.018,4330.755,4333.198,260
1789128000,1789128000,1789128001,4333.26,4334.831,4328.592,4329.624,260
1789128300,1789128300,1789128301,4329.676,4330.261,4326.375,4327.354,260
1789128600,1789128600,1789128601,4327.384,4332.366,4324.56,4327.812,260
1789128900,1789128900,1789128901,4327.72,4334.087,4327.16,4331.353,260
1789129200,1789129200,1789129201,4331.284,4333.888,4329.069,4329.689,260
1789129500,1789129500,1789129501,4329.746,4343.527,4328.264,4340.888,260
1789129800,1789129800,1789129801,4340.758,4352.177,4292.029,4329.788,260
1789130100,1789130100,1789130101,4329.453,4351.745,4326.145,4350.069,260
1789130400,1789130400,1789130401,4349.991,4362.772,4348.995,4353.715,260
1789130700,1789130700,1789130701,4353.781,4367.691,4352.397,4361.789,260
1789131000,1789131000,1789131001,4361.47,4382.591,4359.992,4377.519,260
1789131300,1789131300,1789131301,4377.572,4390.301,4376.441,4388.425,260
1789131600,1789131600,1789131601,4388.371,4393.561,4384.572,4390.279,260
1789131900,1789131900,1789131901,4390.116,4394.483,4381.539,4382.741,260
1789132200,1789132200,1789132201,4382.676,4391.716,4380.394,4389.149,260
1789132500,1789132500,1789132501,4389.242,4390.398,4381.402,4386.398,260
1789132800,1789132800,1789132801,4386.455,4389.528,4380.368,4383.17,260
1789133100,1789133100,1789133101,4383.116,4398.708,4382.485,4390.214,260
1789133400,1789133400,1789133401,4390.169,4395.672,4381.501,4395.328,260
1789133700,1789133700,1789133701,4395.147,4400.549,4383.656,4390.387,260
1789134000,1789134000,1789134001,4390.319,4399.534,4386.881,4394.731,260
1789134300,1789134300,1789134301,4394.787,4400.669,4389.867,4393.082,260
1789134600,1789134600,1789134601,4393.028,4394.128,4387.235,4389.255,260
1789134900,1789134900,1789134901,4389.376,4402.545,4387.064,4401.407,260
1789135200,1789135200,1789135201,4401.346,4402.511,4381.705,4390.189,260
1789135500,1789135500,1789135501,4390.135,4392.265,4385.368,4387.541,260
1789135800,1789135800,1789135801,4387.342,4388.418,4382.165,4383.14,260
1789136100,1789136100,1789136101,4383.048,4385.146,4375.701,4382.201,260
1789136400,1789136400,1789136401,4382.256,4385.488,4377.554,4379.069,260
1789136700,1789136700,1789136701,4379.288,4379.467,4374.258,4375.124,260
1789137000,1789137000,1789137001,4375.19,4375.723,4370.926,4371.68,260
1789137300,1789137300,1789137301,4371.744,4372.949,4364.75,4367.927,260
1789137600,1789137600,1789137601,4368.072,4372.266,4367.605,4371.337,260
1789137900,1789137900,1789137901,4371.415,4384.469,4371.082,4379.941,260
1789138200,1789138200,1789138201,4379.714,4384.183,4377.141,4377.682,260
1789138500,1789138500,1789138501,4377.628,4378.531,4370.334,4370.878,260
1789138800,1789138800,1789138801,4370.807,4372.923,4366.403,4370.536,260
1789139100,1789139100,1789139101,4370.75,4370.823,4361.348,4363.235,260
1789139400,1789139400,1789139401,4363.181,4363.982,4359.066,4362.346,260
1789139700,1789139700,1789139701,4362.556,4366.188,4361.321,4362.473,260
1789140000,1789140000,1789140001,4362.531,4367.982,4361.982,4365.278,260
1789140300,1789140300,1789140301,4365.338,4372.45,4365.121,4370.323,260
1789140600,1789140600,1789140601,4370.385,4375.643,4368.848,4373.011,260
1789140900,1789140900,1789140901,4373.041,4377.147,4370.505,4373.843,260
1789141200,1789141200,1789141201,4374.061,4375.213,4370.291,4372.707,260
1789141500,1789141500,1789141501,4372.63,4373.452,4368.392,4373.149,260
1789141800,1789141800,1789141801,4373.19,4373.856,4366.369,4368.724,260
1789142100,1789142100,1789142101,4369.11,4369.449,4365.052,4366.912,260
1789142400,1789142400,1789142401,4366.86,4372.878,4366.681,4371.854,260
1789142700,1789142700,1789142701,4371.916,4372.543,4366.314,4367.124,260
1789143000,1789143000,1789143001,4367.057,4369.218,4361.074,4361.477,260
1789143300,1789143300,1789143301,4361.418,4364.108,4358.77,4359.178,260
1789143600,1789143600,1789143601,4359.236,4360.972,4351.823,4353.197,260
1789143900,1789143900,1789143901,4353.178,4362.602,4352.703,4354.683,260
1789144200,1789144200,1789144201,4354.846,4365.81,4353.154,4364.056,260
1789144500,1789144500,1789144501,4364.001,4364.393,4359.202,4359.622,260
1789144800,1789144800,1789144801,4359.294,4364.316,4358.748,4363.586,260
1789145100,1789145100,1789145101,4363.726,4365.094,4360.332,4360.637,260
1789145400,1789145400,1789145401,4360.692,4361.788,4360.176,4361.14,260
1789145700,1789145700,1789145701,4361.07,4363.552,4360.914,4361.544,260
1789146000,1789146000,1789146001,4361.618,4364.147,4360.662,4363.413,260
1789146300,1789146300,1789146301,4363.174,4369.302,4361.234,4364.099,260
1789146600,1789146600,1789146601,4364.056,4366.904,4361.914,4365.498,260
1789146900,1789146900,1789146901,4365.554,4369.027,4363.406,4367.773,260
1789147200,1789147200,1789147201,4367.852,4369.504,4365.67,4368.884,260
1789147500,1789147500,1789147501,4369.004,4369.838,4365.919,4366.913,260
1789147800,1789147800,1789147801,4366.695,4370.462,4365.187,4369.245,260
1789148100,1789148100,1789148101,4369.024,4369.686,4362.117,4362.447,260
1789148400,1789148400,1789148401,4362.434,4363.673,4360.115,4362.184,260
1789148700,1789148700,1789148701,4362.127,4362.435,4359.199,4361.637,260
1789149000,1789149000,1789149001,4361.691,4363.635,4360.73,4362.601,260
1789149300,1789149300,1789149301,4362.693,4362.791,4357.684,4358.345,260
1789149600,1789149600,1789149601,4358.398,4359.743,4356.874,4359.732,260
1789149900,1789149900,1789149901,4359.804,4360.235,4353.68,4353.865,260
1789150200,1789150200,1789150201,4353.917,4356.088,4345.863,4346.93,260
1789150500,1789150500,1789150501,4346.87,4351.887,4344.851,4349.749,260
1789150800,1789150800,1789150801,4349.719,4350.265,4343.895,4348.925,260
1789151100,1789151100,1789151101,4348.888,4353.035,4348.529,4350.732,260
1789151400,1789151400,1789151401,4350.68,4351.696,4345.776,4348.02,260
1789151700,1789151700,1789151701,4348.126,4350.397,4346.725,4347.008,260
1789152000,1789152000,1789152001,4347.228,4349.0,4346.786,4347.183,260
1789152300,1789152300,1789152301,4346.966,4347.557,4344.186,4345.219,260
1789152600,1789152600,1789152601,4345.191,4346.977,4344.531,4345.398,260
1789152900,1789152900,1789152901,4345.273,4347.305,4344.859,4346.886,240
1789153200,1789153200,1789153201,4346.982,4348.389,4345.252,4347.821,260
1789153500,1789153500,1789153501,4347.493,4349.258,4344.217,4347.34,260
1789153800,1789153800,1789153801,4347.362,4352.065,4346.819,4352.065,260
1789154100,1789154100,1789154101,4351.728,4353.679,4349.113,4349.475,260
1789154400,1789154400,1789154401,4349.578,4351.789,4348.636,4351.447,260
1789154700,1789154700,1789154701,4351.52,4353.241,4347.42,4347.442,260
1789155000,1789155000,1789155001,4347.51,4348.335,4345.006,4347.067,260
1789155300,1789155300,1789155301,4347.383,4348.27,4345.715,4346.794,260
1789155600,1789155600,1789155601,4346.747,4348.349,4345.672,4346.283,260
1789155900,1789155900,1789155901,4346.228,4346.419,4342.821,4343.103,260
1789156200,1789156200,1789156201,4342.887,4345.848,4342.683,4345.181,260
1789156500,1789156500,1789156501,4345.126,4349.311,4344.813,4348.547,240
1789156800,1789156800,1789156801,4348.714,4351.397,4348.057,4348.596,260
1789157100,1789157100,1789157101,4348.888,4350.645,4348.399,4350.055,260
1789157400,1789157400,1789157401,4350.063,4350.482,4348.287,4348.438,260
1789157700,1789157700,1789157701,4348.379,4349.368,4346.085,4349.145,260
1789158000,1789158000,1789158001,4349.177,4350.458,4348.872,4349.325,260
1789158300,1789158300,1789158301,4349.256,4350.078,4348.267,4348.953,260
1789158600,1789158600,1789158601,4348.958,4348.958,4346.959,4347.753,260
1789158900,1789158900,1789158901,4347.882,4349.214,4346.969,4348.823,260
1789159200,1789159200,1789159201,4348.7,4348.7,4345.813,4346.653,260
1789159500,1789159500,1789159501,4346.67,4349.508,4346.228,4347.666,260
1789159800,1789159800,1789159801,4347.42,4348.669,4345.409,4348.669,260
1789160100,1789160100,1789160101,4348.706,4349.639,4347.523,4349.302,260
1789337100,1789337100,1789337101,4339.582,4340.924,4330.899,4331.298,340
1789337400,1789337400,1789337401,4331.717,4334.031,4330.086,4331.162,340
1789337700,1789337700,1789337701,4331.145,4333.179,4329.67,4333.179,260
1789338000,1789338000,1789338001,4333.008,4334.457,4328.34,4329.221,260
1789338300,1789338300,1789338301,4329.221,4336.531,4329.09,4336.05,260
1789338600,1789338600,1789338601,4335.988,4338.141,4334.603,4336.64,260
1789338900,1789338900,1789338901,4336.632,4337.182,4335.114,4336.016,260
1789339200,1789339200,1789339201,4335.773,4337.591,4333.588,4337.303,240
1789339500,1789339500,1789339501,4337.424,4337.978,4335.796,4336.532,240
1789339800,1789339800,1789339801,4336.52,4339.944,4335.113,4339.328,240
1789340100,1789340100,1789340101,4339.251,4339.491,4337.517,4337.663,240
1789340400,1789340400,1789340401,4337.94,4342.375,4337.885,4341.147,240
1789340700,1789340700,1789340701,4341.26,4341.816,4340.469,4341.351,240
1789341000,1789341000,1789341001,4341.608,4342.489,4339.346,4339.346,240
1789341300,1789341300,1789341301,4339.394,4340.63,4337.409,4337.723,240
1789341600,1789341600,1789341601,4337.723,4338.469,4335.579,4337.875,240
1789341900,1789341900,1789341901,4338.074,4340.389,4336.835,4339.38,260
1789342200,1789342200,1789342201,4339.327,4342.241,4338.975,4341.288,240
1789342500,1789342500,1789342501,4341.409,4342.05,4338.494,4340.583,240
1789342800,1789342800,1789342801,4340.754,4341.388,4337.771,4337.988,240
1789343100,1789343100,1789343101,4337.872,4338.449,4332.077,4332.144,240
1789343400,1789343400,1789343401,4332.198,4335.117,4331.767,4333.574,240
1789343700,1789343700,1789343701,4333.816,4335.279,4331.845,4332.941,240
1789344000,1789344000,1789344001,4332.802,4335.974,4329.618,4333.637,260
1789344300,1789344300,1789344301,4333.736,4346.44,4333.736,4345.517,260
1789344600,1789344600,1789344601,4345.452,4347.652,4341.348,4342.889,260
1789344900,1789344900,1789344901,4342.836,4345.109,4339.854,4341.377,260
1789345200,1789345200,1789345201,4341.301,4341.301,4336.868,4338.888,260
1789345500,1789345500,1789345501,4338.834,4340.393,4332.991,4337.771,260
1789345800,1789345800,1789345801,4337.787,4340.599,4336.206,4339.545,260
1789346100,1789346100,1789346101,4339.537,4340.834,4332.811,4332.963,260
1789346400,1789346400,1789346401,4333.022,4338.71,4331.993,4338.11,260
1789346700,1789346700,1789346701,4338.166,4342.661,4337.017,4339.551,260
1789347000,1789347000,1789347001,4339.494,4342.703,4339.447,4342.533,260
1789347300,1789347300,1789347301,4342.61,4343.479,4338.024,4338.432,260
1789347600,1789347600,1789347601,4338.31,4344.745,4330.818,4330.818,260
1789347900,1789347900,1789347901,4331.157,4336.998,4329.745,4336.113,260
1789348200,1789348200,1789348201,4336.168,4336.726,4329.343,4331.656,260
1789348500,1789348500,1789348501,4331.595,4333.731,4326.62,4327.32,260
1789348800,1789348800,1789348801,4327.44,4337.591,4326.177,4335.191,260
1789349100,1789349100,1789349101,4335.253,4338.055,4330.606,4335.415,260
1789349400,1789349400,1789349401,4335.475,4336.13,4328.286,4331.717,260
1789349700,1789349700,1789349701,4331.647,4345.145,4331.345,4344.389,260
1789350000,1789350000,1789350001,4344.403,4346.707,4337.066,4342.296,260
1789350300,1789350300,1789350301,4342.508,4349.05,4342.301,4345.92,260
1789350600,1789350600,1789350601,4346.044,4350.204,4342.699,4347.902,260
1789350900,1789350900,1789350901,4347.845,4355.299,4346.531,4353.174,260
1789351200,1789351200,1789351201,4353.097,4354.151,4348.503,4349.23,260
1789351500,1789351500,1789351501,4349.18,4355.022,4349.045,4352.396,260
1789351800,1789351800,1789351801,4352.314,4354.044,4348.34,4349.473,260
1789352100,1789352100,1789352101,4349.372,4350.256,4348.053,4349.037,260
1789352400,1789352400,1789352401,4349.332,4354.031,4348.807,4353.086,260
1789352700,1789352700,1789352701,4353.15,4353.968,4351.767,4351.931,260
1789353000,1789353000,1789353001,4352.054,4355.363,4350.351,4354.158,260
1789353300,1789353300,1789353301,4354.277,4354.697,4347.456,4348.074,260
1789353600,1789353600,1789353601,4348.13,4348.13,4343.087,4345.777,260
1789353900,1789353900,1789353901,4345.734,4348.123,4344.361,4345.162,260
1789354200,1789354200,1789354201,4344.867,4345.134,4337.986,4338.427,260
1789354500,1789354500,1789354501,4338.368,4338.368,4330.06,4331.018,260
1789354800,1789354800,1789354801,4330.959,4332.807,4327.301,4332.273,260
1789355100,1789355100,1789355101,4332.291,4336.176,4331.85,4335.715,260
1789355400,1789355400,1789355401,4335.595,4336.156,4332.611,4333.316,260
1789355700,1789355700,1789355701,4333.587,4335.834,4331.807,4335.372,260
1789356000,1789356000,1789356001,4335.408,4336.489,4333.893,4334.595,260
1789356300,1789356300,1789356301,4334.923,4335.761,4332.956,4334.651,260
1789356600,1789356600,1789356601,4334.704,4335.333,4329.903,4330.468,260
1789356900,1789356900,1789356901,4330.348,4333.004,4328.154,4332.031,260
1789357200,1789357200,1789357201,4331.976,4331.976,4327.144,4329.419,260
1789357500,1789357500,1789357501,4329.313,4333.208,4328.444,4332.802,260
1789357800,1789357800,1789357801,4332.75,4333.529,4330.309,4331.861,260
1789358100,1789358100,1789358101,4332.079,4332.834,4329.409,4330.603,260
1789358400,1789358400,1789358401,4330.48,4331.879,4329.719,4331.005,260
1789358700,1789358700,1789358701,4330.96,4331.755,4329.024,4330.546,260
1789359000,1789359000,1789359001,4330.85,4331.214,4329.297,4329.297,260
1789359300,1789359300,1789359301,4329.351,4330.426,4328.685,4329.553,260
1789359600,1789359600,1789359601,4329.547,4330.636,4329.164,4330.251,240
1789359900,1789359900,1789359901,4330.263,4331.853,4329.487,4331.657,260
1789360200,1789360200,1789360201,4331.421,4331.859,4327.472,4327.799,260
1789360500,1789360500,1789360501,4327.59,4330.021,4324.826,4326.293,260
1789360800,1789360800,1789360801,4326.35,4326.667,4323.187,4323.456,260
1789361100,1789361100,1789361101,4323.512,4325.795,4321.897,4324.768,260
1789361400,1789361400,1789361401,4325.038,4328.46,4322.875,4328.219,260
1789361700,1789361700,1789361701,4328.218,4331.582,4328.009,4329.288,260
1789362000,1789362000,1789362001,4329.341,4332.771,4327.024,4331.967,260
1789362300,1789362300,1789362301,4331.874,4332.497,4328.714,4329.083,240
1789362600,1789362600,1789362601,4328.886,4330.81,4326.475,4330.65,260
1789362900,1789362900,1789362901,4330.944,4332.272,4329.51,4329.961,260
1789363200,1789363200,1789363201,4329.901,4330.441,4326.213,4327.471,260
1789363500,1789363500,1789363501,4327.495,4329.156,4326.332,4326.389,260
1789363800,1789363800,1789363801,4326.654,4336.935,4325.196,4332.495,260
1789364100,1789364100,1789364101,4332.554,4337.239,4332.104,4335.264,260
1789364400,1789364400,1789364401,4335.165,4335.324,4326.287,4330.895,260
1789364700,1789364700,1789364701,4331.07,4334.241,4325.094,4326.089,260
1789365000,1789365000,1789365001,4326.187,4334.816,4323.271,4334.495,260
1789365300,1789365300,1789365301,4334.463,4337.562,4332.645,4337.234,260
1789365600,1789365600,1789365601,4337.3,4338.679,4334.153,4334.536,260
1789365900,1789365900,1789365901,4334.655,4336.145,4330.786,4331.009,260
1789366200,1789366200,1789366201,4330.787,4333.927,4326.963,4329.758,260
1789366500,1789366500,1789366501,4329.817,4330.423,4327.488,4330.148,260
1789366800,1789366800,1789366801,4330.093,4331.457,4326.835,4329.491,260
1789367100,1789367100,1789367101,4329.465,4332.452,4328.843,4330.169,260
1789367400,1789367400,1789367401,4330.113,4332.224,4328.959,4330.072,260
1789367700,1789367700,1789367701,4330.316,4332.451,4327.374,4327.766,260
1789368000,1789368000,1789368001,4327.824,4328.251,4324.981,4327.129,240
1789368300,1789368300,1789368301,4327.414,4329.892,4323.9,4323.906,260
1789368600,1789368600,1789368601,4323.902,4325.252,4322.185,4323.299,260
1789368900,1789368900,1789368901,4323.244,4323.41,4320.501,4322.216,240
1789369200,1789369200,1789369201,4322.148,4322.408,4317.483,4321.364,240
1789369500,1789369500,1789369501,4321.305,4323.103,4318.724,4319.296,260
1789369800,1789369800,1789369801,4319.239,4324.275,4318.41,4324.014,240
1789370100,1789370100,1789370101,4323.859,4324.106,4321.373,4323.65,260
1789370400,1789370400,1789370401,4323.593,4323.593,4319.03,4319.963,260
1789370700,1789370700,1789370701,4319.907,4321.855,4316.161,4316.962,260
1789371000,1789371000,1789371001,4317.034,4319.393,4315.884,4317.239,260
1789371300,1789371300,1789371301,4317.345,4317.953,4315.399,4317.041,260
1789371600,1789371600,1789371601,4316.722,4319.529,4316.664,4319.168,260
1789371900,1789371900,1789371901,4319.095,4321.994,4315.732,4317.561,260
1789372200,1789372200,1789372201,4317.888,4319.612,4310.517,4311.367,260
1789372500,1789372500,1789372501,4311.346,4312.626,4307.789,4310.737,260
1789372800,1789372800,1789372801,4310.792,4316.849,4310.635,4314.677,260
1789373100,1789373100,1789373101,4314.817,4318.167,4313.443,4315.659,260
1789373400,1789373400,1789373401,4315.756,4316.439,4312.621,4313.287,260
1789373700,1789373700,1789373701,4313.231,4313.436,4310.018,4311.132,240
1789374000,1789374000,1789374001,4311.078,4314.187,4310.821,4313.108,240
1789374300,1789374300,1789374301,4313.047,4313.751,4310.117,4310.737,240
1789374600,1789374600,1789374601,4310.683,4314.13,4309.592,4312.394,240
1789374900,1789374900,1789374901,4312.453,4316.066,4311.722,4313.245,240
1789375200,1789375200,1789375201,4313.183,4314.077,4309.554,4311.962,260
1789375500,1789375500,1789375501,4311.91,4313.436,4306.983,4309.36,240
1789375800,1789375800,1789375801,4309.293,4309.293,4305.656,4306.436,240
1789376100,1789376100,1789376101,4306.426,4307.331,4303.25,4306.565,240
1789376400,1789376400,1789376401,4306.446,4311.605,4305.168,4309.255,240
1789376700,1789376700,1789376701,4309.248,4311.519,4308.215,4310.268,260
1789377000,1789377000,1789377001,4310.176,4310.351,4304.798,4305.938,240
1789377300,1789377300,1789377301,4305.887,4306.038,4286.588,4292.606,240
1789377600,1789377600,1789377601,4292.673,4293.39,4285.961,4287.507,260
1789377900,1789377900,1789377901,4287.841,4288.347,4280.374,4287.706,240
1789378200,1789378200,1789378201,4287.653,4289.59,4283.087,4287.587,240
1789378500,1789378500,1789378501,4287.524,4288.732,4279.231,4281.955,260
1789378800,1789378800,1789378801,4282.351,4288.197,4280.32,4281.51,260
1789379100,1789379100,1789379101,4281.452,4284.227,4279.125,4281.942,240
1789379400,1789379400,1789379401,4282.0,4287.725,4277.899,4287.415,240
1789379700,1789379700,1789379701,4287.473,4288.18,4284.396,4285.633,240
1789380000,1789380000,1789380001,4285.508,4286.086,4278.102,4281.75,240
1789380300,1789380300,1789380301,4281.814,4286.082,4281.568,4285.922,260
1789380600,1789380600,1789380601,4285.986,4289.449,4285.376,4288.207,240
1789380900,1789380900,1789380901,4288.15,4291.025,4285.854,4289.939,260
1789381200,1789381200,1789381201,4289.931,4290.188,4285.779,4288.982,240
1789381500,1789381500,1789381501,4289.107,4292.406,4288.857,4291.002,240
1789381800,1789381800,1789381801,4291.055,4292.705,4289.094,4291.223,240
1789382100,1789382100,1789382101,4291.226,4293.959,4290.783,4293.393,240
1789382400,1789382400,1789382401,4293.431,4295.017,4292.822,4293.946,240
1789382700,1789382700,1789382701,4293.966,4294.715,4291.807,4292.581,240
1789383000,1789383000,1789383001,4292.65,4293.129,4291.126,4291.445,240
1789383300,1789383300,1789383301,4291.68,4296.575,4289.902,4294.774,240
1789383600,1789383600,1789383601,4294.722,4296.738,4293.459,4296.645,240
1789383900,1789383900,1789383901,4296.63,4296.846,4293.116,4294.699,240
1789384200,1789384200,1789384201,4294.87,4294.911,4290.965,4292.395,240
1789384500,1789384500,1789384501,4292.055,4295.666,4291.197,4295.395,240
1789384800,1789384800,1789384801,4295.449,4296.851,4294.2,4296.742,240
1789385100,1789385100,1789385101,4296.681,4296.681,4295.539,4295.979,240
1789385400,1789385400,1789385401,4296.2,4296.785,4293.711,4294.891,240
1789385700,1789385700,1789385701,4294.862,4295.148,4292.004,4293.239,240
1789386000,1789386000,1789386001,4292.991,4294.906,4291.972,4292.405,240
1789386300,1789386300,1789386301,4292.406,4293.841,4291.637,4293.448,240
1789386600,1789386600,1789386601,4293.323,4293.353,4286.605,4287.393,240
1789386900,1789386900,1789386901,4287.721,4288.393,4284.157,4287.12,240
1789387200,1789387200,1789387201,4287.029,4290.248,4284.906,4286.934,240
1789387500,1789387500,1789387501,4286.881,4294.453,4285.893,4293.472,240
1789387800,1789387800,1789387801,4293.409,4296.729,4291.95,4294.545,240
1789388100,1789388100,1789388101,4294.597,4297.975,4289.695,4290.476,240
1789388400,1789388400,1789388401,4290.144,4290.777,4284.321,4286.015,240
1789388700,1789388700,1789388701,4285.958,4287.932,4283.309,4285.903,260
1789389000,1789389000,1789389001,4285.759,4289.361,4283.252,4287.856,240
1789389300,1789389300,1789389301,4287.805,4289.806,4273.323,4278.184,240
1789389600,1789389600,1789389601,4278.102,4286.845,4276.018,4283.783,240
1789389900,1789389900,1789389901,4283.728,4283.728,4276.142,4278.62,240
1789390200,1789390200,1789390201,4278.56,4279.34,4267.669,4270.016,240
1789390500,1789390500,1789390501,4270.07,4271.971,4265.638,4270.751,240
1789390800,1789390800,1789390801,4270.837,4272.793,4265.607,4267.259,240
1789391100,1789391100,1789391101,4267.432,4270.52,4253.404,4260.052,240
1789391400,1789391400,1789391401,4260.471,4268.436,4259.427,4266.176,240
1789391700,1789391700,1789391701,4266.1,4273.162,4263.829,4272.826,240
1789392000,1789392000,1789392001,4272.895,4277.18,4271.937,4275.921,240
1789392300,1789392300,1789392301,4275.999,4277.625,4271.148,4273.52,240
1789392600,1789392600,1789392601,4273.61,4278.375,4271.969,4272.306,240
1789392900,1789392900,1789392901,4272.255,4274.969,4268.411,4268.712,240
1789393200,1789393200,1789393201,4268.648,4274.982,4266.571,4274.721,240
1789393500,1789393500,1789393501,4274.697,4281.224,4271.741,4276.496,240
1789393800,1789393800,1789393801,4276.628,4281.147,4270.56,4273.245,240
1789394100,1789394100,1789394101,4273.186,4275.646,4269.57,4272.327,240
1789394400,1789394400,1789394401,4272.379,4275.883,4265.936,4267.322,240
1789394700,1789394700,1789394701,4267.667,4271.576,4264.937,4271.08,240
1789395000,1789395000,1789395001,4271.012,4282.037,4271.008,4281.627,240
1789395300,1789395300,1789395301,4281.719,4282.946,4273.008,4276.082,240
1789395600,1789395600,1789395601,4276.028,4276.231,4263.774,4264.796,240
1789395900,1789395900,1789395901,4264.744,4270.054,4263.887,4270.054,240
1789396200,1789396200,1789396201,4270.014,4271.663,4266.44,4271.15,240
1789396500,1789396500,1789396501,4271.099,4272.476,4267.829,4271.257,240
1789396800,1789396800,1789396801,4271.472,4277.02,4269.033,4276.639,240
1789397100,1789397100,1789397101,4276.758,4279.569,4276.216,4278.572,240
1789397400,1789397400,1789397401,4278.317,4279.171,4273.937,4276.202,240
1789397700,1789397700,1789397701,4276.351,4279.594,4274.674,4279.333,240
1789398000,1789398000,1789398001,4279.407,4280.089,4272.485,4273.069,240
1789398300,1789398300,1789398301,4272.946,4286.766,4272.527,4280.146,240
1789398600,1789398600,1789398601,4280.366,4283.203,4276.93,4276.93,240
1789398900,1789398900,1789398901,4276.814,4278.921,4272.413,4276.127,240
1789399200,1789399200,1789399201,4276.125,4279.55,4274.107,4279.382,240
1789399500,1789399500,1789399501,4279.327,4284.727,4278.0,4283.47,240
1789399800,1789399800,1789399801,4283.365,4294.274,4282.7,4293.688,240
1789400100,1789400100,1789400101,4293.948,4297.505,4289.611,4297.324,240
1789400400,1789400400,1789400401,4297.375,4298.277,4292.608,4294.332,240
1789400700,1789400700,1789400701,4294.181,4295.12,4287.932,4288.465,240
1789401000,1789401000,1789401001,4288.408,4290.742,4286.291,4289.539,240
1789401300,1789401300,1789401301,4289.333,4291.426,4287.899,4288.273,240
1789401600,1789401600,1789401601,4288.391,4290.397,4286.327,4286.605,240
1789401900,1789401900,1789401901,4286.553,4294.834,4286.432,4294.834,240
1789402200,1789402200,1789402201,4294.896,4297.6,4294.41,4294.419,240
1789402500,1789402500,1789402501,4294.479,4299.379,4294.351,4298.954,240
1789402800,1789402800,1789402801,4298.639,4305.397,4297.228,4304.334,240
1789403100,1789403100,1789403101,4304.527,4305.493,4299.888,4300.117,240
1789403400,1789403400,1789403401,4300.192,4305.067,4299.304,4301.113,240
1789403700,1789403700,1789403701,4301.172,4303.251,4299.796,4302.913,240
1789404000,1789404000,1789404001,4302.918,4308.112,4302.465,4306.166,240
1789404300,1789404300,1789404301,4305.834,4315.668,4304.645,4313.704,240
1789404600,1789404600,1789404601,4313.884,4317.891,4312.177,4316.556,240
1789404900,1789404900,1789404901,4316.61,4317.757,4314.49,4315.57,240
1789405200,1789405200,1789405201,4315.623,4316.575,4312.234,4314.388,240
1789405500,1789405500,1789405501,4314.395,4314.833,4311.953,4313.61,240
1789405800,1789405800,1789405801,4313.672,4315.983,4310.889,4310.889,240
1789406100,1789406100,1789406101,4310.834,4313.0,4309.266,4309.891,240
1789406400,1789406400,1789406401,4309.943,4312.168,4309.747,4311.25,240
1789406700,1789406700,1789406701,4311.193,4314.053,4309.771,4311.602,240
1789407000,1789407000,1789407001,4311.653,4313.715,4308.844,4308.844,240
1789407300,1789407300,1789407301,4308.926,4311.817,4307.668,4311.13,240
1789407600,1789407600,1789407601,4311.121,4312.025,4309.33,4309.963,240
1789407900,1789407900,1789407901,4310.018,4311.36,4308.666,4309.185,240
1789408200,1789408200,1789408201,4309.302,4313.712,4308.459,4311.93,240
1789408500,1789408500,1789408501,4311.853,4313.743,4310.284,4310.93,240
1789408800,1789408800,1789408801,4310.987,4316.056,4309.597,4309.912,240
1789409100,1789409100,1789409101,4310.325,4311.559,4308.241,4310.188,240
1789409400,1789409400,1789409401,4310.074,4312.749,4310.074,4312.334,240
1789409700,1789409700,1789409701,4312.454,4312.731,4311.082,4311.384,240
1789410000,1789410000,1789410001,4311.435,4312.226,4307.873,4308.108,240
1789410300,1789410300,1789410301,4308.168,4309.524,4306.251,4309.524,240
1789410600,1789410600,1789410601,4309.444,4313.134,4308.531,4311.37,240
1789410900,1789410900,1789410901,4311.668,4313.036,4310.728,4310.969,240
1789411200,1789411200,1789411201,4310.592,4311.1,4309.041,4309.129,240
1789411500,1789411500,1789411501,4309.337,4309.858,4307.104,4307.577,240
1789411800,1789411800,1789411801,4307.52,4307.52,4304.588,4306.571,240
1789412100,1789412100,1789412101,4306.245,4307.888,4305.175,4307.154,240
1789412400,1789412400,1789412401,4307.221,4307.954,4304.103,4306.498,240
1789412700,1789412700,1789412701,4306.444,4306.636,4302.697,4303.822,240
1789413000,1789413000,1789413001,4303.879,4306.819,4303.377,4305.772,240
1789413300,1789413300,1789413301,4305.739,4305.959,4300.224,4301.907,240
1789413600,1789413600,1789413601,4301.631,4302.419,4295.707,4297.416,240
1789413900,1789413900,1789413901,4297.146,4298.544,4296.222,4296.427,240
1789414200,1789414200,1789414201,4296.357,4297.445,4292.732,4293.157,240
1789414500,1789414500,1789414501,4293.214,4294.819,4291.906,4292.082,240
1789414800,1789414800,1789414801,4292.207,4292.403,4290.296,4291.779,240
1789415100,1789415100,1789415101,4291.737,4291.737,4287.764,4287.882,240
1789415400,1789415400,1789415401,4287.829,4288.052,4284.721,4286.486,240
1789415700,1789415700,1789415701,4286.425,4286.75,4282.912,4283.405,240
1789416000,1789416000,1789416001,4283.459,4285.19,4282.22,4284.538,240
1789416300,1789416300,1789416301,4284.662,4286.789,4284.542,4285.758,240
1789416600,1789416600,1789416601,4285.705,4288.556,4285.377,4287.585,240
1789416900,1789416900,1789416901,4287.707,4293.388,4287.707,4293.147,260
1789417200,1789417200,1789417201,4293.2,4296.041,4293.2,4295.655,260
1789417500,1789417500,1789417501,4295.632,4298.371,4295.595,4296.436,260
1789417800,1789417800,1789417801,4296.546,4299.708,4296.45,4299.163,260
1789418100,1789418100,1789418101,4299.135,4299.303,4294.721,4296.154,260
1789418400,1789418400,1789418401,4296.1,4296.868,4294.512,4295.029,260
1789418700,1789418700,1789418701,4295.1,4297.211,4294.819,4296.864,260
1789419000,1789419000,1789419001,4296.917,4297.892,4296.471,4297.567,260
1789419300,1789419300,1789419301,4297.506,4299.569,4297.317,4298.726,260
1789423200,1789423200,1789423201,4300.726,4300.831,4298.641,4299.58,260
1789423500,1789423500,1789423501,4299.636,4299.931,4296.966,4297.95,260
1789423800,1789423800,1789423801,4297.703,4297.973,4296.594,4297.277,260
1789424100,1789424100,1789424101,4296.992,4297.903,4296.067,4296.592,260
1789424400,1789424400,1789424401,4296.32,4298.167,4295.724,4295.908,240
1789424700,1789424700,1789424701,4296.016,4296.4,4292.666,4295.553,240
1789425000,1789425000,1789425001,4295.556,4297.745,4295.269,4296.771,240
1789425300,1789425300,1789425301,4296.771,4298.48,4293.651,4295.479,240
1789425600,1789425600,1789425601,4295.686,4297.667,4293.478,4295.587,240
1789425900,1789425900,1789425901,4295.524,4296.086,4294.359,4295.144,240
1789426200,1789426200,1789426201,4295.256,4298.365,4294.1,4296.192,240
1789426500,1789426500,1789426501,4296.31,4297.173,4293.31,4295.36,260
1789426800,1789426800,1789426801,4295.291,4297.232,4293.193,4293.899,240
1789427100,1789427100,1789427101,4294.176,4295.009,4292.293,4293.299,240
1789427400,1789427400,1789427401,4293.296,4294.299,4291.276,4292.295,240
1789427700,1789427700,1789427701,4292.277,4292.534,4289.099,4289.603,240
1789428000,1789428000,1789428001,4289.546,4290.848,4287.181,4290.014,240
1789428300,1789428300,1789428301,4290.287,4290.843,4287.121,4290.051,240
1789428600,1789428600,1789428601,4289.933,4291.82,4287.894,4290.68,240
1789428900,1789428900,1789428901,4290.577,4291.443,4288.243,4289.214,240
1789429200,1789429200,1789429201,4289.071,4291.865,4288.633,4289.605,240
1789429500,1789429500,1789429501,4289.609,4289.73,4287.426,4288.979,240
1789429800,1789429800,1789429801,4288.963,4289.34,4287.189,4287.906,240
1789430100,1789430100,1789430101,4287.644,4288.974,4287.414,4288.286,240
1789430400,1789430400,1789430401,4288.232,4289.051,4286.204,4286.289,240
1789430700,1789430700,1789430701,4286.251,4288.466,4283.569,4286.485,240
1789431000,1789431000,1789431001,4286.496,4287.298,4283.951,4286.724,240
1789431300,1789431300,1789431301,4286.731,4289.494,4284.473,4285.225,240
1789431600,1789431600,1789431601,4285.343,4287.411,4283.508,4287.411,240
1789431900,1789431900,1789431901,4287.383,4289.759,4285.503,4288.302,240
1789432200,1789432200,1789432201,4288.293,4289.258,4283.027,4284.529,240
1789432500,1789432500,1789432501,4284.327,4290.656,4283.841,4290.258,240
1789432800,1789432800,1789432801,4290.054,4293.103,4289.377,4292.465,240
1789433100,1789433100,1789433101,4292.794,4294.599,4291.748,4294.419,240
1789433400,1789433400,1789433401,4294.055,4296.734,4293.48,4294.184,240
1789433700,1789433700,1789433701,4294.106,4294.589,4292.693,4293.162,240
1789434000,1789434000,1789434001,4293.107,4298.11,4287.996,4295.834,260
1789434300,1789434300,1789434301,4295.781,4298.588,4293.146,4293.903,260
1789434600,1789434600,1789434601,4293.851,4300.007,4293.574,4299.499,260
1789434900,1789434900,1789434901,4299.714,4305.966,4298.814,4304.002,260
1789435200,1789435200,1789435201,4304.298,4304.472,4301.869,4302.323,260
1789435500,1789435500,1789435501,4302.452,4303.077,4300.064,4301.884,260
1789435800,1789435800,1789435801,4301.942,4306.638,4301.444,4302.382,260
1789436100,1789436100,1789436101,4302.325,4302.753,4295.841,4297.449,260
1789436400,1789436400,1789436401,4297.566,4299.614,4295.005,4298.489,240
1789436700,1789436700,1789436701,4298.802,4301.845,4296.504,4300.099,260
1789437000,1789437000,1789437001,4300.0,4300.539,4293.982,4299.353,240
1789437300,1789437300,1789437301,4299.481,4304.962,4299.214,4304.358,260
1789437600,1789437600,1789437601,4304.447,4311.894,4304.447,4306.95,260
1789437900,1789437900,1789437901,4306.994,4308.994,4305.981,4307.866,260
1789438200,1789438200,1789438201,4307.54,4308.214,4305.144,4307.494,240
1789438500,1789438500,1789438501,4307.206,4307.967,4305.394,4307.026,260
1789438800,1789438800,1789438801,4306.986,4308.998,4306.06,4308.123,260
1789439100,1789439100,1789439101,4308.018,4310.246,4307.736,4310.055,260
1789439400,1789439400,1789439401,4310.143,4312.528,4307.172,4311.661,260
1789439700,1789439700,1789439701,4311.581,4315.278,4309.101,4314.876,260
1789440000,1789440000,1789440001,4314.911,4317.269,4311.502,4311.522,260
1789440300,1789440300,1789440301,4311.459,4317.388,4311.123,4316.608,260
1789440600,1789440600,1789440601,4316.543,4317.35,4311.488,4312.31,260
1789440900,1789440900,1789440901,4312.331,4314.658,4311.734,4313.974,260
1789441200,1789441200,1789441201,4314.039,4314.477,4309.768,4312.262,260
1789441500,1789441500,1789441501,4312.293,4314.077,4311.182,4313.735,260
1789441800,1789441800,1789441801,4313.972,4313.972,4310.634,4310.97,240
1789442100,1789442100,1789442101,4310.69,4313.008,4309.809,4311.85,240
1789442400,1789442400,1789442401,4311.858,4314.322,4310.409,4310.91,260
1789442700,1789442700,1789442701,4310.91,4312.147,4309.691,4310.829,240
1789443000,1789443000,1789443001,4310.799,4312.784,4310.54,4312.711,240
1789443300,1789443300,1789443301,4312.778,4313.663,4308.98,4309.181,240
1789443600,1789443600,1789443601,4308.856,4310.36,4308.104,4308.72,260
1789443900,1789443900,1789443901,4308.673,4310.241,4305.433,4305.703,240
1789444200,1789444200,1789444201,4305.687,4306.188,4303.86,4304.384,240
1789444500,1789444500,1789444501,4304.441,4305.179,4303.129,4303.647,240
1789444800,1789444800,1789444801,4303.593,4304.469,4302.416,4303.023,240
1789445100,1789445100,1789445101,4303.149,4306.002,4302.545,4305.82,240
1789445400,1789445400,1789445401,4305.768,4309.716,4304.328,4307.402,240
1789445700,1789445700,1789445701,4307.31,4308.585,4303.408,4304.169,240
1789446000,1789446000,1789446001,4304.156,4305.044,4302.667,4303.155,240
1789446300,1789446300,1789446301,4303.131,4304.316,4302.488,4303.466,240
1789446600,1789446600,1789446601,4303.518,4304.32,4302.478,4302.685,240
1789446900,1789446900,1789446901,4302.63,4305.081,4300.551,4304.533,240
1789447200,1789447200,1789447201,4304.598,4306.294,4303.646,4305.14,260
1789447500,1789447500,1789447501,4304.883,4307.281,4304.004,4305.603,260
1789447800,1789447800,1789447801,4305.548,4306.272,4304.173,4305.433,240
1789448100,1789448100,1789448101,4305.553,4308.059,4304.584,4304.926,240
1789448400,1789448400,1789448401,4304.87,4307.683,4302.641,4302.864,240
1789448700,1789448700,1789448701,4302.807,4303.693,4301.234,4301.989,240
1789449000,1789449000,1789449001,4302.224,4302.787,4300.363,4301.411,240
1789449300,1789449300,1789449301,4301.814,4302.038,4298.643,4300.217,240
1789449600,1789449600,1789449601,4300.366,4301.234,4297.136,4297.869,240
1789449900,1789449900,1789449901,4297.643,4298.453,4296.372,4297.123,240
1789450200,1789450200,1789450201,4297.282,4300.062,4288.998,4292.912,260
1789450500,1789450500,1789450501,4292.984,4294.774,4291.757,4293.976,240
1789450800,1789450800,1789450801,4294.029,4297.051,4293.512,4296.07,240
1789451100,1789451100,1789451101,4296.124,4299.968,4294.329,4294.674,260
1789451400,1789451400,1789451401,4294.895,4298.727,4294.081,4295.119,240
1789451700,1789451700,1789451701,4294.97,4295.019,4290.736,4291.013,240
1789452000,1789452000,1789452001,4290.96,4294.198,4290.518,4291.878,240
1789452300,1789452300,1789452301,4291.689,4291.689,4286.004,4288.814,240
1789452600,1789452600,1789452601,4288.484,4290.409,4285.875,4289.916,240
1789452900,1789452900,1789452901,4289.886,4292.328,4288.865,4290.139,240
1789453200,1789453200,1789453201,4289.964,4291.787,4288.373,4289.763,240
1789453500,1789453500,1789453501,4290.076,4290.355,4287.297,4289.525,240
1789453800,1789453800,1789453801,4289.579,4289.824,4285.834,4287.184,240
1789454100,1789454100,1789454101,4287.254,4291.3,4287.202,4290.977,240
1789454400,1789454400,1789454401,4290.924,4291.051,4288.408,4290.948,260
1789454700,1789454700,1789454701,4290.799,4294.616,4290.38,4292.246,260
1789455000,1789455000,1789455001,4292.452,4293.822,4291.94,4292.705,240
1789455300,1789455300,1789455301,4292.644,4295.539,4292.246,4293.492,240
1789455600,1789455600,1789455601,4293.549,4295.561,4289.23,4291.342,240
1789455900,1789455900,1789455901,4291.296,4292.419,4288.553,4290.777,240
1789456200,1789456200,1789456201,4290.878,4291.877,4286.71,4288.022,240
1789456500,1789456500,1789456501,4288.169,4292.097,4287.886,4291.505,240
1789456800,1789456800,1789456801,4291.549,4291.759,4287.628,4289.021,240
1789457100,1789457100,1789457101,4288.802,4292.341,4287.756,4291.934,240
1789457400,1789457400,1789457401,4291.99,4293.068,4289.875,4290.491,240
1789457700,1789457700,1789457701,4290.438,4290.45,4284.879,4285.766,240
1789458000,1789458000,1789458001,4285.752,4286.842,4280.81,4283.732,240
1789458300,1789458300,1789458301,4283.974,4289.982,4283.594,4284.847,240
1789458600,1789458600,1789458601,4284.785,4285.074,4276.195,4277.555,240
1789458900,1789458900,1789458901,4277.679,4280.788,4275.99,4280.361,240
1789459200,1789459200,1789459201,4280.385,4280.614,4266.47,4266.569,240
1789459500,1789459500,1789459501,4266.986,4268.748,4264.045,4265.208,240
1789459800,1789459800,1789459801,4265.156,4268.011,4263.399,4267.667,240
1789460100,1789460100,1789460101,4267.559,4273.942,4266.601,4273.535,240
1789460400,1789460400,1789460401,4273.593,4274.743,4271.209,4271.579,240
1789460700,1789460700,1789460701,4271.692,4275.262,4270.694,4273.121,240
1789461000,1789461000,1789461001,4273.029,4274.7,4271.517,4273.123,240
1789461300,1789461300,1789461301,4273.044,4274.825,4269.847,4270.965,240
1789461600,1789461600,1789461601,4271.004,4271.004,4266.95,4267.69,240
1789461900,1789461900,1789461901,4267.647,4269.758,4265.74,4266.438,240
1789462200,1789462200,1789462201,4266.428,4268.185,4265.993,4267.204,240
1789462500,1789462500,1789462501,4267.32,4268.496,4261.13,4262.579,240
1789462800,1789462800,1789462801,4262.549,4266.285,4261.402,4265.866,240
1789463100,1789463100,1789463101,4265.749,4267.015,4264.139,4265.699,240
1789463400,1789463400,1789463401,4265.643,4266.973,4263.382,4265.583,240
1789463700,1789463700,1789463701,4265.511,4268.246,4261.592,4262.507,240
1789464000,1789464000,1789464001,4262.382,4266.995,4262.166,4264.852,240
1789464300,1789464300,1789464301,4264.882,4269.63,4262.758,4267.097,240
1789464600,1789464600,1789464601,4266.772,4267.892,4264.83,4266.743,240
1789464900,1789464900,1789464901,4266.806,4269.304,4265.055,4268.685,240
1789465200,1789465200,1789465201,4268.631,4272.211,4267.797,4269.638,240
1789465500,1789465500,1789465501,4269.638,4272.175,4268.141,4270.684,240
1789465800,1789465800,1789465801,4270.708,4271.534,4268.507,4270.496,240
1789466100,1789466100,1789466101,4270.493,4270.95,4267.83,4268.407,240
1789466400,1789466400,1789466401,4268.525,4273.453,4268.178,4271.267,240
1789466700,1789466700,1789466701,4271.308,4275.849,4271.266,4273.786,240
1789467000,1789467000,1789467001,4274.115,4277.863,4272.122,4273.146,240
1789467300,1789467300,1789467301,4272.982,4273.198,4269.906,4271.575,240
1789467600,1789467600,1789467601,4271.615,4274.797,4270.193,4274.433,240
1789467900,1789467900,1789467901,4274.492,4274.775,4272.962,4274.4,240
1789468200,1789468200,1789468201,4274.445,4275.664,4273.491,4275.135,240
1789468500,1789468500,1789468501,4275.113,4276.548,4273.515,4273.876,240
1789468800,1789468800,1789468801,4274.092,4277.455,4273.572,4275.049,240
1789469100,1789469100,1789469101,4274.708,4277.698,4274.584,4276.951,240
1789469400,1789469400,1789469401,4277.006,4282.853,4277.006,4281.949,240
1789469700,1789469700,1789469701,4281.956,4283.729,4280.9,4281.679,240
1789470000,1789470000,1789470001,4281.561,4282.208,4279.695,4280.338,240
1789470300,1789470300,1789470301,4280.405,4282.717,4278.575,4282.072,240
1789470600,1789470600,1789470601,4282.516,4283.892,4281.547,4283.795,240
1789470900,1789470900,1789470901,4283.531,4285.734,4282.825,4283.32,240
1789471200,1789471200,1789471201,4283.503,4285.454,4282.508,4283.637,240
1789471500,1789471500,1789471501,4283.585,4284.506,4282.408,4283.287,240
1789471800,1789471800,1789471801,4283.232,4284.146,4281.417,4284.146,240
1789472100,1789472100,1789472101,4284.449,4284.961,4280.51,4281.018,240
1789472400,1789472400,1789472401,4281.081,4284.207,4280.152,4282.999,240
1789472700,1789472700,1789472701,4282.659,4285.566,4282.465,4283.624,240
1789473000,1789473000,1789473001,4283.841,4285.183,4282.482,4283.068,240
1789473300,1789473300,1789473301,4283.015,4286.874,4282.235,4284.448,240
1789473600,1789473600,1789473601,4284.392,4285.12,4281.18,4284.492,240
1789473900,1789473900,1789473901,4284.441,4284.786,4277.286,4277.988,240
1789474200,1789474200,1789474201,4277.908,4279.285,4275.985,4278.581,240
1789474500,1789474500,1789474501,4278.299,4279.261,4273.562,4274.534,240
1789474800,1789474800,1789474801,4274.47,4274.638,4271.309,4273.398,240
1789475100,1789475100,1789475101,4273.451,4278.012,4272.747,4277.556,240
1789475400,1789475400,1789475401,4277.698,4283.006,4274.604,4282.706,240
1789475700,1789475700,1789475701,4282.77,4286.205,4278.937,4279.523,240
1789476000,1789476000,1789476001,4279.583,4281.439,4277.672,4280.967,240
1789476300,1789476300,1789476301,4281.091,4291.048,4280.836,4290.333,240
1789476600,1789476600,1789476601,4290.549,4294.259,4287.308,4293.453,240
1789476900,1789476900,1789476901,4293.393,4295.924,4285.439,4290.235,240
1789477200,1789477200,1789477201,4290.16,4294.489,4289.034,4292.742,260
1789477500,1789477500,1789477501,4292.935,4293.131,4283.78,4285.465,240
1789477800,1789477800,1789477801,4285.413,4289.472,4284.908,4286.897,240
1789478100,1789478100,1789478101,4286.829,4289.992,4285.432,4287.338,240
1789478400,1789478400,1789478401,4287.368,4292.508,4283.348,4292.076,240
1789478700,1789478700,1789478701,4292.109,4293.038,4286.696,4287.382,240
1789479000,1789479000,1789479001,4287.46,4291.638,4283.985,4286.526,240
1789479300,1789479300,1789479301,4286.579,4294.149,4286.034,4286.553,240
1789479600,1789479600,1789479601,4286.489,4290.82,4284.963,4289.437,240
1789479900,1789479900,1789479901,4289.38,4295.743,4288.061,4294.935,240
1789480200,1789480200,1789480201,4294.733,4297.648,4291.988,4295.701,240
1789480500,1789480500,1789480501,4295.373,4298.487,4294.351,4294.818,240
1789480800,1789480800,1789480801,4294.935,4298.88,4294.007,4294.971,240
1789481100,1789481100,1789481101,4294.887,4300.615,4293.817,4297.9,240
1789481400,1789481400,1789481401,4297.845,4298.349,4293.358,4294.688,240
1789481700,1789481700,1789481701,4294.636,4295.744,4289.763,4293.801,240
1789482000,1789482000,1789482001,4293.868,4295.223,4285.754,4288.419,240
1789482300,1789482300,1789482301,4288.472,4289.555,4282.53,4283.988,240
1789482600,1789482600,1789482601,4284.177,4284.985,4279.413,4283.637,240
1789482900,1789482900,1789482901,4283.698,4286.027,4275.496,4278.138,240
1789483200,1789483200,1789483201,4278.08,4279.351,4276.168,4278.342,240
1789483500,1789483500,1789483501,4278.281,4283.038,4276.737,4278.451,240
1789483800,1789483800,1789483801,4278.145,4280.368,4273.625,4279.841,240
1789484100,1789484100,1789484101,4279.817,4280.052,4274.807,4276.917,240
1789484400,1789484400,1789484401,4276.86,4282.967,4276.673,4282.786,240
1789484700,1789484700,1789484701,4282.734,4284.279,4280.714,4282.437,240
1789485000,1789485000,1789485001,4282.42,4286.042,4281.434,4285.28,240
1789485300,1789485300,1789485301,4285.229,4287.479,4283.336,4286.369,240
1789485600,1789485600,1789485601,4286.316,4287.258,4282.221,4285.244,240
1789485900,1789485900,1789485901,4285.321,4286.298,4283.094,4284.104,240
1789486200,1789486200,1789486201,4283.892,4285.809,4281.401,4284.937,240
1789486500,1789486500,1789486501,4285.07,4288.208,4284.059,4287.519,240
1789486800,1789486800,1789486801,4287.532,4290.514,4287.0,4287.731,240
1789487100,1789487100,1789487101,4287.845,4288.723,4285.068,4286.81,240
1789487400,1789487400,1789487401,4286.504,4292.07,4286.389,4290.04,240
1789487700,1789487700,1789487701,4290.124,4294.847,4287.931,4289.416,240
1789488000,1789488000,1789488001,4289.475,4291.452,4288.093,4291.173,240
1789488300,1789488300,1789488301,4291.238,4291.693,4289.045,4290.493,240
1789488600,1789488600,1789488601,4290.519,4291.087,4286.015,4286.116,240
1789488900,1789488900,1789488901,4286.487,4288.709,4285.451,4288.634,240
1789489200,1789489200,1789489201,4288.831,4296.785,4287.856,4296.366,240
1789489500,1789489500,1789489501,4296.314,4297.161,4294.265,4295.338,240
1789489800,1789489800,1789489801,4295.424,4297.818,4292.742,4292.994,240
1789490100,1789490100,1789490101,4292.991,4295.962,4291.294,4294.834,240
1789490400,1789490400,1789490401,4294.805,4296.961,4292.824,4296.44,240
1789490700,1789490700,1789490701,4296.497,4297.667,4294.95,4295.173,240
1789491000,1789491000,1789491001,4295.258,4298.252,4294.885,4297.748,240
1789491300,1789491300,1789491301,4297.543,4297.863,4295.039,4295.632,240
1789491600,1789491600,1789491601,4295.685,4296.596,4290.85,4291.399,240
1789491900,1789491900,1789491901,4291.491,4293.713,4290.3,4292.694,240
1789492200,1789492200,1789492201,4292.748,4299.212,4292.748,4295.172,240
1789492500,1789492500,1789492501,4294.847,4296.576,4293.674,4295.764,240
1789492800,1789492800,1789492801,4295.824,4296.504,4291.839,4293.096,240
1789493100,1789493100,1789493101,4293.104,4295.253,4291.311,4293.183,240
1789493400,1789493400,1789493401,4293.355,4297.957,4293.134,4297.029,240
1789493700,1789493700,1789493701,4297.081,4299.029,4295.312,4295.688,240
1789494000,1789494000,1789494001,4295.706,4296.063,4292.158,4293.292,240
1789494300,1789494300,1789494301,4293.094,4295.946,4293.094,4294.912,240
1789494600,1789494600,1789494601,4294.855,4296.327,4293.838,4295.052,240
1789494900,1789494900,1789494901,4295.105,4295.92,4294.21,4294.783,240
1789495200,1789495200,1789495201,4294.837,4296.061,4292.823,4295.075,240
1789495500,1789495500,1789495501,4295.017,4298.79,4294.554,4296.776,240
1789495800,1789495800,1789495801,4296.785,4304.307,4296.008,4302.461,240
1789496100,1789496100,1789496101,4302.527,4306.773,4301.866,4305.19,240
1789496400,1789496400,1789496401,4305.196,4305.606,4303.559,4304.725,240
1789496700,1789496700,1789496701,4304.672,4306.492,4303.251,4304.782,240
1789497000,1789497000,1789497001,4304.73,4304.732,4301.69,4302.768,240
1789497300,1789497300,1789497301,4303.073,4303.811,4301.451,4303.453,240
1789497600,1789497600,1789497601,4303.448,4308.527,4303.061,4304.572,240
1789497900,1789497900,1789497901,4304.91,4308.06,4304.1,4306.754,240
1789498200,1789498200,1789498201,4306.865,4310.434,4306.769,4308.895,240
1789498500,1789498500,1789498501,4308.905,4308.905,4306.645,4308.477,240
1789498800,1789498800,1789498801,4308.558,4310.779,4304.703,4305.064,240
1789499100,1789499100,1789499101,4305.012,4305.587,4302.387,4304.268,240
1789499400,1789499400,1789499401,4304.261,4304.596,4300.208,4300.322,240
1789499700,1789499700,1789499701,4300.274,4302.322,4299.263,4300.235,240
1789500000,1789500000,1789500001,4300.228,4301.695,4298.019,4301.368,240
1789500300,1789500300,1789500301,4301.14,4301.782,4300.11,4300.93,240
1789500600,1789500600,1789500601,4300.898,4302.594,4298.857,4299.563,240
1789500900,1789500900,1789500901,4299.512,4300.038,4298.236,4299.106,240
1789501200,1789501200,1789501201,4298.973,4299.009,4296.606,4296.606,240
1789501500,1789501500,1789501501,4296.647,4299.727,4296.147,4298.777,240
1789501800,1789501800,1789501801,4298.724,4299.654,4295.566,4296.741,240
1789502100,1789502100,1789502101,4296.687,4298.055,4294.087,4297.507,240
1789502400,1789502400,1789502401,4297.608,4299.11,4296.088,4296.371,240
1789502700,1789502700,1789502701,4296.598,4298.38,4295.632,4297.71,260
1789503000,1789503000,1789503001,4297.823,4298.718,4295.497,4296.478,240
1789503300,1789503300,1789503301,4296.401,4296.794,4295.226,4296.254,240
1789503600,1789503600,1789503601,4296.254,4297.012,4294.618,4295.139,240
1789503900,1789503900,1789503901,4294.85,4295.311,4293.995,4294.23,260
1789504200,1789504200,1789504201,4294.511,4296.219,4292.39,4292.669,260
1789504500,1789504500,1789504501,4292.727,4293.308,4291.765,4292.94,260
1789504800,1789504800,1789504801,4292.806,4293.436,4292.306,4293.163,240
1789505100,1789505100,1789505101,4293.142,4293.379,4292.486,4292.796,240
1789505400,1789505400,1789505401,4292.711,4294.203,4292.065,4292.691,260
1789505700,1789505700,1789505701,4292.858,4293.911,4292.632,4293.524,240
1789509600,1789509600,1789509601,4296.061,4296.195,4294.077,4295.169,260
1789509900,1789509900,1789509901,4295.246,4295.817,4294.652,4295.488,260
1789510200,1789510200,1789510201,4295.487,4295.771,4292.959,4293.082,260
1789510500,1789510500,1789510501,4293.141,4294.044,4292.008,4292.236,260
1789510800,1789510800,1789510801,4292.4,4294.754,4291.59,4294.754,260
1789511100,1789511100,1789511101,4294.391,4298.873,4294.037,4298.645,260
1789511400,1789511400,1789511401,4298.614,4299.022,4295.192,4297.28,240
1789511700,1789511700,1789511701,4297.28,4298.294,4296.916,4297.576,240
1789512000,1789512000,1789512001,4297.572,4297.817,4294.288,4294.753,240
1789512300,1789512300,1789512301,4294.664,4295.446,4293.89,4294.169,240
1789512600,1789512600,1789512601,4294.102,4294.509,4292.891,4293.055,240
1789512900,1789512900,1789512901,4293.115,4293.149,4288.781,4288.812,240
1789513200,1789513200,1789513201,4289.02,4289.698,4284.811,4285.195,240
1789513500,1789513500,1789513501,4285.318,4287.495,4285.107,4285.706,240
1789513800,1789513800,1789513801,4285.762,4288.693,4285.361,4286.204,240
1789514100,1789514100,1789514101,4286.255,4287.284,4285.556,4287.011,240
1789514400,1789514400,1789514401,4286.839,4287.403,4284.379,4285.052,240
1789514700,1789514700,1789514701,4285.113,4286.046,4282.026,4284.381,240
1789515000,1789515000,1789515001,4284.327,4287.778,4283.11,4286.739,240
1789515300,1789515300,1789515301,4287.033,4287.497,4282.437,4284.778,240
1789515600,1789515600,1789515601,4285.039,4285.699,4283.558,4284.699,240
1789515900,1789515900,1789515901,4284.503,4286.249,4283.457,4283.457,240
1789516200,1789516200,1789516201,4283.4,4284.77,4283.156,4283.828,240
1789516500,1789516500,1789516501,4283.819,4283.819,4281.098,4283.373,240
1789516800,1789516800,1789516801,4283.431,4283.875,4280.512,4280.617,240
1789517100,1789517100,1789517101,4280.564,4284.838,4280.56,4281.651,240
1789517400,1789517400,1789517401,4281.591,4282.975,4280.342,4282.491,240
1789517700,1789517700,1789517701,4282.474,4285.764,4281.591,4285.488,240
1789518000,1789518000,1789518001,4285.447,4286.087,4283.453,4285.076,240
1789518300,1789518300,1789518301,4285.013,4285.239,4283.065,4283.954,240
1789518600,1789518600,1789518601,4284.215,4284.884,4279.878,4281.378,240
1789518900,1789518900,1789518901,4281.595,4281.737,4279.577,4281.206,240
1789519200,1789519200,1789519201,4281.25,4285.583,4280.739,4283.81,240
1789519500,1789519500,1789519501,4283.731,4285.011,4282.289,4282.769,260
1789519800,1789519800,1789519801,4283.066,4283.066,4277.984,4278.142,240
1789520100,1789520100,1789520101,4278.196,4278.559,4275.336,4277.204,240
1789520400,1789520400,1789520401,4277.257,4284.884,4276.508,4279.981,260
1789520700,1789520700,1789520701,4279.914,4282.499,4278.263,4281.257,260
1789521000,1789521000,1789521001,4281.249,4287.949,4279.078,4287.143,240
1789521300,1789521300,1789521301,4287.09,4290.153,4284.706,4287.265,240
1789521600,1789521600,1789521601,4287.332,4290.931,4287.298,4290.308,240
1789521900,1789521900,1789521901,4290.673,4293.677,4288.889,4290.481,240
1789522200,1789522200,1789522201,4290.425,4291.554,4287.677,4289.366,240
1789522500,1789522500,1789522501,4289.36,4290.091,4285.98,4285.98,240
1789522800,1789522800,1789522801,4285.926,4290.75,4285.77,4288.363,240
1789523100,1789523100,1789523101,4288.31,4289.147,4285.128,4287.801,260
1789523400,1789523400,1789523401,4287.666,4288.983,4283.869,4285.443,240
1789523700,1789523700,1789523701,4285.384,4286.959,4280.139,4282.627,240
1789524000,1789524000,1789524001,4282.296,4287.78,4281.685,4287.727,240
1789524300,1789524300,1789524301,4287.507,4289.684,4284.479,4289.039,240
1789524600,1789524600,1789524601,4289.053,4294.853,4289.053,4292.056,240
1789524900,1789524900,1789524901,4292.273,4295.019,4290.08,4291.766,260
1789525200,1789525200,1789525201,4291.713,4295.821,4290.793,4295.607,260
1789525500,1789525500,1789525501,4295.839,4300.689,4295.117,4298.658,240
1789525800,1789525800,1789525801,4298.741,4311.392,4298.412,4309.93,260
1789526100,1789526100,1789526101,4309.985,4315.875,4309.024,4310.998,260
1789526400,1789526400,1789526401,4311.318,4314.095,4310.723,4311.118,260
1789526700,1789526700,1789526701,4311.064,4315.946,4310.686,4315.099,260
1789527000,1789527000,1789527001,4315.155,4316.992,4313.56,4316.529,260
1789527300,1789527300,1789527301,4316.861,4323.439,4315.664,4321.449,260
1789527600,1789527600,1789527601,4321.383,4328.724,4321.23,4328.071,260
1789527900,1789527900,1789527901,4328.05,4330.751,4325.697,4327.129,260
1789528200,1789528200,1789528201,4326.913,4338.731,4326.237,4336.982,260
1789528500,1789528500,1789528501,4337.048,4339.787,4335.479,4335.637,260
1789528800,1789528800,1789528801,4335.693,4341.24,4335.214,4336.506,260
1789529100,1789529100,1789529101,4336.574,4338.032,4331.839,4331.962,260
1789529400,1789529400,1789529401,4331.634,4332.468,4328.76,4329.422,260
1789529700,1789529700,1789529701,4329.501,4329.805,4326.291,4327.663,260
1789530000,1789530000,1789530001,4327.61,4329.369,4325.695,4327.098,260
1789530300,1789530300,1789530301,4327.151,4327.997,4323.363,4323.729,260
1789530600,1789530600,1789530601,4323.606,4326.908,4322.565,4326.888,260
1789530900,1789530900,1789530901,4326.562,4327.729,4325.349,4326.983,260
1789531200,1789531200,1789531201,4327.04,4328.51,4326.349,4327.553,260
1789531500,1789531500,1789531501,4327.878,4327.966,4325.48,4326.196,260
1789531800,1789531800,1789531801,4326.476,4327.827,4325.307,4326.726,260
1789532100,1789532100,1789532101,4326.691,4327.351,4323.155,4323.849,260
1789532400,1789532400,1789532401,4323.903,4328.551,4323.65,4326.725,260
1789532700,1789532700,1789532701,4326.656,4327.162,4325.079,4325.789,260
1789533000,1789533000,1789533001,4325.745,4328.327,4324.716,4325.264,260
1789533300,1789533300,1789533301,4325.386,4326.105,4324.631,4326.033,260
1789533600,1789533600,1789533601,4325.719,4326.196,4322.63,4322.936,260
1789533900,1789533900,1789533901,4322.935,4323.504,4320.833,4321.238,240
1789534200,1789534200,1789534201,4321.252,4322.084,4320.419,4321.274,260
1789534500,1789534500,1789534501,4321.543,4322.512,4320.797,4321.652,240
1789534800,1789534800,1789534801,4321.782,4323.031,4320.788,4323.031,260
1789535100,1789535100,1789535101,4322.903,4324.413,4322.146,4323.414,260
1789535400,1789535400,1789535401,4323.682,4324.509,4320.913,4321.756,240
1789535700,1789535700,1789535701,4321.483,4325.775,4321.456,4325.598,260
1789536000,1789536000,1789536001,4325.689,4326.362,4323.016,4323.395,260
1789536300,1789536300,1789536301,4323.637,4326.908,4323.408,4324.922,260
1789536600,1789536600,1789536601,4325.008,4329.343,4324.427,4328.349,260
1789536900,1789536900,1789536901,4328.294,4330.864,4326.694,4328.986,260
1789537200,1789537200,1789537201,4329.051,4332.874,4327.927,4332.651,260
1789537500,1789537500,1789537501,4332.71,4333.721,4327.633,4328.842,260
1789537800,1789537800,1789537801,4328.909,4332.29,4328.844,4329.523,260
1789538100,1789538100,1789538101,4329.744,4331.094,4326.607,4326.607,260
1789538400,1789538400,1789538401,4326.675,4332.241,4321.92,4322.696,260
1789538700,1789538700,1789538701,4322.572,4325.172,4321.287,4324.317,260
1789539000,1789539000,1789539001,4324.275,4327.522,4324.004,4325.869,260
1789539300,1789539300,1789539301,4325.851,4327.288,4324.758,4327.069,260
1789539600,1789539600,1789539601,4327.043,4330.074,4326.504,4327.897,260
1789539900,1789539900,1789539901,4327.761,4327.991,4325.511,4326.684,260
1789540200,1789540200,1789540201,4326.739,4327.359,4324.44,4324.862,260
1789540500,1789540500,1789540501,4324.807,4326.977,4323.829,4325.461,260
1789540800,1789540800,1789540801,4325.732,4328.373,4324.571,4327.974,260
1789541100,1789541100,1789541101,4327.837,4328.479,4325.136,4328.137,260
1789541400,1789541400,1789541401,4327.809,4330.848,4326.755,4328.315,260
1789541700,1789541700,1789541701,4328.304,4333.012,4328.304,4332.788,260
1789542000,1789542000,1789542001,4332.66,4335.989,4331.691,4334.534,260
1789542300,1789542300,1789542301,4334.744,4334.744,4330.025,4333.425,260
1789542600,1789542600,1789542601,4333.508,4335.552,4331.405,4335.292,260
1789542900,1789542900,1789542901,4335.62,4337.68,4332.854,4332.854,260
1789543200,1789543200,1789543201,4333.18,4336.423,4332.074,4334.225,260
1789543500,1789543500,1789543501,4334.17,4336.135,4332.602,4335.431,260
1789543800,1789543800,1789543801,4335.379,4337.31,4333.483,4335.432,260
1789544100,1789544100,1789544101,4335.565,4338.911,4335.46,4338.058,260
1789544400,1789544400,1789544401,4338.125,4339.27,4334.703,4336.333,260
1789544700,1789544700,1789544701,4336.12,4338.039,4333.809,4334.046,260
1789545000,1789545000,1789545001,4334.119,4334.558,4328.994,4329.247,260
1789545300,1789545300,1789545301,4329.305,4330.763,4328.591,4329.163,260
1789545600,1789545600,1789545601,4329.217,4329.732,4324.872,4326.088,260
1789545900,1789545900,1789545901,4326.106,4326.593,4323.704,4324.793,240
1789546200,1789546200,1789546201,4325.12,4328.05,4322.908,4327.389,260
1789546500,1789546500,1789546501,4327.409,4335.21,4326.55,4332.228,260
1789546800,1789546800,1789546801,4332.173,4337.686,4330.891,4334.732,260
1789547100,1789547100,1789547101,4334.697,4335.25,4332.896,4334.228,260
1789547400,1789547400,1789547401,4334.169,4334.538,4326.272,4328.488,260
1789547700,1789547700,1789547701,4328.651,4329.679,4324.474,4325.139,260
1789548000,1789548000,1789548001,4325.062,4328.84,4323.73,4328.272,260
1789548300,1789548300,1789548301,4328.33,4329.151,4326.855,4327.046,260
1789548600,1789548600,1789548601,4326.976,4329.957,4324.769,4328.835,260
1789548900,1789548900,1789548901,4329.037,4331.335,4328.717,4330.336,260
1789549200,1789549200,1789549201,4330.167,4332.278,4329.504,4330.576,260
1789549500,1789549500,1789549501,4330.59,4332.65,4329.726,4331.353,260
1789549800,1789549800,1789549801,4331.301,4332.66,4330.495,4331.991,260
1789550100,1789550100,1789550101,4332.054,4334.166,4329.049,4330.024,260
1789550400,1789550400,1789550401,4329.959,4330.986,4327.319,4327.987,260
1789550700,1789550700,1789550701,4327.986,4333.818,4327.627,4329.678,260
1789551000,1789551000,1789551001,4329.81,4335.037,4329.552,4333.687,260
1789551300,1789551300,1789551301,4333.823,4335.998,4332.537,4334.719,260
1789551600,1789551600,1789551601,4334.73,4337.33,4333.854,4334.975,260
1789551900,1789551900,1789551901,4334.953,4335.546,4331.133,4334.706,260
1789552200,1789552200,1789552201,4334.55,4335.87,4334.009,4335.369,260
1789552500,1789552500,1789552501,4335.367,4339.208,4334.946,4337.976,260
1789552800,1789552800,1789552801,4338.037,4341.764,4337.724,4338.968,260
1789553100,1789553100,1789553101,4339.023,4345.752,4337.648,4344.947,260
1789553400,1789553400,1789553401,4345.012,4348.896,4341.632,4342.836,260
1789553700,1789553700,1789553701,4342.768,4344.482,4341.465,4342.658,260
1789554000,1789554000,1789554001,4342.717,4346.338,4341.624,4341.974,260
1789554300,1789554300,1789554301,4342.17,4348.891,4340.686,4347.819,260
1789554600,1789554600,1789554601,4347.939,4348.837,4345.608,4347.936,260
1789554900,1789554900,1789554901,4347.863,4349.532,4346.454,4347.486,260
1789555200,1789555200,1789555201,4347.607,4349.396,4347.162,4348.868,260
1789555500,1789555500,1789555501,4348.847,4349.609,4347.655,4348.615,260
1789555800,1789555800,1789555801,4348.67,4348.737,4345.248,4345.694,260
1789556100,1789556100,1789556101,4346.02,4351.283,4345.645,4351.283,260
1789556400,1789556400,1789556401,4351.414,4353.395,4348.443,4349.955,260
1789556700,1789556700,1789556701,4349.975,4351.334,4348.406,4349.464,260
1789557000,1789557000,1789557001,4349.416,4350.929,4346.745,4347.197,260
1789557300,1789557300,1789557301,4347.067,4348.394,4346.379,4347.605,260
1789557600,1789557600,1789557601,4347.903,4349.307,4346.347,4348.861,260
1789557900,1789557900,1789557901,4348.608,4353.625,4347.817,4350.606,260
1789558200,1789558200,1789558201,4350.82,4351.608,4348.677,4350.713,260
1789558500,1789558500,1789558501,4350.655,4353.218,4348.453,4350.528,260
1789558800,1789558800,1789558801,4350.648,4350.968,4347.098,4349.823,260
1789559100,1789559100,1789559101,4349.877,4350.62,4346.601,4347.257,260
1789559400,1789559400,1789559401,4347.324,4348.108,4345.35,4347.145,260
1789559700,1789559700,1789559701,4347.077,4348.22,4341.634,4341.817,260
1789560000,1789560000,1789560001,4341.74,4343.738,4340.5,4342.964,260
1789560300,1789560300,1789560301,4342.905,4348.127,4342.02,4348.029,260
1789560600,1789560600,1789560601,4347.997,4347.997,4342.966,4343.456,260
1789560900,1789560900,1789560901,4343.469,4345.793,4340.343,4342.16,260
1789561200,1789561200,1789561201,4342.104,4342.104,4337.709,4338.598,260
1789561500,1789561500,1789561501,4338.862,4341.288,4338.414,4339.728,260
1789561800,1789561800,1789561801,4340.071,4342.479,4334.58,4341.556,260
1789562100,1789562100,1789562101,4341.413,4344.332,4338.645,4343.407,240
1789562400,1789562400,1789562401,4343.462,4345.246,4341.648,4343.653,240
1789562700,1789562700,1789562701,4343.601,4346.963,4342.475,4346.011,260
1789563000,1789563000,1789563001,4345.955,4347.77,4342.354,4345.147,260
1789563300,1789563300,1789563301,4345.093,4349.005,4344.131,4347.357,260
1789563600,1789563600,1789563601,4347.576,4350.216,4345.761,4346.354,260
1789563900,1789563900,1789563901,4346.441,4350.513,4343.598,4348.567,260
1789564200,1789564200,1789564201,4348.352,4357.318,4347.675,4356.237,260
1789564500,1789564500,1789564501,4356.564,4360.538,4353.001,4353.521,260
1789564800,1789564800,1789564801,4353.46,4355.923,4349.415,4353.377,260
1789565100,1789565100,1789565101,4353.705,4355.444,4351.418,4352.147,260
1789565400,1789565400,1789565401,4352.029,4354.319,4348.066,4348.759,260
1789565700,1789565700,1789565701,4348.816,4350.596,4345.174,4345.935,260
1789566000,1789566000,1789566001,4345.879,4347.102,4340.239,4340.577,260
1789566300,1789566300,1789566301,4340.523,4345.985,4340.523,4342.734,260
1789566600,1789566600,1789566601,4342.771,4345.156,4337.482,4338.436,260
1789566900,1789566900,1789566901,4338.596,4339.238,4335.072,4338.397,240
1789567200,1789567200,1789567201,4338.433,4339.335,4328.619,4328.686,260
1789567500,1789567500,1789567501,4328.345,4330.788,4324.151,4329.627,240
1789567800,1789567800,1789567801,4329.67,4339.896,4329.67,4339.896,260
1789568100,1789568100,1789568101,4340.225,4341.277,4331.936,4332.617,240
1789568400,1789568400,1789568401,4332.562,4335.766,4330.587,4332.947,260
1789568700,1789568700,1789568701,4332.824,4338.114,4331.886,4337.882,260
1789569000,1789569000,1789569001,4337.935,4338.551,4334.278,4336.571,240
1789569300,1789569300,1789569301,4336.519,4342.602,4336.389,4340.95,260
1789569600,1789569600,1789569601,4340.932,4346.128,4340.024,4345.458,260
1789569900,1789569900,1789569901,4345.377,4350.559,4344.86,4350.143,260
1789570200,1789570200,1789570201,4350.198,4354.487,4348.141,4348.141,260
1789570500,1789570500,1789570501,4348.513,4356.135,4347.614,4354.918,260
1789570800,1789570800,1789570801,4354.988,4357.743,4350.571,4350.786,260
1789571100,1789571100,1789571101,4350.845,4358.036,4350.003,4357.036,260
1789571400,1789571400,1789571401,4357.122,4358.093,4353.014,4353.328,260
1789571700,1789571700,1789571701,4353.272,4355.255,4351.221,4353.617,260
1789572000,1789572000,1789572001,4353.489,4353.893,4349.783,4349.788,260
1789572300,1789572300,1789572301,4349.852,4350.245,4343.908,4344.259,260
1789572600,1789572600,1789572601,4344.315,4348.679,4342.725,4347.688,260
1789572900,1789572900,1789572901,4347.806,4352.651,4347.09,4350.224,260
1789573200,1789573200,1789573201,4350.341,4351.271,4349.259,4350.725,260
1789573500,1789573500,1789573501,4350.452,4361.869,4350.046,4353.064,260
1789573800,1789573800,1789573801,4353.119,4355.208,4350.191,4351.404,260
1789574100,1789574100,1789574101,4351.802,4353.614,4349.813,4352.898,260
1789574400,1789574400,1789574401,4352.955,4353.078,4347.852,4348.084,260
1789574700,1789574700,1789574701,4348.141,4349.671,4346.603,4349.528,260
1789575000,1789575000,1789575001,4349.854,4351.324,4348.255,4349.865,260
1789575300,1789575300,1789575301,4350.239,4352.184,4348.836,4349.416,260
1789575600,1789575600,1789575601,4349.41,4350.04,4346.582,4347.716,260
1789575900,1789575900,1789575901,4347.771,4348.33,4344.322,4345.988,260
1789576200,1789576200,1789576201,4345.854,4348.224,4344.806,4347.648,260
1789576500,1789576500,1789576501,4347.531,4348.504,4345.21,4347.026,240
1789576800,1789576800,1789576801,4346.969,4348.414,4346.744,4347.487,260
1789577100,1789577100,1789577101,4347.544,4348.75,4346.056,4346.101,260
1789577400,1789577400,1789577401,4345.771,4346.11,4343.575,4345.914,240
1789577700,1789577700,1789577701,4345.634,4347.588,4345.188,4346.472,240
1789578000,1789578000,1789578001,4346.312,4346.856,4342.975,4344.842,240
1789578300,1789578300,1789578301,4344.97,4345.86,4342.896,4343.046,240
1789578600,1789578600,1789578601,4343.249,4343.94,4341.622,4343.432,260
1789578900,1789578900,1789578901,4343.372,4345.131,4342.815,4344.511,260
1789579200,1789579200,1789579201,4344.566,4345.178,4342.365,4344.276,260
1789579500,1789579500,1789579501,4344.51,4347.539,4344.129,4346.618,260
1789579800,1789579800,1789579801,4346.73,4350.11,4345.936,4349.024,260
1789580100,1789580100,1789580101,4348.743,4349.389,4343.321,4343.962,260
1789580400,1789580400,1789580401,4344.08,4345.328,4343.33,4344.019,260
1789580700,1789580700,1789580701,4344.218,4345.188,4342.67,4344.61,260
1789581000,1789581000,1789581001,4344.705,4350.189,4343.958,4347.699,260
1789581300,1789581300,1789581301,4347.702,4366.989,4347.53,4358.841,260
1789581600,1789581600,1789581601,4358.816,4368.961,4313.512,4324.937,260
1789581900,1789581900,1789581901,4325.008,4345.99,4325.008,4331.315,260
1789582200,1789582200,1789582201,4331.177,4334.572,4307.62,4310.426,260
1789582500,1789582500,1789582501,4310.511,4321.776,4306.026,4318.395,260
1789582800,1789582800,1789582801,4318.326,4324.325,4313.543,4315.104,260
1789583100,1789583100,1789583101,4314.967,4323.11,4312.228,4322.288,260
1789583400,1789583400,1789583401,4322.142,4323.789,4280.424,4284.892,260
1789583700,1789583700,1789583701,4285.014,4291.993,4261.416,4291.062,260
1789584000,1789584000,1789584001,4291.007,4311.349,4285.159,4301.112,260
1789584300,1789584300,1789584301,4300.907,4307.55,4291.449,4293.614,260
1789584600,1789584600,1789584601,4293.687,4296.944,4263.919,4266.446,260
1789584900,1789584900,1789584901,4266.499,4272.925,4256.866,4261.2,260
1789585200,1789585200,1789585201,4261.269,4287.553,4260.162,4273.542,260
1789585500,1789585500,1789585501,4273.474,4273.474,4249.805,4250.57,260
1789585800,1789585800,1789585801,4250.514,4253.463,4234.93,4252.724,260
1789586100,1789586100,1789586101,4252.877,4257.743,4240.362,4248.006,260
1789586400,1789586400,1789586401,4248.158,4253.042,4244.32,4252.81,260
1789586700,1789586700,1789586701,4252.754,4257.415,4239.303,4253.552,240
1789587000,1789587000,1789587001,4253.622,4263.598,4253.022,4263.427,240
1789587300,1789587300,1789587301,4263.334,4265.661,4256.313,4263.315,260
1789587600,1789587600,1789587601,4263.261,4271.29,4260.982,4265.044,260
1789587900,1789587900,1789587901,4265.005,4271.87,4264.568,4269.715,260
1789588200,1789588200,1789588201,4269.827,4276.819,4267.527,4272.83,260
1789588500,1789588500,1789588501,4272.884,4274.045,4268.478,4272.292,240
1789588800,1789588800,1789588801,4272.357,4274.058,4267.371,4270.868,260
1789589100,1789589100,1789589101,4270.815,4271.99,4265.953,4267.253,240
1789589400,1789589400,1789589401,4267.507,4267.704,4263.287,4264.839,240
1789589700,1789589700,1789589701,4264.621,4268.384,4263.305,4266.298,240
1789590000,1789590000,1789590001,4266.356,4266.864,4260.648,4260.648,240
1789590300,1789590300,1789590301,4260.913,4261.623,4257.034,4260.529,260
1789590600,1789590600,1789590601,4260.189,4262.215,4258.282,4261.569,240
1789590900,1789590900,1789590901,4261.514,4265.055,4259.506,4264.718,240
1789591200,1789591200,1789591201,4264.969,4265.526,4261.818,4262.397,260
1789591500,1789591500,1789591501,4262.235,4266.691,4262.235,4265.624,260
1789591800,1789591800,1789591801,4265.686,4265.953,4261.035,4262.413,260
1789592100,1789592100,1789592101,4262.466,4264.278,4262.176,4264.278,260
1789596000,1789596000,1789596001,4262.999,4263.307,4258.277,4259.876,260
1789596300,1789596300,1789596301,4259.923,4262.737,4258.83,4261.236,260
1789596600,1789596600,1789596601,4261.14,4261.945,4259.073,4259.191,260
1789596900,1789596900,1789596901,4259.249,4259.958,4257.349,4259.566,260
1789597200,1789597200,1789597201,4259.565,4262.193,4259.352,4261.045,260
1789597500,1789597500,1789597501,4261.293,4263.522,4260.765,4262.227,260
1789597800,1789597800,1789597801,4262.284,4270.319,4261.914,4269.674,240
1789598100,1789598100,1789598101,4269.72,4276.292,4269.057,4274.985,240
1789598400,1789598400,1789598401,4275.209,4275.262,4272.78,4273.229,240
1789598700,1789598700,1789598701,4273.185,4274.138,4270.03,4270.316,240
1789599000,1789599000,1789599001,4270.293,4270.293,4265.482,4267.58,240
1789599300,1789599300,1789599301,4267.589,4271.486,4266.06,4266.67,240
1789599600,1789599600,1789599601,4266.726,4267.997,4262.042,4265.235,240
1789599900,1789599900,1789599901,4265.462,4266.092,4258.936,4264.532,240
1789600200,1789600200,1789600201,4264.622,4266.895,4261.229,4262.806,240
1789600500,1789600500,1789600501,4262.807,4270.338,4261.895,4268.288,240
1789600800,1789600800,1789600801,4268.565,4273.084,4268.565,4271.185,240
1789601100,1789601100,1789601101,4271.443,4272.209,4269.672,4271.999,240
1789601400,1789601400,1789601401,4271.761,4273.428,4270.947,4271.105,240
1789601700,1789601700,1789601701,4271.054,4271.774,4268.413,4271.144,240
1789602000,1789602000,1789602001,4270.841,4274.627,4269.083,4273.695,240
1789602300,1789602300,1789602301,4273.554,4275.421,4271.462,4273.658,240
1789602600,1789602600,1789602601,4273.674,4275.531,4271.376,4272.165,240
1789602900,1789602900,1789602901,4272.114,4273.936,4271.429,4271.571,240
1789603200,1789603200,1789603201,4271.627,4272.424,4266.047,4269.385,240
1789603500,1789603500,1789603501,4269.331,4278.047,4268.703,4277.966,240
1789603800,1789603800,1789603801,4277.813,4286.852,4277.813,4284.789,240
1789604100,1789604100,1789604101,4285.002,4286.551,4281.449,4284.493,240
1789604400,1789604400,1789604401,4284.421,4289.725,4283.994,4286.691,240
1789604700,1789604700,1789604701,4286.47,4286.874,4283.358,4284.635,240
1789605000,1789605000,1789605001,4284.573,4288.965,4281.989,4285.095,240
1789605300,1789605300,1789605301,4285.149,4288.99,4283.729,4287.754,240
1789605600,1789605600,1789605601,4287.752,4292.377,4287.003,4288.844,240
1789605900,1789605900,1789605901,4288.724,4289.355,4284.175,4284.74,240
1789606200,1789606200,1789606201,4284.793,4285.698,4278.659,4280.181,240
1789606500,1789606500,1789606501,4280.233,4282.145,4277.108,4280.239,240
1789606800,1789606800,1789606801,4280.295,4298.604,4279.849,4297.002,260
1789607100,1789607100,1789607101,4296.939,4310.21,4296.525,4303.395,260
1789607400,1789607400,1789607401,4303.341,4303.358,4294.842,4298.611,260
1789607700,1789607700,1789607701,4298.823,4306.914,4298.069,4302.87,260
1789608000,1789608000,1789608001,4302.539,4310.347,4301.209,4309.732,260
1789608300,1789608300,1789608301,4309.66,4312.699,4308.153,4309.767,260
1789608600,1789608600,1789608601,4309.803,4315.294,4308.495,4313.968,260
1789608900,1789608900,1789608901,4313.915,4318.22,4311.019,4312.173,260
1789609200,1789609200,1789609201,4312.137,4313.059,4308.843,4309.377,260
1789609500,1789609500,1789609501,4309.051,4311.987,4306.742,4310.809,260
1789609800,1789609800,1789609801,4311.086,4311.339,4305.071,4305.49,260
1789610100,1789610100,1789610101,4305.434,4306.061,4298.211,4300.388,240
1789610400,1789610400,1789610401,4300.445,4301.107,4297.142,4298.748,240
1789610700,1789610700,1789610701,4298.684,4299.518,4285.184,4287.08,240
1789611000,1789611000,1789611001,4286.928,4289.202,4281.076,4287.151,240
1789611300,1789611300,1789611301,4287.271,4292.25,4286.814,4292.25,240
1789611600,1789611600,1789611601,4292.198,4292.915,4289.909,4290.236,260
1789611900,1789611900,1789611901,4290.105,4292.458,4289.59,4291.496,240
1789612200,1789612200,1789612201,4291.677,4292.938,4284.65,4285.952,240
1789612500,1789612500,1789612501,4286.018,4286.619,4283.022,4283.673,260
1789612800,1789612800,1789612801,4283.62,4290.645,4281.508,4288.689,240
1789613100,1789613100,1789613101,4288.613,4289.507,4282.522,4283.45,260
1789613400,1789613400,1789613401,4283.443,4284.039,4274.634,4276.02,240
1789613700,1789613700,1789613701,4276.096,4280.633,4273.896,4277.245,240
1789614000,1789614000,1789614001,4277.236,4282.909,4276.812,4282.523,240
1789614300,1789614300,1789614301,4282.47,4286.675,4280.967,4284.568,240
1789614600,1789614600,1789614601,4284.837,4286.016,4282.297,4285.208,240
1789614900,1789614900,1789614901,4284.994,4286.966,4283.233,4286.295,240
1789615200,1789615200,1789615201,4286.401,4286.793,4283.134,4285.833,240
1789615500,1789615500,1789615501,4285.901,4287.178,4284.891,4285.902,240
1789615800,1789615800,1789615801,4285.757,4292.428,4285.624,4290.208,240
1789616100,1789616100,1789616101,4290.111,4293.791,4289.807,4292.323,240
1789616400,1789616400,1789616401,4292.301,4296.2,4291.642,4295.763,240
1789616700,1789616700,1789616701,4295.888,4296.736,4293.554,4295.565,240
1789617000,1789617000,1789617001,4295.507,4296.884,4294.095,4296.529,240
1789617300,1789617300,1789617301,4296.203,4297.533,4295.474,4296.078,240
1789617600,1789617600,1789617601,4296.087,4296.087,4293.64,4293.969,240
1789617900,1789617900,1789617901,4294.242,4296.518,4293.133,4296.129,260
1789618200,1789618200,1789618201,4296.149,4296.177,4292.816,4293.518,240
1789618500,1789618500,1789618501,4293.83,4294.179,4292.532,4293.09,240
1789618800,1789618800,1789618801,4293.414,4295.848,4292.119,4293.832,260
1789619100,1789619100,1789619101,4293.566,4294.285,4290.842,4291.407,240
1789619400,1789619400,1789619401,4291.09,4293.296,4290.3,4291.396,240
1789619700,1789619700,1789619701,4291.183,4296.632,4291.183,4295.164,240
1789620000,1789620000,1789620001,4295.179,4296.431,4292.915,4295.058,240
1789620300,1789620300,1789620301,4295.332,4299.01,4295.238,4296.992,240
1789620600,1789620600,1789620601,4297.025,4298.889,4295.353,4297.343,240
1789620900,1789620900,1789620901,4297.399,4298.6,4295.843,4297.256,240
1789621200,1789621200,1789621201,4297.199,4299.164,4296.446,4297.989,260
1789621500,1789621500,1789621501,4297.721,4298.109,4296.557,4297.083,240
1789621800,1789621800,1789621801,4297.304,4297.539,4293.972,4294.266,240
1789622100,1789622100,1789622101,4294.097,4294.097,4288.13,4288.437,240
1789622400,1789622400,1789622401,4288.437,4288.437,4285.346,4287.062,240
1789622700,1789622700,1789622701,4287.115,4287.986,4286.147,4286.361,240
1789623000,1789623000,1789623001,4286.431,4297.01,4286.105,4294.93,260
1789623300,1789623300,1789623301,4294.83,4297.246,4292.403,4297.175,240
1789623600,1789623600,1789623601,4296.848,4298.207,4294.386,4296.809,240
1789623900,1789623900,1789623901,4297.166,4299.288,4295.787,4297.861,240
1789624200,1789624200,1789624201,4297.659,4303.726,4297.55,4303.461,240
1789624500,1789624500,1789624501,4303.459,4305.559,4302.251,4304.335,240
1789624800,1789624800,1789624801,4304.259,4308.837,4304.155,4306.288,240
1789625100,1789625100,1789625101,4306.107,4310.801,4305.781,4309.96,260
1789625400,1789625400,1789625401,4310.028,4312.533,4308.601,4311.798,260
1789625700,1789625700,1789625701,4311.887,4312.145,4304.816,4307.206,240
1789626000,1789626000,1789626001,4307.263,4308.774,4305.431,4307.297,260
1789626300,1789626300,1789626301,4307.518,4313.112,4306.864,4311.895,240
1789626600,1789626600,1789626601,4312.115,4315.236,4310.999,4312.619,260
1789626900,1789626900,1789626901,4312.862,4313.056,4305.86,4306.375,240
1789627200,1789627200,1789627201,4306.474,4309.956,4305.999,4309.316,240
1789627500,1789627500,1789627501,4309.177,4312.06,4307.071,4310.272,260
1789627800,1789627800,1789627801,4310.002,4311.031,4306.613,4310.042,260
1789628100,1789628100,1789628101,4310.187,4311.462,4308.501,4310.788,260
1789628400,1789628400,1789628401,4310.856,4313.612,4309.107,4311.883,260
1789628700,1789628700,1789628701,4311.764,4315.719,4311.653,4314.76,260
1789629000,1789629000,1789629001,4314.814,4323.297,4314.814,4322.764,260
1789629300,1789629300,1789629301,4322.753,4329.296,4322.74,4324.094,260
1789629600,1789629600,1789629601,4323.762,4325.428,4319.335,4324.768,260
1789629900,1789629900,1789629901,4324.894,4329.895,4324.005,4329.073,260
1789630200,1789630200,1789630201,4329.135,4334.702,4329.135,4332.45,260
1789630500,1789630500,1789630501,4332.394,4334.466,4329.736,4334.423,260
1789630800,1789630800,1789630801,4334.209,4335.158,4329.184,4331.485,260
1789631100,1789631100,1789631101,4331.272,4335.432,4329.62,4332.382,260
1789631400,1789631400,1789631401,4332.098,4332.372,4327.553,4327.708,260
1789631700,1789631700,1789631701,4327.779,4328.218,4323.597,4326.992,260
1789632000,1789632000,1789632001,4327.094,4328.141,4325.638,4327.046,260
1789632300,1789632300,1789632301,4326.984,4328.013,4325.831,4326.495,260
1789632600,1789632600,1789632601,4326.548,4327.163,4317.661,4320.443,240
1789632900,1789632900,1789632901,4320.117,4321.988,4315.823,4316.806,260
1789633200,1789633200,1789633201,4316.748,4317.984,4314.449,4316.223,260
1789633500,1789633500,1789633501,4316.282,4317.308,4314.909,4315.927,260
1789633800,1789633800,1789633801,4316.107,4317.715,4311.927,4317.562,240
1789634100,1789634100,1789634101,4317.545,4319.572,4316.157,4319.065,260
1789634400,1789634400,1789634401,4318.766,4319.32,4313.329,4314.031,260
1789634700,1789634700,1789634701,4314.001,4314.001,4309.936,4311.886,260
1789635000,1789635000,1789635001,4311.829,4314.043,4310.639,4313.162,240
1789635300,1789635300,1789635301,4313.104,4313.406,4310.455,4311.442,260
1789635600,1789635600,1789635601,4311.385,4315.604,4311.365,4314.632,260
1789635900,1789635900,1789635901,4314.647,4317.012,4313.999,4316.434,260
1789636200,1789636200,1789636201,4316.441,4319.166,4315.124,4315.604,240
1789636500,1789636500,1789636501,4315.552,4316.464,4311.299,4311.818,240
1789636800,1789636800,1789636801,4311.762,4313.313,4310.251,4311.319,240
1789637100,1789637100,1789637101,4311.539,4312.319,4305.612,4306.602,240
1789637400,1789637400,1789637401,4306.549,4308.861,4305.0,4307.721,260
1789637700,1789637700,1789637701,4307.682,4309.698,4306.446,4308.826,240
1789638000,1789638000,1789638001,4308.974,4310.997,4308.267,4309.204,240
1789638300,1789638300,1789638301,4309.073,4309.72,4306.563,4309.63,240
1789638600,1789638600,1789638601,4309.702,4311.334,4308.705,4310.913,240
1789638900,1789638900,1789638901,4310.686,4311.182,4305.382,4306.282,240
1789639200,1789639200,1789639201,4306.29,4308.889,4305.004,4307.722,240
1789639500,1789639500,1789639501,4307.363,4311.502,4307.257,4308.869,240
1789639800,1789639800,1789639801,4309.13,4313.757,4309.008,4310.336,240
1789640100,1789640100,1789640101,4310.205,4310.843,4306.418,4306.772,260
1789640400,1789640400,1789640401,4306.703,4313.303,4306.703,4313.001,260
1789640700,1789640700,1789640701,4313.329,4315.654,4312.464,4313.559,240
1789641000,1789641000,1789641001,4313.507,4315.147,4312.045,4314.482,260
1789641300,1789641300,1789641301,4314.488,4318.598,4314.488,4316.863,260
1789641600,1789641600,1789641601,4316.618,4317.776,4314.391,4316.444,240
1789641900,1789641900,1789641901,4316.391,4318.602,4316.001,4318.531,240
1789642200,1789642200,1789642201,4318.546,4323.581,4318.244,4321.625,240
1789642500,1789642500,1789642501,4321.701,4324.939,4321.058,4323.853,240
1789642800,1789642800,1789642801,4323.816,4330.766,4323.816,4330.124,260
1789643100,1789643100,1789643101,4330.133,4337.009,4328.823,4336.216,260
1789643400,1789643400,1789643401,4336.067,4339.93,4330.574,4332.119,260
1789643700,1789643700,1789643701,4332.174,4334.806,4326.946,4327.116,240
1789644000,1789644000,1789644001,4327.036,4333.451,4326.913,4328.876,240
1789644300,1789644300,1789644301,4328.842,4329.467,4326.256,4328.613,240
1789644600,1789644600,1789644601,4328.677,4328.882,4325.219,4326.063,240
1789644900,1789644900,1789644901,4326.427,4327.57,4323.876,4325.968,240
1789645200,1789645200,1789645201,4325.96,4327.207,4323.272,4325.016,240
1789645500,1789645500,1789645501,4324.733,4332.892,4324.302,4332.498,240
1789645800,1789645800,1789645801,4332.443,4342.013,4331.238,4340.369,260
1789646100,1789646100,1789646101,4340.426,4353.46,4339.901,4349.953,260
1789646400,1789646400,1789646401,4349.622,4353.796,4343.686,4345.715,260
1789646700,1789646700,1789646701,4345.66,4354.478,4345.01,4352.865,260
1789647000,1789647000,1789647001,4352.812,4355.505,4350.92,4354.656,260
1789647300,1789647300,1789647301,4354.772,4366.431,4353.162,4365.378,260
1789647600,1789647600,1789647601,4365.425,4374.586,4362.957,4368.719,260
1789647900,1789647900,1789647901,4368.513,4381.216,4367.62,4381.09,260
1789648200,1789648200,1789648201,4381.238,4381.238,4367.997,4370.172,260
1789648500,1789648500,1789648501,4370.225,4371.619,4363.676,4369.377,260
1789648800,1789648800,1789648801,4369.438,4370.345,4360.43,4360.598,260
1789649100,1789649100,1789649101,4360.54,4367.519,4358.876,4366.256,260
1789649400,1789649400,1789649401,4366.312,4374.839,4366.312,4373.72,260
1789649700,1789649700,1789649701,4373.666,4374.035,4370.254,4373.076,260
1789650000,1789650000,1789650001,4373.199,4374.282,4365.115,4366.316,260
1789650300,1789650300,1789650301,4365.988,4371.793,4364.022,4365.873,260
1789650600,1789650600,1789650601,4365.918,4366.537,4360.021,4366.111,260
1789650900,1789650900,1789650901,4366.056,4375.145,4365.552,4372.268,260
1789651200,1789651200,1789651201,4372.321,4375.112,4366.05,4366.943,260
1789651500,1789651500,1789651501,4366.87,4368.613,4364.83,4367.022,260
1789651800,1789651800,1789651801,4367.085,4371.98,4362.881,4371.558,260
1789652100,1789652100,1789652101,4371.505,4374.031,4361.142,4361.634,260
1789652400,1789652400,1789652401,4361.534,4363.03,4356.093,4358.311,260
1789652700,1789652700,1789652701,4358.393,4368.696,4355.291,4367.204,260
1789653000,1789653000,1789653001,4367.145,4371.791,4365.968,4366.244,260
1789653300,1789653300,1789653301,4366.334,4369.94,4364.54,4366.706,260
1789653600,1789653600,1789653601,4367.021,4370.312,4364.692,4369.084,260
1789653900,1789653900,1789653901,4369.025,4380.08,4366.595,4377.286,260
1789654200,1789654200,1789654201,4377.217,4379.856,4368.447,4371.594,260
1789654500,1789654500,1789654501,4371.62,4372.235,4365.836,4369.109,260
1789654800,1789654800,1789654801,4369.04,4370.547,4365.388,4369.846,260
1789655100,1789655100,1789655101,4369.728,4372.907,4366.161,4366.603,260
1789655400,1789655400,1789655401,4366.657,4367.988,4361.778,4366.705,260
1789655700,1789655700,1789655701,4366.652,4367.92,4360.892,4361.215,260
1789656000,1789656000,1789656001,4361.159,4364.321,4359.338,4360.941,260
1789656300,1789656300,1789656301,4360.904,4364.708,4357.898,4361.517,260
1789656600,1789656600,1789656601,4361.138,4362.118,4355.406,4356.915,260
1789656900,1789656900,1789656901,4356.78,4357.528,4352.072,4354.126,260
1789657200,1789657200,1789657201,4354.185,4357.244,4350.99,4355.853,260
1789657500,1789657500,1789657501,4355.913,4359.191,4355.3,4356.488,260
1789657800,1789657800,1789657801,4356.173,4362.048,4353.289,4361.723,260
1789658100,1789658100,1789658101,4361.788,4364.547,4359.958,4362.942,260
1789658400,1789658400,1789658401,4363.08,4363.144,4358.654,4359.404,260
1789658700,1789658700,1789658701,4359.624,4362.83,4356.179,4357.96,260
1789659000,1789659000,1789659001,4358.017,4359.409,4355.338,4358.825,260
1789659300,1789659300,1789659301,4358.886,4363.434,4357.722,4362.385,260
1789659600,1789659600,1789659601,4362.328,4367.099,4361.97,4365.698,260
1789659900,1789659900,1789659901,4365.739,4367.908,4363.25,4365.223,260
1789660200,1789660200,1789660201,4365.071,4367.571,4363.942,4366.561,260
1789660500,1789660500,1789660501,4366.502,4370.076,4365.017,4369.686,260
1789660800,1789660800,1789660801,4369.893,4372.507,4368.558,4369.56,260
1789661100,1789661100,1789661101,4369.654,4371.608,4367.45,4369.434,260
1789661400,1789661400,1789661401,4369.559,4370.486,4366.934,4368.221,260
1789661700,1789661700,1789661701,4368.161,4368.802,4365.813,4367.23,260
1789662000,1789662000,1789662001,4367.231,4368.494,4365.786,4367.375,260
1789662300,1789662300,1789662301,4367.322,4368.206,4363.474,4367.565,260
1789662600,1789662600,1789662601,4367.353,4367.493,4357.693,4358.818,260
1789662900,1789662900,1789662901,4358.871,4360.891,4357.685,4359.949,260
1789663200,1789663200,1789663201,4360.164,4360.611,4357.25,4359.808,260
1789663500,1789663500,1789663501,4359.861,4361.676,4357.698,4358.031,260
1789663800,1789663800,1789663801,4358.029,4360.947,4356.05,4360.301,260
1789664100,1789664100,1789664101,4360.29,4362.422,4355.623,4362.422,260
1789664400,1789664400,1789664401,4362.478,4364.617,4358.262,4362.235,260
1789664700,1789664700,1789664701,4362.289,4365.967,4361.874,4363.492,260
1789665000,1789665000,1789665001,4363.436,4364.044,4360.542,4361.889,260
1789665300,1789665300,1789665301,4361.847,4363.26,4359.17,4360.069,260
1789665600,1789665600,1789665601,4360.186,4361.996,4357.777,4359.807,260
1789665900,1789665900,1789665901,4359.86,4362.571,4359.042,4360.315,260
1789666200,1789666200,1789666201,4360.368,4362.343,4360.147,4362.011,260
1789666500,1789666500,1789666501,4361.991,4363.767,4357.807,4358.095,260
1789666800,1789666800,1789666801,4358.241,4361.065,4358.022,4360.283,260
1789667100,1789667100,1789667101,4360.206,4360.923,4358.481,4359.342,260
1789667400,1789667400,1789667401,4359.289,4361.643,4359.066,4360.268,260
1789667700,1789667700,1789667701,4360.201,4361.6,4360.026,4361.182,260
1789668000,1789668000,1789668001,4361.122,4363.323,4360.165,4363.157,260
1789668300,1789668300,1789668301,4363.21,4364.792,4360.547,4362.005,260
1789668600,1789668600,1789668601,4361.949,4365.414,4361.191,4364.756,260
1789668900,1789668900,1789668901,4364.724,4365.735,4360.466,4361.097,260
1789669200,1789669200,1789669201,4361.035,4361.453,4357.15,4357.589,260
1789669500,1789669500,1789669501,4357.733,4359.163,4355.754,4356.333,260
1789669800,1789669800,1789669801,4356.465,4356.645,4349.396,4349.466,260
1789670100,1789670100,1789670101,4349.774,4351.921,4348.285,4351.328,260
1789670400,1789670400,1789670401,4351.501,4353.074,4350.583,4352.209,260
1789670700,1789670700,1789670701,4352.327,4352.815,4350.076,4352.07,260
1789671000,1789671000,1789671001,4352.001,4352.341,4349.019,4350.559,260
1789671300,1789671300,1789671301,4350.58,4351.822,4350.035,4351.629,240
1789671600,1789671600,1789671601,4351.684,4355.392,4351.165,4354.279,260
1789671900,1789671900,1789671901,4354.218,4355.938,4353.54,4354.524,260
1789672200,1789672200,1789672201,4354.574,4355.866,4353.334,4354.543,240
1789672500,1789672500,1789672501,4354.469,4354.799,4348.903,4352.189,260
1789672800,1789672800,1789672801,4351.915,4351.915,4347.178,4347.321,240
1789673100,1789673100,1789673101,4347.618,4349.839,4343.104,4343.43,240
1789673400,1789673400,1789673401,4343.376,4346.763,4342.699,4343.946,260
1789673700,1789673700,1789673701,4343.915,4344.925,4342.798,4344.375,240
1789674000,1789674000,1789674001,4344.441,4345.648,4344.162,4345.262,240
1789674300,1789674300,1789674301,4345.265,4347.381,4344.029,4345.097,240
1789674600,1789674600,1789674601,4345.152,4349.268,4344.683,4347.87,240
1789674900,1789674900,1789674901,4347.512,4349.152,4345.79,4346.053,240
1789675200,1789675200,1789675201,4346.116,4346.916,4343.847,4344.481,260
1789675500,1789675500,1789675501,4344.464,4346.028,4343.128,4344.921,240
1789675800,1789675800,1789675801,4344.868,4345.11,4342.268,4343.063,240
1789676100,1789676100,1789676101,4343.049,4344.893,4342.106,4343.117,240
1789676400,1789676400,1789676401,4343.081,4345.167,4342.684,4343.923,260
1789676700,1789676700,1789676701,4343.798,4345.458,4341.852,4342.119,260
1789677000,1789677000,1789677001,4342.18,4342.864,4340.942,4341.362,260
1789677300,1789677300,1789677301,4341.428,4342.426,4340.677,4342.172,260
1789677600,1789677600,1789677601,4342.1,4343.647,4341.01,4341.018,260
1789677900,1789677900,1789677901,4341.099,4342.443,4340.567,4342.147,260
1789678200,1789678200,1789678201,4342.142,4342.515,4340.49,4341.934,240
1789678500,1789678500,1789678501,4341.876,4342.501,4340.997,4341.869,260
1789682400,1789682400,1789682401,4343.387,4345.131,4342.269,4342.862,260
1789682700,1789682700,1789682701,4343.055,4343.315,4341.85,4342.618,260
1789683000,1789683000,1789683001,4342.588,4345.048,4341.719,4344.145,260
1789683300,1789683300,1789683301,4344.415,4345.087,4341.898,4341.99,260
1789683600,1789683600,1789683601,4341.986,4343.762,4341.469,4342.561,260
1789683900,1789683900,1789683901,4342.601,4344.966,4341.901,4344.921,260
1789684200,1789684200,1789684201,4344.824,4348.2,4344.611,4346.959,260
1789684500,1789684500,1789684501,4347.01,4349.345,4346.818,4348.491,260
1789684800,1789684800,1789684801,4348.727,4348.885,4344.038,4344.402,260
1789685100,1789685100,1789685101,4344.307,4345.235,4341.774,4342.579,240
1789685400,1789685400,1789685401,4342.581,4344.955,4341.511,4344.919,260
1789685700,1789685700,1789685701,4344.858,4346.217,4341.81,4344.407,260
1789686000,1789686000,1789686001,4344.367,4344.664,4341.737,4343.877,260
1789686300,1789686300,1789686301,4343.612,4344.858,4339.683,4344.491,260
1789686600,1789686600,1789686601,4344.199,4346.436,4343.911,4345.062,260
1789686900,1789686900,1789686901,4345.093,4345.507,4341.669,4344.624,260
1789687200,1789687200,1789687201,4344.878,4347.566,4344.327,4346.146,260
1789687500,1789687500,1789687501,4346.389,4347.467,4342.222,4344.26,260
1789687800,1789687800,1789687801,4344.064,4345.083,4343.564,4344.781,260
1789688100,1789688100,1789688101,4344.597,4344.934,4343.412,4343.859,260
1789688400,1789688400,1789688401,4343.813,4344.787,4343.209,4344.337,240
1789688700,1789688700,1789688701,4344.261,4345.979,4343.547,4345.118,240
1789689000,1789689000,1789689001,4344.869,4347.75,4344.471,4347.31,240
1789689300,1789689300,1789689301,4347.31,4348.058,4345.495,4346.397,260
1789689600,1789689600,1789689601,4346.062,4346.533,4342.086,4344.726,260
1789689900,1789689900,1789689901,4344.607,4347.023,4343.373,4346.804,260
1789690200,1789690200,1789690201,4347.096,4354.973,4346.466,4354.194,260
1789690500,1789690500,1789690501,4354.164,4355.275,4352.471,4353.095,260
1789690800,1789690800,1789690801,4352.965,4357.478,4350.863,4355.793,260
1789691100,1789691100,1789691101,4355.734,4355.962,4350.954,4353.274,260
1789691400,1789691400,1789691401,4353.389,4360.173,4353.014,4357.979,260
1789691700,1789691700,1789691701,4357.988,4360.062,4357.496,4358.514,260
1789692000,1789692000,1789692001,4358.405,4359.514,4357.27,4358.758,260
1789692300,1789692300,1789692301,4358.825,4359.46,4352.493,4353.652,260
1789692600,1789692600,1789692601,4353.652,4355.479,4352.259,4353.778,260
1789692900,1789692900,1789692901,4353.656,4357.616,4352.922,4356.247,260
1789693200,1789693200,1789693201,4356.305,4363.909,4356.282,4362.502,260
1789693500,1789693500,1789693501,4362.309,4365.617,4361.132,4361.132,260
1789693800,1789693800,1789693801,4361.391,4362.084,4357.209,4358.186,260
1789694100,1789694100,1789694101,4358.132,4362.089,4354.681,4360.411,260
1789694400,1789694400,1789694401,4360.338,4364.587,4360.243,4362.101,260
1789694700,1789694700,1789694701,4362.436,4363.138,4358.558,4360.017,260
1789695000,1789695000,1789695001,4360.071,4360.144,4351.634,4351.926,260
1789695300,1789695300,1789695301,4351.873,4354.983,4350.126,4350.576,260
1789695600,1789695600,1789695601,4350.517,4350.836,4347.04,4347.406,260
1789695900,1789695900,1789695901,4347.436,4350.465,4345.568,4348.337,260
1789696200,1789696200,1789696201,4348.283,4350.31,4343.73,4349.274,260
1789696500,1789696500,1789696501,4349.062,4350.323,4347.981,4348.332,260
1789696800,1789696800,1789696801,4348.274,4349.129,4345.735,4348.215,260
1789697100,1789697100,1789697101,4348.25,4351.573,4348.17,4349.359,260
1789697400,1789697400,1789697401,4349.298,4351.511,4347.04,4350.517,260
1789697700,1789697700,1789697701,4350.254,4352.979,4348.589,4349.014,260
1789698000,1789698000,1789698001,4349.078,4352.664,4347.949,4352.169,260
1789698300,1789698300,1789698301,4351.889,4353.854,4351.861,4353.085,260
1789698600,1789698600,1789698601,4353.078,4356.614,4351.337,4355.793,260
1789698900,1789698900,1789698901,4355.86,4356.634,4350.356,4351.894,260
1789699200,1789699200,1789699201,4352.297,4353.354,4350.167,4351.552,260
1789699500,1789699500,1789699501,4351.498,4355.873,4350.039,4354.315,260
1789699800,1789699800,1789699801,4354.523,4355.628,4348.527,4348.935,260
1789700100,1789700100,1789700101,4348.832,4348.832,4343.236,4346.689,260
1789700400,1789700400,1789700401,4346.617,4349.467,4344.711,4348.876,260
1789700700,1789700700,1789700701,4348.929,4351.91,4345.35,4345.738,260
1789701000,1789701000,1789701001,4345.596,4348.111,4344.148,4344.583,260
1789701300,1789701300,1789701301,4344.865,4344.865,4336.811,4337.504,260
1789701600,1789701600,1789701601,4337.451,4340.947,4334.345,4336.216,260
1789701900,1789701900,1789701901,4336.186,4341.043,4333.997,4340.986,260
1789702200,1789702200,1789702201,4340.932,4350.541,4340.406,4350.228,260
1789702500,1789702500,1789702501,4350.282,4353.623,4349.465,4352.701,260
1789702800,1789702800,1789702801,4352.698,4358.761,4351.712,4357.412,260
1789703100,1789703100,1789703101,4357.357,4361.027,4357.222,4358.578,260
1789703400,1789703400,1789703401,4358.577,4359.584,4356.962,4358.431,260
1789703700,1789703700,1789703701,4358.427,4360.745,4357.331,4359.136,260
1789704000,1789704000,1789704001,4359.08,4361.635,4357.674,4361.037,260
1789704300,1789704300,1789704301,4360.912,4361.357,4359.101,4359.817,260
1789704600,1789704600,1789704601,4359.881,4360.333,4356.682,4357.021,260
1789704900,1789704900,1789704901,4357.038,4357.321,4353.55,4353.62,260
1789705200,1789705200,1789705201,4353.55,4356.52,4352.855,4355.618,260
1789705500,1789705500,1789705501,4355.673,4358.002,4355.04,4357.98,260
1789705800,1789705800,1789705801,4357.921,4361.007,4356.959,4358.616,260
1789706100,1789706100,1789706101,4358.495,4360.389,4358.018,4359.624,260
1789706400,1789706400,1789706401,4359.64,4365.521,4359.26,4364.288,260
1789706700,1789706700,1789706701,4364.351,4366.615,4363.813,4364.995,260
1789707000,1789707000,1789707001,4364.941,4366.874,4360.967,4361.556,260
1789707300,1789707300,1789707301,4361.612,4367.178,4360.926,4366.989,260
1789707600,1789707600,1789707601,4366.877,4367.609,4363.932,4365.786,260
1789707900,1789707900,1789707901,4365.841,4369.489,4364.121,4368.021,260
1789708200,1789708200,1789708201,4367.964,4368.273,4365.31,4365.544,260
1789708500,1789708500,1789708501,4365.586,4369.578,4365.148,4368.474,260
1789708800,1789708800,1789708801,4368.418,4368.724,4365.892,4366.473,260
1789709100,1789709100,1789709101,4366.75,4367.001,4363.677,4364.702,260
1789709400,1789709400,1789709401,4364.755,4366.001,4360.284,4362.879,260
1789709700,1789709700,1789709701,4362.813,4373.107,4362.69,4372.079,260
1789710000,1789710000,1789710001,4372.021,4378.109,4370.281,4376.871,260
1789710300,1789710300,1789710301,4376.928,4377.873,4370.875,4370.875,260
1789710600,1789710600,1789710601,4370.788,4374.763,4370.606,4373.615,260
1789710900,1789710900,1789710901,4373.56,4378.077,4370.958,4377.178,260
1789711200,1789711200,1789711201,4377.06,4386.912,4377.014,4382.1,260
1789711500,1789711500,1789711501,4382.153,4388.089,4379.693,4387.193,260
1789711800,1789711800,1789711801,4387.135,4390.456,4386.156,4388.827,260
1789712100,1789712100,1789712101,4388.907,4389.197,4381.594,4384.819,260
1789712400,1789712400,1789712401,4384.678,4391.798,4384.299,4391.333,260
1789712700,1789712700,1789712701,4391.468,4393.751,4390.851,4392.524,260
1789713000,1789713000,1789713001,4392.218,4393.778,4390.569,4392.972,260
1789713300,1789713300,1789713301,4392.918,4394.595,4391.579,4394.403,260
1789713600,1789713600,1789713601,4394.348,4397.003,4393.645,4396.154,260
1789713900,1789713900,1789713901,4395.944,4397.368,4394.643,4395.067,260
1789714200,1789714200,1789714201,4395.396,4395.448,4390.36,4391.241,260
1789714500,1789714500,1789714501,4391.256,4394.115,4389.479,4393.345,260
1789714800,1789714800,1789714801,4393.292,4395.735,4390.715,4391.207,260
1789715100,1789715100,1789715101,4391.26,4395.548,4391.057,4393.667,260
1789715400,1789715400,1789715401,4393.451,4394.027,4388.711,4390.714,260
1789715700,1789715700,1789715701,4390.8,4394.115,4389.549,4392.538,260
1789716000,1789716000,1789716001,4392.48,4394.85,4391.489,4393.127,260
1789716300,1789716300,1789716301,4393.517,4395.737,4392.157,4395.407,260
1789716600,1789716600,1789716601,4395.428,4397.413,4391.817,4393.336,260
1789716900,1789716900,1789716901,4393.023,4397.103,4391.871,4393.601,260
1789717200,1789717200,1789717201,4393.861,4395.084,4391.155,4393.548,260
1789717500,1789717500,1789717501,4393.601,4397.438,4393.576,4397.181,260
1789717800,1789717800,1789717801,4397.237,4399.721,4395.136,4397.458,260
1789718100,1789718100,1789718101,4397.124,4397.904,4392.527,4393.382,260
1789718400,1789718400,1789718401,4393.299,4398.351,4392.689,4397.627,260
1789718700,1789718700,1789718701,4397.968,4398.526,4393.968,4394.897,260
1789719000,1789719000,1789719001,4394.964,4395.08,4390.315,4390.437,260
1789719300,1789719300,1789719301,4390.491,4392.68,4389.643,4391.569,260
1789719600,1789719600,1789719601,4391.602,4394.152,4389.32,4390.204,260
1789719900,1789719900,1789719901,4390.292,4390.658,4387.514,4387.641,260
1789720200,1789720200,1789720201,4387.695,4388.936,4386.181,4387.504,260
1789720500,1789720500,1789720501,4387.743,4389.565,4385.961,4386.793,260
1789720800,1789720800,1789720801,4386.863,4387.199,4385.127,4386.566,260
1789721100,1789721100,1789721101,4386.619,4389.044,4386.063,4386.821,260
1789721400,1789721400,1789721401,4386.854,4393.032,4386.691,4392.04,260
1789721700,1789721700,1789721701,4391.711,4394.217,4391.507,4392.312,260
1789722000,1789722000,1789722001,4392.455,4395.305,4391.462,4394.881,260
1789722300,1789722300,1789722301,4394.789,4397.48,4394.002,4395.99,260
1789722600,1789722600,1789722601,4396.017,4398.155,4394.116,4394.538,260
1789722900,1789722900,1789722901,4394.436,4395.326,4392.558,4393.178,260
1789723200,1789723200,1789723201,4393.247,4394.991,4390.841,4391.459,260
1789723500,1789723500,1789723501,4391.33,4391.33,4385.769,4387.823,260
1789723800,1789723800,1789723801,4387.878,4388.871,4385.624,4385.816,260
1789724100,1789724100,1789724101,4385.926,4386.345,4380.902,4381.518,260
1789724400,1789724400,1789724401,4381.464,4381.831,4376.645,4376.645,260
1789724700,1789724700,1789724701,4376.318,4377.178,4373.196,4374.846,260
1789725000,1789725000,1789725001,4374.791,4378.342,4374.243,4378.015,260
1789725300,1789725300,1789725301,4378.07,4378.459,4375.827,4376.605,260
1789725600,1789725600,1789725601,4376.545,4379.141,4375.529,4376.936,260
1789725900,1789725900,1789725901,4376.88,4379.871,4376.022,4378.976,260
1789726200,1789726200,1789726201,4378.914,4380.143,4377.915,4379.176,260
1789726500,1789726500,1789726501,4379.071,4379.745,4377.298,4379.471,260
1789726800,1789726800,1789726801,4379.409,4380.425,4377.887,4380.064,260
1789727100,1789727100,1789727101,4380.004,4381.289,4378.814,4381.282,260
1789727400,1789727400,1789727401,4381.298,4381.893,4378.104,4380.919,260
1789727700,1789727700,1789727701,4380.866,4382.108,4379.729,4380.567,260
1789728000,1789728000,1789728001,4380.572,4381.591,4378.777,4381.399,260
1789728300,1789728300,1789728301,4381.262,4381.556,4377.259,4378.64,260
1789728600,1789728600,1789728601,4378.942,4379.372,4376.163,4377.383,260
1789728900,1789728900,1789728901,4377.166,4382.058,4376.881,4381.728,260
1789729200,1789729200,1789729201,4381.481,4386.851,4380.881,4385.343,260
1789729500,1789729500,1789729501,4385.357,4386.219,4377.447,4385.911,260
1789729800,1789729800,1789729801,4385.791,4388.555,4385.146,4388.066,260
1789730100,1789730100,1789730101,4388.01,4388.561,4380.908,4381.433,260
1789730400,1789730400,1789730401,4381.76,4383.646,4381.148,4381.763,260
1789730700,1789730700,1789730701,4381.747,4383.257,4377.833,4377.833,260
1789731000,1789731000,1789731001,4377.779,4381.127,4377.155,4380.172,260
1789731300,1789731300,1789731301,4380.354,4382.782,4378.099,4379.093,260
1789731600,1789731600,1789731601,4379.038,4379.508,4374.416,4375.989,260
1789731900,1789731900,1789731901,4375.739,4377.593,4374.259,4376.379,260
1789732200,1789732200,1789732201,4376.308,4376.517,4372.536,4372.939,260
1789732500,1789732500,1789732501,4373.027,4381.974,4372.778,4381.46,260
1789732800,1789732800,1789732801,4381.406,4382.884,4373.636,4379.248,260
1789733100,1789733100,1789733101,4379.515,4381.46,4371.404,4374.734,260
1789733400,1789733400,1789733401,4374.947,4375.198,4370.456,4373.342,260
1789733700,1789733700,1789733701,4373.428,4377.145,4370.822,4371.436,260
1789734000,1789734000,1789734001,4371.374,4371.374,4356.754,4357.298,260
1789734300,1789734300,1789734301,4357.141,4360.542,4353.581,4358.009,260
1789734600,1789734600,1789734601,4358.067,4370.974,4358.011,4370.715,260
1789734900,1789734900,1789734901,4370.717,4373.033,4368.315,4368.786,260
1789735200,1789735200,1789735201,4368.536,4370.847,4366.535,4369.214,260
1789735500,1789735500,1789735501,4369.274,4370.638,4366.473,4368.788,260
1789735800,1789735800,1789735801,4369.005,4370.289,4366.331,4368.771,260
1789736100,1789736100,1789736101,4368.824,4369.694,4366.362,4368.699,260
1789736400,1789736400,1789736401,4368.86,4373.701,4363.71,4371.077,260
1789736700,1789736700,1789736701,4371.147,4375.565,4370.396,4372.736,260
1789737000,1789737000,1789737001,4372.68,4373.283,4370.219,4371.518,260
1789737300,1789737300,1789737301,4371.603,4374.723,4371.471,4372.18,260
1789737600,1789737600,1789737601,4372.173,4372.524,4364.336,4365.121,260
1789737900,1789737900,1789737901,4365.017,4367.603,4362.906,4367.328,260
1789738200,1789738200,1789738201,4367.317,4367.833,4358.302,4358.387,260
1789738500,1789738500,1789738501,4358.605,4360.269,4353.072,4359.156,260
1789738800,1789738800,1789738801,4359.209,4359.209,4352.013,4353.544,260
1789739100,1789739100,1789739101,4353.375,4358.126,4352.086,4354.68,260
1789739400,1789739400,1789739401,4354.765,4357.21,4347.634,4349.748,260
1789739700,1789739700,1789739701,4349.802,4352.505,4347.208,4349.466,260
1789740000,1789740000,1789740001,4349.401,4356.442,4347.795,4356.039,260
1789740300,1789740300,1789740301,4356.107,4356.465,4350.037,4352.397,260
1789740600,1789740600,1789740601,4352.339,4356.157,4351.454,4351.616,260
1789740900,1789740900,1789740901,4351.543,4354.999,4347.266,4348.224,260
1789741200,1789741200,1789741201,4348.252,4353.057,4343.286,4352.444,260
1789741500,1789741500,1789741501,4352.498,4354.195,4342.811,4343.101,260
1789741800,1789741800,1789741801,4343.041,4347.57,4342.626,4346.808,240
1789742100,1789742100,1789742101,4346.873,4354.141,4344.019,4353.002,260
1789742400,1789742400,1789742401,4352.857,4354.998,4350.573,4353.53,260
1789742700,1789742700,1789742701,4353.75,4355.799,4351.527,4354.779,260
1789743000,1789743000,1789743001,4354.877,4361.884,4354.277,4358.32,260
1789743300,1789743300,1789743301,4358.378,4360.082,4352.249,4353.102,260
1789743600,1789743600,1789743601,4353.154,4355.774,4352.276,4353.732,260
1789743900,1789743900,1789743901,4353.68,4356.461,4350.406,4350.466,260
1789744200,1789744200,1789744201,4350.192,4352.932,4348.047,4352.3,260
1789744500,1789744500,1789744501,4351.902,4355.623,4351.601,4355.408,260
1789744800,1789744800,1789744801,4355.382,4355.557,4351.709,4354.141,260
1789745100,1789745100,1789745101,4354.2,4357.232,4353.72,4356.454,260
1789745400,1789745400,1789745401,4356.515,4357.215,4353.065,4355.696,260
1789745700,1789745700,1789745701,4355.754,4357.461,4351.117,4351.411,260
1789746000,1789746000,1789746001,4351.237,4356.268,4348.695,4354.972,260
1789746300,1789746300,1789746301,4354.643,4358.068,4354.15,4357.0,260
1789746600,1789746600,1789746601,4357.22,4358.166,4352.322,4353.522,260
1789746900,1789746900,1789746901,4353.58,4356.873,4353.028,4356.429,260
1789747200,1789747200,1789747201,4356.464,4357.289,4354.768,4356.68,260
1789747500,1789747500,1789747501,4356.679,4359.962,4356.679,4359.923,260
1789747800,1789747800,1789747801,4359.929,4364.895,4359.2,4361.92,260
1789748100,1789748100,1789748101,4361.867,4366.184,4359.893,4366.074,240
1789748400,1789748400,1789748401,4366.131,4371.111,4365.749,4369.124,260
1789748700,1789748700,1789748701,4369.269,4378.715,4367.342,4377.466,260
1789749000,1789749000,1789749001,4377.53,4383.795,4374.286,4379.794,260
1789749300,1789749300,1789749301,4379.638,4380.894,4377.029,4380.162,260
1789749600,1789749600,1789749601,4380.109,4381.025,4377.389,4377.856,260
1789749900,1789749900,1789749901,4378.249,4380.846,4376.734,4378.958,260
1789750200,1789750200,1789750201,4379.014,4381.72,4378.364,4381.254,260
1789750500,1789750500,1789750501,4381.318,4383.851,4380.659,4382.595,260
1789750800,1789750800,1789750801,4382.66,4386.727,4381.652,4384.222,260
1789751100,1789751100,1789751101,4384.201,4387.301,4384.201,4386.272,260
1789751400,1789751400,1789751401,4386.361,4387.13,4383.136,4385.357,260
1789751700,1789751700,1789751701,4385.238,4389.157,4385.238,4385.839,260
1789752000,1789752000,1789752001,4386.011,4386.145,4383.069,4383.891,260
1789752300,1789752300,1789752301,4383.921,4387.597,4382.84,4386.934,260
1789752600,1789752600,1789752601,4386.987,4392.949,4385.362,4392.629,260
1789752900,1789752900,1789752901,4392.576,4396.045,4391.842,4393.285,260
1789753200,1789753200,1789753201,4393.578,4396.743,4392.175,4392.93,260
1789753500,1789753500,1789753501,4392.877,4396.219,4391.902,4395.043,260
1789753800,1789753800,1789753801,4395.034,4397.075,4393.124,4393.382,260
1789754100,1789754100,1789754101,4393.327,4394.898,4392.719,4393.179,260
1789754400,1789754400,1789754401,4393.179,4394.025,4391.639,4392.418,260
1789754700,1789754700,1789754701,4392.215,4394.391,4389.043,4390.214,260
1789755000,1789755000,1789755001,4390.236,4393.221,4389.396,4391.869,260
1789755300,1789755300,1789755301,4391.859,4392.692,4388.917,4390.194,260
1789755600,1789755600,1789755601,4390.52,4391.362,4389.104,4389.849,260
1789755900,1789755900,1789755901,4389.779,4391.046,4389.53,4390.617,260
1789756200,1789756200,1789756201,4390.403,4390.868,4387.3,4387.961,260
1789756500,1789756500,1789756501,4388.083,4388.382,4385.164,4385.164,260
1789756800,1789756800,1789756801,4385.225,4385.272,4380.842,4380.92,260
1789757100,1789757100,1789757101,4380.973,4383.932,4380.021,4383.186,260
1789757400,1789757400,1789757401,4383.196,4383.993,4380.198,4380.306,260
1789757700,1789757700,1789757701,4380.093,4382.316,4379.525,4382.045,260
1789758000,1789758000,1789758001,4382.109,4383.175,4379.268,4381.859,260
1789758300,1789758300,1789758301,4382.18,4384.884,4381.55,4384.713,260
1789758600,1789758600,1789758601,4384.4,4386.212,4383.192,4384.379,260
1789758900,1789758900,1789758901,4384.465,4384.806,4381.588,4381.712,260
1789759200,1789759200,1789759201,4382.041,4383.525,4381.509,4382.579,260
1789759500,1789759500,1789759501,4382.456,4382.634,4378.802,4380.61,260
1789759800,1789759800,1789759801,4380.559,4382.264,4379.733,4380.156,260
1789760100,1789760100,1789760101,4379.857,4382.126,4379.42,4381.648,260
1789760400,1789760400,1789760401,4381.671,4382.441,4380.74,4381.427,260
1789760700,1789760700,1789760701,4381.546,4383.356,4380.578,4381.955,260
1789761000,1789761000,1789761001,4381.946,4382.471,4376.661,4377.154,260
1789761300,1789761300,1789761301,4377.279,4379.061,4374.821,4376.457,260
1789761600,1789761600,1789761601,4376.359,4378.79,4375.478,4377.576,260
1789761900,1789761900,1789761901,4377.646,4379.024,4376.92,4378.396,260
1789762200,1789762200,1789762201,4378.45,4383.369,4378.317,4381.371,260
1789762500,1789762500,1789762501,4381.45,4381.797,4379.066,4379.566,260
1789762800,1789762800,1789762801,4379.608,4383.387,4379.474,4382.706,260
1789763100,1789763100,1789763101,4382.649,4383.146,4380.88,4381.036,260
1789763400,1789763400,1789763401,4381.037,4383.073,4380.901,4381.982,260
1789763700,1789763700,1789763701,4382.042,4382.28,4379.703,4379.825,260
1789764000,1789764000,1789764001,4379.946,4381.08,4379.063,4380.861,260
1789764300,1789764300,1789764301,4380.897,4380.897,4376.666,4377.948,260
1789764600,1789764600,1789764601,4378.047,4378.535,4376.489,4378.233,260
1789764900,1789764900,1789764901,4378.17,4378.825,4377.447,4378.062,260
1789941600,1789941600,1789941601,4374.114,4379.838,4373.542,4379.683,260
1789941900,1789941900,1789941901,4379.771,4382.457,4374.401,4376.739,260
1789942200,1789942200,1789942201,4376.688,4379.61,4376.688,4379.61,260
1789942500,1789942500,1789942501,4379.584,4379.635,4377.682,4378.222,260
1789942800,1789942800,1789942801,4378.281,4378.442,4374.644,4375.182,260
1789943100,1789943100,1789943101,4375.149,4377.137,4374.66,4375.804,260
1789943400,1789943400,1789943401,4376.138,4377.293,4375.554,4375.943,260
1789943700,1789943700,1789943701,4376.002,4377.963,4375.517,4376.413,260
1789944000,1789944000,1789944001,4376.436,4377.439,4374.301,4374.301,260
1789944300,1789944300,1789944301,4374.583,4375.71,4373.752,4374.553,260
1789944600,1789944600,1789944601,4374.611,4375.699,4373.911,4375.363,240
1789944900,1789944900,1789944901,4375.273,4377.036,4373.789,4373.789,260
1789945200,1789945200,1789945201,4373.766,4374.825,4373.333,4373.937,240
1789945500,1789945500,1789945501,4373.937,4374.295,4371.532,4373.43,240
1789945800,1789945800,1789945801,4373.673,4373.761,4370.821,4372.867,260
1789946100,1789946100,1789946101,4372.931,4373.769,4371.608,4373.321,260
1789946400,1789946400,1789946401,4373.542,4374.813,4372.463,4372.997,260
1789946700,1789946700,1789946701,4372.835,4374.517,4371.564,4374.361,260
1789947000,1789947000,1789947001,4374.278,4376.008,4373.17,4375.041,260
1789947300,1789947300,1789947301,4375.264,4376.269,4373.272,4374.832,260
1789947600,1789947600,1789947601,4374.886,4374.886,4370.909,4371.129,260
1789947900,1789947900,1789947901,4370.856,4372.154,4368.789,4371.855,260
1789948200,1789948200,1789948201,4371.915,4373.396,4369.478,4370.786,260
1789948500,1789948500,1789948501,4370.937,4372.911,4370.363,4372.514,240
1789948800,1789948800,1789948801,4372.611,4372.888,4366.624,4368.33,260
1789949100,1789949100,1789949101,4368.393,4372.239,4366.438,4367.015,260
1789949400,1789949400,1789949401,4366.721,4367.322,4363.413,4364.336,260
1789949700,1789949700,1789949701,4364.339,4364.78,4359.511,4361.212,260
1789950000,1789950000,1789950001,4361.201,4366.37,4358.21,4365.752,260
1789950300,1789950300,1789950301,4365.633,4369.605,4365.429,4367.764,260
1789950600,1789950600,1789950601,4367.758,4370.373,4365.746,4369.665,260
1789950900,1789950900,1789950901,4369.72,4374.331,4369.272,4373.894,260
1789951200,1789951200,1789951201,4373.658,4375.94,4368.174,4369.327,260
1789951500,1789951500,1789951501,4369.381,4370.98,4364.824,4364.977,260
1789951800,1789951800,1789951801,4365.004,4367.775,4362.434,4365.533,260
1789952100,1789952100,1789952101,4365.541,4369.413,4364.179,4366.696,260
1789952400,1789952400,1789952401,4366.762,4375.998,4366.472,4371.785,260
1789952700,1789952700,1789952701,4371.659,4380.342,4370.656,4380.133,260
1789953000,1789953000,1789953001,4380.079,4380.689,4376.248,4380.637,260
1789953300,1789953300,1789953301,4380.684,4383.454,4376.549,4377.696,260
1789953600,1789953600,1789953601,4377.754,4379.173,4374.871,4378.141,260
1789953900,1789953900,1789953901,4378.036,4380.505,4374.29,4375.077,260
1789954200,1789954200,1789954201,4375.131,4379.857,4373.647,4378.282,260
1789954500,1789954500,1789954501,4378.226,4379.483,4375.419,4377.366,260
1789954800,1789954800,1789954801,4377.586,4380.824,4376.221,4379.124,260
1789955100,1789955100,1789955101,4379.098,4382.852,4378.899,4379.452,260
1789955400,1789955400,1789955401,4379.448,4381.068,4375.95,4378.488,260
1789955700,1789955700,1789955701,4378.553,4378.952,4375.434,4377.457,260
1789956000,1789956000,1789956001,4377.515,4377.85,4372.999,4376.525,260
1789956300,1789956300,1789956301,4376.183,4376.712,4372.355,4375.584,260
1789956600,1789956600,1789956601,4375.433,4375.632,4368.273,4369.029,260
1789956900,1789956900,1789956901,4368.925,4369.7,4365.484,4366.275,260
1789957200,1789957200,1789957201,4366.204,4366.697,4361.01,4363.742,260
1789957500,1789957500,1789957501,4363.624,4369.726,4363.216,4369.318,260
1789957800,1789957800,1789957801,4369.372,4372.467,4366.449,4367.607,260
1789958100,1789958100,1789958101,4367.664,4370.678,4366.68,4368.213,260
1789958400,1789958400,1789958401,4368.582,4369.959,4363.916,4366.572,260
1789958700,1789958700,1789958701,4366.68,4370.337,4366.236,4368.435,260
1789959000,1789959000,1789959001,4368.559,4369.277,4365.413,4365.413,260
1789959300,1789959300,1789959301,4365.357,4367.201,4362.817,4363.971,260
1789959600,1789959600,1789959601,4363.911,4366.815,4358.89,4366.687,260
1789959900,1789959900,1789959901,4366.74,4366.913,4359.129,4360.949,260
1789960200,1789960200,1789960201,4360.859,4363.741,4360.577,4363.361,260
1789960500,1789960500,1789960501,4363.378,4365.584,4361.253,4364.121,260
1789960800,1789960800,1789960801,4364.036,4364.187,4360.618,4362.182,260
1789961100,1789961100,1789961101,4362.177,4362.974,4359.045,4360.213,260
1789961400,1789961400,1789961401,4360.145,4365.323,4359.422,4365.323,260
1789961700,1789961700,1789961701,4365.38,4367.83,4363.811,4365.958,260
1789962000,1789962000,1789962001,4365.64,4368.104,4365.081,4367.453,260
1789962300,1789962300,1789962301,4367.296,4368.164,4363.164,4363.217,260
1789962600,1789962600,1789962601,4363.193,4363.767,4358.272,4359.487,260
1789962900,1789962900,1789962901,4359.444,4359.878,4357.728,4358.942,260
1789963200,1789963200,1789963201,4359.156,4361.199,4357.672,4358.158,260
1789963500,1789963500,1789963501,4357.987,4358.874,4355.882,4358.418,260
1789963800,1789963800,1789963801,4358.475,4361.253,4357.934,4360.129,260
1789964100,1789964100,1789964101,4359.849,4364.289,4359.406,4364.125,260
1789964400,1789964400,1789964401,4364.359,4365.517,4363.267,4364.164,260
1789964700,1789964700,1789964701,4363.842,4365.367,4361.255,4361.587,260
1789965000,1789965000,1789965001,4361.608,4361.931,4357.867,4361.74,260
1789965300,1789965300,1789965301,4361.745,4363.072,4360.777,4361.441,260
1789965600,1789965600,1789965601,4361.484,4363.319,4361.041,4361.579,260
1789965900,1789965900,1789965901,4361.728,4362.377,4359.682,4360.553,260
1789966200,1789966200,1789966201,4360.547,4360.547,4357.131,4357.311,260
1789966500,1789966500,1789966501,4357.349,4359.86,4354.997,4355.941,260
1789966800,1789966800,1789966801,4355.878,4357.469,4353.985,4355.72,260
1789967100,1789967100,1789967101,4355.404,4356.298,4354.281,4354.792,260
1789967400,1789967400,1789967401,4355.078,4356.269,4352.592,4355.708,260
1789967700,1789967700,1789967701,4355.984,4356.597,4353.866,4355.045,260
1789968000,1789968000,1789968001,4354.992,4361.169,4354.847,4359.661,260
1789968300,1789968300,1789968301,4359.661,4361.036,4357.071,4357.628,260
1789968600,1789968600,1789968601,4357.548,4362.1,4354.041,4355.489,260
1789968900,1789968900,1789968901,4355.496,4357.479,4351.832,4356.547,260
1789969200,1789969200,1789969201,4356.569,4358.219,4353.93,4354.618,260
1789969500,1789969500,1789969501,4354.52,4354.636,4350.228,4350.581,260
1789969800,1789969800,1789969801,4350.636,4356.029,4349.086,4354.385,260
1789970100,1789970100,1789970101,4353.98,4355.384,4350.904,4350.953,260
1789970400,1789970400,1789970401,4350.889,4353.969,4349.229,4351.961,260
1789970700,1789970700,1789970701,4351.897,4355.6,4351.328,4354.513,260
1789971000,1789971000,1789971001,4354.453,4355.914,4351.328,4352.946,260
1789971300,1789971300,1789971301,4353.245,4354.511,4348.319,4348.51,260
1789971600,1789971600,1789971601,4348.597,4351.165,4346.933,4347.391,260
1789971900,1789971900,1789971901,4347.323,4349.142,4346.143,4347.241,260
1789972200,1789972200,1789972201,4347.18,4350.274,4347.012,4349.455,260
1789972500,1789972500,1789972501,4349.713,4351.78,4349.125,4351.569,260
1789972800,1789972800,1789972801,4351.303,4354.082,4350.739,4351.831,260
1789973100,1789973100,1789973101,4351.885,4354.759,4351.769,4353.87,260
1789973400,1789973400,1789973401,4353.97,4354.124,4350.054,4352.089,260
1789973700,1789973700,1789973701,4351.879,4354.468,4351.134,4353.03,260
1789974000,1789974000,1789974001,4353.155,4355.569,4345.615,4354.822,260
1789974300,1789974300,1789974301,4354.939,4356.189,4350.752,4352.426,260
1789974600,1789974600,1789974601,4352.344,4353.658,4345.99,4352.89,260
1789974900,1789974900,1789974901,4352.944,4355.745,4350.808,4353.575,260
1789975200,1789975200,1789975201,4353.743,4354.248,4350.312,4351.67,260
1789975500,1789975500,1789975501,4351.456,4352.238,4347.082,4350.836,260
1789975800,1789975800,1789975801,4350.566,4352.769,4348.941,4352.292,260
1789976100,1789976100,1789976101,4352.121,4354.94,4349.744,4350.171,260
1789976400,1789976400,1789976401,4350.173,4350.413,4341.78,4347.222,260
1789976700,1789976700,1789976701,4346.947,4349.945,4345.235,4346.766,260
1789977000,1789977000,1789977001,4346.819,4349.316,4346.154,4348.11,260
1789977300,1789977300,1789977301,4348.184,4348.948,4343.99,4344.35,260
1789977600,1789977600,1789977601,4344.294,4348.536,4343.281,4348.513,260
1789977900,1789977900,1789977901,4348.458,4351.55,4345.601,4346.545,260
1789978200,1789978200,1789978201,4346.754,4353.138,4346.577,4350.451,260
1789978500,1789978500,1789978501,4350.5,4354.835,4349.821,4353.686,260
1789978800,1789978800,1789978801,4353.937,4355.321,4352.402,4354.723,260
1789979100,1789979100,1789979101,4354.697,4355.48,4352.987,4353.238,260
1789979400,1789979400,1789979401,4353.161,4355.879,4350.904,4354.824,260
1789979700,1789979700,1789979701,4354.8,4356.853,4353.635,4355.653,260
1789980000,1789980000,1789980001,4355.443,4357.628,4353.295,4357.628,260
1789980300,1789980300,1789980301,4357.32,4357.585,4353.815,4355.641,260
1789980600,1789980600,1789980601,4355.588,4355.594,4350.826,4351.334,260
1789980900,1789980900,1789980901,4351.204,4353.565,4349.879,4353.116,260
1789981200,1789981200,1789981201,4353.157,4353.877,4349.182,4350.346,260
1789981500,1789981500,1789981501,4350.273,4353.862,4350.064,4353.223,260
1789981800,1789981800,1789981801,4352.986,4353.987,4352.119,4353.755,260
1789982100,1789982100,1789982101,4353.703,4354.954,4351.346,4351.671,260
1789982400,1789982400,1789982401,4351.724,4354.248,4350.157,4350.919,260
1789982700,1789982700,1789982701,4350.972,4350.981,4346.536,4346.693,260
1789983000,1789983000,1789983001,4346.637,4346.637,4340.318,4342.351,260
1789983300,1789983300,1789983301,4342.296,4344.796,4339.874,4343.992,260
1789983600,1789983600,1789983601,4343.93,4347.514,4342.641,4347.284,260
1789983900,1789983900,1789983901,4347.302,4348.521,4343.828,4344.144,260
1789984200,1789984200,1789984201,4344.036,4347.437,4343.564,4346.917,260
1789984500,1789984500,1789984501,4346.799,4347.061,4343.147,4345.431,260
1789984800,1789984800,1789984801,4345.273,4349.438,4344.871,4349.346,260
1789985100,1789985100,1789985101,4349.345,4352.043,4348.308,4350.611,260
1789985400,1789985400,1789985401,4350.729,4353.268,4349.604,4353.268,260
1789985700,1789985700,1789985701,4353.322,4356.654,4352.59,4352.943,260
1789986000,1789986000,1789986001,4352.863,4353.102,4350.54,4351.225,260
1789986300,1789986300,1789986301,4351.286,4352.549,4350.128,4350.946,260
1789986600,1789986600,1789986601,4350.904,4351.722,4349.6,4350.773,260
1789986900,1789986900,1789986901,4350.5,4352.007,4347.973,4348.624,260
1789987200,1789987200,1789987201,4348.57,4349.573,4347.725,4348.507,260
1789987500,1789987500,1789987501,4348.072,4350.821,4347.643,4347.853,260
1789987800,1789987800,1789987801,4347.911,4349.734,4347.02,4347.572,260
1789988100,1789988100,1789988101,4347.56,4348.486,4342.382,4342.796,260
1789988400,1789988400,1789988401,4342.721,4345.074,4341.747,4344.957,260
1789988700,1789988700,1789988701,4345.011,4346.309,4343.378,4345.792,260
1789989000,1789989000,1789989001,4345.74,4348.301,4344.415,4348.161,260
1789989300,1789989300,1789989301,4348.225,4354.965,4348.225,4354.896,260
1789989600,1789989600,1789989601,4354.902,4355.328,4352.175,4352.319,260
1789989900,1789989900,1789989901,4352.644,4354.126,4351.97,4353.752,260
1789990200,1789990200,1789990201,4353.675,4358.624,4352.103,4357.686,260
1789990500,1789990500,1789990501,4357.619,4362.925,4357.342,4361.034,260
1789990800,1789990800,1789990801,4360.977,4367.288,4359.809,4366.295,260
1789991100,1789991100,1789991101,4366.292,4368.025,4364.62,4366.962,260
1789991400,1789991400,1789991401,4367.029,4370.812,4365.231,4370.517,260
1789991700,1789991700,1789991701,4370.479,4371.047,4366.354,4368.996,260
1789992000,1789992000,1789992001,4368.911,4370.355,4362.599,4370.293,260
1789992300,1789992300,1789992301,4370.209,4374.954,4366.945,4367.328,260
1789992600,1789992600,1789992601,4367.275,4369.973,4366.407,4369.18,260
1789992900,1789992900,1789992901,4369.166,4371.07,4366.946,4367.423,260
1789993200,1789993200,1789993201,4367.367,4367.693,4355.049,4355.049,260
1789993500,1789993500,1789993501,4354.995,4356.772,4351.494,4355.504,260
1789993800,1789993800,1789993801,4355.423,4359.079,4353.868,4357.432,260
1789994100,1789994100,1789994101,4357.422,4357.897,4351.087,4356.751,260
1789994400,1789994400,1789994401,4356.61,4363.548,4355.336,4363.027,260
1789994700,1789994700,1789994701,4363.09,4363.858,4354.999,4357.797,260
1789995000,1789995000,1789995001,4357.828,4359.405,4355.929,4356.894,260
1789995300,1789995300,1789995301,4356.788,4361.502,4353.692,4359.719,260
1789995600,1789995600,1789995601,4359.513,4361.007,4355.828,4357.645,260
1789995900,1789995900,1789995901,4357.718,4364.379,4356.503,4361.925,260
1789996200,1789996200,1789996201,4361.713,4364.237,4360.99,4362.929,260
1789996500,1789996500,1789996501,4362.99,4364.243,4360.601,4362.677,260
1789996800,1789996800,1789996801,4362.391,4366.122,4360.844,4365.285,260
1789997100,1789997100,1789997101,4365.211,4369.724,4362.938,4364.166,260
1789997400,1789997400,1789997401,4364.302,4364.716,4352.29,4353.409,260
1789997700,1789997700,1789997701,4353.464,4356.587,4351.544,4353.896,260
1789998000,1789998000,1789998001,4353.778,4356.403,4349.057,4352.846,260
1789998300,1789998300,1789998301,4352.756,4355.998,4349.394,4355.558,260
1789998600,1789998600,1789998601,4355.662,4356.132,4348.345,4348.598,260
1789998900,1789998900,1789998901,4348.264,4350.217,4345.853,4345.883,260
1789999200,1789999200,1789999201,4346.212,4347.345,4325.881,4327.125,260
1789999500,1789999500,1789999501,4327.182,4337.141,4322.71,4336.8,260
1789999800,1789999800,1789999801,4336.857,4340.866,4334.377,4339.94,260
1790000100,1790000100,1790000101,4339.998,4341.047,4335.882,4337.749,260
1790000400,1790000400,1790000401,4337.607,4338.624,4333.989,4337.311,260
1790000700,1790000700,1790000701,4337.293,4343.032,4336.022,4341.23,260
1790001000,1790001000,1790001001,4341.176,4343.464,4335.885,4336.098,260
1790001300,1790001300,1790001301,4336.023,4340.141,4334.815,4334.918,260
1790001600,1790001600,1790001601,4335.084,4340.937,4331.877,4332.267,260
1790001900,1790001900,1790001901,4332.027,4341.017,4332.017,4336.56,260
1790002200,1790002200,1790002201,4336.506,4342.575,4335.877,4341.787,260
1790002500,1790002500,1790002501,4342.034,4342.047,4335.353,4339.011,260
1790002800,1790002800,1790002801,4339.088,4346.486,4338.755,4346.486,260
1790003100,1790003100,1790003101,4346.21,4350.274,4345.226,4350.274,260
1790003400,1790003400,1790003401,4350.055,4350.427,4346.902,4349.152,260
1790003700,1790003700,1790003701,4349.237,4351.409,4348.208,4349.769,260
1790004000,1790004000,1790004001,4349.786,4352.176,4348.371,4351.157,260
1790004300,1790004300,1790004301,4351.218,4353.979,4349.696,4350.819,260
1790004600,1790004600,1790004601,4350.745,4354.322,4349.716,4353.821,260
1790004900,1790004900,1790004901,4353.918,4355.904,4349.571,4349.893,260
1790005200,1790005200,1790005201,4349.91,4350.882,4348.05,4349.937,260
1790005500,1790005500,1790005501,4349.784,4350.948,4347.306,4348.144,260
1790005800,1790005800,1790005801,4348.058,4354.314,4346.308,4347.669,240
1790006100,1790006100,1790006101,4347.728,4349.951,4346.755,4347.952,240
1790006400,1790006400,1790006401,4348.007,4351.032,4344.765,4350.231,260
1790006700,1790006700,1790006701,4350.352,4355.392,4348.986,4354.064,260
1790007000,1790007000,1790007001,4354.092,4355.779,4349.782,4351.695,260
1790007300,1790007300,1790007301,4351.402,4357.059,4351.397,4356.348,260
1790007600,1790007600,1790007601,4356.284,4356.866,4349.959,4350.862,260
1790007900,1790007900,1790007901,4350.647,4351.487,4348.734,4350.716,260
1790008200,1790008200,1790008201,4350.448,4352.641,4349.062,4351.055,260
1790008500,1790008500,1790008501,4351.327,4351.372,4348.856,4349.138,260
1790008800,1790008800,1790008801,4349.08,4350.073,4343.39,4344.029,260
1790009100,1790009100,1790009101,4344.093,4346.353,4343.1,4345.836,260
1790009400,1790009400,1790009401,4345.992,4346.936,4343.257,4344.036,240
1790009700,1790009700,1790009701,4344.168,4345.27,4342.875,4343.357,240
1790010000,1790010000,1790010001,4343.412,4344.497,4341.921,4343.778,260
1790010300,1790010300,1790010301,4344.004,4345.668,4343.613,4345.382,260
1790010600,1790010600,1790010601,4345.435,4346.881,4344.674,4346.142,260
1790010900,1790010900,1790010901,4345.87,4346.496,4341.626,4342.289,260
1790011200,1790011200,1790011201,4342.23,4343.695,4341.3,4342.467,260
1790011500,1790011500,1790011501,4342.532,4346.52,4342.04,4345.584,260
1790011800,1790011800,1790011801,4345.642,4346.366,4337.816,4338.881,260
1790012100,1790012100,1790012101,4338.819,4340.354,4337.263,4338.617,260
1790012400,1790012400,1790012401,4338.47,4342.47,4338.165,4340.447,260
1790012700,1790012700,1790012701,4340.392,4343.117,4339.223,4343.117,260
1790013000,1790013000,1790013001,4342.907,4345.2,4342.339,4344.014,240
1790013300,1790013300,1790013301,4343.742,4345.977,4343.313,4344.543,260
1790013600,1790013600,1790013601,4344.553,4346.305,4343.757,4345.435,240
1790013900,1790013900,1790013901,4345.433,4350.625,4345.147,4350.366,240
1790014200,1790014200,1790014201,4350.397,4350.91,4348.1,4349.706,260
1790014500,1790014500,1790014501,4349.758,4352.504,4349.533,4350.49,260
1790014800,1790014800,1790014801,4350.824,4351.473,4349.973,4350.024,260
1790015100,1790015100,1790015101,4350.358,4351.068,4348.454,4350.236,240
1790015400,1790015400,1790015401,4350.019,4351.59,4349.049,4349.378,240
1790015700,1790015700,1790015701,4349.334,4349.727,4346.677,4347.306,240
1790016000,1790016000,1790016001,4347.061,4347.696,4345.924,4346.85,240
1790016300,1790016300,1790016301,4346.724,4348.242,4346.3,4347.482,240
1790016600,1790016600,1790016601,4347.431,4348.929,4346.879,4347.319,240
1790016900,1790016900,1790016901,4347.264,4348.371,4345.8,4346.121,240
1790017200,1790017200,1790017201,4346.007,4346.007,4342.056,4343.117,240
1790017500,1790017500,1790017501,4343.061,4345.564,4342.28,4345.416,240
1790017800,1790017800,1790017801,4345.474,4346.506,4344.315,4345.659,240
1790018100,1790018100,1790018101,4345.606,4346.661,4344.646,4345.141,260
1790018400,1790018400,1790018401,4344.907,4346.857,4344.717,4346.109,260
1790018700,1790018700,1790018701,4346.235,4350.502,4345.197,4348.967,260
1790019000,1790019000,1790019001,4348.911,4353.213,4348.746,4352.127,260
1790019300,1790019300,1790019301,4352.296,4353.934,4351.068,4352.82,260
1790019600,1790019600,1790019601,4353.121,4353.476,4347.482,4348.015,260
1790019900,1790019900,1790019901,4347.964,4348.299,4345.792,4345.982,260
1790020200,1790020200,1790020201,4345.914,4346.514,4344.671,4346.36,260
1790020500,1790020500,1790020501,4346.422,4346.491,4344.523,4345.218,240
1790020800,1790020800,1790020801,4345.163,4345.325,4341.549,4342.957,260
1790021100,1790021100,1790021101,4342.956,4344.111,4342.683,4343.293,260
1790021400,1790021400,1790021401,4343.411,4344.045,4341.255,4341.513,260
1790021700,1790021700,1790021701,4341.24,4341.879,4339.944,4340.831,260
1790022000,1790022000,1790022001,4340.438,4341.841,4340.182,4340.708,260
1790022300,1790022300,1790022301,4340.713,4341.501,4339.68,4340.68,260
1790022600,1790022600,1790022601,4340.383,4340.925,4339.188,4340.311,260
1790022900,1790022900,1790022901,4340.31,4342.327,4340.247,4341.635,260
1790023200,1790023200,1790023201,4341.628,4342.884,4341.378,4341.868,260
1790023500,1790023500,1790023501,4341.856,4342.425,4340.424,4341.58,260
1790023800,1790023800,1790023801,4341.577,4344.297,4341.316,4343.553,260
1790024100,1790024100,1790024101,4343.587,4344.134,4342.974,4343.7,260
1790028000,1790028000,1790028001,4347.611,4348.637,4346.676,4348.097,260
1790028300,1790028300,1790028301,4348.447,4350.0,4346.431,4349.074,260
1790028600,1790028600,1790028601,4349.016,4350.495,4348.758,4349.238,260
1790028900,1790028900,1790028901,4349.329,4352.562,4349.027,4352.161,260
1790029200,1790029200,1790029201,4352.161,4352.868,4351.025,4351.823,260
1790029500,1790029500,1790029501,4351.846,4352.63,4350.079,4352.558,260
1790029800,1790029800,1790029801,4352.583,4353.202,4351.177,4351.416,260
1790030100,1790030100,1790030101,4351.476,4352.48,4351.343,4352.061,260
1790030400,1790030400,1790030401,4351.949,4353.136,4351.419,4352.737,240
1790030700,1790030700,1790030701,4352.674,4359.773,4352.494,4359.456,240
1790031000,1790031000,1790031001,4359.454,4362.677,4359.256,4362.267,260
1790031300,1790031300,1790031301,4362.448,4365.11,4360.9,4361.06,260
1790031600,1790031600,1790031601,4361.118,4366.325,4360.274,4365.256,260
1790031900,1790031900,1790031901,4365.222,4365.222,4363.017,4364.07,260
1790032200,1790032200,1790032201,4364.323,4365.836,4359.466,4359.86,260
1790032500,1790032500,1790032501,4359.916,4364.674,4359.827,4361.345,260
1790032800,1790032800,1790032801,4361.287,4362.56,4359.026,4360.113,260
1790033100,1790033100,1790033101,4359.924,4361.047,4358.386,4359.976,260
1790033400,1790033400,1790033401,4359.976,4361.444,4358.015,4360.214,260
1790033700,1790033700,1790033701,4360.262,4365.653,4358.699,4364.845,260
1790034000,1790034000,1790034001,4364.905,4370.722,4364.795,4368.307,260
1790034300,1790034300,1790034301,4368.35,4370.671,4366.394,4367.512,260
1790034600,1790034600,1790034601,4367.451,4367.451,4363.874,4365.395,260
1790034900,1790034900,1790034901,4365.38,4370.142,4365.284,4368.405,260
1790035200,1790035200,1790035201,4368.471,4375.967,4366.882,4372.426,260
1790035500,1790035500,1790035501,4372.159,4374.213,4369.592,4374.213,260
1790035800,1790035800,1790035801,4374.267,4374.832,4369.693,4370.125,260
1790036100,1790036100,1790036101,4369.826,4370.028,4358.588,4360.942,260
1790036400,1790036400,1790036401,4360.996,4362.555,4358.68,4361.21,260
1790036700,1790036700,1790036701,4360.984,4361.232,4357.676,4358.35,260
1790037000,1790037000,1790037001,4358.017,4359.33,4356.422,4357.422,260
1790037300,1790037300,1790037301,4357.279,4357.407,4349.244,4349.463,260
1790037600,1790037600,1790037601,4349.522,4355.573,4348.321,4355.225,260
1790037900,1790037900,1790037901,4355.28,4356.999,4353.056,4355.992,260
1790038200,1790038200,1790038201,4355.938,4359.562,4354.985,4358.435,260
1790038500,1790038500,1790038501,4358.474,4360.385,4357.098,4360.292,260
1790038800,1790038800,1790038801,4360.162,4363.351,4355.687,4361.332,260
1790039100,1790039100,1790039101,4361.292,4365.164,4358.102,4360.119,260
1790039400,1790039400,1790039401,4360.059,4361.779,4353.406,4353.711,260
1790039700,1790039700,1790039701,4353.647,4355.988,4350.118,4354.068,260
1790040000,1790040000,1790040001,4353.859,4357.127,4349.616,4354.804,260
1790040300,1790040300,1790040301,4355.085,4359.012,4353.947,4355.641,260
1790040600,1790040600,1790040601,4355.542,4356.448,4351.733,4355.359,260
1790040900,1790040900,1790040901,4355.413,4356.451,4353.285,4355.22,260
1790041200,1790041200,1790041201,4355.163,4357.244,4349.062,4349.191,260
1790041500,1790041500,1790041501,4349.249,4351.271,4343.625,4345.797,260
1790041800,1790041800,1790041801,4345.852,4348.294,4343.594,4348.155,260
1790042100,1790042100,1790042101,4347.945,4349.568,4346.541,4348.206,260
1790042400,1790042400,1790042401,4348.495,4353.203,4347.404,4353.137,260
1790042700,1790042700,1790042701,4352.806,4352.898,4342.641,4343.383,260
1790043000,1790043000,1790043001,4343.442,4344.729,4341.539,4342.54,260
1790043300,1790043300,1790043301,4342.602,4344.149,4339.582,4343.203,260
1790043600,1790043600,1790043601,4343.192,4348.062,4342.966,4347.183,260
1790043900,1790043900,1790043901,4347.199,4352.13,4347.108,4351.178,260
1790044200,1790044200,1790044201,4351.231,4355.954,4348.703,4354.805,260
1790044500,1790044500,1790044501,4354.677,4355.39,4352.777,4353.129,260
1790044800,1790044800,1790044801,4352.807,4354.317,4346.552,4347.005,260
1790045100,1790045100,1790045101,4347.074,4347.259,4342.514,4346.435,260
1790045400,1790045400,1790045401,4346.347,4346.918,4341.401,4342.279,260
1790045700,1790045700,1790045701,4342.223,4344.867,4340.44,4344.436,260
1790046000,1790046000,1790046001,4344.523,4345.875,4341.844,4342.059,260
1790046300,1790046300,1790046301,4342.051,4343.498,4339.577,4340.132,260
1790046600,1790046600,1790046601,4340.076,4345.317,4339.34,4345.315,260
1790046900,1790046900,1790046901,4345.252,4346.406,4343.553,4344.611,260
1790047200,1790047200,1790047201,4344.693,4345.784,4341.157,4342.747,260
1790047500,1790047500,1790047501,4342.756,4346.258,4342.643,4345.885,260
1790047800,1790047800,1790047801,4345.902,4348.052,4344.48,4347.087,260
1790048100,1790048100,1790048101,4347.145,4349.475,4345.355,4347.324,260
1790048400,1790048400,1790048401,4347.266,4347.939,4341.029,4343.0,260
1790048700,1790048700,1790048701,4342.966,4343.93,4341.152,4343.766,260
1790049000,1790049000,1790049001,4343.648,4344.354,4340.387,4341.39,260
1790049300,1790049300,1790049301,4341.417,4343.214,4340.955,4341.857,260
1790049600,1790049600,1790049601,4341.502,4342.096,4334.898,4336.906,260
1790049900,1790049900,1790049901,4336.905,4338.718,4335.878,4336.857,260
1790050200,1790050200,1790050201,4336.927,4339.816,4335.781,4338.242,260
1790050500,1790050500,1790050501,4338.455,4339.18,4335.849,4336.619,260
1790050800,1790050800,1790050801,4336.566,4339.619,4336.254,4338.818,260
1790051100,1790051100,1790051101,4339.096,4339.096,4336.429,4337.408,260
1790051400,1790051400,1790051401,4337.408,4337.859,4336.293,4336.649,260
1790051700,1790051700,1790051701,4336.633,4341.23,4336.633,4341.002,260
1790052000,1790052000,1790052001,4340.729,4340.966,4338.481,4340.239,260
1790052300,1790052300,1790052301,4340.21,4340.904,4338.574,4340.163,260
1790052600,1790052600,1790052601,4340.228,4343.036,4339.24,4342.778,260
1790052900,1790052900,1790052901,4342.505,4343.159,4340.507,4342.751,260
1790053200,1790053200,1790053201,4342.694,4344.125,4340.66,4343.134,260
1790053500,1790053500,1790053501,4343.186,4346.758,4341.152,4346.205,260
1790053800,1790053800,1790053801,4346.266,4347.262,4344.918,4346.164,260
1790054100,1790054100,1790054101,4346.016,4346.842,4338.868,4338.993,260
1790054400,1790054400,1790054401,4338.94,4339.4,4329.237,4330.077,260
1790054700,1790054700,1790054701,4330.136,4333.46,4322.655,4331.796,260
1790055000,1790055000,1790055001,4331.721,4333.541,4323.251,4325.462,260
1790055300,1790055300,1790055301,4325.605,4326.012,4316.159,4322.408,260
1790055600,1790055600,1790055601,4322.352,4326.654,4320.118,4320.848,260
1790055900,1790055900,1790055901,4320.794,4331.457,4319.713,4329.715,260
1790056200,1790056200,1790056201,4329.724,4333.017,4327.907,4328.169,260
1790056500,1790056500,1790056501,4327.817,4329.146,4323.05,4323.776,260
1790056800,1790056800,1790056801,4323.835,4324.446,4318.01,4318.944,260
1790057100,1790057100,1790057101,4318.817,4320.058,4315.029,4318.844,260
1790057400,1790057400,1790057401,4318.864,4320.541,4315.029,4319.761,260
1790057700,1790057700,1790057701,4319.548,4320.876,4317.123,4317.123,260
1790058000,1790058000,1790058001,4317.34,4319.939,4315.552,4317.77,260
1790058300,1790058300,1790058301,4317.835,4320.819,4317.143,4318.356,260
1790058600,1790058600,1790058601,4318.412,4320.716,4317.379,4318.71,260
1790058900,1790058900,1790058901,4318.704,4319.649,4315.284,4316.912,260
1790059200,1790059200,1790059201,4317.06,4320.67,4317.06,4320.106,260
1790059500,1790059500,1790059501,4320.191,4321.814,4317.629,4320.988,260
1790059800,1790059800,1790059801,4321.049,4321.438,4317.213,4317.301,260
1790060100,1790060100,1790060101,4316.976,4319.452,4315.018,4318.455,260
1790060400,1790060400,1790060401,4318.254,4321.22,4317.492,4318.36,260
1790060700,1790060700,1790060701,4318.429,4320.541,4315.129,4319.993,260
1790061000,1790061000,1790061001,4319.922,4322.974,4317.725,4320.22,260
1790061300,1790061300,1790061301,4320.399,4324.23,4319.973,4322.423,260
1790061600,1790061600,1790061601,4322.692,4323.944,4321.186,4321.841,260
1790061900,1790061900,1790061901,4321.847,4322.733,4315.168,4315.415,240
1790062200,1790062200,1790062201,4315.362,4315.72,4308.869,4311.271,240
1790062500,1790062500,1790062501,4311.557,4314.149,4310.38,4312.695,260
1790062800,1790062800,1790062801,4312.632,4313.395,4308.901,4310.971,260
1790063100,1790063100,1790063101,4311.035,4315.912,4309.209,4309.397,260
1790063400,1790063400,1790063401,4309.07,4309.65,4301.404,4302.015,240
1790063700,1790063700,1790063701,4302.076,4303.986,4299.532,4301.191,260
1790064000,1790064000,1790064001,4301.124,4305.317,4299.018,4305.09,240
1790064300,1790064300,1790064301,4305.053,4311.925,4304.15,4310.818,240
1790064600,1790064600,1790064601,4310.901,4311.176,4303.783,4303.837,260
1790064900,1790064900,1790064901,4303.893,4304.56,4300.602,4303.928,240
1790065200,1790065200,1790065201,4304.147,4305.932,4300.726,4303.467,240
1790065500,1790065500,1790065501,4303.413,4307.915,4298.087,4301.207,240
1790065800,1790065800,1790065801,4301.262,4301.262,4291.359,4297.08,240
1790066100,1790066100,1790066101,4297.119,4311.495,4296.972,4310.417,240
1790066400,1790066400,1790066401,4310.356,4321.75,4308.477,4320.058,260
1790066700,1790066700,1790066701,4320.113,4325.418,4315.76,4325.2,260
1790067000,1790067000,1790067001,4325.137,4334.277,4323.709,4331.645,260
1790067300,1790067300,1790067301,4331.71,4335.647,4327.044,4329.919,260
1790067600,1790067600,1790067601,4329.863,4331.081,4317.927,4318.207,260
1790067900,1790067900,1790067901,4318.15,4322.779,4317.742,4319.448,260
1790068200,1790068200,1790068201,4319.377,4322.656,4316.702,4318.485,260
1790068500,1790068500,1790068501,4318.157,4323.656,4317.112,4317.252,240
1790068800,1790068800,1790068801,4317.2,4319.617,4316.257,4318.115,260
1790069100,1790069100,1790069101,4318.443,4318.52,4314.114,4314.575,260
1790069400,1790069400,1790069401,4314.383,4317.684,4312.361,4314.456,260
1790069700,1790069700,1790069701,4314.399,4316.142,4311.818,4315.864,260
1790070000,1790070000,1790070001,4315.727,4320.491,4315.164,4320.265,260
1790070300,1790070300,1790070301,4320.003,4323.165,4318.61,4322.563,260
1790070600,1790070600,1790070601,4322.445,4333.849,4322.109,4331.924,260
1790070900,1790070900,1790070901,4331.865,4337.845,4324.624,4336.465,260
1790071200,1790071200,1790071201,4336.797,4337.974,4331.77,4336.146,260
1790071500,1790071500,1790071501,4336.2,4337.254,4332.618,4332.978,260
1790071800,1790071800,1790071801,4332.757,4335.402,4328.873,4330.774,260
1790072100,1790072100,1790072101,4331.0,4332.389,4328.473,4329.748,260
1790072400,1790072400,1790072401,4329.81,4331.327,4328.27,4329.809,260
1790072700,1790072700,1790072701,4329.741,4331.057,4328.367,4329.678,260
1790073000,1790073000,1790073001,4329.732,4331.749,4327.815,4328.486,260
1790073300,1790073300,1790073301,4328.723,4332.714,4327.825,4331.021,260
1790073600,1790073600,1790073601,4331.086,4333.969,4329.868,4331.131,260
1790073900,1790073900,1790073901,4331.184,4331.505,4325.797,4327.398,260
1790074200,1790074200,1790074201,4327.463,4329.771,4326.138,4327.72,260
1790074500,1790074500,1790074501,4327.949,4328.472,4321.532,4321.848,260
1790074800,1790074800,1790074801,4321.79,4323.424,4317.599,4319.025,260
1790075100,1790075100,1790075101,4318.941,4319.843,4308.935,4310.45,260
1790075400,1790075400,1790075401,4310.398,4316.16,4308.771,4315.063,260
1790075700,1790075700,1790075701,4314.992,4318.229,4312.07,4312.769,260
1790076000,1790076000,1790076001,4312.715,4316.929,4311.882,4316.546,260
1790076300,1790076300,1790076301,4316.606,4318.576,4314.524,4317.914,260
1790076600,1790076600,1790076601,4317.589,4319.485,4313.453,4314.061,260
1790076900,1790076900,1790076901,4314.082,4318.221,4313.556,4316.895,260
1790077200,1790077200,1790077201,4316.902,4320.091,4315.838,4317.737,260
1790077500,1790077500,1790077501,4317.747,4321.919,4316.753,4320.094,260
1790077800,1790077800,1790077801,4319.964,4321.082,4317.689,4317.903,260
1790078100,1790078100,1790078101,4318.185,4323.373,4318.08,4322.359,260
1790078400,1790078400,1790078401,4322.348,4325.765,4321.878,4324.934,260
1790078700,1790078700,1790078701,4325.275,4326.853,4320.148,4321.199,260
1790079000,1790079000,1790079001,4321.123,4324.188,4320.667,4323.795,260
1790079300,1790079300,1790079301,4323.871,4327.373,4322.58,4327.213,260
1790079600,1790079600,1790079601,4326.886,4341.465,4325.269,4339.049,260
1790079900,1790079900,1790079901,4339.377,4342.248,4331.722,4336.789,260
1790080200,1790080200,1790080201,4336.736,4343.989,4335.077,4339.417,260
1790080500,1790080500,1790080501,4339.73,4342.554,4337.305,4338.671,260
1790080800,1790080800,1790080801,4338.737,4341.042,4332.1,4332.1,260
1790081100,1790081100,1790081101,4332.162,4335.315,4330.8,4332.784,260
1790081400,1790081400,1790081401,4332.838,4335.993,4330.536,4334.5,260
1790081700,1790081700,1790081701,4334.603,4337.518,4333.222,4333.914,260
1790082000,1790082000,1790082001,4333.892,4337.832,4330.383,4336.205,260
1790082300,1790082300,1790082301,4336.26,4341.367,4330.784,4339.57,260
1790082600,1790082600,1790082601,4339.226,4341.866,4338.024,4340.534,260
1790082900,1790082900,1790082901,4340.322,4342.771,4336.983,4337.546,260
1790083200,1790083200,1790083201,4337.466,4339.505,4330.817,4332.939,260
1790083500,1790083500,1790083501,4332.938,4334.437,4329.592,4330.558,260
1790083800,1790083800,1790083801,4330.226,4336.118,4329.774,4333.961,260
1790084100,1790084100,1790084101,4334.095,4337.193,4330.564,4331.351,260
1790084400,1790084400,1790084401,4331.29,4342.952,4327.651,4341.331,260
1790084700,1790084700,1790084701,4341.115,4344.111,4335.394,4339.7,260
1790085000,1790085000,1790085001,4339.784,4341.043,4331.731,4332.152,260
1790085300,1790085300,1790085301,4332.083,4338.034,4329.886,4333.157,260
1790085600,1790085600,1790085601,4333.427,4334.91,4328.444,4328.444,260
1790085900,1790085900,1790085901,4328.635,4331.575,4327.259,4329.626,260
1790086200,1790086200,1790086201,4329.214,4338.041,4328.223,4333.683,260
1790086500,1790086500,1790086501,4333.812,4334.352,4325.403,4328.641,260
1790086800,1790086800,1790086801,4328.727,4333.057,4327.492,4331.773,260
1790087100,1790087100,1790087101,4331.849,4332.336,4325.023,4327.77,260
1790087400,1790087400,1790087401,4328.096,4329.711,4324.272,4324.969,260
1790087700,1790087700,1790087701,4325.009,4333.677,4321.007,4324.454,260
1790088000,1790088000,1790088001,4324.394,4324.809,4314.858,4319.825,260
1790088300,1790088300,1790088301,4319.758,4324.262,4317.477,4322.262,260
1790088600,1790088600,1790088601,4321.935,4325.543,4320.221,4325.102,260
1790088900,1790088900,1790088901,4324.987,4328.845,4324.499,4327.876,240
1790089200,1790089200,1790089201,4327.932,4332.446,4325.448,4330.671,260
1790089500,1790089500,1790089501,4330.617,4338.285,4328.958,4338.151,260
1790089800,1790089800,1790089801,4338.098,4340.36,4335.103,4336.233,260
1790090100,1790090100,1790090101,4336.287,4340.599,4336.287,4336.996,260
1790090400,1790090400,1790090401,4337.049,4339.058,4334.811,4337.212,260
1790090700,1790090700,1790090701,4337.082,4337.102,4331.967,4332.339,260
1790091000,1790091000,1790091001,4332.287,4333.081,4327.682,4329.684,240
1790091300,1790091300,1790091301,4329.739,4330.688,4327.318,4328.801,260
1790091600,1790091600,1790091601,4328.858,4330.028,4327.232,4327.935,260
1790091900,1790091900,1790091901,4327.871,4328.17,4325.319,4326.564,260
1790092200,1790092200,1790092201,4326.619,4329.475,4326.308,4328.936,240
1790092500,1790092500,1790092501,4328.994,4332.141,4327.685,4331.209,260
1790092800,1790092800,1790092801,4331.342,4332.222,4325.618,4327.044,260
1790093100,1790093100,1790093101,4326.796,4327.143,4324.467,4324.905,240
1790093400,1790093400,1790093401,4324.977,4325.549,4322.533,4323.904,240
1790093700,1790093700,1790093701,4323.753,4326.563,4323.18,4326.3,260
1790094000,1790094000,1790094001,4326.354,4326.933,4324.196,4325.81,260
1790094300,1790094300,1790094301,4325.568,4327.385,4325.358,4326.657,240
1790094600,1790094600,1790094601,4326.6,4328.793,4326.16,4328.645,260
1790094900,1790094900,1790094901,4328.758,4329.101,4327.089,4328.56,260
1790095200,1790095200,1790095201,4328.527,4332.464,4327.594,4331.876,240
1790095500,1790095500,1790095501,4332.006,4341.175,4330.974,4339.579,260
1790095800,1790095800,1790095801,4339.522,4341.825,4336.748,4337.411,260
1790096100,1790096100,1790096101,4337.207,4339.249,4334.553,4336.374,260
1790096400,1790096400,1790096401,4336.048,4337.875,4334.697,4336.876,260
1790096700,1790096700,1790096701,4337.096,4341.138,4336.718,4337.663,260
1790097000,1790097000,1790097001,4337.724,4339.944,4336.98,4337.978,260
1790097300,1790097300,1790097301,4337.721,4340.289,4336.872,4337.726,260
1790097600,1790097600,1790097601,4337.45,4339.94,4336.327,4336.334,260
1790097900,1790097900,1790097901,4336.656,4339.78,4335.396,4339.237,260
1790098200,1790098200,1790098201,4339.182,4340.348,4334.879,4336.614,260
1790098500,1790098500,1790098501,4336.332,4337.878,4335.93,4336.576,260
1790098800,1790098800,1790098801,4336.592,4338.831,4335.561,4338.547,260
1790099100,1790099100,1790099101,4338.605,4340.533,4338.158,4339.778,240
1790099400,1790099400,1790099401,4339.792,4352.815,4339.129,4349.483,260
1790099700,1790099700,1790099701,4349.311,4352.775,4348.217,4350.83,260
1790100000,1790100000,1790100001,4350.708,4353.468,4347.484,4351.876,260
1790100300,1790100300,1790100301,4351.818,4359.877,4351.513,4357.581,260
1790100600,1790100600,1790100601,4357.246,4360.061,4355.251,4357.964,260
1790100900,1790100900,1790100901,4357.897,4360.61,4357.458,4357.923,260
1790101200,1790101200,1790101201,4357.978,4359.779,4354.556,4355.479,260
1790101500,1790101500,1790101501,4355.464,4357.43,4354.064,4356.165,260
1790101800,1790101800,1790101801,4356.224,4356.99,4352.123,4352.95,260
1790102100,1790102100,1790102101,4353.007,4353.607,4350.098,4351.969,260
1790102400,1790102400,1790102401,4352.269,4352.269,4348.561,4350.199,260
1790102700,1790102700,1790102701,4350.461,4354.035,4350.436,4353.121,260
1790103000,1790103000,1790103001,4353.175,4354.24,4352.011,4352.391,260
1790103300,1790103300,1790103301,4352.392,4353.576,4350.923,4353.253,260
1790103600,1790103600,1790103601,4353.313,4355.988,4353.168,4354.563,260
1790103900,1790103900,1790103901,4354.575,4357.945,4353.66,4357.265,260
1790104200,1790104200,1790104201,4357.271,4359.176,4356.781,4358.076,260
1790104500,1790104500,1790104501,4358.132,4358.895,4356.516,4357.903,260
1790104800,1790104800,1790104801,4357.905,4359.022,4356.264,4358.939,260
1790105100,1790105100,1790105101,4358.872,4361.534,4357.221,4359.629,260
1790105400,1790105400,1790105401,4359.749,4370.503,4359.749,4369.941,260
1790105700,1790105700,1790105701,4369.885,4371.227,4366.144,4369.501,260
1790106000,1790106000,1790106001,4369.555,4371.191,4366.783,4369.054,260
1790106300,1790106300,1790106301,4369.112,4370.47,4368.145,4369.168,260
1790106600,1790106600,1790106601,4369.372,4369.504,4366.861,4367.023,260
1790106900,1790106900,1790106901,4366.969,4367.02,4363.367,4364.056,260
1790107200,1790107200,1790107201,4364.003,4364.659,4362.191,4362.728,260
1790107500,1790107500,1790107501,4362.483,4363.207,4360.626,4361.97,260
1790107800,1790107800,1790107801,4362.211,4362.464,4358.409,4359.482,260
1790108100,1790108100,1790108101,4359.483,4360.6,4359.006,4359.347,260
1790108400,1790108400,1790108401,4359.401,4360.757,4358.079,4360.374,260
1790108700,1790108700,1790108701,4360.306,4360.722,4359.088,4359.49,260
1790109000,1790109000,1790109001,4359.756,4360.256,4358.348,4359.025,260
1790109300,1790109300,1790109301,4358.768,4359.27,4357.336,4357.693,260
1790109600,1790109600,1790109601,4357.752,4359.256,4357.747,4358.711,260
1790109900,1790109900,1790109901,4358.644,4358.757,4357.376,4357.719,260
1790110200,1790110200,1790110201,4357.575,4360.02,4357.562,4358.171,260
1790110500,1790110500,1790110501,4358.397,4359.275,4358.102,4358.701,260
1790114400,1790114400,1790114401,4359.901,4363.475,4359.552,4363.267,260
1790114700,1790114700,1790114701,4363.414,4364.475,4361.555,4362.131,260
1790115000,1790115000,1790115001,4361.862,4364.293,4361.156,4364.154,260
1790115300,1790115300,1790115301,4364.077,4364.391,4362.714,4364.025,260
1790115600,1790115600,1790115601,4363.683,4363.944,4362.288,4363.719,260
1790115900,1790115900,1790115901,4363.87,4365.288,4362.789,4364.604,260
1790116200,1790116200,1790116201,4364.596,4365.299,4363.178,4364.247,260
1790116500,1790116500,1790116501,4364.435,4364.713,4363.291,4364.005,260
1790116800,1790116800,1790116801,4363.815,4364.982,4362.534,4362.986,260
1790117100,1790117100,1790117101,4362.708,4363.161,4361.753,4361.945,260
1790117400,1790117400,1790117401,4362.022,4362.945,4360.305,4362.323,260
1790117700,1790117700,1790117701,4362.334,4363.042,4361.378,4362.384,260
1790118000,1790118000,1790118001,4362.444,4364.359,4362.0,4363.444,260
1790118300,1790118300,1790118301,4363.43,4363.798,4362.015,4363.084,260
1790118600,1790118600,1790118601,4362.809,4363.565,4360.527,4361.42,260
1790118900,1790118900,1790118901,4361.457,4365.611,4360.366,4364.941,260
1790119200,1790119200,1790119201,4364.819,4364.819,4362.938,4363.742,260
1790119500,1790119500,1790119501,4363.81,4363.914,4362.007,4363.589,260
1790119800,1790119800,1790119801,4363.548,4364.502,4362.78,4363.356,260
1790120100,1790120100,1790120101,4363.068,4364.187,4360.436,4363.29,260
1790120400,1790120400,1790120401,4363.229,4364.622,4362.601,4363.873,260
1790120700,1790120700,1790120701,4363.601,4363.937,4359.393,4359.927,260
1790121000,1790121000,1790121001,4359.992,4363.862,4358.093,4363.416,260
1790121300,1790121300,1790121301,4363.404,4365.494,4361.962,4363.741,260
1790121600,1790121600,1790121601,4363.843,4369.37,4362.482,4367.248,260
1790121900,1790121900,1790121901,4366.922,4367.316,4361.57,4362.912,260
1790122200,1790122200,1790122201,4362.815,4366.248,4362.097,4365.719,260
1790122500,1790122500,1790122501,4365.578,4366.203,4363.259,4363.442,260
1790122800,1790122800,1790122801,4363.585,4364.065,4359.862,4360.834,260
1790123100,1790123100,1790123101,4360.902,4361.941,4358.733,4359.013,260
1790123400,1790123400,1790123401,4358.96,4361.749,4358.192,4359.036,260
1790123700,1790123700,1790123701,4358.983,4359.826,4354.969,4357.366,260
1790124000,1790124000,1790124001,4357.453,4359.675,4355.65,4359.002,260
1790124300,1790124300,1790124301,4359.284,4360.822,4356.789,4357.214,260
1790124600,1790124600,1790124601,4357.257,4358.835,4356.624,4357.086,260
1790124900,1790124900,1790124901,4357.144,4358.649,4356.12,4357.548,260
1790125200,1790125200,1790125201,4357.647,4359.205,4350.431,4351.298,260
1790125500,1790125500,1790125501,4351.348,4353.265,4350.14,4350.691,260
1790125800,1790125800,1790125801,4350.75,4350.903,4346.189,4349.442,260
1790126100,1790126100,1790126101,4349.375,4349.682,4345.479,4348.009,260
1790126400,1790126400,1790126401,4347.943,4349.169,4346.222,4347.716,260
1790126700,1790126700,1790126701,4347.806,4347.806,4342.414,4343.623,260
1790127000,1790127000,1790127001,4343.584,4344.47,4341.502,4343.36,260
1790127300,1790127300,1790127301,4343.307,4346.05,4342.811,4345.415,260
1790127600,1790127600,1790127601,4345.62,4346.108,4341.794,4344.602,260
1790127900,1790127900,1790127901,4344.668,4346.709,4343.539,4345.858,260
1790128200,1790128200,1790128201,4345.783,4346.375,4340.573,4340.754,260
1790128500,1790128500,1790128501,4340.554,4341.57,4339.033,4341.223,260
1790128800,1790128800,1790128801,4341.482,4341.482,4337.971,4338.73,260
1790129100,1790129100,1790129101,4338.87,4339.654,4337.545,4338.165,260
1790129400,1790129400,1790129401,4338.196,4339.505,4336.948,4337.062,260
1790129700,1790129700,1790129701,4337.37,4337.37,4334.317,4335.769,260
1790130000,1790130000,1790130001,4335.839,4338.464,4334.338,4337.927,260
1790130300,1790130300,1790130301,4337.945,4339.454,4337.372,4338.277,260
1790130600,1790130600,1790130601,4338.223,4338.644,4336.441,4338.282,260
1790130900,1790130900,1790130901,4338.044,4338.816,4333.344,4334.108,260
1790131200,1790131200,1790131201,4334.176,4337.436,4334.061,4337.154,260
1790131500,1790131500,1790131501,4337.074,4338.0,4334.546,4334.896,260
1790131800,1790131800,1790131801,4335.31,4336.699,4334.485,4336.19,260
1790132100,1790132100,1790132101,4336.135,4336.135,4333.157,4334.1,260
1790132400,1790132400,1790132401,4333.901,4335.449,4333.098,4335.003,260
1790132700,1790132700,1790132701,4334.996,4336.807,4334.175,4335.442,260
1790133000,1790133000,1790133001,4335.573,4339.68,4335.254,4338.735,260
1790133300,1790133300,1790133301,4339.044,4339.044,4335.749,4336.057,260
1790133600,1790133600,1790133601,4336.343,4340.092,4335.806,4339.396,260
1790133900,1790133900,1790133901,4339.491,4340.24,4337.78,4338.13,260
1790134200,1790134200,1790134201,4338.017,4340.539,4337.218,4339.156,260
1790134500,1790134500,1790134501,4339.156,4339.994,4338.573,4339.557,260
1790134800,1790134800,1790134801,4339.556,4341.726,4339.482,4341.246,260
1790135100,1790135100,1790135101,4341.313,4342.986,4341.253,4341.897,260
1790135400,1790135400,1790135401,4341.872,4344.617,4341.621,4344.301,260
1790135700,1790135700,1790135701,4344.36,4345.476,4342.478,4342.723,260
1790136000,1790136000,1790136001,4342.726,4345.172,4342.345,4344.4,260
1790136300,1790136300,1790136301,4344.676,4345.767,4344.195,4344.614,260
1790136600,1790136600,1790136601,4344.605,4346.751,4344.077,4345.75,260
1790136900,1790136900,1790136901,4346.01,4347.245,4344.763,4346.744,260
1790137200,1790137200,1790137201,4346.705,4347.421,4344.433,4344.646,260
1790137500,1790137500,1790137501,4344.919,4345.73,4344.563,4345.317,260
1790137800,1790137800,1790137801,4345.314,4346.349,4344.154,4345.27,260
1790138100,1790138100,1790138101,4345.338,4346.874,4344.173,4344.5,260
1790138400,1790138400,1790138401,4344.448,4345.593,4343.313,4344.604,260
1790138700,1790138700,1790138701,4344.582,4346.776,4344.063,4346.405,260
1790139000,1790139000,1790139001,4346.451,4346.962,4343.326,4345.07,260
1790139300,1790139300,1790139301,4345.059,4345.221,4343.512,4344.188,260
1790139600,1790139600,1790139601,4344.131,4345.292,4342.151,4344.305,260
1790139900,1790139900,1790139901,4344.197,4345.883,4343.304,4343.64,260
1790140200,1790140200,1790140201,4343.919,4343.919,4341.905,4342.156,260
1790140500,1790140500,1790140501,4342.357,4343.369,4341.561,4342.09,260
1790140800,1790140800,1790140801,4342.386,4342.905,4341.257,4342.025,260
1790141100,1790141100,1790141101,4341.908,4343.498,4340.108,4341.154,260
1790141400,1790141400,1790141401,4340.935,4342.221,4337.313,4337.794,260
1790141700,1790141700,1790141701,4337.812,4337.934,4334.181,4334.681,260
1790142000,1790142000,1790142001,4334.644,4336.367,4328.796,4329.298,260
1790142300,1790142300,1790142301,4329.352,4331.693,4329.166,4329.184,260
1790142600,1790142600,1790142601,4329.122,4333.125,4327.822,4332.852,260
1790142900,1790142900,1790142901,4332.586,4335.128,4332.307,4334.345,260
1790143200,1790143200,1790143201,4334.285,4336.744,4333.651,4335.054,260
1790143500,1790143500,1790143501,4335.124,4335.633,4331.193,4331.586,260
1790143800,1790143800,1790143801,4331.552,4331.876,4329.383,4330.773,260
1790144100,1790144100,1790144101,4330.72,4330.72,4327.124,4329.329,260
1790144400,1790144400,1790144401,4329.383,4329.999,4325.721,4329.816,260
1790144700,1790144700,1790144701,4329.972,4331.09,4328.286,4328.753,240
1790145000,1790145000,1790145001,4328.809,4332.073,4328.32,4331.521,260
1790145300,1790145300,1790145301,4331.51,4333.525,4331.081,4333.154,260
1790145600,1790145600,1790145601,4333.153,4334.851,4332.798,4334.132,240
1790145900,1790145900,1790145901,4333.914,4337.064,4330.812,4335.944,260
1790146200,1790146200,1790146201,4335.88,4336.376,4332.676,4333.496,260
1790146500,1790146500,1790146501,4333.239,4333.469,4330.032,4331.48,260
1790146800,1790146800,1790146801,4331.426,4332.968,4329.533,4331.424,260
1790147100,1790147100,1790147101,4331.371,4331.466,4327.39,4328.608,260
1790147400,1790147400,1790147401,4328.4,4328.747,4324.291,4324.85,260
1790147700,1790147700,1790147701,4324.911,4328.465,4324.884,4326.114,260
1790148000,1790148000,1790148001,4326.174,4327.254,4325.087,4326.306,260
1790148300,1790148300,1790148301,4325.897,4326.378,4322.097,4323.88,260
1790148600,1790148600,1790148601,4324.004,4325.199,4319.964,4320.697,260
1790148900,1790148900,1790148901,4320.645,4323.32,4319.283,4322.06,260
1790149200,1790149200,1790149201,4321.735,4323.466,4320.689,4322.278,260
1790149500,1790149500,1790149501,4322.201,4323.001,4320.813,4322.7,260
1790149800,1790149800,1790149801,4322.973,4325.034,4321.527,4322.072,260
1790150100,1790150100,1790150101,4322.051,4325.392,4318.664,4319.708,260
1790150400,1790150400,1790150401,4319.774,4321.49,4318.212,4319.946,260
1790150700,1790150700,1790150701,4319.641,4321.149,4317.503,4318.464,260
1790151000,1790151000,1790151001,4318.519,4319.91,4316.944,4319.735,260
1790151300,1790151300,1790151301,4319.522,4320.477,4317.131,4318.669,260
1790151600,1790151600,1790151601,4318.362,4321.873,4318.288,4321.779,240
1790151900,1790151900,1790151901,4321.831,4322.803,4318.706,4319.004,260
1790152200,1790152200,1790152201,4319.022,4320.208,4316.174,4318.392,260
1790152500,1790152500,1790152501,4318.451,4320.094,4316.094,4317.171,260
1790152800,1790152800,1790152801,4317.116,4318.553,4315.641,4316.535,240
1790153100,1790153100,1790153101,4316.48,4319.11,4315.22,4318.601,240
1790153400,1790153400,1790153401,4318.542,4318.845,4316.371,4317.097,240
1790153700,1790153700,1790153701,4316.945,4319.428,4316.613,4318.22,240
1790154000,1790154000,1790154001,4318.21,4320.362,4317.839,4318.119,260
1790154300,1790154300,1790154301,4317.923,4319.501,4317.218,4319.015,260
1790154600,1790154600,1790154601,4319.085,4320.435,4318.482,4320.106,260
1790154900,1790154900,1790154901,4319.777,4320.259,4315.517,4317.088,260
1790155200,1790155200,1790155201,4317.417,4319.721,4316.0,4319.026,260
1790155500,1790155500,1790155501,4319.035,4320.061,4315.863,4317.069,260
1790155800,1790155800,1790155801,4317.129,4318.955,4313.113,4313.934,260
1790156100,1790156100,1790156101,4313.999,4315.765,4313.589,4314.681,260
1790156400,1790156400,1790156401,4314.406,4316.511,4314.05,4316.18,260
1790156700,1790156700,1790156701,4316.126,4316.33,4308.182,4308.944,260
1790157000,1790157000,1790157001,4308.953,4312.979,4308.799,4312.206,260
1790157300,1790157300,1790157301,4312.475,4314.305,4312.037,4313.993,260
1790157600,1790157600,1790157601,4314.055,4318.951,4313.429,4317.769,260
1790157900,1790157900,1790157901,4317.702,4317.702,4315.997,4316.43,260
1790158200,1790158200,1790158201,4316.486,4316.926,4315.004,4316.399,260
1790158500,1790158500,1790158501,4316.674,4316.825,4315.138,4316.414,260
1790158800,1790158800,1790158801,4316.485,4316.837,4314.462,4315.541,260
1790159100,1790159100,1790159101,4315.6,4317.795,4314.204,4317.458,240
1790159400,1790159400,1790159401,4317.456,4319.009,4315.642,4315.941,240
1790159700,1790159700,1790159701,4316.0,4316.923,4314.905,4316.742,260
1790160000,1790160000,1790160001,4316.613,4316.613,4314.514,4315.789,260
1790160300,1790160300,1790160301,4315.802,4315.802,4312.407,4313.267,260
1790160600,1790160600,1790160601,4313.381,4316.096,4312.998,4315.689,240
1790160900,1790160900,1790160901,4315.364,4316.214,4313.849,4315.392,260
1790161200,1790161200,1790161201,4315.298,4317.033,4312.605,4314.711,240
1790161500,1790161500,1790161501,4314.593,4315.958,4313.598,4315.219,260
1790161800,1790161800,1790161801,4315.196,4317.145,4313.935,4314.93,260
1790162100,1790162100,1790162101,4314.875,4315.807,4310.515,4311.278,260
1790162400,1790162400,1790162401,4311.17,4311.759,4304.128,4305.503,260
1790162700,1790162700,1790162701,4305.803,4308.834,4303.791,4306.02,260
1790163000,1790163000,1790163001,4306.075,4307.055,4300.755,4302.3,240
1790163300,1790163300,1790163301,4302.354,4303.825,4294.371,4299.663,240
1790163600,1790163600,1790163601,4299.487,4305.123,4297.976,4304.808,240
1790163900,1790163900,1790163901,4304.755,4308.39,4304.302,4307.241,240
1790164200,1790164200,1790164201,4307.187,4310.051,4305.671,4309.266,240
1790164500,1790164500,1790164501,4309.32,4309.931,4307.883,4309.438,240
1790164800,1790164800,1790164801,4309.32,4313.864,4308.929,4312.283,240
1790165100,1790165100,1790165101,4312.162,4315.255,4312.162,4313.437,260
1790165400,1790165400,1790165401,4313.383,4319.052,4312.76,4318.729,240
1790165700,1790165700,1790165701,4318.596,4318.596,4314.023,4314.746,260
1790166000,1790166000,1790166001,4314.63,4314.892,4309.863,4314.317,260
1790166300,1790166300,1790166301,4314.247,4314.849,4310.504,4311.225,240
1790166600,1790166600,1790166601,4311.234,4311.292,4307.823,4308.842,240
1790166900,1790166900,1790166901,4309.028,4309.734,4303.243,4303.779,260
1790167200,1790167200,1790167201,4303.674,4306.607,4301.823,4303.895,260
1790167500,1790167500,1790167501,4303.957,4306.964,4302.095,4304.216,260
1790167800,1790167800,1790167801,4304.162,4304.42,4300.872,4303.279,240
1790168100,1790168100,1790168101,4303.227,4310.928,4301.841,4309.513,260
1790168400,1790168400,1790168401,4309.571,4310.502,4304.439,4305.816,260
1790168700,1790168700,1790168701,4305.676,4306.272,4300.98,4301.836,240
1790169000,1790169000,1790169001,4301.778,4303.01,4297.837,4302.391,240
1790169300,1790169300,1790169301,4302.329,4306.01,4301.538,4302.799,240
1790169600,1790169600,1790169601,4302.746,4306.885,4302.264,4304.17,260
1790169900,1790169900,1790169901,4304.175,4312.31,4303.72,4312.226,240
1790170200,1790170200,1790170201,4312.132,4313.53,4300.758,4301.154,240
1790170500,1790170500,1790170501,4301.099,4305.048,4298.387,4303.437,240
1790170800,1790170800,1790170801,4303.376,4304.388,4286.614,4292.321,240
1790171100,1790171100,1790171101,4292.072,4292.072,4280.452,4285.041,260
1790171400,1790171400,1790171401,4284.95,4289.56,4282.082,4283.2,240
1790171700,1790171700,1790171701,4283.259,4286.945,4281.114,4283.92,260
1790172000,1790172000,1790172001,4284.037,4292.037,4283.603,4290.091,240
1790172300,1790172300,1790172301,4290.176,4293.469,4285.906,4291.557,240
1790172600,1790172600,1790172601,4291.863,4292.28,4281.884,4283.351,240
1790172900,1790172900,1790172901,4283.521,4287.296,4277.723,4277.801,240
1790173200,1790173200,1790173201,4278.129,4284.24,4277.91,4284.219,240
1790173500,1790173500,1790173501,4284.142,4284.959,4277.863,4280.468,240
1790173800,1790173800,1790173801,4280.605,4290.547,4280.393,4289.195,260
1790174100,1790174100,1790174101,4288.944,4292.229,4281.978,4282.36,240
1790174400,1790174400,1790174401,4282.418,4288.077,4282.155,4286.654,240
1790174700,1790174700,1790174701,4286.715,4288.12,4283.99,4286.02,240
1790175000,1790175000,1790175001,4285.962,4298.706,4284.018,4297.242,240
1790175300,1790175300,1790175301,4297.19,4297.291,4290.945,4294.403,240
1790175600,1790175600,1790175601,4294.198,4295.551,4289.241,4290.214,240
1790175900,1790175900,1790175901,4290.161,4295.044,4289.41,4294.244,240
1790176200,1790176200,1790176201,4294.296,4297.518,4293.839,4293.963,240
1790176500,1790176500,1790176501,4294.267,4295.109,4290.116,4293.115,240
1790176800,1790176800,1790176801,4293.167,4293.636,4290.401,4291.74,240
1790177100,1790177100,1790177101,4291.791,4293.724,4282.77,4283.435,240
1790177400,1790177400,1790177401,4283.56,4284.417,4280.381,4283.722,240
1790177700,1790177700,1790177701,4283.799,4285.915,4278.621,4279.895,240
1790178000,1790178000,1790178001,4279.841,4284.642,4279.017,4283.775,240
1790178300,1790178300,1790178301,4283.71,4285.161,4277.423,4278.208,240
1790178600,1790178600,1790178601,4277.899,4281.494,4277.516,4281.031,240
1790178900,1790178900,1790178901,4281.042,4282.627,4280.297,4282.091,240
1790179200,1790179200,1790179201,4282.035,4283.273,4278.742,4279.216,240
1790179500,1790179500,1790179501,4279.161,4284.526,4278.343,4282.682,240
1790179800,1790179800,1790179801,4282.612,4284.078,4281.733,4283.051,240
1790180100,1790180100,1790180101,4282.968,4284.757,4282.344,4283.977,240
1790180400,1790180400,1790180401,4283.916,4284.462,4282.095,4282.095,240
1790180700,1790180700,1790180701,4282.042,4286.0,4281.879,4285.806,240
1790181000,1790181000,1790181001,4286.134,4288.011,4284.677,4286.762,240
1790181300,1790181300,1790181301,4287.058,4289.679,4285.908,4287.954,240
1790181600,1790181600,1790181601,4287.879,4288.114,4286.109,4286.288,240
1790181900,1790181900,1790181901,4285.984,4286.891,4281.028,4282.91,240
1790182200,1790182200,1790182201,4282.949,4284.308,4278.867,4282.909,240
1790182500,1790182500,1790182501,4282.783,4285.907,4282.357,4285.014,240
1790182800,1790182800,1790182801,4285.068,4285.975,4275.57,4278.521,240
1790183100,1790183100,1790183101,4278.574,4284.071,4277.929,4283.424,240
1790183400,1790183400,1790183401,4283.478,4285.399,4277.492,4279.2,240
1790183700,1790183700,1790183701,4279.13,4281.183,4276.637,4280.044,240
1790184000,1790184000,1790184001,4280.1,4283.942,4279.323,4282.423,240
1790184300,1790184300,1790184301,4282.345,4283.735,4281.096,4282.209,240
1790184600,1790184600,1790184601,4282.197,4282.659,4277.277,4280.644,240
1790184900,1790184900,1790184901,4280.588,4280.77,4275.621,4276.536,240
1790185200,1790185200,1790185201,4276.473,4289.657,4274.49,4288.055,240
1790185500,1790185500,1790185501,4288.275,4290.9,4286.964,4290.528,240
1790185800,1790185800,1790185801,4290.587,4291.786,4288.807,4291.283,240
1790186100,1790186100,1790186101,4291.231,4293.482,4288.792,4292.789,240
1790186400,1790186400,1790186401,4292.844,4295.019,4290.286,4290.72,240
1790186700,1790186700,1790186701,4290.819,4291.167,4289.265,4290.437,240
1790187000,1790187000,1790187001,4290.144,4290.554,4288.09,4289.495,240
1790187300,1790187300,1790187301,4289.436,4291.488,4288.259,4289.901,240
1790187600,1790187600,1790187601,4290.182,4290.914,4287.657,4288.111,240
1790187900,1790187900,1790187901,4287.724,4288.709,4283.645,4286.17,240
1790188200,1790188200,1790188201,4286.223,4287.558,4284.568,4286.43,240
1790188500,1790188500,1790188501,4286.563,4287.829,4284.668,4285.273,240
1790188800,1790188800,1790188801,4285.059,4286.778,4284.051,4284.536,240
1790189100,1790189100,1790189101,4284.255,4287.196,4282.672,4286.965,240
1790189400,1790189400,1790189401,4286.81,4288.203,4286.583,4288.203,240
1790189700,1790189700,1790189701,4288.424,4290.549,4287.334,4290.119,240
1790190000,1790190000,1790190001,4290.152,4290.519,4287.561,4288.796,240
1790190300,1790190300,1790190301,4288.536,4293.216,4288.056,4289.363,240
1790190600,1790190600,1790190601,4289.671,4290.365,4284.164,4284.164,240
1790190900,1790190900,1790190901,4284.431,4285.843,4283.137,4283.875,240
1790191200,1790191200,1790191201,4284.194,4285.964,4283.145,4285.756,240
1790191500,1790191500,1790191501,4285.697,4287.082,4284.073,4286.406,240
1790191800,1790191800,1790191801,4286.39,4287.444,4283.729,4285.411,240
1790192100,1790192100,1790192101,4285.36,4285.888,4280.98,4282.049,240
1790192400,1790192400,1790192401,4282.169,4284.884,4281.39,4282.528,240
1790192700,1790192700,1790192701,4282.328,4286.869,4282.328,4286.593,240
1790193000,1790193000,1790193001,4286.934,4287.241,4283.285,4283.285,240
1790193300,1790193300,1790193301,4283.341,4285.123,4281.925,4284.181,240
1790193600,1790193600,1790193601,4284.009,4285.632,4283.292,4284.854,260
1790193900,1790193900,1790193901,4284.994,4287.945,4284.791,4287.295,240
1790194200,1790194200,1790194201,4286.965,4287.414,4284.686,4284.97,240
1790194500,1790194500,1790194501,4284.973,4285.93,4283.191,4283.449,240
1790194800,1790194800,1790194801,4283.512,4284.511,4282.547,4284.019,240
1790195100,1790195100,1790195101,4284.274,4285.554,4283.589,4285.554,240
1790195400,1790195400,1790195401,4285.296,4286.156,4282.704,4282.945,240
1790195700,1790195700,1790195701,4282.997,4284.817,4282.924,4284.689,240
1790196000,1790196000,1790196001,4284.743,4285.629,4284.128,4285.266,240
1790196300,1790196300,1790196301,4285.397,4286.248,4284.656,4285.65,240
1790196600,1790196600,1790196601,4285.772,4289.598,4285.772,4289.235,240
1790196900,1790196900,1790196901,4289.287,4290.316,4286.515,4286.852,260
1790200800,1790200800,1790200801,4290.216,4293.344,4289.425,4292.887,260
1790201100,1790201100,1790201101,4292.893,4294.472,4292.145,4292.678,260
1790201400,1790201400,1790201401,4292.689,4292.755,4286.914,4288.215,260
1790201700,1790201700,1790201701,4288.272,4288.777,4286.742,4287.701,240
1790202000,1790202000,1790202001,4287.691,4292.429,4287.281,4291.59,260
1790202300,1790202300,1790202301,4291.507,4291.66,4287.87,4288.745,260
1790202600,1790202600,1790202601,4288.711,4289.309,4287.625,4288.764,240
1790202900,1790202900,1790202901,4288.777,4290.878,4287.916,4289.692,240
1790203200,1790203200,1790203201,4289.688,4290.648,4288.332,4289.429,260
1790203500,1790203500,1790203501,4289.075,4291.298,4288.088,4289.722,240
1790203800,1790203800,1790203801,4290.047,4290.047,4287.714,4288.091,240
1790204100,1790204100,1790204101,4288.303,4290.956,4287.514,4289.44,240
1790204400,1790204400,1790204401,4289.406,4290.648,4288.645,4290.394,240
1790204700,1790204700,1790204701,4290.292,4291.319,4289.927,4290.704,240
1790205000,1790205000,1790205001,4290.906,4291.34,4290.473,4291.118,240
1790205300,1790205300,1790205301,4291.125,4293.167,4288.761,4289.9,240
1790205600,1790205600,1790205601,4290.122,4290.978,4289.039,4289.784,240
1790205900,1790205900,1790205901,4289.731,4289.927,4287.844,4287.844,240
1790206200,1790206200,1790206201,4288.114,4288.829,4285.634,4285.902,240
1790206500,1790206500,1790206501,4285.895,4287.592,4285.33,4286.211,240
1790206800,1790206800,1790206801,4286.28,4287.254,4284.843,4285.326,240
1790207100,1790207100,1790207101,4285.172,4289.957,4285.172,4289.672,240
1790207400,1790207400,1790207401,4289.584,4291.691,4288.77,4290.572,240
1790207700,1790207700,1790207701,4290.623,4291.608,4288.356,4288.714,240
1790208000,1790208000,1790208001,4288.769,4291.796,4287.863,4289.648,240
1790208300,1790208300,1790208301,4289.919,4291.412,4288.338,4291.292,240
1790208600,1790208600,1790208601,4291.346,4291.963,4287.167,4288.909,260
1790208900,1790208900,1790208901,4289.164,4291.717,4286.864,4288.877,240
1790209200,1790209200,1790209201,4289.095,4289.363,4283.749,4287.633,260
1790209500,1790209500,1790209501,4287.677,4292.495,4286.049,4292.137,260
1790209800,1790209800,1790209801,4291.796,4294.443,4290.252,4291.769,240
1790210100,1790210100,1790210101,4291.665,4293.342,4291.295,4291.295,240
1790210400,1790210400,1790210401,4291.585,4294.87,4291.177,4294.431,240
1790210700,1790210700,1790210701,4294.232,4295.153,4291.194,4292.518,260
1790211000,1790211000,1790211001,4292.561,4295.615,4291.761,4295.123,240
1790211300,1790211300,1790211301,4295.176,4299.22,4294.736,4298.332,240
1790211600,1790211600,1790211601,4298.661,4299.271,4290.129,4292.235,240
1790211900,1790211900,1790211901,4292.056,4297.207,4289.473,4295.852,240
1790212200,1790212200,1790212201,4296.195,4302.976,4295.54,4302.775,240
1790212500,1790212500,1790212501,4302.812,4303.348,4297.479,4299.827,260
1790212800,1790212800,1790212801,4300.203,4300.789,4295.581,4297.859,260
1790213100,1790213100,1790213101,4297.532,4299.941,4295.103,4299.102,240
1790213400,1790213400,1790213401,4299.158,4300.674,4296.845,4297.533,240
1790213700,1790213700,1790213701,4297.613,4299.319,4292.442,4293.583,240
1790214000,1790214000,1790214001,4293.462,4293.934,4289.279,4289.94,240
1790214300,1790214300,1790214301,4289.886,4290.531,4283.068,4284.047,240
1790214600,1790214600,1790214601,4283.955,4288.46,4281.252,4282.324,240
1790214900,1790214900,1790214901,4282.267,4284.826,4277.786,4279.198,240
1790215200,1790215200,1790215201,4279.138,4279.689,4273.935,4275.422,240
1790215500,1790215500,1790215501,4275.285,4276.427,4273.499,4276.097,240
1790215800,1790215800,1790215801,4276.379,4282.734,4275.572,4282.576,240
1790216100,1790216100,1790216101,4282.593,4286.638,4282.433,4284.745,240
1790216400,1790216400,1790216401,4284.931,4285.707,4282.638,4285.238,240
1790216700,1790216700,1790216701,4285.374,4287.514,4284.343,4286.085,240
1790217000,1790217000,1790217001,4285.876,4293.8,4284.26,4292.482,240
1790217300,1790217300,1790217301,4292.535,4296.191,4290.487,4295.01,260
1790217600,1790217600,1790217601,4294.936,4297.041,4293.411,4295.12,240
1790217900,1790217900,1790217901,4295.173,4295.65,4291.121,4292.329,260
1790218200,1790218200,1790218201,4292.675,4292.94,4287.12,4289.615,260
1790218500,1790218500,1790218501,4289.863,4292.917,4289.799,4290.872,260
1790218800,1790218800,1790218801,4290.547,4294.01,4289.643,4289.983,240
1790219100,1790219100,1790219101,4290.046,4290.396,4285.106,4286.762,240
1790219400,1790219400,1790219401,4286.462,4288.362,4284.981,4287.164,240
1790219700,1790219700,1790219701,4287.134,4290.631,4286.735,4287.591,240
1790220000,1790220000,1790220001,4287.813,4288.876,4286.401,4287.478,240
1790220300,1790220300,1790220301,4287.627,4288.548,4285.269,4285.867,240
1790220600,1790220600,1790220601,4285.646,4287.044,4284.246,4284.512,240
1790220900,1790220900,1790220901,4284.471,4285.92,4282.523,4285.019,240
1790221200,1790221200,1790221201,4285.292,4285.596,4281.401,4281.769,240
1790221500,1790221500,1790221501,4281.531,4284.625,4280.3,4283.322,240
1790221800,1790221800,1790221801,4283.373,4284.357,4281.241,4283.475,240
1790222100,1790222100,1790222101,4283.164,4285.123,4282.422,4284.757,240
1790222400,1790222400,1790222401,4284.748,4286.531,4281.383,4284.324,240
1790222700,1790222700,1790222701,4284.255,4284.382,4282.786,4283.842,240
1790223000,1790223000,1790223001,4284.077,4286.25,4283.178,4284.998,240
1790223300,1790223300,1790223301,4285.068,4288.258,4284.591,4286.721,260
1790223600,1790223600,1790223601,4286.745,4287.469,4284.32,4284.678,260
1790223900,1790223900,1790223901,4284.758,4286.553,4283.806,4285.958,240
1790224200,1790224200,1790224201,4286.028,4288.916,4285.823,4288.725,240
1790224500,1790224500,1790224501,4288.68,4289.304,4286.906,4287.168,260
1790224800,1790224800,1790224801,4287.112,4287.603,4285.553,4286.552,260
1790225100,1790225100,1790225101,4286.738,4288.845,4285.953,4288.845,260
1790225400,1790225400,1790225401,4288.753,4290.071,4287.662,4289.783,260
1790225700,1790225700,1790225701,4289.73,4290.394,4288.998,4289.286,240
1790226000,1790226000,1790226001,4289.408,4296.038,4289.408,4294.879,240
1790226300,1790226300,1790226301,4294.879,4296.355,4292.642,4293.479,260
1790226600,1790226600,1790226601,4293.757,4293.868,4290.228,4290.509,240
1790226900,1790226900,1790226901,4290.476,4290.485,4286.099,4289.458,240
1790227200,1790227200,1790227201,4289.39,4291.483,4288.024,4289.381,260
1790227500,1790227500,1790227501,4289.402,4291.008,4288.359,4290.766,240
1790227800,1790227800,1790227801,4290.542,4291.248,4284.992,4285.364,260
1790228100,1790228100,1790228101,4285.286,4287.484,4283.777,4284.46,260
1790228400,1790228400,1790228401,4284.405,4286.659,4280.531,4281.271,260
1790228700,1790228700,1790228701,4281.198,4285.541,4280.073,4283.036,240
1790229000,1790229000,1790229001,4283.226,4284.398,4280.516,4280.641,240
1790229300,1790229300,1790229301,4280.433,4281.535,4277.264,4279.168,240
1790229600,1790229600,1790229601,4279.049,4283.494,4278.713,4279.839,240
1790229900,1790229900,1790229901,4279.624,4286.18,4279.564,4285.949,240
1790230200,1790230200,1790230201,4285.81,4286.76,4281.065,4282.281,240
1790230500,1790230500,1790230501,4282.344,4284.673,4280.393,4282.929,240
1790230800,1790230800,1790230801,4282.712,4286.472,4282.681,4283.748,240
1790231100,1790231100,1790231101,4283.823,4284.994,4281.126,4282.147,240
1790231400,1790231400,1790231401,4282.087,4283.584,4279.95,4280.934,240
1790231700,1790231700,1790231701,4281.093,4281.599,4275.299,4280.066,240
1790232000,1790232000,1790232001,4280.125,4280.435,4276.871,4277.861,240
1790232300,1790232300,1790232301,4277.922,4278.109,4274.284,4275.345,240
1790232600,1790232600,1790232601,4275.408,4278.095,4275.234,4277.006,240
1790232900,1790232900,1790232901,4277.077,4278.309,4275.94,4276.112,240
1790233200,1790233200,1790233201,4276.066,4280.364,4274.087,4279.816,240
1790233500,1790233500,1790233501,4279.721,4285.017,4279.218,4283.069,240
1790233800,1790233800,1790233801,4283.012,4285.299,4281.39,4283.858,240
1790234100,1790234100,1790234101,4284.074,4288.054,4283.017,4286.559,240
1790234400,1790234400,1790234401,4286.522,4286.522,4281.089,4281.658,240
1790234700,1790234700,1790234701,4281.879,4284.911,4281.879,4284.739,240
1790235000,1790235000,1790235001,4285.019,4287.756,4281.973,4282.937,240
1790235300,1790235300,1790235301,4282.885,4286.649,4282.578,4284.385,240
1790235600,1790235600,1790235601,4284.179,4284.561,4279.914,4282.657,240
1790235900,1790235900,1790235901,4282.601,4285.464,4279.471,4280.226,240
1790236200,1790236200,1790236201,4280.172,4283.727,4278.817,4283.067,240
1790236500,1790236500,1790236501,4283.125,4283.413,4275.972,4278.546,260
1790236800,1790236800,1790236801,4278.311,4284.956,4277.574,4284.247,240
1790237100,1790237100,1790237101,4284.247,4285.453,4281.309,4282.694,240
1790237400,1790237400,1790237401,4282.631,4283.202,4276.588,4277.366,240
1790237700,1790237700,1790237701,4277.31,4279.201,4267.579,4270.912,240
1790238000,1790238000,1790238001,4271.13,4273.514,4264.114,4265.735,240
1790238300,1790238300,1790238301,4265.858,4267.068,4262.528,4264.461,240
1790238600,1790238600,1790238601,4264.524,4273.62,4263.589,4267.376,240
1790238900,1790238900,1790238901,4267.541,4268.899,4264.308,4268.433,240
1790239200,1790239200,1790239201,4268.099,4269.809,4266.059,4268.196,240
1790239500,1790239500,1790239501,4267.919,4270.494,4266.922,4267.856,260
1790239800,1790239800,1790239801,4267.794,4268.362,4261.447,4262.327,240
1790240100,1790240100,1790240101,4262.381,4263.489,4260.527,4261.496,240
1790240400,1790240400,1790240401,4261.444,4267.116,4258.922,4259.422,240
1790240700,1790240700,1790240701,4259.417,4264.692,4258.741,4263.146,240
1790241000,1790241000,1790241001,4262.821,4265.441,4260.921,4263.116,240
1790241300,1790241300,1790241301,4263.094,4265.331,4261.091,4262.822,240
1790241600,1790241600,1790241601,4262.77,4265.188,4260.959,4263.129,240
1790241900,1790241900,1790241901,4263.187,4264.052,4255.102,4255.726,240
1790242200,1790242200,1790242201,4255.608,4260.342,4254.182,4257.785,240
1790242500,1790242500,1790242501,4257.419,4259.567,4255.504,4257.719,240
1790242800,1790242800,1790242801,4257.47,4258.199,4250.793,4252.23,240
1790243100,1790243100,1790243101,4252.173,4255.661,4251.891,4252.916,240
1790243400,1790243400,1790243401,4252.905,4256.138,4252.457,4253.761,240
1790243700,1790243700,1790243701,4253.79,4255.858,4253.216,4255.27,240
1790244000,1790244000,1790244001,4255.21,4259.244,4253.517,4253.558,240
1790244300,1790244300,1790244301,4253.254,4253.81,4250.278,4252.847,240
1790244600,1790244600,1790244601,4252.901,4257.4,4251.228,4252.176,240
1790244900,1790244900,1790244901,4252.231,4255.026,4249.282,4251.892,240
1790245200,1790245200,1790245201,4251.951,4253.056,4247.253,4247.713,240
1790245500,1790245500,1790245501,4247.828,4252.397,4244.484,4245.653,240
1790245800,1790245800,1790245801,4245.853,4254.265,4244.031,4253.803,240
1790246100,1790246100,1790246101,4253.861,4262.637,4253.351,4260.308,240
1790246400,1790246400,1790246401,4260.303,4262.385,4257.776,4258.519,240
1790246700,1790246700,1790246701,4258.571,4264.3,4257.803,4262.782,240
1790247000,1790247000,1790247001,4262.669,4263.771,4256.946,4256.989,240
1790247300,1790247300,1790247301,4257.177,4259.884,4255.65,4258.098,240
1790247600,1790247600,1790247601,4258.319,4260.713,4255.96,4256.02,240
1790247900,1790247900,1790247901,4255.708,4256.971,4251.953,4254.779,240
1790248200,1790248200,1790248201,4254.832,4259.349,4254.07,4258.958,240
1790248500,1790248500,1790248501,4258.816,4263.978,4256.708,4261.526,240
1790248800,1790248800,1790248801,4261.52,4267.962,4261.229,4266.026,240
1790249100,1790249100,1790249101,4265.945,4267.912,4263.596,4263.627,240
1790249400,1790249400,1790249401,4263.54,4266.019,4261.139,4261.347,240
1790249700,1790249700,1790249701,4261.336,4262.467,4258.082,4259.756,240
1790250000,1790250000,1790250001,4259.631,4261.255,4258.391,4260.901,240
1790250300,1790250300,1790250301,4260.654,4261.579,4259.319,4260.389,240
1790250600,1790250600,1790250601,4260.628,4261.234,4258.735,4260.49,240
1790250900,1790250900,1790250901,4260.467,4266.416,4259.453,4265.729,240
1790251200,1790251200,1790251201,4265.67,4266.902,4260.29,4261.737,240
1790251500,1790251500,1790251501,4261.683,4266.451,4260.738,4264.951,240
1790251800,1790251800,1790251801,4264.897,4269.732,4264.271,4268.471,240
1790252100,1790252100,1790252101,4268.385,4271.049,4267.54,4269.336,240
1790252400,1790252400,1790252401,4269.275,4272.198,4266.719,4270.161,240
1790252700,1790252700,1790252701,4270.069,4271.999,4267.089,4271.999,240
1790253000,1790253000,1790253001,4272.063,4273.033,4265.723,4266.727,240
1790253300,1790253300,1790253301,4266.591,4269.222,4264.776,4268.464,240
1790253600,1790253600,1790253601,4268.32,4274.265,4267.968,4271.854,240
1790253900,1790253900,1790253901,4271.644,4275.029,4271.016,4274.239,240
1790254200,1790254200,1790254201,4274.306,4280.41,4272.345,4279.9,240
1790254500,1790254500,1790254501,4279.813,4283.405,4278.957,4281.113,240
1790254800,1790254800,1790254801,4280.894,4284.865,4279.33,4280.367,240
1790255100,1790255100,1790255101,4280.447,4282.38,4276.794,4279.421,240
1790255400,1790255400,1790255401,4279.333,4282.891,4277.337,4278.415,240
1790255700,1790255700,1790255701,4278.257,4278.889,4276.086,4277.883,240
1790256000,1790256000,1790256001,4278.099,4279.227,4275.643,4277.162,240
1790256300,1790256300,1790256301,4277.033,4278.277,4275.388,4276.505,240
1790256600,1790256600,1790256601,4276.566,4277.824,4272.125,4273.036,240
1790256900,1790256900,1790256901,4272.962,4275.929,4270.189,4271.637,240
1790257200,1790257200,1790257201,4271.757,4273.95,4267.36,4273.068,240
1790257500,1790257500,1790257501,4273.126,4276.403,4270.413,4271.48,240
1790257800,1790257800,1790257801,4271.374,4272.076,4265.742,4266.33,240
1790258100,1790258100,1790258101,4266.33,4269.25,4264.824,4267.643,240
1790258400,1790258400,1790258401,4267.316,4270.985,4265.249,4270.491,240
1790258700,1790258700,1790258701,4270.796,4273.044,4267.619,4270.286,240
1790259000,1790259000,1790259001,4270.222,4271.736,4266.683,4269.717,240
1790259300,1790259300,1790259301,4269.635,4271.403,4263.913,4265.069,240
1790259600,1790259600,1790259601,4265.124,4265.124,4260.883,4263.697,240
1790259900,1790259900,1790259901,4263.652,4268.965,4261.727,4267.165,240
1790260200,1790260200,1790260201,4267.098,4267.098,4256.561,4261.633,240
1790260500,1790260500,1790260501,4261.559,4262.419,4255.451,4257.096,240
1790260800,1790260800,1790260801,4257.024,4257.447,4253.772,4256.335,240
1790261100,1790261100,1790261101,4256.674,4258.542,4254.593,4257.491,240
1790261400,1790261400,1790261401,4257.219,4261.968,4257.16,4259.85,240
1790261700,1790261700,1790261701,4259.968,4259.968,4252.274,4253.092,240
1790262000,1790262000,1790262001,4253.146,4254.234,4249.741,4250.8,240
1790262300,1790262300,1790262301,4250.744,4251.501,4248.414,4249.728,240
1790262600,1790262600,1790262601,4249.831,4251.162,4244.668,4247.05,240
1790262900,1790262900,1790262901,4246.958,4253.231,4246.267,4250.459,240
1790263200,1790263200,1790263201,4250.249,4255.532,4249.414,4255.122,240
1790263500,1790263500,1790263501,4255.24,4255.402,4248.822,4250.578,240
1790263800,1790263800,1790263801,4250.433,4250.836,4246.14,4247.541,240
1790264100,1790264100,1790264101,4247.47,4253.722,4246.781,4253.628,240
1790264400,1790264400,1790264401,4253.772,4255.549,4252.091,4255.043,240
1790264700,1790264700,1790264701,4254.989,4256.986,4253.442,4254.789,240
1790265000,1790265000,1790265001,4254.737,4260.43,4253.983,4257.521,240
