trade_id,limit_created_bar,direction,direction_sign,sub_periodo,pnl_r,pnl_usd,outcome,closed_ema200_slope,momentum_roc_atr_10,B0_state,B0_alignment,B1_state,B1_alignment,state_changed,alignment_changed
L00001,17,SHORT,-1,sub1,0.9426088084416148,2.619672128487764,win,,0.1772063547497745,,UNAVAILABLE,,UNAVAILABLE,True,False
L00002,35,SHORT,-1,sub1,-1.0586000547326315,-2.8813404611987607,loss,,-1.246135122773456,,UNAVAILABLE,,UNAVAILABLE,True,False
L00003,76,SHORT,-1,sub1,-1.0303835347101713,-5.426010078356285,loss,,1.7462374179540896,,UNAVAILABLE,,UNAVAILABLE,True,False
L00005,194,LONG,1,sub1,0.9575737744510686,3.599967120538622,win,,-0.3146162361763859,,UNAVAILABLE,,UNAVAILABLE,True,False
L00007,202,LONG,1,sub1,0.9724596191645718,5.631995802214078,win,,0.701080315869033,,UNAVAILABLE,,UNAVAILABLE,True,False
L00008,210,SHORT,-1,sub1,0.9669933039093138,4.658204350378128,win,,-0.3699509390714797,,UNAVAILABLE,,UNAVAILABLE,True,False
L00010,230,SHORT,-1,sub1,-1.02930341691204,-5.620114104785898,loss,,0.3658845719763278,,UNAVAILABLE,,UNAVAILABLE,True,False
L00011,282,SHORT,-1,sub1,-1.0483971375546373,-3.46598064439695,loss,,0.3934421201473595,,UNAVAILABLE,,UNAVAILABLE,True,False
L00012,293,SHORT,-1,sub1,-1.035568570754846,-4.643796012316216,loss,,-0.470249860888627,,UNAVAILABLE,,UNAVAILABLE,True,False
L00013,324,SHORT,-1,sub1,-1.0223986732986043,-7.303280223200545,loss,,-0.4230887230620604,,UNAVAILABLE,,UNAVAILABLE,True,False
L00016,358,SHORT,-1,sub1,-1.0312262217353687,-5.267386613739291,loss,,-0.2116399008388122,,UNAVAILABLE,,UNAVAILABLE,True,False
L00018,398,SHORT,-1,sub1,-1.0370672930946745,-4.462484833350572,loss,,0.0673081189958447,,UNAVAILABLE,,UNAVAILABLE,True,False
L00019,406,SHORT,-1,sub1,-1.0279578006580623,-5.846142631292423,loss,,0.3218078095541116,,UNAVAILABLE,,UNAVAILABLE,True,False
L00022,477,SHORT,-1,sub1,-1.0186570985830992,-8.681225430254017,loss,,1.7874511715921233,,UNAVAILABLE,,UNAVAILABLE,True,False
L00023,500,SHORT,-1,sub1,-1.0164341620621284,-9.864892912444702,loss,,-2.147112310769095,,UNAVAILABLE,,UNAVAILABLE,True,False
L00024,526,SHORT,-1,sub1,-1.0224569126917404,-7.2847549561297456,loss,,1.319556403282944,,UNAVAILABLE,,UNAVAILABLE,True,False
L00025,562,SHORT,-1,sub1,0.9602731894538794,3.8554208508594456,win,,0.6887392715924011,,UNAVAILABLE,,UNAVAILABLE,True,False
L00026,591,SHORT,-1,sub1,0.9776534947047104,6.9562065120971965,win,,1.441329497992254,,UNAVAILABLE,1.0,AGAINST,True,True
L00027,614,LONG,1,sub1,0.9642062211638924,4.310050528402371,win,,0.399552332538092,1.0,ALIGNED,1.0,ALIGNED,False,False
L00028,629,LONG,1,sub1,-1.0107002869052448,-15.065642369095713,loss,,-2.093653413238971,1.0,ALIGNED,1.0,ALIGNED,False,False
L00029,694,LONG,1,sub1,-1.01770554364677,-9.16797797626623,loss,,-1.2366838696151876,1.0,ALIGNED,1.0,ALIGNED,False,False
L00031,739,SHORT,-1,sub1,0.9651576352974056,4.4044101289291575,win,,0.6009282630977115,1.0,AGAINST,1.0,AGAINST,False,False
L00033,750,SHORT,-1,sub1,0.9878151360019114,12.930510690704068,win,,-0.4608794284884992,1.0,AGAINST,1.0,AGAINST,False,False
L00034,784,LONG,1,sub1,0.989840771195244,15.540510607605029,win,,-0.8839318271092858,1.0,ALIGNED,1.0,ALIGNED,False,False
L00035,915,SHORT,-1,sub1,0.9595989781754546,3.776544023865881,win,,-0.3115802117675261,0.0,NEUTRAL_MIXED,1.0,AGAINST,True,True
L00037,994,SHORT,-1,sub1,-1.0461800661719611,-3.6246983701594218,loss,,-0.0753981832508897,0.0,NEUTRAL_MIXED,1.0,AGAINST,True,True
L00040,1025,SHORT,-1,sub1,-1.024159460916752,-6.740272676055156,loss,,-0.9256475851422156,0.0,NEUTRAL_MIXED,1.0,AGAINST,True,True
L00041,1039,SHORT,-1,sub1,-1.0135233977956346,-11.916400203887406,loss,,-0.0878380428858375,0.0,NEUTRAL_MIXED,1.0,AGAINST,True,True
L00044,1142,SHORT,-1,sub1,-1.0294765046610432,-5.588051997335697,loss,,0.998879774980988,0.0,NEUTRAL_MIXED,1.0,AGAINST,True,True
L00045,1150,SHORT,-1,sub1,0.9781488120246932,7.139874303127272,win,,-1.4509138799982613,0.0,NEUTRAL_MIXED,1.0,AGAINST,True,True
L00046,1157,LONG,1,sub1,0.9905858281713886,16.835653246267157,win,,-1.6238731141289489,0.0,NEUTRAL_MIXED,1.0,ALIGNED,True,True
L00047,1178,SHORT,-1,sub1,-1.015331542341304,-10.529776563770156,loss,,-1.5095629778703288,0.0,NEUTRAL_MIXED,1.0,AGAINST,True,True
L00048,1203,SHORT,-1,sub1,-1.0136655654249584,-11.794083880924063,loss,,0.9172807348049912,0.0,NEUTRAL_MIXED,1.0,AGAINST,True,True
L00051,1298,SHORT,-1,sub1,-1.027569620688486,-5.963489348211169,loss,,0.3207200298093579,0.0,NEUTRAL_MIXED,1.0,AGAINST,True,True
L00052,1301,SHORT,-1,sub1,0.982266897730546,8.80728224343693,win,,-0.4239151137824403,0.0,NEUTRAL_MIXED,1.0,AGAINST,True,True
L00053,1311,LONG,1,sub1,-1.0076364424021895,-20.980213809464203,loss,,-1.2787209092300562,0.0,NEUTRAL_MIXED,1.0,ALIGNED,True,True
L00054,1321,LONG,1,sub1,-1.0075667614869424,-21.17195253907857,loss,,-1.260895788888223,0.0,NEUTRAL_MIXED,1.0,ALIGNED,True,True
L00055,1359,LONG,1,sub1,-1.0070725738865864,-22.711402964528133,loss,,-0.1471368986793959,0.0,NEUTRAL_MIXED,1.0,ALIGNED,True,True
L00056,1393,LONG,1,sub1,-1.0154380881091587,-10.491090211946355,loss,,-0.5513237531472576,0.0,NEUTRAL_MIXED,1.0,ALIGNED,True,True
L00057,1418,LONG,1,sub1,0.9118597078905134,18.698545201028477,win,,1.316431432792987,0.0,NEUTRAL_MIXED,1.0,ALIGNED,True,True
L00058,1447,SHORT,-1,sub1,-1.0094642260272086,-17.01243647269257,loss,,-0.6825241709537874,0.0,NEUTRAL_MIXED,1.0,AGAINST,True,True
L00059,1454,SHORT,-1,sub1,0.987211549731842,12.312691442687536,win,,0.0596903289328765,0.0,NEUTRAL_MIXED,1.0,AGAINST,True,True
L00060,1519,LONG,1,sub1,0.9915882073048504,18.74303500751239,win,,-0.3171614852401412,0.0,NEUTRAL_MIXED,1.0,ALIGNED,True,True
L00062,1577,LONG,1,sub1,-1.0125531372879537,-12.90581774497059,loss,,-1.2163784859469953,0.0,NEUTRAL_MIXED,1.0,ALIGNED,True,True
L00063,1605,LONG,1,sub1,0.9926027172819202,21.33537922806954,win,,1.4069815883615455,0.0,NEUTRAL_MIXED,1.0,ALIGNED,True,True
L00064,1727,SHORT,-1,sub1,0.9897788904250618,15.397041037806504,win,,-1.9127418695201648,-1.0,ALIGNED,0.0,NEUTRAL_MIXED,True,True
L00065,1848,SHORT,-1,sub1,-1.0236336713827312,-6.930001893009376,loss,,-0.4698248412330395,-1.0,ALIGNED,0.0,NEUTRAL_MIXED,True,True
L00067,1878,LONG,1,sub1,0.9850445474894544,10.505506617973424,win,,-0.9449563309387702,-1.0,AGAINST,0.0,NEUTRAL_MIXED,True,True
L00068,1946,SHORT,-1,sub1,-1.022827090532775,-7.169215640956281,loss,,-0.4907803988397914,-1.0,ALIGNED,0.0,NEUTRAL_MIXED,True,True
L00071,2003,LONG,1,sub1,-1.0213456853226643,-7.631736079035363,loss,,0.8232404725190917,0.0,NEUTRAL_MIXED,0.0,NEUTRAL_MIXED,False,False
L00072,2055,LONG,1,sub1,0.98798654863521,13.15840410731562,win,,-1.3928683030920648,0.0,NEUTRAL_MIXED,0.0,NEUTRAL_MIXED,False,False
L00073,2114,LONG,1,sub1,-1.036562183772306,-4.521930892887667,loss,,-1.5036099031656054,0.0,NEUTRAL_MIXED,0.0,NEUTRAL_MIXED,False,False
L00075,2121,LONG,1,sub1,-1.019752553867486,-8.234405203133974,loss,,0.0170217451584948,0.0,NEUTRAL_MIXED,0.0,NEUTRAL_MIXED,False,False
L00076,2142,LONG,1,sub1,0.9894909686949254,14.970843596800025,win,,-1.5764044934946897,0.0,NEUTRAL_MIXED,0.0,NEUTRAL_MIXED,False,False
L00077,2234,SHORT,-1,sub1,0.98911783352101,14.49750789522932,win,,-0.0706859365545871,0.0,NEUTRAL_MIXED,0.0,NEUTRAL_MIXED,False,False
L00078,2252,LONG,1,sub1,0.9803934836078432,7.975550450041283,win,,-0.1638776618957324,0.0,NEUTRAL_MIXED,0.0,NEUTRAL_MIXED,False,False
L00079,2284,LONG,1,sub1,0.9866551171247648,11.79264686340548,win,,-1.2889661669679144,0.0,NEUTRAL_MIXED,0.0,NEUTRAL_MIXED,False,False
L00080,2406,SHORT,-1,sub1,0.97049295731341,5.2295440736465935,win,,-0.4070173569252845,0.0,NEUTRAL_MIXED,0.0,NEUTRAL_MIXED,False,False
L00081,2411,LONG,1,sub1,0.9867672911037172,11.856680330149176,win,,-0.6432395366076078,0.0,NEUTRAL_MIXED,0.0,NEUTRAL_MIXED,False,False
L00082,2439,SHORT,-1,sub1,-1.0146198436398195,-11.034629310192033,loss,,1.256356184463546,0.0,NEUTRAL_MIXED,0.0,NEUTRAL_MIXED,False,False
L00083,2459,SHORT,-1,sub1,-1.035704223418722,-4.641262570073195,loss,,0.0311461591737193,0.0,NEUTRAL_MIXED,0.0,NEUTRAL_MIXED,False,False
L00084,2466,SHORT,-1,sub1,-1.043899220485448,-3.804711642496841,loss,,0.3819009736154551,0.0,NEUTRAL_MIXED,0.0,NEUTRAL_MIXED,False,False
L00085,2487,SHORT,-1,sub1,-1.0455393936800974,-3.661962090738143,loss,,0.1087076014480804,0.0,NEUTRAL_MIXED,0.0,NEUTRAL_MIXED,False,False
L00086,2495,SHORT,-1,sub1,0.9500997861211876,3.036879085410874,win,,0.2109868801333677,0.0,NEUTRAL_MIXED,0.0,NEUTRAL_MIXED,False,False
L00087,2516,LONG,1,sub1,-1.1049021945350834,-7.465569990761975,loss,,0.5819644704098839,0.0,NEUTRAL_MIXED,0.0,NEUTRAL_MIXED,False,False
L00088,2544,LONG,1,sub1,0.9791500663320992,7.466923541639062,win,,-0.3922773025895013,0.0,NEUTRAL_MIXED,0.0,NEUTRAL_MIXED,False,False
L00089,2554,LONG,1,sub1,-1.023098246015155,-7.086932888968022,loss,,-0.0616001966706084,0.0,NEUTRAL_MIXED,0.0,NEUTRAL_MIXED,False,False
L00090,2576,LONG,1,sub1,-1.019052879073082,-8.55768096916654,loss,,0.6353145225607613,0.0,NEUTRAL_MIXED,0.0,NEUTRAL_MIXED,False,False
L00092,2668,SHORT,-1,sub1,0.9475555066360424,2.8908446118352917,win,,0.1736855909046326,0.0,NEUTRAL_MIXED,0.0,NEUTRAL_MIXED,False,False
L00093,2677,LONG,1,sub1,0.9835943987734428,9.562789222875836,win,,-0.4645775381090866,0.0,NEUTRAL_MIXED,0.0,NEUTRAL_MIXED,False,False
L00095,2700,LONG,1,sub1,0.9835859171044488,9.557765412555456,win,,-1.3132773367585748,0.0,NEUTRAL_MIXED,0.0,NEUTRAL_MIXED,False,False
L00096,2736,SHORT,-1,sub1,0.9751447051952132,6.277260199748071,win,,-1.3863905721397345,0.0,NEUTRAL_MIXED,0.0,NEUTRAL_MIXED,False,False
L00099,2789,LONG,1,sub1,-1.056456807172247,-2.994024947809976,loss,,0.643151515281619,0.0,NEUTRAL_MIXED,0.0,NEUTRAL_MIXED,False,False
L00100,2798,LONG,1,sub1,0.6775461092641676,3.797742477503952,win,,-0.0004049272332829,0.0,NEUTRAL_MIXED,0.0,NEUTRAL_MIXED,False,False
L00101,2808,SHORT,-1,sub1,0.9813017244358292,8.396938817740192,win,,-0.9275007656599348,0.0,NEUTRAL_MIXED,0.0,NEUTRAL_MIXED,False,False
L00102,2818,LONG,1,sub1,0.9762013953669272,6.54257360721067,win,,-1.147307580380173,0.0,NEUTRAL_MIXED,0.0,NEUTRAL_MIXED,False,False
L00103,2842,LONG,1,sub1,-1.0346422854727804,-4.763699688991892,loss,,-0.6347408002089981,0.0,NEUTRAL_MIXED,0.0,NEUTRAL_MIXED,False,False
L00105,2919,LONG,1,sub1,-1.0218908006859422,-7.422325004907179,loss,,0.5335621800621166,0.0,NEUTRAL_MIXED,0.0,NEUTRAL_MIXED,False,False
L00106,2930,LONG,1,sub1,-1.0251277756851964,-6.527455759091026,loss,,-1.5739156815184996,0.0,NEUTRAL_MIXED,0.0,NEUTRAL_MIXED,False,False
L00107,2937,LONG,1,sub1,-1.020800570409806,-7.852096747713404,loss,,0.7621549324147483,0.0,NEUTRAL_MIXED,0.0,NEUTRAL_MIXED,False,False
L00108,2950,LONG,1,sub1,0.981211729355432,8.303726719642327,win,,-0.5322433951686767,0.0,NEUTRAL_MIXED,0.0,NEUTRAL_MIXED,False,False
L00109,2972,SHORT,-1,sub1,0.9873814734310684,12.44152028508097,win,,0.3353169236041693,0.0,NEUTRAL_MIXED,0.0,NEUTRAL_MIXED,False,False
L00110,3069,LONG,1,sub1,-1.0213740586932332,-7.621816927680356,loss,,1.2114183119504829,0.0,NEUTRAL_MIXED,0.0,NEUTRAL_MIXED,False,False
L00111,3097,LONG,1,sub1,-1.0119466436818776,-13.510530150978866,loss,,-0.5214138766538333,-1.0,AGAINST,0.0,NEUTRAL_MIXED,True,True
L00112,3107,LONG,1,sub1,-1.0180643266366298,-8.960878043836601,loss,,-0.6160161063825838,-1.0,AGAINST,0.0,NEUTRAL_MIXED,True,True
L00113,3137,LONG,1,sub1,0.978239815309608,7.170401021942325,win,,0.0847233519788664,-1.0,AGAINST,0.0,NEUTRAL_MIXED,True,True
L00115,3217,SHORT,-1,sub1,0.9585314074334264,3.6752270658066655,win,,-0.2573621716712854,-1.0,ALIGNED,0.0,NEUTRAL_MIXED,True,True
L00117,3237,SHORT,-1,sub1,-1.0147643981614192,-10.962513997315456,loss,,-2.6327687068347583,-1.0,ALIGNED,0.0,NEUTRAL_MIXED,True,True
L00119,3338,SHORT,-1,sub1,-1.0200498233973698,-8.089244414048153,loss,,1.6220571248168365,-1.0,ALIGNED,-1.0,ALIGNED,False,False
L00120,3363,SHORT,-1,sub1,0.9641272998520816,4.286778070568289,win,,-0.8676982142894878,-1.0,ALIGNED,-1.0,ALIGNED,False,False
L00121,3370,LONG,1,sub1,0.981052435260144,8.23257971922385,win,,-2.1217126770154344,-1.0,AGAINST,-1.0,AGAINST,False,False
L00122,3410,SHORT,-1,sub1,0.9634694411730056,4.219894672775354,win,,1.3333914851839492,-1.0,ALIGNED,-1.0,ALIGNED,False,False
L00124,3453,SHORT,-1,sub1,-1.0280878892587455,-5.8381039894429705,loss,,-0.942440651019212,-1.0,ALIGNED,-1.0,ALIGNED,False,False
L00126,3498,SHORT,-1,sub1,0.9684168519918566,4.905992786995284,win,,-1.4281456454140096,-1.0,ALIGNED,-1.0,ALIGNED,False,False
L00127,3516,LONG,1,sub1,-1.0121947666445017,-13.238881069720264,loss,,0.3841690091862123,-1.0,AGAINST,-1.0,AGAINST,False,False
L00129,3617,SHORT,-1,sub1,-1.0431391664017138,-3.85683616348706,loss,,0.2783349620401099,0.0,NEUTRAL_MIXED,0.0,NEUTRAL_MIXED,False,False
L00130,3631,SHORT,-1,sub1,-1.0268780119584937,-6.093718655979956,loss,,-1.3887117152168194,0.0,NEUTRAL_MIXED,0.0,NEUTRAL_MIXED,False,False
L00131,3657,SHORT,-1,sub1,-1.0189826114111613,-8.561926649579163,loss,,0.7767339851444668,0.0,NEUTRAL_MIXED,0.0,NEUTRAL_MIXED,False,False
L00133,3769,SHORT,-1,sub1,-1.048400426743538,-3.4549254896323878,loss,,0.2528735404561719,0.0,NEUTRAL_MIXED,0.0,NEUTRAL_MIXED,False,False
L00134,3787,SHORT,-1,sub1,0.9633198947244532,4.1889062764153095,win,,-0.4562601203254108,0.0,NEUTRAL_MIXED,0.0,NEUTRAL_MIXED,False,False
L00135,3801,SHORT,-1,sub1,0.9862853453940618,11.434438155621592,win,,0.2736429906996155,0.0,NEUTRAL_MIXED,0.0,NEUTRAL_MIXED,False,False
L00136,3829,LONG,1,sub1,0.9679182298312116,4.812170801224511,win,,-1.1244943591844871,0.0,NEUTRAL_MIXED,0.0,NEUTRAL_MIXED,False,False
L00137,3870,SHORT,-1,sub1,-1.0212302127170778,-7.672378091487189,loss,,-0.9728651990679476,0.0,NEUTRAL_MIXED,0.0,NEUTRAL_MIXED,False,False
L00138,3884,SHORT,-1,sub1,0.973722304633295,5.928814021437574,win,0.0360875112804344,0.0436488952785408,0.0,NEUTRAL_MIXED,0.0,NEUTRAL_MIXED,False,False
L00141,4044,SHORT,-1,sub1,0.9576654974502786,3.596801779244288,win,0.0360875112804344,-1.0445236950846872,0.0,NEUTRAL_MIXED,0.0,NEUTRAL_MIXED,False,False
L00142,4050,LONG,1,sub1,-1.0294445719011718,-5.5939387421517495,loss,0.0360875112804344,-1.1597446374040572,0.0,NEUTRAL_MIXED,0.0,NEUTRAL_MIXED,False,False
L00144,4070,SHORT,-1,sub1,-1.0236968275689171,-6.868758913391503,loss,0.0360875112804344,-0.0800510893888188,0.0,NEUTRAL_MIXED,0.0,NEUTRAL_MIXED,False,False
L00145,4078,SHORT,-1,sub1,0.966229505855027,4.563557924916495,win,0.0360875112804344,0.9356897886542698,0.0,NEUTRAL_MIXED,0.0,NEUTRAL_MIXED,False,False
L00146,4097,SHORT,-1,sub1,-1.027422200507219,-5.957221771363038,loss,0.0360875112804344,-0.8955435601890532,0.0,NEUTRAL_MIXED,0.0,NEUTRAL_MIXED,False,False
L00147,4123,SHORT,-1,sub1,-1.0316628547231574,-5.213239873624843,loss,0.0360875112804344,-0.2866935491456993,0.0,NEUTRAL_MIXED,0.0,NEUTRAL_MIXED,False,False
L00148,4151,SHORT,-1,sub1,-1.0386017906408,-4.291432673381223,loss,0.0360875112804344,-1.805434086654219,0.0,NEUTRAL_MIXED,0.0,NEUTRAL_MIXED,False,False
L00149,4173,LONG,1,sub1,-1.0963556702735853,-20.56498836888301,loss,0.0479004538228143,-1.290716276174538,0.0,NEUTRAL_MIXED,1.0,ALIGNED,True,True
L00150,4197,LONG,1,sub1,-1.0087174276451685,-18.39832546062144,loss,0.0479004538228143,-0.669972906683605,1.0,ALIGNED,1.0,ALIGNED,False,False
L00151,4203,LONG,1,sub1,0.9877235629561196,12.832868993515604,win,0.0479004538228143,0.0409406237234939,1.0,ALIGNED,1.0,ALIGNED,False,False
L00152,4323,LONG,1,sub1,0.9527495623340132,3.216130107963636,win,0.0479004538228143,-0.2934879775368887,1.0,ALIGNED,1.0,ALIGNED,False,False
L00153,4332,SHORT,-1,sub1,0.9728475929047002,5.714748991625129,win,0.0479004538228143,-0.0830271412994209,1.0,AGAINST,1.0,AGAINST,False,False
L00155,4351,SHORT,-1,sub1,0.9755567028479464,6.345850757676999,win,0.0479004538228143,-0.5415448643629555,1.0,AGAINST,1.0,AGAINST,False,False
L00156,4358,LONG,1,sub1,-1.013669620340959,-11.827709944487651,loss,0.0479004538228143,-1.781927970939689,1.0,ALIGNED,1.0,ALIGNED,False,False
L00157,4435,LONG,1,sub1,0.9285388002404203,2.065983634960048,win,0.0568806277997578,0.2340641153128884,1.0,ALIGNED,0.0,NEUTRAL_MIXED,True,True
L00158,4436,SHORT,-1,sub1,-1.032071187623754,-5.1328113058029885,loss,0.0568806277997578,-0.1807752544232032,1.0,AGAINST,0.0,NEUTRAL_MIXED,True,True
L00159,4470,SHORT,-1,sub1,-1.0286300612983652,-5.712603198492616,loss,0.0568806277997578,-1.61392610778171,0.0,NEUTRAL_MIXED,0.0,NEUTRAL_MIXED,False,False
L00160,4492,SHORT,-1,sub1,0.9832825960920416,9.38145509553533,win,0.0568806277997578,1.2317227071937409,0.0,NEUTRAL_MIXED,0.0,NEUTRAL_MIXED,False,False
L00161,4545,LONG,1,sub1,0.9906976003614866,16.986613497360395,win,0.0568806277997578,0.201520730384639,0.0,NEUTRAL_MIXED,0.0,NEUTRAL_MIXED,False,False
L00162,4625,SHORT,-1,sub1,0.9822073097559224,8.777254035703209,win,0.0568806277997578,0.0227485163467252,0.0,NEUTRAL_MIXED,0.0,NEUTRAL_MIXED,False,False
L00163,4628,LONG,1,sub1,-1.0086402400137058,-18.561266574473848,loss,0.0568806277997578,-0.5026103454119472,0.0,NEUTRAL_MIXED,0.0,NEUTRAL_MIXED,False,False
L00164,4674,LONG,1,sub1,-1.0195163914269754,-8.30599790146016,loss,0.0568806277997578,1.6292235565239035,0.0,NEUTRAL_MIXED,0.0,NEUTRAL_MIXED,False,False
L00166,4725,SHORT,-1,sub1,0.9751310908375576,6.254130728952077,win,0.062130190570698,-0.5121050643192337,0.0,NEUTRAL_MIXED,0.0,NEUTRAL_MIXED,False,False
L00167,4765,LONG,1,sub1,0.9885222328951356,13.693868641346398,win,0.062130190570698,-0.5742167714438907,-1.0,AGAINST,0.0,NEUTRAL_MIXED,True,True
L00168,4801,SHORT,-1,sub1,-1.015763781428836,-10.309848925662664,loss,0.062130190570698,0.2933122691868832,-1.0,ALIGNED,0.0,NEUTRAL_MIXED,True,True
L00169,4824,SHORT,-1,sub1,-1.0208125010702933,-7.823163269543784,loss,0.062130190570698,-0.3839233845083133,-1.0,ALIGNED,0.0,NEUTRAL_MIXED,True,True
L00170,4873,SHORT,-1,sub1,-1.0155276916511344,-10.398770570664963,loss,0.062130190570698,-0.4293142236362773,-1.0,ALIGNED,0.0,NEUTRAL_MIXED,True,True
L00174,5003,LONG,1,sub1,-1.0500507832080164,-14.870416553609044,loss,0.0720779865228172,1.603154118430695,0.0,NEUTRAL_MIXED,-1.0,AGAINST,True,True
L00175,5030,LONG,1,sub1,0.9870835523021134,12.150886101708238,win,0.0720779865228172,-1.0282633028118953,0.0,NEUTRAL_MIXED,-1.0,AGAINST,True,True
L00176,5113,LONG,1,sub1,-1.0120342053068945,-13.37133899080618,loss,0.0720779865228172,2.010995883366423,0.0,NEUTRAL_MIXED,-1.0,AGAINST,True,True
L00178,5149,SHORT,-1,sub1,-1.0294288624131247,-5.579349322093094,loss,0.0720779865228172,-0.1717535805812658,0.0,NEUTRAL_MIXED,-1.0,ALIGNED,True,True
L00179,5156,SHORT,-1,sub1,-1.0195287877825825,-8.300826403657084,loss,0.0720779865228172,0.3099175428849035,0.0,NEUTRAL_MIXED,-1.0,ALIGNED,True,True
L00180,5172,SHORT,-1,sub1,-1.0129242797230156,-12.46142639491154,loss,0.0720779865228172,-0.5937394868701585,0.0,NEUTRAL_MIXED,-1.0,ALIGNED,True,True
L00181,5178,SHORT,-1,sub1,0.9848639101332582,10.410761762680975,win,0.0720779865228172,1.095737816197896,0.0,NEUTRAL_MIXED,-1.0,ALIGNED,True,True
L00182,5263,SHORT,-1,sub1,-1.023757776329702,-6.873091280019708,loss,0.0584830482407189,1.132605923325208,0.0,NEUTRAL_MIXED,-1.0,ALIGNED,True,True
L00183,5290,SHORT,-1,sub1,0.9678575810617416,4.802789873271195,win,0.0584830482407189,-0.275287947355355,-1.0,ALIGNED,-1.0,ALIGNED,False,False
L00184,5312,LONG,1,sub1,0.987027678347168,12.097865367267786,win,0.0584830482407189,-1.316867842494707,-1.0,AGAINST,-1.0,AGAINST,False,False
L00185,5355,SHORT,-1,sub1,-1.020269740032398,-8.028372503782066,loss,0.0584830482407189,0.280603609110011,-1.0,ALIGNED,-1.0,ALIGNED,False,False
L00186,5374,SHORT,-1,sub1,0.9778161805040124,7.03042507257851,win,0.0584830482407189,-0.8902372440245565,-1.0,ALIGNED,-1.0,ALIGNED,False,False
L00187,5426,SHORT,-1,sub1,0.9538261923273154,3.2845106830864097,win,0.0584830482407189,-0.3472285357608142,-1.0,ALIGNED,-1.0,ALIGNED,False,False
L00188,5438,LONG,1,sub1,-1.0201997171694208,-8.05565016200353,loss,0.0584830482407189,-1.224127258462312,-1.0,AGAINST,-1.0,AGAINST,False,False
L00189,5447,LONG,1,sub1,-1.021234207226842,-7.646917881796526,loss,0.0584830482407189,0.650939498191151,-1.0,AGAINST,-1.0,AGAINST,False,False
L00190,5457,LONG,1,sub1,0.9849100314333996,10.41043586804335,win,0.0584830482407189,-1.1540247253567992,-1.0,AGAINST,-1.0,AGAINST,False,False
L00191,5539,SHORT,-1,sub1,-1.083133819925547,-2.084607820777819,loss,0.0391043306546371,-0.5537587236473537,-1.0,ALIGNED,0.0,NEUTRAL_MIXED,True,True
L00192,5557,SHORT,-1,sub1,0.9530621761751852,3.23861237510846,win,0.0391043306546371,-0.2323502298993209,-1.0,ALIGNED,0.0,NEUTRAL_MIXED,True,True
L00194,5616,LONG,1,sub1,-1.029163451164331,-5.611029634754232,loss,0.0391043306546371,-0.0137880011027179,0.0,NEUTRAL_MIXED,0.0,NEUTRAL_MIXED,False,False
L00195,5623,LONG,1,sub1,0.9669081865367668,4.660423216869731,win,0.0391043306546371,0.6529203400963037,0.0,NEUTRAL_MIXED,0.0,NEUTRAL_MIXED,False,False
L00197,5727,LONG,1,sub1,-1.0098799222344097,-16.252244078974854,loss,0.0391043306546371,0.9617579662721408,0.0,NEUTRAL_MIXED,0.0,NEUTRAL_MIXED,False,False
L00198,5763,LONG,1,sub1,-1.017744870880093,-9.119335697794211,loss,0.0391043306546371,0.2198961653666574,0.0,NEUTRAL_MIXED,0.0,NEUTRAL_MIXED,False,False
L00199,5794,LONG,1,sub1,0.9751681659933512,6.283342040584557,win,0.0391043306546371,-0.8116332214144656,0.0,NEUTRAL_MIXED,0.0,NEUTRAL_MIXED,False,False
L00200,5824,SHORT,-1,sub1,-1.072427623934301,-2.3691018772751704,loss,0.0173477983637261,-0.4655145613627072,0.0,NEUTRAL_MIXED,0.0,NEUTRAL_MIXED,False,False
L00201,5829,SHORT,-1,sub1,-1.0493097776869442,-3.404792564583204,loss,0.0173477983637261,0.2854068850827052,0.0,NEUTRAL_MIXED,0.0,NEUTRAL_MIXED,False,False
L00203,5853,SHORT,-1,sub1,0.9782383116728508,7.147418399591516,win,0.0173477983637261,-1.2485204364942313,0.0,NEUTRAL_MIXED,0.0,NEUTRAL_MIXED,False,False
L00206,5991,SHORT,-1,sub1,-1.026194513851676,-6.268149244755477,loss,0.0173477983637261,-0.5306151559016594,0.0,NEUTRAL_MIXED,0.0,NEUTRAL_MIXED,False,False
L00207,6002,SHORT,-1,sub1,-1.0184753178655357,-8.765076558836881,loss,0.0173477983637261,-0.4686383539459602,0.0,NEUTRAL_MIXED,0.0,NEUTRAL_MIXED,False,False
L00208,6048,SHORT,-1,sub1,-1.0246290129035691,-6.635602011243464,loss,0.0173477983637261,0.1011288063954366,0.0,NEUTRAL_MIXED,0.0,NEUTRAL_MIXED,False,False
L00209,6102,SHORT,-1,sub1,0.9723447088279776,5.607931592299337,win,0.009381110582778,0.5498050629968694,0.0,NEUTRAL_MIXED,-1.0,ALIGNED,True,True
L00210,6124,LONG,1,sub1,0.9739435812486572,5.943143257559768,win,0.009381110582778,0.3370197020744754,0.0,NEUTRAL_MIXED,-1.0,AGAINST,True,True
L00211,6141,LONG,1,sub1,-1.0165104760174204,-9.789249293350622,loss,0.009381110582778,0.2416783881364166,0.0,NEUTRAL_MIXED,-1.0,AGAINST,True,True
L00212,6162,LONG,1,sub1,0.9735584425545968,5.854261523189962,win,0.009381110582778,1.5015656779642064,0.0,NEUTRAL_MIXED,-1.0,AGAINST,True,True
L00213,6206,LONG,1,sub1,-1.020623199467083,-7.868763960409069,loss,0.009381110582778,0.034357342223597,0.0,NEUTRAL_MIXED,-1.0,AGAINST,True,True
L00214,6217,LONG,1,sub1,-1.0148806647027009,-10.844006562293544,loss,0.009381110582778,-1.4756226384122395,0.0,NEUTRAL_MIXED,-1.0,AGAINST,True,True
L00216,6272,SHORT,-1,sub1,-1.0178578130548364,-9.062665835866936,loss,0.009381110582778,-0.541538372175095,0.0,NEUTRAL_MIXED,-1.0,ALIGNED,True,True
L00217,6285,SHORT,-1,sub1,0.9803742492654022,7.967577641854405,win,0.009381110582778,-0.2565505923354117,0.0,NEUTRAL_MIXED,-1.0,ALIGNED,True,True
L00218,6321,SHORT,-1,sub1,-1.0262393399448164,-6.257714360816408,loss,0.009381110582778,-0.941247152362935,0.0,NEUTRAL_MIXED,-1.0,ALIGNED,True,True
L00219,6353,SHORT,-1,sub1,-1.0496040267952649,-3.364384930862343,loss,0.009381110582778,-0.2974560384508318,0.0,NEUTRAL_MIXED,-1.0,ALIGNED,True,True
L00220,6359,SHORT,-1,sub1,-1.0234713692452075,-6.955013220103865,loss,0.009381110582778,-0.1505789945895362,0.0,NEUTRAL_MIXED,-1.0,ALIGNED,True,True
L00222,6389,LONG,1,sub1,-1.0065424086476864,-24.46197594692057,loss,-0.0045661397951972,-1.6607313396399348,0.0,NEUTRAL_MIXED,0.0,NEUTRAL_MIXED,False,False
L00223,6442,LONG,1,sub1,0.9818950739135492,8.650257037291794,win,-0.0045661397951972,-1.1674896368407333,0.0,NEUTRAL_MIXED,0.0,NEUTRAL_MIXED,False,False
L00224,6526,SHORT,-1,sub1,-1.0591245580120068,-2.866151308012377,loss,-0.0045661397951972,-0.2749123318940271,0.0,NEUTRAL_MIXED,0.0,NEUTRAL_MIXED,False,False
L00226,6533,SHORT,-1,sub1,0.9698797546600592,5.135941594171072,win,-0.0045661397951972,0.367463338991864,0.0,NEUTRAL_MIXED,0.0,NEUTRAL_MIXED,False,False
L00227,6540,LONG,1,sub1,-1.0379231761594996,-4.365371347086239,loss,-0.0045661397951972,-0.3900137120698992,0.0,NEUTRAL_MIXED,0.0,NEUTRAL_MIXED,False,False
L00228,6547,LONG,1,sub1,-1.0175649138944751,-9.211136603394152,loss,-0.0045661397951972,-0.4815720671210575,0.0,NEUTRAL_MIXED,0.0,NEUTRAL_MIXED,False,False
L00229,6561,LONG,1,sub1,0.984902422464385,10.40510876743292,win,-0.0045661397951972,0.0172585143728205,0.0,NEUTRAL_MIXED,0.0,NEUTRAL_MIXED,False,False
L00230,6665,LONG,1,sub1,-1.0374694732311451,-4.430142764293123,loss,-0.0051288736198054,1.3243879348685943,0.0,NEUTRAL_MIXED,0.0,NEUTRAL_MIXED,False,False
L00231,6673,LONG,1,sub1,0.9722191101015364,5.581856759366474,win,-0.0051288736198054,-0.6591967825579176,0.0,NEUTRAL_MIXED,0.0,NEUTRAL_MIXED,False,False
L00232,6681,SHORT,-1,sub1,-1.0249619135907155,-6.528703966076591,loss,-0.0051288736198054,-2.2208117734669583,0.0,NEUTRAL_MIXED,0.0,NEUTRAL_MIXED,False,False
L00234,6704,LONG,1,sub1,0.978736625590684,7.341661242303871,win,-0.0051288736198054,0.4538832736141338,0.0,NEUTRAL_MIXED,0.0,NEUTRAL_MIXED,False,False
L00235,6786,SHORT,-1,sub1,-1.0319950984899706,-5.160765978263953,loss,-0.0051288736198054,0.7610442261864034,0.0,NEUTRAL_MIXED,0.0,NEUTRAL_MIXED,False,False
L00240,6846,SHORT,-1,sub1,-1.0165735929554884,-9.783243048843817,loss,-0.0051288736198054,1.2074040145906686,0.0,NEUTRAL_MIXED,0.0,NEUTRAL_MIXED,False,False
L00241,6884,SHORT,-1,sub1,-1.051904057681891,-3.2426106309540046,loss,-0.0051288736198054,-0.830215944911978,0.0,NEUTRAL_MIXED,0.0,NEUTRAL_MIXED,False,False
L00243,6923,SHORT,-1,sub1,-1.0180981423295723,-9.00068635809157,loss,-0.0004950374574142,-1.5132185596814596,0.0,NEUTRAL_MIXED,0.0,NEUTRAL_MIXED,False,False
L00244,6955,SHORT,-1,sub1,-1.0107114038575642,-15.050171859703369,loss,-0.0004950374574142,-0.6724842151869292,0.0,NEUTRAL_MIXED,0.0,NEUTRAL_MIXED,False,False
L00246,7078,LONG,1,sub1,-1.0753093502554365,-2.270291618641295,loss,-0.0004950374574142,-1.256836473234684,0.0,NEUTRAL_MIXED,0.0,NEUTRAL_MIXED,False,False
L00248,7083,LONG,1,sub1,-1.038505639563735,-4.301750377006101,loss,-0.0004950374574142,-1.4075110952518803,0.0,NEUTRAL_MIXED,0.0,NEUTRAL_MIXED,False,False
L00249,7095,LONG,1,sub1,0.986831683044778,11.915435976922709,win,-0.0004950374574142,-1.9186130213597417,0.0,NEUTRAL_MIXED,0.0,NEUTRAL_MIXED,False,False
L00251,7167,SHORT,-1,sub1,-1.0646962870845462,-2.6248655903204963,loss,-0.0004950374574142,-0.645138916887825,0.0,NEUTRAL_MIXED,0.0,NEUTRAL_MIXED,False,False
L00253,7199,SHORT,-1,sub1,-1.051092899740922,-3.2915505835676413,loss,0.0158008821887075,-0.7326480896604642,0.0,NEUTRAL_MIXED,0.0,NEUTRAL_MIXED,False,False
L00254,7215,SHORT,-1,sub1,-1.0496236203635625,-3.3842709989239665,loss,0.0158008821887075,-0.2003172805519728,0.0,NEUTRAL_MIXED,0.0,NEUTRAL_MIXED,False,False
L00255,7221,SHORT,-1,sub1,-1.035985140587619,-4.591885073260528,loss,0.0158008821887075,1.0675644687844816,1.0,AGAINST,0.0,NEUTRAL_MIXED,True,True
L00256,7246,SHORT,-1,sub1,-1.0286848276631204,-5.737861644452551,loss,0.0158008821887075,0.5490990531378703,1.0,AGAINST,0.0,NEUTRAL_MIXED,True,True
L00259,7368,SHORT,-1,sub1,-1.01939704174458,-8.35612624705118,loss,0.0158008821887075,-0.7675624423474162,1.0,AGAINST,0.0,NEUTRAL_MIXED,True,True
L00260,7380,SHORT,-1,sub1,0.974046106143016,5.96724837243346,win,0.0158008821887075,-0.5125269821958073,1.0,AGAINST,0.0,NEUTRAL_MIXED,True,True
L00261,7390,LONG,1,sub1,0.9604535151219492,17.21441118262432,win,0.0158008821887075,-1.441217906902151,1.0,ALIGNED,0.0,NEUTRAL_MIXED,True,True
L00263,7631,SHORT,-1,sub1,-1.0337139019391497,-4.875155379659645,loss,0.0224102485403793,1.0737225921331237,0.0,NEUTRAL_MIXED,0.0,NEUTRAL_MIXED,False,False
L00265,7652,SHORT,-1,sub1,0.9856452707946084,10.917488990118729,win,0.0224102485403793,-0.9447771054399364,0.0,NEUTRAL_MIXED,0.0,NEUTRAL_MIXED,False,False
L00266,7662,LONG,1,sub1,-1.082096107509115,-23.8164696960908,loss,0.0224102485403793,-0.8254093677889462,0.0,NEUTRAL_MIXED,0.0,NEUTRAL_MIXED,False,False
L00267,7889,LONG,1,sub1,0.977292342052128,6.886081122375344,win,0.0408930756284705,-0.882006811122406,0.0,NEUTRAL_MIXED,0.0,NEUTRAL_MIXED,False,False
L00268,7941,SHORT,-1,sub1,-1.0384735162182774,-4.3052089363714,loss,0.0408930756284705,-0.1653045421705818,0.0,NEUTRAL_MIXED,0.0,NEUTRAL_MIXED,False,False
L00269,7976,SHORT,-1,sub1,-1.0612539909988663,-2.7720746973500354,loss,0.0408930756284705,0.0937067421942535,0.0,NEUTRAL_MIXED,0.0,NEUTRAL_MIXED,False,False
L00270,8006,SHORT,-1,sub1,0.9241146371450542,1.942354613315274,win,0.0563304687490504,0.6049497944810033,0.0,NEUTRAL_MIXED,0.0,NEUTRAL_MIXED,False,False
L00271,8011,LONG,1,sub1,-1.0418784301652155,-3.968143241174402,loss,0.0563304687490504,0.3499306263240656,0.0,NEUTRAL_MIXED,0.0,NEUTRAL_MIXED,False,False
L00273,8106,LONG,1,sub1,-1.0119932065262882,-13.416505376158511,loss,0.0563304687490504,-0.298169248352382,0.0,NEUTRAL_MIXED,0.0,NEUTRAL_MIXED,False,False
L00274,8134,LONG,1,sub1,-1.0209451049261862,-7.774644472269301,loss,0.0563304687490504,0.3885328051340142,0.0,NEUTRAL_MIXED,0.0,NEUTRAL_MIXED,False,False
L00276,8164,SHORT,-1,sub1,-1.0376639635310725,-4.380541895569877,loss,0.0563304687490504,-0.9030856570886056,0.0,NEUTRAL_MIXED,0.0,NEUTRAL_MIXED,False,False
L00278,8180,LONG,1,sub1,0.9860653559372262,11.286791651313706,win,0.0563304687490504,0.5290108169587782,0.0,NEUTRAL_MIXED,0.0,NEUTRAL_MIXED,False,False
L00280,8264,SHORT,-1,sub1,-1.0772548438700298,-2.231067547156272,loss,0.0577901918357092,0.9894880895197856,0.0,NEUTRAL_MIXED,0.0,NEUTRAL_MIXED,False,False
L00281,8272,SHORT,-1,sub1,-1.097159635112335,-1.8011282318816484,loss,0.0577901918357092,0.1063514583233725,0.0,NEUTRAL_MIXED,0.0,NEUTRAL_MIXED,False,False
L00283,8311,LONG,1,sub1,-1.0211946568379782,-7.684981597510159,loss,0.0577901918357092,-0.1067434610965745,0.0,NEUTRAL_MIXED,0.0,NEUTRAL_MIXED,False,False
L00284,8341,LONG,1,sub1,0.9695918050954137,5.085796555755223,win,0.0577901918357092,0.2707284693447711,0.0,NEUTRAL_MIXED,0.0,NEUTRAL_MIXED,False,False
L00285,8388,SHORT,-1,sub1,-1.0269579719951705,-6.076117170917769,loss,0.0577901918357092,-0.1350415705362701,0.0,NEUTRAL_MIXED,0.0,NEUTRAL_MIXED,False,False
L00287,8435,LONG,1,sub1,0.9709701263265376,5.334840133679791,win,0.0577901918357092,-0.2829652433052974,0.0,NEUTRAL_MIXED,0.0,NEUTRAL_MIXED,False,False
L00289,8454,LONG,1,sub1,-1.01671135422961,-9.673489239772152,loss,0.0577901918357092,0.14496923573368,0.0,NEUTRAL_MIXED,0.0,NEUTRAL_MIXED,False,False
L00290,8480,LONG,1,sub1,-1.036027293333882,-4.57232071566159,loss,0.0577901918357092,-0.5588019887435363,0.0,NEUTRAL_MIXED,0.0,NEUTRAL_MIXED,False,False
L00292,8569,LONG,1,sub1,-1.0130029646857914,-12.38698060609886,loss,0.0549606450974112,0.9624118791979096,-1.0,AGAINST,-1.0,AGAINST,False,False
L00294,8705,SHORT,-1,sub1,-1.0273822504979078,-5.984441233808866,loss,0.0549606450974112,-0.7470419725985308,-1.0,ALIGNED,-1.0,ALIGNED,False,False
L00295,8726,SHORT,-1,sub1,0.9807320654914802,8.143951828832996,win,0.0549606450974112,-0.2770244846928362,-1.0,ALIGNED,-1.0,ALIGNED,False,False
L00296,8764,SHORT,-1,sub1,0.9785300458524968,7.269486522465741,win,0.0549606450974112,1.0969474195355022,-1.0,ALIGNED,-1.0,ALIGNED,False,False
L00297,8815,SHORT,-1,sub1,0.960619705463019,3.890749036354464,win,0.0568845941605941,-0.2234484573998899,-1.0,ALIGNED,0.0,NEUTRAL_MIXED,True,True
L00298,8836,LONG,1,sub1,0.6764171607156868,1.4827198288904977,win,0.0568845941605941,0.1759959682693438,-1.0,AGAINST,0.0,NEUTRAL_MIXED,True,True
L00300,8856,SHORT,-1,sub1,0.978528201506932,7.291634759496901,win,0.0568845941605941,-0.5574671395145534,0.0,NEUTRAL_MIXED,0.0,NEUTRAL_MIXED,False,False
L00301,8875,LONG,1,sub1,-1.0247308065329848,-6.588228249696385,loss,0.0568845941605941,-1.2190653593917795,0.0,NEUTRAL_MIXED,0.0,NEUTRAL_MIXED,False,False
L00302,8895,LONG,1,sub1,-1.0493544642614523,-3.3805930692174115,loss,0.0568845941605941,-0.0672048246365013,0.0,NEUTRAL_MIXED,0.0,NEUTRAL_MIXED,False,False
L00304,8926,LONG,1,sub1,-1.0179672463342757,-9.00843619303123,loss,0.0568845941605941,0.4318641877645489,0.0,NEUTRAL_MIXED,0.0,NEUTRAL_MIXED,False,False
L00307,9017,LONG,1,sub1,0.9850342550702854,10.465262323485147,win,0.0568845941605941,-0.1071017644180825,0.0,NEUTRAL_MIXED,0.0,NEUTRAL_MIXED,False,False
L00308,9111,SHORT,-1,sub1,0.9729499712267736,5.7369817130852425,win,0.0487954127218742,1.670982352769201,0.0,NEUTRAL_MIXED,0.0,NEUTRAL_MIXED,False,False
L00309,9215,SHORT,-1,sub1,0.9756124420998152,6.380720248889702,win,0.0487954127218742,0.9440470353395864,0.0,NEUTRAL_MIXED,0.0,NEUTRAL_MIXED,False,False
L00312,9295,SHORT,-1,sub1,0.9629244420616704,4.155511590304286,win,0.0487954127218742,-0.3714787921944734,0.0,NEUTRAL_MIXED,0.0,NEUTRAL_MIXED,False,False
L00313,9307,SHORT,-1,sub1,0.9654120256510128,4.451929347970236,win,0.0487954127218742,0.6751640938088941,0.0,NEUTRAL_MIXED,0.0,NEUTRAL_MIXED,False,False
L00314,9358,SHORT,-1,sub1,-1.0784491059073449,-2.1995388596119483,loss,0.0487954127218742,0.0907966720057598,0.0,NEUTRAL_MIXED,0.0,NEUTRAL_MIXED,False,False
L00315,9382,SHORT,-1,sub1,0.9622481116973404,4.052709854748173,win,0.0527322205704153,1.8013569675301082,0.0,NEUTRAL_MIXED,0.0,NEUTRAL_MIXED,False,False
L00316,9388,LONG,1,sub1,-1.0392142806950486,-4.226895784716817,loss,0.0527322205704153,-0.7112061457144326,0.0,NEUTRAL_MIXED,0.0,NEUTRAL_MIXED,False,False
L00317,9409,LONG,1,sub1,-1.0183289038584158,-8.86160249515342,loss,0.0527322205704153,-1.1910014244149223,0.0,NEUTRAL_MIXED,0.0,NEUTRAL_MIXED,False,False
L00318,9446,LONG,1,sub1,-1.040806980126166,-4.080897834271582,loss,0.0527322205704153,0.6964269601231136,0.0,NEUTRAL_MIXED,0.0,NEUTRAL_MIXED,False,False
L00320,9476,LONG,1,sub1,0.9760171324325436,6.470732643623251,win,0.0527322205704153,-1.7318616311776982,0.0,NEUTRAL_MIXED,0.0,NEUTRAL_MIXED,False,False
L00323,9550,SHORT,-1,sub1,0.9581380204909632,3.6391959253824098,win,0.0527322205704153,-0.1763302212921474,0.0,NEUTRAL_MIXED,0.0,NEUTRAL_MIXED,False,False
L00324,9562,LONG,1,sub1,0.9872252222821508,12.326040141876549,win,0.0527322205704153,-1.5486181689936405,0.0,NEUTRAL_MIXED,0.0,NEUTRAL_MIXED,False,False
L00325,9660,SHORT,-1,sub1,0.955460117965332,3.432286119557375,win,0.0601184602614624,0.5232759107477484,0.0,NEUTRAL_MIXED,1.0,AGAINST,True,True
L00326,9668,LONG,1,sub1,-1.0283425407273863,-5.768941660805467,loss,0.0601184602614624,0.0090699649144921,0.0,NEUTRAL_MIXED,1.0,ALIGNED,True,True
L00327,9677,LONG,1,sub1,0.9798258568109474,7.770944005923411,win,0.0601184602614624,0.2994631933075261,0.0,NEUTRAL_MIXED,1.0,ALIGNED,True,True
L00329,9699,LONG,1,sub1,-1.0077054382462072,-20.85916624912761,loss,0.0601184602614624,-1.708241787720946,0.0,NEUTRAL_MIXED,1.0,ALIGNED,True,True
L00330,9810,LONG,1,sub1,0.969594192683705,5.1021526649651605,win,0.0601184602614624,-0.8557372234620206,0.0,NEUTRAL_MIXED,1.0,ALIGNED,True,True
L00331,9814,SHORT,-1,sub1,-1.0270603335031083,-6.0537362990990005,loss,0.0601184602614624,-0.5273948535002067,0.0,NEUTRAL_MIXED,1.0,AGAINST,True,True
L00332,9827,SHORT,-1,sub1,-1.026164565840819,-6.275140643772375,loss,0.0601184602614624,0.2376418475197709,0.0,NEUTRAL_MIXED,1.0,AGAINST,True,True
L00333,9847,SHORT,-1,sub1,0.9856408274833756,10.982703370588752,win,0.0601184602614624,-1.319599275285799,0.0,NEUTRAL_MIXED,1.0,AGAINST,True,True
L00334,10013,LONG,1,sub1,0.961649119828592,3.9994658252139743,win,0.0734924077490866,-1.2298130591624,0.0,NEUTRAL_MIXED,0.0,NEUTRAL_MIXED,False,False
L00336,10086,LONG,1,sub1,-1.0441178672935143,-3.762982008962808,loss,0.0734924077490866,-1.0349216735381774,0.0,NEUTRAL_MIXED,0.0,NEUTRAL_MIXED,False,False
L00337,10091,LONG,1,sub1,-1.025949002680363,-6.286403120581781,loss,0.0734924077490866,1.1803897562401997,0.0,NEUTRAL_MIXED,0.0,NEUTRAL_MIXED,False,False
L00338,10103,LONG,1,sub1,-1.012625107799746,-12.752951871274036,loss,0.0734924077490866,-1.8025240971284524,0.0,NEUTRAL_MIXED,0.0,NEUTRAL_MIXED,False,False
L00339,10112,LONG,1,sub1,-1.013157933211272,-12.242964665775617,loss,0.0734924077490866,0.265843122897472,0.0,NEUTRAL_MIXED,0.0,NEUTRAL_MIXED,False,False
L00340,10142,LONG,1,sub1,0.9862568651711748,11.44629460118631,win,0.0734924077490866,1.6517213153053265,0.0,NEUTRAL_MIXED,0.0,NEUTRAL_MIXED,False,False
L00341,10211,SHORT,-1,sub1,-1.0345412321003895,-4.792145128315951,loss,0.078232456122945,-0.224014513452466,0.0,NEUTRAL_MIXED,0.0,NEUTRAL_MIXED,False,False
L00343,10236,SHORT,-1,sub1,-1.0279255672295569,-5.871111824698346,loss,0.078232456122945,-1.6018667550226522,0.0,NEUTRAL_MIXED,0.0,NEUTRAL_MIXED,False,False
L00345,10312,LONG,1,sub1,0.9750451283220978,6.251573742594701,win,0.078232456122945,0.521476712299016,0.0,NEUTRAL_MIXED,0.0,NEUTRAL_MIXED,False,False
L00346,10341,LONG,1,sub1,0.9705391312085068,5.2709328462865415,win,0.078232456122945,-0.2455437193697079,0.0,NEUTRAL_MIXED,0.0,NEUTRAL_MIXED,False,False
L00348,10366,LONG,1,sub1,-1.0316052278304844,-5.189813283563126,loss,0.078232456122945,-1.2217069868269987,0.0,NEUTRAL_MIXED,0.0,NEUTRAL_MIXED,False,False
L00349,10370,LONG,1,sub1,-1.0116741238095253,-13.77886583266445,loss,0.078232456122945,0.1290511389978743,0.0,NEUTRAL_MIXED,0.0,NEUTRAL_MIXED,False,False
L00350,10402,LONG,1,sub1,-1.0121162397543595,-13.323650201167766,loss,0.078232456122945,-0.1138280020630276,0.0,NEUTRAL_MIXED,0.0,NEUTRAL_MIXED,False,False
L00351,10441,LONG,1,sub1,-1.0268696479275368,-6.095565869932216,loss,0.078232456122945,-1.29356502546152,0.0,NEUTRAL_MIXED,0.0,NEUTRAL_MIXED,False,False
L00352,10463,LONG,1,sub1,0.7368242495203464,3.5237555084616234,win,0.078232456122945,-1.8371562270820825,0.0,NEUTRAL_MIXED,0.0,NEUTRAL_MIXED,False,False
L00353,10476,SHORT,-1,sub1,0.9740983365832292,5.979601889819605,win,0.0807620926849927,-0.2845937246904925,0.0,NEUTRAL_MIXED,0.0,NEUTRAL_MIXED,False,False
L00354,10507,LONG,1,sub1,-1.017106448651674,-9.453740436033511,loss,0.0807620926849927,-0.5858796527530175,0.0,NEUTRAL_MIXED,0.0,NEUTRAL_MIXED,False,False
L00355,10520,LONG,1,sub1,0.9818642798537413,8.63529826074955,win,0.0807620926849927,-0.0327530774194008,0.0,NEUTRAL_MIXED,0.0,NEUTRAL_MIXED,False,False
L00356,10583,SHORT,-1,sub1,0.9722237940404908,5.5828249320757095,win,0.0807620926849927,-0.4089908090407534,0.0,NEUTRAL_MIXED,0.0,NEUTRAL_MIXED,False,False
L00357,10634,SHORT,-1,sub1,0.9591740098335638,3.7473250237048887,win,0.0807620926849927,0.5037064510600576,0.0,NEUTRAL_MIXED,0.0,NEUTRAL_MIXED,False,False
L00359,10645,SHORT,-1,sub1,0.9646227362961732,4.3490454130956095,win,0.0807620926849927,-0.0384930793885574,0.0,NEUTRAL_MIXED,0.0,NEUTRAL_MIXED,False,False
L00360,10654,LONG,1,sub1,0.970389200891702,5.227048313553041,win,0.0807620926849927,-1.0876994002378249,0.0,NEUTRAL_MIXED,0.0,NEUTRAL_MIXED,False,False
L00361,10666,SHORT,-1,sub1,-1.0246145176466244,-6.660228941995683,loss,0.0807620926849927,-1.4293823217297286,0.0,NEUTRAL_MIXED,0.0,NEUTRAL_MIXED,False,False
L00362,10699,SHORT,-1,sub1,0.9593259589175186,3.773712897506357,win,0.0807620926849927,-0.4147954556735564,0.0,NEUTRAL_MIXED,0.0,NEUTRAL_MIXED,False,False
L00363,10756,LONG,1,sub1,0.9459945990896672,2.802666646351099,win,0.0741384161192437,-0.0587661921182881,0.0,NEUTRAL_MIXED,-1.0,AGAINST,True,True
L00365,10801,LONG,1,sub1,0.966609307013807,4.617280166428827,win,0.0741384161192437,0.2800090232723802,0.0,NEUTRAL_MIXED,-1.0,AGAINST,True,True
L00366,10856,SHORT,-1,sub1,-1.0279772596651129,-5.860558713718092,loss,0.0741384161192437,0.7382012846342823,0.0,NEUTRAL_MIXED,-1.0,ALIGNED,True,True
L00367,10869,SHORT,-1,sub1,-1.0314611120486157,-5.24564350022365,loss,0.0741384161192437,0.3772220784823311,0.0,NEUTRAL_MIXED,-1.0,ALIGNED,True,True
L00371,10958,LONG,1,sub1,-1.0373593523820417,-4.428845955697398,loss,0.0741384161192437,0.9845491003317344,0.0,NEUTRAL_MIXED,-1.0,AGAINST,True,True
L00372,10973,LONG,1,sub1,-1.0470552787380454,-3.538004529646514,loss,0.0741384161192437,0.7881889386344189,0.0,NEUTRAL_MIXED,-1.0,AGAINST,True,True
L00373,10996,LONG,1,sub1,0.9533679389818576,3.271115771134646,win,0.0741384161192437,0.2289601381422155,0.0,NEUTRAL_MIXED,-1.0,AGAINST,True,True
L00375,11032,SHORT,-1,sub1,0.9538961569612738,3.289736363823522,win,0.0706204640599328,-1.1193562269393564,0.0,NEUTRAL_MIXED,0.0,NEUTRAL_MIXED,False,False
L00377,11056,SHORT,-1,sub1,-1.0376187233113334,-4.41320122311663,loss,0.0706204640599328,-1.0157414731616583,0.0,NEUTRAL_MIXED,0.0,NEUTRAL_MIXED,False,False
L00379,11092,SHORT,-1,sub1,-1.056690307853792,-2.9730320840221798,loss,0.0706204640599328,-0.6222795584174202,0.0,NEUTRAL_MIXED,0.0,NEUTRAL_MIXED,False,False
L00380,11098,SHORT,-1,sub1,-1.0537793263677029,-3.135120939706212,loss,0.0706204640599328,0.5370680366813242,0.0,NEUTRAL_MIXED,0.0,NEUTRAL_MIXED,False,False
L00383,11181,LONG,1,sub1,0.8960736728425684,1.3752410455308564,win,0.0706204640599328,-0.4328954543491671,0.0,NEUTRAL_MIXED,0.0,NEUTRAL_MIXED,False,False
L00384,11188,SHORT,-1,sub1,-1.0323837086106886,-5.068876194573932,loss,0.0706204640599328,0.2513258115932094,0.0,NEUTRAL_MIXED,0.0,NEUTRAL_MIXED,False,False
L00385,11198,SHORT,-1,sub1,0.9905174542446352,16.660877577352494,win,0.0706204640599328,-2.5660332786890336,0.0,NEUTRAL_MIXED,0.0,NEUTRAL_MIXED,False,False
L00387,11313,SHORT,-1,sub1,0.9794112431472484,7.611231703990597,win,0.0688906567726715,0.8340212341769039,0.0,NEUTRAL_MIXED,1.0,AGAINST,True,True
L00388,11340,SHORT,-1,sub1,-1.0232600781275718,-7.038738718000786,loss,0.0688906567726715,-0.0916131726215425,0.0,NEUTRAL_MIXED,1.0,AGAINST,True,True
L00389,11356,SHORT,-1,sub1,0.958282277341437,3.675300438362228,win,0.0688906567726715,-0.5505743490598083,0.0,NEUTRAL_MIXED,1.0,AGAINST,True,True
L00391,11457,SHORT,-1,sub1,0.9515466583001556,3.142145824967429,win,0.0688906567726715,0.671363605613665,0.0,NEUTRAL_MIXED,1.0,AGAINST,True,True
L00392,11463,LONG,1,sub1,0.9742060485998189,6.043004631494114,win,0.0688906567726715,-1.6468199119444578,0.0,NEUTRAL_MIXED,1.0,ALIGNED,True,True
L00393,11478,SHORT,-1,sub1,-1.0209086572516828,-7.81233262346268,loss,0.0688906567726715,-0.2914511948631732,0.0,NEUTRAL_MIXED,1.0,AGAINST,True,True
L00394,11490,SHORT,-1,sub1,0.983710496845566,9.662276252563515,win,0.0688906567726715,-0.8500386445668577,0.0,NEUTRAL_MIXED,1.0,AGAINST,True,True
L00395,11581,LONG,1,sub1,0.9559999298327136,3.476357837420437,win,0.0736287132256275,-1.0908544844884147,0.0,NEUTRAL_MIXED,1.0,ALIGNED,True,True
L00397,11762,SHORT,-1,sub1,0.9814575848274552,8.468865145720883,win,0.0736287132256275,1.179548484425796,1.0,AGAINST,1.0,AGAINST,False,False
L00398,11769,LONG,1,sub1,-1.1044684418974262,-19.113604643082063,loss,0.0736287132256275,-1.6423677962138628,1.0,ALIGNED,1.0,ALIGNED,False,False
L00399,11951,LONG,1,sub1,-1.0255687015385542,-6.417650579502151,loss,0.0911519829137158,-0.8157130633718482,0.0,NEUTRAL_MIXED,1.0,ALIGNED,True,True
L00400,11962,LONG,1,sub1,0.9724866840960946,5.655365932579116,win,0.0911519829137158,-0.146648154982841,0.0,NEUTRAL_MIXED,1.0,ALIGNED,True,True
L00401,12009,SHORT,-1,sub1,0.9574295633154803,3.598476831834887,win,0.0911519829137158,0.5815428932252461,0.0,NEUTRAL_MIXED,1.0,AGAINST,True,True
L00402,12016,LONG,1,sub1,-1.026628350444377,-6.168633555205361,loss,0.0911519829137158,-1.1888020882302233,0.0,NEUTRAL_MIXED,1.0,ALIGNED,True,True
L00403,12032,LONG,1,sub1,-1.0168817306511866,-9.63770126806321,loss,0.0911519829137158,0.1338589486700694,0.0,NEUTRAL_MIXED,1.0,ALIGNED,True,True
L00404,12048,LONG,1,sub1,-1.0498968416120482,-14.924628607664417,loss,0.0911519829137158,1.5724104942793624,0.0,NEUTRAL_MIXED,1.0,ALIGNED,True,True
L00405,12194,LONG,1,sub1,-1.0119272516394748,-13.57465786387138,loss,0.0989033550118408,0.5496812722204275,0.0,NEUTRAL_MIXED,1.0,ALIGNED,True,True
L00406,12325,LONG,1,sub1,0.891051953826073,14.78624797685955,win,0.0989033550118408,-0.8322549989808534,0.0,NEUTRAL_MIXED,1.0,ALIGNED,True,True
L00407,12484,SHORT,-1,sub1,0.9736448454081,5.910918667615533,win,0.1113649817903912,-0.4053957747592532,-1.0,ALIGNED,0.0,NEUTRAL_MIXED,True,True
L00408,12563,SHORT,-1,sub1,-1.0347323132121902,-4.766661209760514,loss,0.1113649817903912,-1.4364362391205825,-1.0,ALIGNED,0.0,NEUTRAL_MIXED,True,True
L00409,12577,SHORT,-1,sub1,-1.0419681426315393,-3.972415560168429,loss,0.1113649817903912,-0.5480251537558531,-1.0,ALIGNED,0.0,NEUTRAL_MIXED,True,True
L00411,12597,LONG,1,sub1,-1.012778902617625,-12.680636926927946,loss,0.1113649817903912,-1.430645995628574,-1.0,AGAINST,0.0,NEUTRAL_MIXED,True,True
L00413,12690,SHORT,-1,sub1,-1.0288271268480984,-5.710327677224086,loss,0.1157185965228053,0.3271178030603817,-1.0,ALIGNED,-1.0,ALIGNED,False,False
L00414,12714,SHORT,-1,sub1,0.9807687032191906,8.159771767004258,win,0.1157185965228053,0.4554112374356312,-1.0,ALIGNED,-1.0,ALIGNED,False,False
L00415,12745,LONG,1,sub1,-1.0319779151991106,-5.163453133314306,loss,0.1157185965228053,-0.8631396632974909,-1.0,AGAINST,-1.0,AGAINST,False,False
L00416,12780,LONG,1,sub1,0.9820965340629276,8.776817070070592,win,0.1157185965228053,-1.876419754428208,-1.0,AGAINST,-1.0,AGAINST,False,False
L00417,12836,LONG,1,sub1,-1.0863547959466566,-2.0128212387726307,loss,0.1157185965228053,-1.0934942461180774,-1.0,AGAINST,-1.0,AGAINST,False,False
L00418,12849,LONG,1,sub1,-1.0295334848367712,-5.57757943175875,loss,0.1157185965228053,-1.4867168306162029,-1.0,AGAINST,-1.0,AGAINST,False,False
L00421,12924,SHORT,-1,sub1,0.9569046229512146,3.552695211338687,win,0.115477226471064,-1.0527252176561732,-1.0,ALIGNED,-1.0,ALIGNED,False,False
L00422,12951,LONG,1,sub1,-1.0288503466742884,-5.705860568200478,loss,0.115477226471064,-1.685380687905309,-1.0,AGAINST,-1.0,AGAINST,False,False
L00423,12971,LONG,1,sub1,-1.0212417421557158,-7.692338865002057,loss,0.115477226471064,-0.7479333375684944,-1.0,AGAINST,-1.0,AGAINST,False,False
L00424,13012,LONG,1,sub1,0.9686616084359992,4.945558773592438,win,0.115477226471064,-0.1130186836580646,-1.0,AGAINST,-1.0,AGAINST,False,False
L00425,13069,LONG,1,sub1,-1.0502146103873533,-3.3463236369975675,loss,0.115477226471064,-1.1963615936964722,-1.0,AGAINST,-1.0,AGAINST,False,False
L00426,13078,LONG,1,sub1,-1.0373443376585816,-4.444451406332064,loss,0.115477226471064,-0.9742173369071152,-1.0,AGAINST,-1.0,AGAINST,False,False
L00428,13105,SHORT,-1,sub1,-1.0187901982241812,-8.675077812960353,loss,0.115477226471064,0.2848213859835888,-1.0,ALIGNED,-1.0,ALIGNED,False,False
L00429,13193,SHORT,-1,sub1,0.9862476236696132,11.474352940613244,win,0.1070401048237444,1.3773158650579,0.0,NEUTRAL_MIXED,-1.0,ALIGNED,True,True
L00430,13217,LONG,1,sub1,-1.0195542676404554,-8.342357066077511,loss,0.1070401048237444,-0.4493099051040627,0.0,NEUTRAL_MIXED,-1.0,AGAINST,True,True
L00432,13274,LONG,1,sub1,0.9819498430363188,8.704188844551027,win,0.1070401048237444,-0.7999997957132058,0.0,NEUTRAL_MIXED,-1.0,AGAINST,True,True
L00434,13362,LONG,1,sub1,0.979955887408351,7.822393796097458,win,0.1070401048237444,0.5018098431785001,0.0,NEUTRAL_MIXED,-1.0,AGAINST,True,True
L00435,13374,SHORT,-1,sub1,-1.0123941940870385,-13.06927016926238,loss,0.1070401048237444,-1.0788453404611789,0.0,NEUTRAL_MIXED,-1.0,ALIGNED,True,True
L00436,13404,SHORT,-1,sub1,0.9648275827257224,4.389019157601979,win,0.1070401048237444,-0.3958633805397138,0.0,NEUTRAL_MIXED,-1.0,ALIGNED,True,True
L00437,13484,LONG,1,sub1,-1.0120245076912924,-13.4661580654747,loss,0.1047340887928024,-1.1648416853981614,0.0,NEUTRAL_MIXED,0.0,NEUTRAL_MIXED,False,False
L00438,13571,LONG,1,sub1,0.9781618925524136,7.166642218602192,win,0.1047340887928024,2.374699776421916,0.0,NEUTRAL_MIXED,0.0,NEUTRAL_MIXED,False,False
L00440,13635,LONG,1,sub1,-1.014960361006762,-10.854929081426237,loss,0.1047340887928024,-0.536040797166857,0.0,NEUTRAL_MIXED,0.0,NEUTRAL_MIXED,False,False
L00441,13650,LONG,1,sub1,0.9848512004196832,10.401892983767992,win,0.1047340887928024,-1.479943750948322,0.0,NEUTRAL_MIXED,0.0,NEUTRAL_MIXED,False,False
L00442,13734,SHORT,-1,sub1,0.9071897311206604,1.563947165888294,win,0.0907209844104891,0.6203148430486746,0.0,NEUTRAL_MIXED,0.0,NEUTRAL_MIXED,False,False
L00443,13742,LONG,1,sub1,-1.1227938769079526,-1.4629965665126292,loss,0.0907209844104891,-0.604895307553679,0.0,NEUTRAL_MIXED,0.0,NEUTRAL_MIXED,False,False
L00445,13765,SHORT,-1,sub1,-1.0404427484247,-4.11620985793661,loss,0.0907209844104891,-0.600783781316401,-1.0,ALIGNED,0.0,NEUTRAL_MIXED,True,True
L00446,13783,SHORT,-1,sub1,0.9521958228322326,3.186987846655029,win,0.0907209844104891,-0.8355775394540703,-1.0,ALIGNED,0.0,NEUTRAL_MIXED,True,True
L00447,13851,SHORT,-1,sub1,0.9685985326496984,4.935303293153993,win,0.0907209844104891,-0.3246175796522152,-1.0,ALIGNED,0.0,NEUTRAL_MIXED,True,True
L00448,13894,SHORT,-1,sub1,0.9340313983660592,2.2653962648428205,win,0.0907209844104891,-0.2253815095660839,-1.0,ALIGNED,0.0,NEUTRAL_MIXED,True,True
L00449,13902,LONG,1,sub1,0.9510686331925884,3.10988617811563,win,0.0907209844104891,-1.593341248845997,-1.0,AGAINST,0.0,NEUTRAL_MIXED,True,True
L00450,13907,SHORT,-1,sub1,0.9569645839440014,3.5578680878015803,win,0.0907209844104891,-0.07964161059705,-1.0,ALIGNED,0.0,NEUTRAL_MIXED,True,True
L00453,13995,SHORT,-1,sub1,-1.0515572420300694,-3.2633467598311654,loss,0.0907209844104891,-0.6539089527800297,-1.0,ALIGNED,0.0,NEUTRAL_MIXED,True,True
L00455,14059,LONG,1,sub1,0.9427346717063466,2.634011747900786,win,0.0872832865672728,0.0697990725851266,0.0,NEUTRAL_MIXED,0.0,NEUTRAL_MIXED,False,False
L00456,14074,SHORT,-1,sub1,0.9610578600506028,3.948659673242673,win,0.0872832865672728,-0.3188278008893648,0.0,NEUTRAL_MIXED,0.0,NEUTRAL_MIXED,False,False
L00460,14198,LONG,1,sub1,0.9872509617891094,12.389966307511711,win,0.0872832865672728,0.71662159300667,0.0,NEUTRAL_MIXED,0.0,NEUTRAL_MIXED,False,False
L00461,14298,LONG,1,sub1,-1.0374563554277845,-4.431638235287664,loss,0.080099791090907,0.3785774974521197,0.0,NEUTRAL_MIXED,0.0,NEUTRAL_MIXED,False,False
L00463,14364,LONG,1,sub1,-1.0300376598810197,-5.486646637375088,loss,0.080099791090907,-0.2121311309614581,0.0,NEUTRAL_MIXED,0.0,NEUTRAL_MIXED,False,False
L00464,14372,LONG,1,sub1,-1.0258619899986603,-6.346685556994544,loss,0.080099791090907,0.940482788148239,0.0,NEUTRAL_MIXED,0.0,NEUTRAL_MIXED,False,False
L00465,14392,LONG,1,sub1,-1.0256737826915772,-6.392038415295247,loss,0.080099791090907,0.5287752848102414,0.0,NEUTRAL_MIXED,0.0,NEUTRAL_MIXED,False,False
L00467,14441,LONG,1,sub1,-1.0248709261289868,-6.593214395396899,loss,0.080099791090907,-0.2375031949503655,0.0,NEUTRAL_MIXED,0.0,NEUTRAL_MIXED,False,False
L00468,14457,LONG,1,sub1,-1.0233020501036028,-7.026348638359195,loss,0.080099791090907,-0.8857767634091508,0.0,NEUTRAL_MIXED,0.0,NEUTRAL_MIXED,False,False
L00469,14473,LONG,1,sub1,0.982080317575613,8.768729662201622,win,0.080099791090907,-1.2119785017528246,0.0,NEUTRAL_MIXED,0.0,NEUTRAL_MIXED,False,False
L00470,14568,LONG,1,sub1,0.9556049170636742,15.26769459233323,win,0.0610954869246674,-2.868277793345279,0.0,NEUTRAL_MIXED,0.0,NEUTRAL_MIXED,False,False
L00471,14623,SHORT,-1,sub1,-1.0409610118819117,-4.066153501801182,loss,0.0610954869246674,0.3686140859627613,0.0,NEUTRAL_MIXED,0.0,NEUTRAL_MIXED,False,False
L00472,14676,SHORT,-1,sub1,0.942365121765688,2.616096782045588,win,0.0610954869246674,-0.4723020819546864,0.0,NEUTRAL_MIXED,0.0,NEUTRAL_MIXED,False,False
L00474,14738,SHORT,-1,sub1,0.9648425080430568,4.39095034070715,win,0.0610954869246674,-0.731135265412286,0.0,NEUTRAL_MIXED,0.0,NEUTRAL_MIXED,False,False
L00475,14766,SHORT,-1,sub1,-1.0390523150261557,-4.25706825044017,loss,0.0610954869246674,0.0240849758340285,0.0,NEUTRAL_MIXED,0.0,NEUTRAL_MIXED,False,False
L00476,14773,SHORT,-1,sub1,-1.0441968467821945,-3.780167764192356,loss,0.0610954869246674,0.1641928624285235,0.0,NEUTRAL_MIXED,0.0,NEUTRAL_MIXED,False,False
L00477,14794,SHORT,-1,sub1,-1.044674673770006,-3.7414475293890064,loss,0.0610954869246674,-0.19152667481214,0.0,NEUTRAL_MIXED,0.0,NEUTRAL_MIXED,False,False
L00480,14853,SHORT,-1,sub1,-1.030747001346814,-5.363759488449432,loss,0.048744991896142,-1.724061411183775,0.0,NEUTRAL_MIXED,-1.0,ALIGNED,True,True
L00481,14882,SHORT,-1,sub1,-1.04660679332961,-3.5929759369691965,loss,0.048744991896142,-0.324686807103844,0.0,NEUTRAL_MIXED,-1.0,ALIGNED,True,True
L00482,14909,SHORT,-1,sub1,-1.0531354176874252,-3.17117422170395,loss,0.048744991896142,-0.4413448769943809,0.0,NEUTRAL_MIXED,-1.0,ALIGNED,True,True
L00483,14934,SHORT,-1,sub1,-1.0376292309906046,-4.412013548716914,loss,0.048744991896142,0.7454117199954708,0.0,NEUTRAL_MIXED,-1.0,ALIGNED,True,True
L00484,14964,SHORT,-1,sub1,-1.044148970373272,-3.784093577881322,loss,0.048744991896142,0.1727740450652443,0.0,NEUTRAL_MIXED,-1.0,ALIGNED,True,True
L00485,14987,SHORT,-1,sub1,-1.055340235846446,-3.051205603890139,loss,0.048744991896142,0.0732656265802041,0.0,NEUTRAL_MIXED,-1.0,ALIGNED,True,True
L00486,14999,SHORT,-1,sub1,-1.0423222414198907,-3.940518106601303,loss,0.048744991896142,0.0175390163528521,0.0,NEUTRAL_MIXED,-1.0,ALIGNED,True,True
L00488,15026,LONG,1,sub1,0.9669609651623204,4.682756478388001,win,0.048744991896142,-0.843385780239881,0.0,NEUTRAL_MIXED,-1.0,AGAINST,True,True
L00489,15058,LONG,1,sub1,-1.040477259198403,-4.112836806849828,loss,0.048744991896142,0.0204071505222806,0.0,NEUTRAL_MIXED,-1.0,AGAINST,True,True
L00491,15104,LONG,1,sub1,0.8810921196953133,1.1855794484763464,win,0.048744991896142,-0.1959102001196701,0.0,NEUTRAL_MIXED,-1.0,AGAINST,True,True
L00492,15113,SHORT,-1,sub1,-1.0804327231492148,-2.149240121872026,loss,0.051113061968241,-0.1769858643654002,0.0,NEUTRAL_MIXED,0.0,NEUTRAL_MIXED,False,False
L00495,15141,SHORT,-1,sub1,0.968431592710588,4.908358328407758,win,0.051113061968241,0.1188869872389878,1.0,AGAINST,0.0,NEUTRAL_MIXED,True,True
L00496,15167,LONG,1,sub1,0.957480693241385,3.6029964408448905,win,0.051113061968241,0.0501422684166191,1.0,ALIGNED,0.0,NEUTRAL_MIXED,True,True
L00498,15271,SHORT,-1,sub1,0.961891287608166,4.038514984047197,win,0.051113061968241,0.4864732528924569,1.0,AGAINST,0.0,NEUTRAL_MIXED,True,True
L00500,15292,SHORT,-1,sub1,0.9686553482144544,4.944539080368486,win,0.051113061968241,-1.8967092283431484,1.0,AGAINST,0.0,NEUTRAL_MIXED,True,True
L00501,15311,LONG,1,sub1,0.9665654528955032,4.625469338041057,win,0.051113061968241,0.5998510124200397,1.0,ALIGNED,0.0,NEUTRAL_MIXED,True,True
L00502,15384,SHORT,-1,sub1,-1.0597108715866246,-2.839579040606168,loss,0.051113061968241,1.3806031046884235,1.0,AGAINST,0.0,NEUTRAL_MIXED,True,True
L00504,15426,LONG,1,sub1,0.9576833690146213,3.621019336230802,win,0.056697752272938,-0.2188128290173253,1.0,ALIGNED,1.0,ALIGNED,False,False
L00507,15572,LONG,1,sub1,-1.1276968355555168,-20.816545446935766,loss,0.056697752272938,0.7886878185061774,1.0,ALIGNED,1.0,ALIGNED,False,False
L00508,15933,LONG,1,sub1,-1.0148811731912168,-10.911840459345512,loss,0.0693006073764137,-2.778687321776736,0.0,NEUTRAL_MIXED,0.0,NEUTRAL_MIXED,False,False
L00509,15949,LONG,1,sub1,-1.030963679157992,-5.327344590526536,loss,0.0693006073764137,-0.5754987210546642,0.0,NEUTRAL_MIXED,0.0,NEUTRAL_MIXED,False,False
L00510,15973,LONG,1,sub1,0.956799340077635,3.543647126858559,win,0.0693006073764137,0.7708156417236877,0.0,NEUTRAL_MIXED,0.0,NEUTRAL_MIXED,False,False
L00512,16045,LONG,1,sub1,0.9815876618135022,8.529825180225544,win,0.0693006073764137,-1.0163170956953849,0.0,NEUTRAL_MIXED,0.0,NEUTRAL_MIXED,False,False
L00513,16128,SHORT,-1,sub1,-1.0360481154382184,-4.598512195570038,loss,0.0693006073764137,0.2233524223908991,0.0,NEUTRAL_MIXED,0.0,NEUTRAL_MIXED,False,False
L00514,16151,SHORT,-1,sub1,-1.0531236796491577,-3.1718395611246706,loss,0.0693006073764137,-0.0783116112314956,0.0,NEUTRAL_MIXED,0.0,NEUTRAL_MIXED,False,False
L00515,16172,SHORT,-1,sub1,0.970264281423198,5.220734270355933,win,0.0756192599662743,-1.1732170672301985,0.0,NEUTRAL_MIXED,0.0,NEUTRAL_MIXED,False,False
L00516,16197,LONG,1,sub1,-1.0514380606206266,-3.270537179461371,loss,0.0756192599662743,-0.1582753813858539,0.0,NEUTRAL_MIXED,0.0,NEUTRAL_MIXED,False,False
L00517,16205,LONG,1,sub1,0.9569290085774635,3.554797238592073,win,0.0756192599662743,0.9742978577827316,0.0,NEUTRAL_MIXED,0.0,NEUTRAL_MIXED,False,False
L00518,16237,LONG,1,sub1,-1.0678544150555347,-2.517989526088968,loss,0.0756192599662743,0.7126859057295011,0.0,NEUTRAL_MIXED,0.0,NEUTRAL_MIXED,False,False
L00520,16303,LONG,1,sub1,-1.0392233790446903,-4.239199801158065,loss,0.0756192599662743,0.5601844801537771,0.0,NEUTRAL_MIXED,0.0,NEUTRAL_MIXED,False,False
L00522,16325,SHORT,-1,sub1,0.927312057522036,2.0411903837884893,win,0.0756192599662743,0.0193010428445927,0.0,NEUTRAL_MIXED,0.0,NEUTRAL_MIXED,False,False
L00524,16340,SHORT,-1,sub1,0.9498111327905028,3.0279579854232,win,0.0756192599662743,-1.810071688769304,0.0,NEUTRAL_MIXED,0.0,NEUTRAL_MIXED,False,False
L00525,16349,LONG,1,sub1,-1.0254396912933643,-6.449384495856066,loss,0.0756192599662743,-1.1544030510999137,0.0,NEUTRAL_MIXED,0.0,NEUTRAL_MIXED,False,False
L00526,16376,LONG,1,sub1,0.9840559711075596,9.875104745433418,win,0.0756192599662743,0.499239999686051,0.0,NEUTRAL_MIXED,0.0,NEUTRAL_MIXED,False,False
L00527,16443,SHORT,-1,sub1,0.918220470881506,1.796479839447784,win,0.0671204217953185,0.8736247353184521,0.0,NEUTRAL_MIXED,0.0,NEUTRAL_MIXED,False,False
L00530,16508,LONG,1,sub1,-1.019941387499003,-8.183513910847523,loss,0.0671204217953185,0.2521186154155516,0.0,NEUTRAL_MIXED,0.0,NEUTRAL_MIXED,False,False
L00531,16569,LONG,1,sub1,0.9720219215461704,5.558763004539287,win,0.0671204217953185,-0.9247923127351688,0.0,NEUTRAL_MIXED,0.0,NEUTRAL_MIXED,False,False
L00532,16609,LONG,1,sub1,0.9690657949023532,5.012268028055132,win,0.0671204217953185,-1.1031082797751417,0.0,NEUTRAL_MIXED,0.0,NEUTRAL_MIXED,False,False
L00533,16627,SHORT,-1,sub1,-1.0370711324144772,-4.476026772825662,loss,0.0671204217953185,0.1524527620027084,0.0,NEUTRAL_MIXED,0.0,NEUTRAL_MIXED,False,False
L00534,16645,SHORT,-1,sub1,-1.0350895112495866,-4.719767129892261,loss,0.0671204217953185,-0.5046746768462764,0.0,NEUTRAL_MIXED,0.0,NEUTRAL_MIXED,False,False
L00535,16668,SHORT,-1,sub1,-1.0704968276472615,-2.4296056736116043,loss,0.0671204217953185,0.3457865846379398,0.0,NEUTRAL_MIXED,0.0,NEUTRAL_MIXED,False,False
L00537,16701,SHORT,-1,sub1,0.9324061727080732,2.207080048727676,win,0.0671204217953185,-1.851756330434409,0.0,NEUTRAL_MIXED,0.0,NEUTRAL_MIXED,False,False
L00538,16728,SHORT,-1,sub1,-1.0614624474229943,-2.763215568340456,loss,0.0597327662593954,-0.3404066411225767,0.0,NEUTRAL_MIXED,0.0,NEUTRAL_MIXED,False,False
L00539,16750,SHORT,-1,sub1,-1.0529698198056818,-3.1805879609710246,loss,0.0597327662593954,-0.1834316223766283,0.0,NEUTRAL_MIXED,0.0,NEUTRAL_MIXED,False,False
L00540,16763,SHORT,-1,sub1,0.9612935505781204,3.973678040471896,win,0.0597327662593954,-1.3674112867328276,0.0,NEUTRAL_MIXED,0.0,NEUTRAL_MIXED,False,False
L00542,16853,SHORT,-1,sub1,0.9501619279115324,3.050397057812461,win,0.0597327662593954,-1.050896718846463,0.0,NEUTRAL_MIXED,0.0,NEUTRAL_MIXED,False,False
L00544,16891,LONG,1,sub1,0.9618939903319854,4.038812769791548,win,0.0597327662593954,-0.405394743574959,0.0,NEUTRAL_MIXED,0.0,NEUTRAL_MIXED,False,False
L00545,16901,SHORT,-1,sub1,0.967351525847935,4.740688444263469,win,0.0597327662593954,-0.302241126857554,0.0,NEUTRAL_MIXED,0.0,NEUTRAL_MIXED,False,False
L00546,16917,LONG,1,sub1,0.9783796860697735,7.2404475844437,win,0.0597327662593954,1.7015166688295478,0.0,NEUTRAL_MIXED,0.0,NEUTRAL_MIXED,False,False
L00547,16995,SHORT,-1,sub1,0.9238081717171276,1.9399627336129013,win,0.061362896417555,0.7752548377875701,0.0,NEUTRAL_MIXED,0.0,NEUTRAL_MIXED,False,False
L00548,17005,LONG,1,sub1,0.9287557580178164,2.0857955274459528,win,0.061362896417555,0.4484110540040235,0.0,NEUTRAL_MIXED,0.0,NEUTRAL_MIXED,False,False
L00549,17028,SHORT,-1,sub1,-1.0259600340031692,-6.323320124323345,loss,0.061362896417555,-0.6288806997827525,1.0,AGAINST,0.0,NEUTRAL_MIXED,True,True
L00550,17084,SHORT,-1,sub1,-1.0248349868281663,-6.60252405313895,loss,0.061362896417555,-1.5724175823142688,1.0,AGAINST,0.0,NEUTRAL_MIXED,True,True
L00552,17151,SHORT,-1,sub1,-1.0443329567570647,-3.769053212412928,loss,0.061362896417555,0.6468514702559485,1.0,AGAINST,0.0,NEUTRAL_MIXED,True,True
L00553,17162,SHORT,-1,sub1,-1.0441248165085462,-3.786077401791772,loss,0.061362896417555,-0.3727952810238695,1.0,AGAINST,0.0,NEUTRAL_MIXED,True,True
L00554,17176,SHORT,-1,sub1,-1.0323021814452265,-5.113225845479064,loss,0.061362896417555,-0.0924423768687209,1.0,AGAINST,0.0,NEUTRAL_MIXED,True,True
L00555,17180,SHORT,-1,sub1,-1.0325877037514932,-5.069827375993555,loss,0.061362896417555,0.5058972448813024,1.0,AGAINST,0.0,NEUTRAL_MIXED,True,True
L00556,17203,SHORT,-1,sub1,0.974621414380521,6.144527856629338,win,0.061362896417555,-0.0686086452671481,1.0,AGAINST,0.0,NEUTRAL_MIXED,True,True
L00557,17283,SHORT,-1,sub1,0.9685180774352103,4.922281733924592,win,0.0650193211304527,-0.178071443233397,0.0,NEUTRAL_MIXED,1.0,AGAINST,True,True
L00558,17320,LONG,1,sub1,-1.0387741910683523,-4.286456170750171,loss,0.0650193211304527,-0.1633886000315109,0.0,NEUTRAL_MIXED,1.0,ALIGNED,True,True
L00559,17325,LONG,1,sub1,0.9566842487908772,3.5338064222273715,win,0.0650193211304527,0.0271058048624214,0.0,NEUTRAL_MIXED,1.0,ALIGNED,True,True
L00560,17358,LONG,1,sub1,0.9626549502587284,4.1243697118720775,win,0.0650193211304527,-0.5792985037290103,0.0,NEUTRAL_MIXED,1.0,ALIGNED,True,True
L00562,17430,LONG,1,sub1,-1.069602100319775,-2.458781204371008,loss,0.0650193211304527,0.1351277219042602,0.0,NEUTRAL_MIXED,1.0,ALIGNED,True,True
L00563,17452,LONG,1,sub1,-1.021855540877087,-7.480798002651682,loss,0.0650193211304527,1.2099698847558578,0.0,NEUTRAL_MIXED,1.0,ALIGNED,True,True
L00564,17472,LONG,1,sub1,0.8850480878402265,5.461106274007892,win,0.0650193211304527,-0.6186179533806235,0.0,NEUTRAL_MIXED,1.0,ALIGNED,True,True
L00567,17692,SHORT,-1,sub1,0.9457464977924384,2.7891183700498914,win,0.0670691211427021,-0.2053803818550072,0.0,NEUTRAL_MIXED,1.0,AGAINST,True,True
L00568,17720,LONG,1,sub1,-1.0221483913499312,-7.384000943090996,loss,0.0670691211427021,-0.2377362975856184,0.0,NEUTRAL_MIXED,1.0,ALIGNED,True,True
L00569,17733,LONG,1,sub1,-1.0176528518411647,-9.223691319651152,loss,0.0670691211427021,-1.885570591219053,0.0,NEUTRAL_MIXED,1.0,ALIGNED,True,True
L00570,17768,LONG,1,sub1,0.7516091125326417,5.470547363482574,win,0.0670691211427021,-0.1902283130956203,0.0,NEUTRAL_MIXED,1.0,ALIGNED,True,True
L00571,17863,SHORT,-1,sub1,0.9482906072068612,2.9342154095666046,win,0.0715293072605353,-0.0699383732834785,-1.0,ALIGNED,0.0,NEUTRAL_MIXED,True,True
L00572,17895,SHORT,-1,sub1,-1.0802579090471804,-2.153572993607213,loss,0.0715293072605353,0.1783768245573855,-1.0,ALIGNED,0.0,NEUTRAL_MIXED,True,True
L00574,17924,SHORT,-1,sub1,0.9288997101514872,2.090342443621012,win,0.0715293072605353,-0.7008923889938731,-1.0,ALIGNED,0.0,NEUTRAL_MIXED,True,True
L00575,17953,SHORT,-1,sub1,0.9315603982135404,2.177827746267212,win,0.0715293072605353,-0.2211958176381911,-1.0,ALIGNED,0.0,NEUTRAL_MIXED,True,True
L00576,17981,LONG,1,sub1,0.9407530139788548,2.5405593152495385,win,0.0715293072605353,-0.9305575716552422,-1.0,AGAINST,0.0,NEUTRAL_MIXED,True,True
L00578,17993,LONG,1,sub1,-1.0334746281857856,-4.939739422700768,loss,0.0715293072605353,-0.4620082729649172,-1.0,AGAINST,0.0,NEUTRAL_MIXED,True,True
L00579,17999,LONG,1,sub1,-1.0361401395222989,-4.587210357091408,loss,0.0715293072605353,-0.9449915329930256,-1.0,AGAINST,0.0,NEUTRAL_MIXED,True,True
L00580,18015,LONG,1,sub1,-1.0259373515629784,-6.328710001534091,loss,0.0715293072605353,-0.5677055594186071,-1.0,AGAINST,0.0,NEUTRAL_MIXED,True,True
L00581,18020,LONG,1,sub1,0.9765251708399584,6.65581105059573,win,0.0715293072605353,0.1416964332151696,-1.0,AGAINST,0.0,NEUTRAL_MIXED,True,True
L00582,18034,SHORT,-1,sub1,0.993108958816604,23.05855228283553,win,0.0715293072605353,0.8506731681928911,-1.0,ALIGNED,0.0,NEUTRAL_MIXED,True,True
L00583,18201,LONG,1,sub1,-1.031353602661532,-5.263081828492886,loss,0.076665168974992,-1.2364804935694058,0.0,NEUTRAL_MIXED,0.0,NEUTRAL_MIXED,False,False
L00584,18217,LONG,1,sub1,0.9564328780757838,3.512494140838044,win,0.076665168974992,0.3636740452375179,0.0,NEUTRAL_MIXED,0.0,NEUTRAL_MIXED,False,False
L00586,18265,LONG,1,sub1,0.9468870105916052,2.852445764812728,win,0.076665168974992,0.0118473320234821,0.0,NEUTRAL_MIXED,0.0,NEUTRAL_MIXED,False,False
L00588,18278,LONG,1,sub1,0.9784639348302564,7.269398023212034,win,0.076665168974992,-2.351346400400115,0.0,NEUTRAL_MIXED,0.0,NEUTRAL_MIXED,False,False
L00589,18318,SHORT,-1,sub1,-1.0628421074991206,-2.706063560998245,loss,0.076665168974992,-0.0095315965860149,0.0,NEUTRAL_MIXED,0.0,NEUTRAL_MIXED,False,False
L00591,18374,SHORT,-1,sub1,-1.0618967564286987,-2.744949668310255,loss,0.0795441156511281,-0.0778500749871575,0.0,NEUTRAL_MIXED,0.0,NEUTRAL_MIXED,False,False
L00592,18386,SHORT,-1,sub1,0.9273709089118136,2.042974009485988,win,0.0795441156511281,-1.69705413971325,0.0,NEUTRAL_MIXED,0.0,NEUTRAL_MIXED,False,False
L00593,18406,LONG,1,sub1,0.9078114463579064,1.5755733838827837,win,0.0795441156511281,-0.0912840485196789,0.0,NEUTRAL_MIXED,0.0,NEUTRAL_MIXED,False,False
L00594,18417,LONG,1,sub1,0.9374946488776976,2.3997808367926154,win,0.0795441156511281,-0.5471455509351554,0.0,NEUTRAL_MIXED,0.0,NEUTRAL_MIXED,False,False
L00595,18425,SHORT,-1,sub1,0.9543528591812114,3.345148342916673,win,0.0795441156511281,-2.2706693274684278,0.0,NEUTRAL_MIXED,0.0,NEUTRAL_MIXED,False,False
L00596,18444,LONG,1,sub1,-1.0723739562895025,-2.370739998236786,loss,0.0795441156511281,-0.3870306796622246,0.0,NEUTRAL_MIXED,0.0,NEUTRAL_MIXED,False,False
L00598,18494,SHORT,-1,sub1,-1.045213289757979,-3.698782531780125,loss,0.0795441156511281,-0.7928190046587266,0.0,NEUTRAL_MIXED,0.0,NEUTRAL_MIXED,False,False
L00600,18551,SHORT,-1,sub1,0.9454930731080612,2.775406729443148,win,0.0795441156511281,0.6203285914599544,0.0,NEUTRAL_MIXED,0.0,NEUTRAL_MIXED,False,False
L00601,18569,LONG,1,sub1,-1.036243614274498,-4.57457076515766,loss,0.0795441156511281,0.0341175330172475,0.0,NEUTRAL_MIXED,0.0,NEUTRAL_MIXED,False,False
L00602,18610,LONG,1,sub1,-1.0925106930177864,-1.8895297957510595,loss,0.0795441156511281,-0.4529818048217198,0.0,NEUTRAL_MIXED,0.0,NEUTRAL_MIXED,False,False
L00603,18615,LONG,1,sub1,-1.093459064380681,-1.8719794752933008,loss,0.0795441156511281,0.0856038816342955,0.0,NEUTRAL_MIXED,0.0,NEUTRAL_MIXED,False,False
L00604,18637,LONG,1,sub1,0.9171553580290188,1.7713258672288248,win,0.0795441156511281,-0.8690885909703704,0.0,NEUTRAL_MIXED,0.0,NEUTRAL_MIXED,False,False
L00606,18694,SHORT,-1,sub1,0.9391169504873904,2.4679892561348424,win,0.0799946571763946,1.043274857963557,0.0,NEUTRAL_MIXED,0.0,NEUTRAL_MIXED,False,False
L00608,18852,SHORT,-1,sub1,0.962228251122024,4.0759701298648,win,0.0799946571763946,-0.29682244740982,0.0,NEUTRAL_MIXED,0.0,NEUTRAL_MIXED,False,False
L00609,18931,SHORT,-1,sub1,-1.0885519796400351,-1.9668483691752956,loss,0.0895635378369175,-1.7409101658901172,0.0,NEUTRAL_MIXED,1.0,AGAINST,True,True
L00611,18951,LONG,1,sub1,-1.035702357668477,-4.641496753955835,loss,0.0895635378369175,0.2035618215956117,0.0,NEUTRAL_MIXED,1.0,ALIGNED,True,True
L00612,18974,LONG,1,sub1,0.9630079997400954,4.165259485178012,win,0.0895635378369175,-0.0654431915624077,0.0,NEUTRAL_MIXED,1.0,ALIGNED,True,True
L00613,19021,LONG,1,sub1,-1.0610084835484468,-2.7825860846514843,loss,0.0895635378369175,-0.5339127180467997,0.0,NEUTRAL_MIXED,1.0,ALIGNED,True,True
L00614,19036,LONG,1,sub1,0.91415579916741,1.7038416858454184,win,0.0895635378369175,0.6525483859772859,0.0,NEUTRAL_MIXED,1.0,ALIGNED,True,True
L00615,19067,LONG,1,sub1,0.9559475767212589,3.4720362897510317,win,0.0895635378369175,-0.5398138400991499,0.0,NEUTRAL_MIXED,1.0,ALIGNED,True,True
L00617,19116,LONG,1,sub1,-1.006061793347795,-26.55482918995449,loss,0.0895635378369175,0.6665824204377626,0.0,NEUTRAL_MIXED,1.0,ALIGNED,True,True
L00618,19428,LONG,1,sub1,-1.0865694173004323,-8.902724677196018,loss,0.1104201639293256,1.1578617134271376,1.0,ALIGNED,1.0,ALIGNED,False,False
L00619,19526,LONG,1,sub1,-1.0232215422673057,-7.050153899257566,loss,0.1158134237394909,0.1550855492689942,0.0,NEUTRAL_MIXED,0.0,NEUTRAL_MIXED,False,False
L00620,19540,LONG,1,sub1,-1.0222346572842271,-7.355973293159423,loss,0.1158134237394909,-0.84913201871814,0.0,NEUTRAL_MIXED,0.0,NEUTRAL_MIXED,False,False
L00621,19580,LONG,1,sub1,-1.025190954333978,-6.51148624695179,loss,0.1158134237394909,-0.6093399890310476,0.0,NEUTRAL_MIXED,0.0,NEUTRAL_MIXED,False,False
L00622,19598,LONG,1,sub1,-1.0305260403757903,-5.401426599394199,loss,0.1158134237394909,-1.9709534511743017,0.0,NEUTRAL_MIXED,0.0,NEUTRAL_MIXED,False,False
L00623,19622,LONG,1,sub1,0.928315077457479,2.071989577793829,win,0.1158134237394909,0.0583331113510719,0.0,NEUTRAL_MIXED,0.0,NEUTRAL_MIXED,False,False
L00624,19637,LONG,1,sub1,-1.0492644447063268,-3.4077784120704564,loss,0.1158134237394909,-0.8924211318337426,0.0,NEUTRAL_MIXED,0.0,NEUTRAL_MIXED,False,False
L00625,19643,LONG,1,sub1,-1.0297878612250826,-5.531315476155214,loss,0.1158134237394909,-0.6301668792976683,0.0,NEUTRAL_MIXED,0.0,NEUTRAL_MIXED,False,False
L00626,19659,LONG,1,sub1,0.976913061161248,6.770325458795469,win,0.1158134237394909,-0.8666023037978071,0.0,NEUTRAL_MIXED,0.0,NEUTRAL_MIXED,False,False
L00627,19678,SHORT,-1,sub1,0.9667751150753586,4.655667544455355,win,0.1158134237394909,-0.5523316307874591,0.0,NEUTRAL_MIXED,0.0,NEUTRAL_MIXED,False,False
L00630,19767,SHORT,-1,sub1,-1.058156214156614,-2.911210723053045,loss,0.121836359548936,-1.1636335194073564,0.0,NEUTRAL_MIXED,0.0,NEUTRAL_MIXED,False,False
L00631,19787,SHORT,-1,sub1,0.9385785663237082,2.444953847920715,win,0.121836359548936,1.5516065027682682,-1.0,ALIGNED,0.0,NEUTRAL_MIXED,True,True
L00632,19822,LONG,1,sub1,-1.0518203465237752,-3.2475903140948503,loss,0.121836359548936,0.5255588031916437,-1.0,AGAINST,0.0,NEUTRAL_MIXED,True,True
L00633,19833,LONG,1,sub1,-1.0506715722322957,-3.317589017888622,loss,0.121836359548936,-1.2198198845203838,-1.0,AGAINST,0.0,NEUTRAL_MIXED,True,True
L00634,19845,LONG,1,sub1,-1.048741499470862,-3.442623672574882,loss,0.121836359548936,-1.1224562043853863,-1.0,AGAINST,0.0,NEUTRAL_MIXED,True,True
L00635,19854,LONG,1,sub1,-1.056564466829724,-2.9886309226867525,loss,0.121836359548936,1.2762604888940772,-1.0,AGAINST,0.0,NEUTRAL_MIXED,True,True
L00636,19886,LONG,1,sub1,-1.0356327957740517,-4.650245475387692,loss,0.121836359548936,0.2579493850095124,-1.0,AGAINST,0.0,NEUTRAL_MIXED,True,True
L00637,19906,LONG,1,sub1,-1.0442753398501976,-3.773749788058012,loss,0.121836359548936,-0.9400046758545124,-1.0,AGAINST,0.0,NEUTRAL_MIXED,True,True
L00638,19915,LONG,1,sub1,-1.0452820478009608,-3.6934091051521136,loss,0.121836359548936,0.1130471933443108,-1.0,AGAINST,0.0,NEUTRAL_MIXED,True,True
L00639,19929,LONG,1,sub1,0.96064851707274,3.905920471043373,win,0.121836359548936,-0.6919100210723196,-1.0,AGAINST,0.0,NEUTRAL_MIXED,True,True
L00640,19938,SHORT,-1,sub1,0.9745395326280912,6.124252274818446,win,0.121836359548936,-0.4304083695121894,-1.0,ALIGNED,0.0,NEUTRAL_MIXED,True,True
L00641,19969,LONG,1,sub1,0.9685203341603824,4.922646074295244,win,0.121836359548936,0.0705652863823299,-1.0,AGAINST,0.0,NEUTRAL_MIXED,True,True
L00642,20037,LONG,1,sub1,0.9085801327899216,7.049407397484305,win,0.1176893830504297,0.7074683783196657,0.0,NEUTRAL_MIXED,-1.0,AGAINST,True,True
L00643,20102,SHORT,-1,sub1,-1.044941505916176,-3.720183325816379,loss,0.1176893830504297,-1.031511535753669,0.0,NEUTRAL_MIXED,-1.0,ALIGNED,True,True
L00647,20208,LONG,1,sub1,-1.034864206397392,-4.749233960358197,loss,0.1176893830504297,-0.2193243339789768,0.0,NEUTRAL_MIXED,-1.0,AGAINST,True,True
L00648,20225,LONG,1,sub1,0.934778237051543,10.165904347978216,win,0.1176893830504297,1.5389638823294565,0.0,NEUTRAL_MIXED,-1.0,AGAINST,True,True
L00649,20433,SHORT,-1,sub1,0.968325632139631,4.891403099982654,win,0.1000145630179768,1.1670459267462003,-1.0,ALIGNED,-1.0,ALIGNED,False,False
L00650,20470,LONG,1,sub1,0.9586233276954508,3.7069131925882175,win,0.1000145630179768,-0.207609935085278,-1.0,AGAINST,-1.0,AGAINST,False,False
L00651,20482,SHORT,-1,sub1,0.9493113740701336,2.9965266776266617,win,0.1000145630179768,-0.9613711314212158,-1.0,ALIGNED,-1.0,ALIGNED,False,False
L00652,20489,LONG,1,sub1,-1.0217341142681369,-7.52169866532904,loss,0.1000145630179768,-0.9246375060887432,-1.0,AGAINST,-1.0,AGAINST,False,False
L00655,20584,SHORT,-1,sub1,-1.080600081011759,-2.1451096672781205,loss,0.0797035908027006,-1.2549281238814096,-1.0,ALIGNED,0.0,NEUTRAL_MIXED,True,True
L00656,20613,SHORT,-1,sub1,0.9644562936743434,4.341500168100538,win,0.0797035908027006,1.1170831395285543,0.0,NEUTRAL_MIXED,0.0,NEUTRAL_MIXED,False,False
L00657,20625,LONG,1,sub1,0.9636945361930592,4.247050157813192,win,0.0797035908027006,-1.6970494734192552,0.0,NEUTRAL_MIXED,0.0,NEUTRAL_MIXED,False,False
L00658,20722,SHORT,-1,sub1,0.9473189473371552,2.877145081816252,win,0.0797035908027006,0.9303294000096476,0.0,NEUTRAL_MIXED,0.0,NEUTRAL_MIXED,False,False
L00659,20738,SHORT,-1,sub1,0.920591502915936,1.854897723482736,win,0.0797035908027006,0.1461445165548551,0.0,NEUTRAL_MIXED,0.0,NEUTRAL_MIXED,False,False
L00661,20748,SHORT,-1,sub1,0.9552365342273028,3.414343434717921,win,0.0797035908027006,0.6959467040204034,0.0,NEUTRAL_MIXED,0.0,NEUTRAL_MIXED,False,False
L00662,20795,LONG,1,sub1,0.9718218691674554,5.518162293684327,win,0.0797035908027006,0.3468395643702864,0.0,NEUTRAL_MIXED,0.0,NEUTRAL_MIXED,False,False
L00663,20842,LONG,1,sub1,0.9769512738460268,6.781815306017506,win,0.0797035908027006,0.0464652810711807,0.0,NEUTRAL_MIXED,0.0,NEUTRAL_MIXED,False,False
L00664,20894,SHORT,-1,sub1,-1.0398909157313616,-4.170938256653244,loss,0.0531912728210475,0.0074348936054266,0.0,NEUTRAL_MIXED,0.0,NEUTRAL_MIXED,False,False
L00665,20907,SHORT,-1,sub1,-1.0440124244160067,-3.795337114981976,loss,0.0531912728210475,-1.1517681123187389,0.0,NEUTRAL_MIXED,0.0,NEUTRAL_MIXED,False,False
L00666,20920,SHORT,-1,sub1,-1.0435312516935926,-3.83552031643967,loss,0.0531912728210475,-1.1740597234190928,0.0,NEUTRAL_MIXED,0.0,NEUTRAL_MIXED,False,False
L00667,20939,SHORT,-1,sub1,-1.0611277924231863,-2.777467336169593,loss,0.0531912728210475,-0.622021562751349,0.0,NEUTRAL_MIXED,0.0,NEUTRAL_MIXED,False,False
L00668,20957,SHORT,-1,sub1,-1.039899948664175,-4.170030222006517,loss,0.0531912728210475,-0.6814429807373203,0.0,NEUTRAL_MIXED,0.0,NEUTRAL_MIXED,False,False
L00669,20988,SHORT,-1,sub1,0.9654171238840468,4.466567190750538,win,0.0531912728210475,0.2050951542599377,0.0,NEUTRAL_MIXED,0.0,NEUTRAL_MIXED,False,False
L00670,21033,SHORT,-1,sub1,0.9609206600214864,3.9342349611797545,win,0.0531912728210475,0.7948634712882177,0.0,NEUTRAL_MIXED,0.0,NEUTRAL_MIXED,False,False
L00671,21060,LONG,1,sub1,-1.0280392131263876,-5.866294227254002,loss,0.0531912728210475,0.4541326248289818,0.0,NEUTRAL_MIXED,0.0,NEUTRAL_MIXED,False,False
L00673,21130,SHORT,-1,sub1,-1.1284921103936458,-1.405212639979709,loss,0.0368429150641503,0.5169210932158081,0.0,NEUTRAL_MIXED,0.0,NEUTRAL_MIXED,False,False
L00676,21146,LONG,1,sub1,-1.0414992225443058,-4.015493915073421,loss,0.0368429150641503,-0.9138184336581524,0.0,NEUTRAL_MIXED,0.0,NEUTRAL_MIXED,False,False
L00678,21177,LONG,1,sub1,0.9740653839025564,6.009360649052724,win,0.0368429150641503,-1.2707382273709602,0.0,NEUTRAL_MIXED,0.0,NEUTRAL_MIXED,False,False
L00679,21196,SHORT,-1,sub1,-1.0321393118364743,-5.1383268793661045,loss,0.0368429150641503,-1.4919762784071062,0.0,NEUTRAL_MIXED,0.0,NEUTRAL_MIXED,False,False
L00680,21227,SHORT,-1,sub1,0.969780747207742,5.134637862152886,win,0.0368429150641503,-0.9660067957401351,0.0,NEUTRAL_MIXED,0.0,NEUTRAL_MIXED,False,False
L00681,21294,SHORT,-1,sub1,-1.0625891093570807,-2.7163552771939976,loss,0.0368429150641503,0.1500392259852824,0.0,NEUTRAL_MIXED,0.0,NEUTRAL_MIXED,False,False
L00682,21318,SHORT,-1,sub1,-1.013594908110539,-11.929112280782192,loss,0.0368429150641503,-0.2988164001997024,0.0,NEUTRAL_MIXED,0.0,NEUTRAL_MIXED,False,False
L00683,21326,SHORT,-1,sub1,-1.0189858216507617,-8.587341357303558,loss,0.0368429150641503,-0.3900672502355243,0.0,NEUTRAL_MIXED,0.0,NEUTRAL_MIXED,False,False
L00684,21406,SHORT,-1,sub1,0.951958695958006,3.170467463164641,win,0.0399115514709946,-0.130993524430249,0.0,NEUTRAL_MIXED,0.0,NEUTRAL_MIXED,False,False
L00685,21423,LONG,1,sub1,0.953360566705312,3.2705734160385878,win,0.0399115514709946,-0.1411549927774981,0.0,NEUTRAL_MIXED,0.0,NEUTRAL_MIXED,False,False
L00687,21574,SHORT,-1,sub1,0.964844114984686,4.391158360262125,win,0.0399115514709946,0.3326639651501695,0.0,NEUTRAL_MIXED,0.0,NEUTRAL_MIXED,False,False
L00688,21581,LONG,1,sub1,0.9660246634155776,4.549298452490348,win,0.0399115514709946,-1.083813923103447,0.0,NEUTRAL_MIXED,0.0,NEUTRAL_MIXED,False,False
L00689,21598,SHORT,-1,sub1,0.9783891320511428,7.243682275904121,win,0.0399115514709946,-0.5190713523956554,0.0,NEUTRAL_MIXED,0.0,NEUTRAL_MIXED,False,False
L00690,21682,SHORT,-1,sub1,-1.101716463668882,-1.7330000260399174,loss,0.0520541632431451,1.239825102124335,0.0,NEUTRAL_MIXED,1.0,AGAINST,True,True
L00691,21703,SHORT,-1,sub1,-1.067742086073835,-2.521899511412357,loss,0.0520541632431451,0.1273945345436292,0.0,NEUTRAL_MIXED,1.0,AGAINST,True,True
L00692,21720,SHORT,-1,sub1,0.9464348424728276,2.827016325280056,win,0.0520541632431451,-0.0752733667517993,1.0,AGAINST,1.0,AGAINST,False,False
L00693,21750,LONG,1,sub1,-1.0697479673670274,-2.453973660306019,loss,0.0520541632431451,-0.0123624983663453,1.0,ALIGNED,1.0,ALIGNED,False,False
L00694,21771,LONG,1,sub1,0.9482458106846802,2.931537170547472,win,0.0520541632431451,-0.3060857095395681,1.0,ALIGNED,1.0,ALIGNED,False,False
L00696,21846,LONG,1,sub1,0.951348307171928,3.128683100201215,win,0.0520541632431451,0.3212412139782375,1.0,ALIGNED,1.0,ALIGNED,False,False
L00697,21874,SHORT,-1,sub1,-1.0204447866095816,-7.985955978668244,loss,0.0520541632431451,-0.7670560215272814,1.0,AGAINST,1.0,AGAINST,False,False
L00698,21890,SHORT,-1,sub1,-1.038957183371815,-4.267073103123948,loss,0.0520541632431451,0.5667503456791746,1.0,AGAINST,1.0,AGAINST,False,False
L00699,21898,SHORT,-1,sub1,0.9521599812323888,3.1844802933101164,win,0.0520541632431451,-0.5250940440032635,1.0,AGAINST,1.0,AGAINST,False,False
L00701,21964,LONG,1,sub1,0.8927661881086718,1.3320667015177603,win,0.0633560899849979,-0.7392843640471619,1.0,ALIGNED,1.0,ALIGNED,False,False
L00703,21999,LONG,1,sub1,-1.0355902755181008,-4.655610041525961,loss,0.0633560899849979,-0.5477386393031708,1.0,ALIGNED,1.0,ALIGNED,False,False
L00704,22010,LONG,1,sub1,-1.0431752530441047,-3.865826572374772,loss,0.0633560899849979,-1.0957686422115565,1.0,ALIGNED,1.0,ALIGNED,False,False
L00705,22046,LONG,1,sub1,0.9296897276736088,2.1156276530564355,win,0.0633560899849979,-1.3632240337660464,1.0,ALIGNED,1.0,ALIGNED,False,False
L00707,22102,LONG,1,sub1,0.9633083877901192,4.200669656177524,win,0.0633560899849979,-1.0635225133744333,1.0,ALIGNED,1.0,ALIGNED,False,False
L00708,22122,SHORT,-1,sub1,0.9362607306311872,2.350226451986145,win,0.0633560899849979,-1.8156628584520689,1.0,AGAINST,1.0,AGAINST,False,False
L00709,22128,LONG,1,sub1,0.9570011511073534,3.561029844294808,win,0.0633560899849979,-1.1244397106991018,1.0,ALIGNED,1.0,ALIGNED,False,False
L00710,22142,SHORT,-1,sub1,-1.0406665011801697,-4.0944422400880285,loss,0.0633560899849979,-0.9257113768894822,1.0,AGAINST,1.0,AGAINST,False,False
L00711,22164,SHORT,-1,sub1,0.9515247438561786,3.14065300790071,win,0.0633560899849979,-0.298107091514745,1.0,AGAINST,1.0,AGAINST,False,False
L00712,22238,SHORT,-1,sub1,0.9613361472309072,3.9782321869320185,win,0.0846894406763148,-1.7467998854087423,1.0,AGAINST,0.0,NEUTRAL_MIXED,True,True
L00713,22258,LONG,1,sub1,0.962747327667712,4.134993888564168,win,0.0846894406763148,-0.5153882138315793,0.0,NEUTRAL_MIXED,0.0,NEUTRAL_MIXED,False,False
L00714,22285,SHORT,-1,sub1,0.9650045075624444,4.412017390106939,win,0.0846894406763148,0.156084585052543,0.0,NEUTRAL_MIXED,0.0,NEUTRAL_MIXED,False,False
L00716,22395,SHORT,-1,sub1,-1.0315588093006998,-5.229899769517033,loss,0.0846894406763148,-0.176642751597797,0.0,NEUTRAL_MIXED,0.0,NEUTRAL_MIXED,False,False
L00717,22409,SHORT,-1,sub1,-1.0189298457450824,-8.6122611623191,loss,0.0846894406763148,-0.8070414431971964,0.0,NEUTRAL_MIXED,0.0,NEUTRAL_MIXED,False,False
L00718,22423,SHORT,-1,sub1,0.9793408264600036,7.584743500513014,win,0.0846894406763148,-0.300813778098784,0.0,NEUTRAL_MIXED,0.0,NEUTRAL_MIXED,False,False
L00719,22476,SHORT,-1,sub1,0.9494762564469365,3.006827886215888,win,0.0846894406763148,-0.9569162453823604,0.0,NEUTRAL_MIXED,0.0,NEUTRAL_MIXED,False,False
L00721,22510,SHORT,-1,sub1,0.9850996109761456,10.577974675943551,win,0.1079820843549842,1.3245157515440469,0.0,NEUTRAL_MIXED,0.0,NEUTRAL_MIXED,False,False
L00722,22558,LONG,1,sub1,0.9649596104485828,4.406159282135832,win,0.1079820843549842,1.4026514566474737,0.0,NEUTRAL_MIXED,0.0,NEUTRAL_MIXED,False,False
L00723,22670,LONG,1,sub1,0.9741091054394688,6.019778749080615,win,0.1079820843549842,-0.4340524648328669,0.0,NEUTRAL_MIXED,0.0,NEUTRAL_MIXED,False,False
L00724,22687,SHORT,-1,sub1,0.9813098124398976,8.400641753077252,win,0.1079820843549842,-0.932529098853782,0.0,NEUTRAL_MIXED,0.0,NEUTRAL_MIXED,False,False
L00725,22748,LONG,1,sub1,-1.0960983757532157,-20.620913079873453,loss,0.1079820843549842,-0.1012692193346667,0.0,NEUTRAL_MIXED,0.0,NEUTRAL_MIXED,False,False
L00726,22829,LONG,1,sub1,-1.016866226371252,-9.646413645708437,loss,0.1170314731491315,-0.9802537528047346,0.0,NEUTRAL_MIXED,1.0,ALIGNED,True,True
L00727,22907,LONG,1,sub1,-1.0322750028452088,-5.11739692935771,loss,0.1170314731491315,0.9475235236624044,0.0,NEUTRAL_MIXED,1.0,ALIGNED,True,True
L00728,22919,LONG,1,sub1,-1.027368567052838,-6.006122659288394,loss,0.1170314731491315,-0.8173528017651884,0.0,NEUTRAL_MIXED,1.0,ALIGNED,True,True
L00730,22950,LONG,1,sub1,-1.035095601087483,-4.718975912708174,loss,0.1170314731491315,-0.0551189411774775,0.0,NEUTRAL_MIXED,1.0,ALIGNED,True,True
L00731,22958,LONG,1,sub1,0.9826211702549352,9.046603801691164,win,0.1170314731491315,-0.0625753121689394,0.0,NEUTRAL_MIXED,1.0,ALIGNED,True,True
L00732,22976,SHORT,-1,sub1,0.97614356079721,6.546784639559519,win,0.1170314731491315,-1.6120897396568163,0.0,NEUTRAL_MIXED,1.0,AGAINST,True,True
L00733,22992,LONG,1,sub1,-1.021773160907298,-7.508496650581492,loss,0.1170314731491315,1.6284620276455273,0.0,NEUTRAL_MIXED,1.0,ALIGNED,True,True
L00735,23069,LONG,1,sub1,0.9330334655683844,2.2292531001921816,win,0.1064375275462785,0.3935684821277656,0.0,NEUTRAL_MIXED,0.0,NEUTRAL_MIXED,False,False
L00737,23163,LONG,1,sub1,0.9747285406188112,6.171252880431439,win,0.1064375275462785,-1.2455202906559562,0.0,NEUTRAL_MIXED,0.0,NEUTRAL_MIXED,False,False
L00738,23182,SHORT,-1,sub1,0.9713550456904704,5.42562594553101,win,0.1064375275462785,-1.2500978362227768,0.0,NEUTRAL_MIXED,0.0,NEUTRAL_MIXED,False,False
L00739,23223,LONG,1,sub1,0.9806107089892652,8.091977852685432,win,0.1064375275462785,0.0940286359568369,0.0,NEUTRAL_MIXED,0.0,NEUTRAL_MIXED,False,False
L00740,23240,SHORT,-1,sub1,0.9828753325920402,9.1832471526709,win,0.1064375275462785,-0.8415962924872429,0.0,NEUTRAL_MIXED,0.0,NEUTRAL_MIXED,False,False
L00742,23277,SHORT,-1,sub1,-1.01464846877913,-11.082643343296697,loss,0.1064375275462785,0.259658275227842,0.0,NEUTRAL_MIXED,0.0,NEUTRAL_MIXED,False,False
L00743,23451,SHORT,-1,sub1,0.953249340967372,3.262411647463523,win,0.1011502797357484,-0.511837355803279,0.0,NEUTRAL_MIXED,-1.0,ALIGNED,True,True
L00744,23483,SHORT,-1,sub1,-1.0507957655429483,-3.3098688579575537,loss,0.1011502797357484,-0.2217434058319828,0.0,NEUTRAL_MIXED,-1.0,ALIGNED,True,True
L00746,23502,LONG,1,sub1,-1.059002227491708,-2.8717620266511403,loss,0.1011502797357484,-0.2716940245943964,0.0,NEUTRAL_MIXED,-1.0,AGAINST,True,True
L00748,23507,LONG,1,sub1,-1.0406129955014518,-4.099625679522433,loss,0.1011502797357484,0.4453561032097286,0.0,NEUTRAL_MIXED,-1.0,AGAINST,True,True
L00749,23512,LONG,1,sub1,-1.037571864143837,-4.418505763443591,loss,0.1011502797357484,-0.760980251015296,0.0,NEUTRAL_MIXED,-1.0,AGAINST,True,True
L00752,23582,LONG,1,sub1,0.9511728758390756,3.1168671665473084,win,0.1011502797357484,-0.7875315291891284,0.0,NEUTRAL_MIXED,-1.0,AGAINST,True,True
L00753,23647,SHORT,-1,sub1,0.9722433070904636,5.604375479504142,win,0.0999056486557862,-0.1988749446644278,1.0,AGAINST,0.0,NEUTRAL_MIXED,True,True
L00754,23682,LONG,1,sub1,0.9604634001655732,3.886883158134879,win,0.0999056486557862,0.527681256715517,1.0,ALIGNED,0.0,NEUTRAL_MIXED,True,True
L00756,23774,SHORT,-1,sub1,-1.0789250489313833,-2.187239794795005,loss,0.0999056486557862,-0.9239179856922844,1.0,AGAINST,0.0,NEUTRAL_MIXED,True,True
L00757,23781,SHORT,-1,sub1,0.9480911618267428,2.922326741080724,win,0.0999056486557862,-0.1243932088217964,1.0,AGAINST,0.0,NEUTRAL_MIXED,True,True
L00758,23791,LONG,1,sub1,-1.0148991553583788,-10.89886379135396,loss,0.0999056486557862,-0.3864749189312258,1.0,ALIGNED,0.0,NEUTRAL_MIXED,True,True
L00759,23807,LONG,1,sub1,-1.0149449752070778,-10.865939473494564,loss,0.0999056486557862,-0.268760354521958,1.0,ALIGNED,0.0,NEUTRAL_MIXED,True,True
L00762,23903,LONG,1,sub1,0.9113929640291072,1.645725676823531,win,0.0848254502480975,0.4147729723007333,1.0,ALIGNED,0.0,NEUTRAL_MIXED,True,True
L00763,23924,SHORT,-1,sub1,0.9392489810997552,2.473700683483002,win,0.0848254502480975,-1.164540917356355,0.0,NEUTRAL_MIXED,0.0,NEUTRAL_MIXED,False,False
L00764,23939,SHORT,-1,sub1,-1.0698978346938723,-2.44905517174584,loss,0.0848254502480975,-0.377861882855064,0.0,NEUTRAL_MIXED,0.0,NEUTRAL_MIXED,False,False
L00765,23969,SHORT,-1,sub1,-1.070165922143698,-2.440309231483752,loss,0.0848254502480975,-0.0731027494024974,0.0,NEUTRAL_MIXED,0.0,NEUTRAL_MIXED,False,False
L00766,23974,SHORT,-1,sub1,0.9548365919813075,3.3826910195448363,win,0.0848254502480975,0.7712416582875474,0.0,NEUTRAL_MIXED,0.0,NEUTRAL_MIXED,False,False
L00769,24062,LONG,1,sub1,-1.0254564292520725,-6.445249137477731,loss,0.0848254502480975,-0.4835553920925602,0.0,NEUTRAL_MIXED,0.0,NEUTRAL_MIXED,False,False
L00772,24213,SHORT,-1,sub1,-1.045584608695915,-3.669956640566397,loss,0.0728256411640864,-1.6033609103907325,0.0,NEUTRAL_MIXED,0.0,NEUTRAL_MIXED,False,False
L00773,24233,SHORT,-1,sub1,-1.0336968763763428,-4.908214588583633,loss,0.0728256411640864,-1.5711954886938837,0.0,NEUTRAL_MIXED,0.0,NEUTRAL_MIXED,False,False
L00774,24249,SHORT,-1,sub1,0.9621045285712788,4.062140376345724,win,0.0728256411640864,-0.8210099981858554,0.0,NEUTRAL_MIXED,0.0,NEUTRAL_MIXED,False,False
L00775,24323,LONG,1,sub1,-1.1506583368303898,-1.222005617252762,loss,0.0728256411640864,-0.2241823618354189,0.0,NEUTRAL_MIXED,0.0,NEUTRAL_MIXED,False,False
L00776,24324,SHORT,-1,sub1,0.7341558323606705,0.4418563484791775,win,0.0728256411640864,1.288235369667402,0.0,NEUTRAL_MIXED,0.0,NEUTRAL_MIXED,False,False
L00777,24332,LONG,1,sub1,-1.0599643127007845,-2.828253712807964,loss,0.0728256411640864,-0.8706564010089746,0.0,NEUTRAL_MIXED,0.0,NEUTRAL_MIXED,False,False
L00778,24360,LONG,1,sub1,-1.029336344153531,-5.613985648739799,loss,0.0728256411640864,-0.8414962769526689,0.0,NEUTRAL_MIXED,0.0,NEUTRAL_MIXED,False,False
L00779,24373,LONG,1,sub1,-1.058570216464245,-2.891763849592735,loss,0.0728256411640864,-0.0171069320842329,0.0,NEUTRAL_MIXED,0.0,NEUTRAL_MIXED,False,False
L00780,24385,LONG,1,sub1,-1.0830682098493103,-2.086127941002814,loss,0.0728256411640864,-1.0756301204771033,0.0,NEUTRAL_MIXED,0.0,NEUTRAL_MIXED,False,False
L00781,24418,LONG,1,sub1,0.9088019414520624,1.5944233128138876,win,0.0728256411640864,-0.4897660466131012,0.0,NEUTRAL_MIXED,0.0,NEUTRAL_MIXED,False,False
L00782,24440,SHORT,-1,sub1,-1.121286377863708,-1.479191840155636,loss,0.0704957846048819,0.2889799519972304,0.0,NEUTRAL_MIXED,0.0,NEUTRAL_MIXED,False,False
L00783,24446,SHORT,-1,sub1,0.8732760561006607,1.102586967203024,win,0.0704957846048819,-0.5099028807635798,0.0,NEUTRAL_MIXED,0.0,NEUTRAL_MIXED,False,False
L00785,24471,SHORT,-1,sub1,0.962726095193978,4.132547315139618,win,0.0704957846048819,-1.4938826509932728,0.0,NEUTRAL_MIXED,0.0,NEUTRAL_MIXED,False,False
L00788,24597,SHORT,-1,sub1,0.9374540493077398,2.3981192423966604,win,0.0704957846048819,0.9232382780508932,0.0,NEUTRAL_MIXED,0.0,NEUTRAL_MIXED,False,False
L00789,24624,LONG,1,sub1,-1.0194968163376237,-8.366468031967543,loss,0.0704957846048819,-0.1225868587451397,0.0,NEUTRAL_MIXED,0.0,NEUTRAL_MIXED,False,False
L00790,24674,LONG,1,sub1,-1.0482302219568551,-3.477422012757416,loss,0.0704957846048819,0.9586509226972372,0.0,NEUTRAL_MIXED,0.0,NEUTRAL_MIXED,False,False
L00792,24753,LONG,1,sub1,-1.0633933346022335,-2.6839246523909424,loss,0.0631029529298318,0.698393962375851,0.0,NEUTRAL_MIXED,0.0,NEUTRAL_MIXED,False,False
L00794,24762,SHORT,-1,sub1,-1.0561170221403162,-3.011184790236712,loss,0.0631029529298318,-0.6105482848800453,0.0,NEUTRAL_MIXED,0.0,NEUTRAL_MIXED,False,False
L00795,24797,SHORT,-1,sub1,-1.0761430957066642,-2.261306737202176,loss,0.0631029529298318,0.0530367160335501,0.0,NEUTRAL_MIXED,0.0,NEUTRAL_MIXED,False,False
L00796,24819,SHORT,-1,sub1,-1.0580508012605765,-2.916206572957435,loss,0.0631029529298318,0.2479444800269139,0.0,NEUTRAL_MIXED,0.0,NEUTRAL_MIXED,False,False
L00797,24828,SHORT,-1,sub1,0.9503914478070888,3.065250343482603,win,0.0631029529298318,-0.1134992168486591,0.0,NEUTRAL_MIXED,0.0,NEUTRAL_MIXED,False,False
L00798,24868,SHORT,-1,sub1,-1.0969503847417423,-1.810328675085202,loss,0.0631029529298318,-0.0120752399717181,0.0,NEUTRAL_MIXED,0.0,NEUTRAL_MIXED,False,False
L00799,24898,SHORT,-1,sub1,-1.0335902423994374,-4.923288043510183,loss,0.0631029529298318,-0.4594683955122547,0.0,NEUTRAL_MIXED,0.0,NEUTRAL_MIXED,False,False
L00800,24903,SHORT,-1,sub1,-1.0234680278122377,-6.977786363642281,loss,0.0631029529298318,0.691726273144818,0.0,NEUTRAL_MIXED,0.0,NEUTRAL_MIXED,False,False
L00802,24994,SHORT,-1,sub1,0.9422216654105589,2.6092040820626607,win,0.0608325199999689,-0.2462943477848759,0.0,NEUTRAL_MIXED,0.0,NEUTRAL_MIXED,False,False
L00803,25028,LONG,1,sub1,0.9408587930173804,2.545389493435323,win,0.0608325199999689,0.1847006253618751,0.0,NEUTRAL_MIXED,0.0,NEUTRAL_MIXED,False,False
L00805,25077,LONG,1,sub1,-1.082438897865433,-2.100831381091666,loss,0.0608325199999689,-0.7320209412899705,0.0,NEUTRAL_MIXED,0.0,NEUTRAL_MIXED,False,False
L00806,25093,LONG,1,sub1,0.9518668404740644,3.1641117262133776,win,0.0608325199999689,-1.5999010530539786,0.0,NEUTRAL_MIXED,0.0,NEUTRAL_MIXED,False,False
L00809,25190,SHORT,-1,sub1,0.963211287667364,4.189160105229348,win,0.0608325199999689,-1.5112083598096762,0.0,NEUTRAL_MIXED,0.0,NEUTRAL_MIXED,False,False
L00810,25267,SHORT,-1,sub1,-1.12641574369836,-1.4256651404243712,loss,0.062555966101457,-0.3140208398623714,0.0,NEUTRAL_MIXED,0.0,NEUTRAL_MIXED,False,False
L00811,25276,SHORT,-1,sub1,0.8541832264554632,0.9372674549749718,win,0.062555966101457,0.5872285583975952,0.0,NEUTRAL_MIXED,0.0,NEUTRAL_MIXED,False,False
L00812,25285,LONG,1,sub1,-1.4899279140012989,-2.1570640071716816,loss,0.062555966101457,-0.918644705693634,0.0,NEUTRAL_MIXED,0.0,NEUTRAL_MIXED,False,False
L00813,25294,LONG,1,sub1,-1.057879839209959,-2.92434769314832,loss,0.062555966101457,-0.0128770038974091,0.0,NEUTRAL_MIXED,0.0,NEUTRAL_MIXED,False,False
L00814,25332,LONG,1,sub1,-1.0678261338038144,-2.5189727296360616,loss,0.062555966101457,0.3092757698411005,0.0,NEUTRAL_MIXED,0.0,NEUTRAL_MIXED,False,False
L00815,25355,LONG,1,sub1,0.9173155986149146,1.7750687350894625,win,0.062555966101457,0.3751014539955586,0.0,NEUTRAL_MIXED,0.0,NEUTRAL_MIXED,False,False
L00817,25391,LONG,1,sub1,-1.0475097799414643,-3.5277276593783427,loss,0.062555966101457,-0.4613426591755728,0.0,NEUTRAL_MIXED,0.0,NEUTRAL_MIXED,False,False
L00818,25437,LONG,1,sub1,-1.0425426844749102,-3.920928629085665,loss,0.062555966101457,0.2682362333652403,0.0,NEUTRAL_MIXED,0.0,NEUTRAL_MIXED,False,False
L00819,25447,LONG,1,sub1,0.9647662820374177,4.381104636467171,win,0.062555966101457,-1.6379639733740086,0.0,NEUTRAL_MIXED,0.0,NEUTRAL_MIXED,False,False
L00821,25554,LONG,1,sub1,0.9255034212071904,1.9877496361928024,win,0.0690301930639541,-0.0621714942644014,0.0,NEUTRAL_MIXED,0.0,NEUTRAL_MIXED,False,False
L00823,25577,LONG,1,sub1,-1.0706278862791796,-2.425394144281654,loss,0.0690301930639541,0.3289728308884342,0.0,NEUTRAL_MIXED,0.0,NEUTRAL_MIXED,False,False
L00825,25710,SHORT,-1,sub1,0.9367057018990436,2.367873833827161,win,0.0690301930639541,-0.8804669157916161,0.0,NEUTRAL_MIXED,0.0,NEUTRAL_MIXED,False,False
L00827,25751,SHORT,-1,sub1,0.939257754843046,2.4740811009937715,win,0.0690301930639541,0.456216226993545,0.0,NEUTRAL_MIXED,0.0,NEUTRAL_MIXED,False,False
L00828,25818,SHORT,-1,sub1,0.9014496703500204,1.463535918835987,win,0.079753337252936,-0.4678005673249747,0.0,NEUTRAL_MIXED,0.0,NEUTRAL_MIXED,False,False
L00829,25826,LONG,1,sub1,-1.1234518303973016,-1.4560520673117026,loss,0.079753337252936,-0.6567152289984439,0.0,NEUTRAL_MIXED,0.0,NEUTRAL_MIXED,False,False
L00830,25841,LONG,1,sub1,0.9700259672643704,5.177953735189931,win,0.079753337252936,-0.750929513251606,0.0,NEUTRAL_MIXED,0.0,NEUTRAL_MIXED,False,False
L00831,25854,SHORT,-1,sub1,-1.016498596891137,-9.8577943673381,loss,0.079753337252936,-0.8320005249114774,0.0,NEUTRAL_MIXED,0.0,NEUTRAL_MIXED,False,False
L00832,26036,SHORT,-1,sub1,-1.0287172123756152,-5.731571429255837,loss,0.079753337252936,-0.7633372245209208,0.0,NEUTRAL_MIXED,0.0,NEUTRAL_MIXED,False,False
L00833,26093,SHORT,-1,sub1,0.8819017344554121,1.1948039783824242,win,0.0983019534964764,-0.5709056451412773,0.0,NEUTRAL_MIXED,0.0,NEUTRAL_MIXED,False,False
L00835,26099,LONG,1,sub1,0.9163199529462664,1.7520448139462133,win,0.0983019534964764,0.2261133196236856,0.0,NEUTRAL_MIXED,0.0,NEUTRAL_MIXED,False,False
L00836,26112,SHORT,-1,sub1,-1.0868035108881928,-2.003243416800615,loss,0.0983019534964764,0.0712338109855433,0.0,NEUTRAL_MIXED,0.0,NEUTRAL_MIXED,False,False
L00837,26122,SHORT,-1,sub1,0.9221534065137176,1.8953243608284536,win,0.0983019534964764,-0.7385597070504198,0.0,NEUTRAL_MIXED,0.0,NEUTRAL_MIXED,False,False
L00838,26139,LONG,1,sub1,-1.0477190875535696,-3.5129559805650388,loss,0.0983019534964764,-0.014783699730221,0.0,NEUTRAL_MIXED,0.0,NEUTRAL_MIXED,False,False
L00839,26181,LONG,1,sub1,0.9376715373962462,2.4070455088399285,win,0.0983019534964764,-0.1011111526433298,0.0,NEUTRAL_MIXED,0.0,NEUTRAL_MIXED,False,False
L00841,26258,LONG,1,sub1,0.932118969094608,2.1970649688992125,win,0.0983019534964764,0.6964894832182859,0.0,NEUTRAL_MIXED,0.0,NEUTRAL_MIXED,False,False
L00842,26279,SHORT,-1,sub1,0.9548896169654602,3.3868552744797853,win,0.0983019534964764,1.1881991342080809,0.0,NEUTRAL_MIXED,0.0,NEUTRAL_MIXED,False,False
L00843,26306,SHORT,-1,sub1,-1.045048865743624,-3.711698746654747,loss,0.0983019534964764,-0.2590302765917794,0.0,NEUTRAL_MIXED,0.0,NEUTRAL_MIXED,False,False
L00844,26331,SHORT,-1,sub1,-1.0470600968637866,-3.5599080040774425,loss,0.0983019534964764,0.4734315586838726,0.0,NEUTRAL_MIXED,0.0,NEUTRAL_MIXED,False,False
L00846,26397,LONG,1,sub1,-1.0779123128214112,-2.213590686835232,loss,0.1125841789983711,-0.7825840644070238,1.0,ALIGNED,0.0,NEUTRAL_MIXED,True,True
L00847,26424,LONG,1,sub1,0.9354323021395154,2.318019277465737,win,0.1125841789983711,0.5533627360772181,1.0,ALIGNED,0.0,NEUTRAL_MIXED,True,True
L00848,26443,LONG,1,sub1,0.9703298512758224,5.232625479813578,win,0.1125841789983711,-0.7935957634529696,1.0,ALIGNED,0.0,NEUTRAL_MIXED,True,True
L00849,26506,SHORT,-1,sub1,0.9251120708977608,1.9765258983384228,win,0.1125841789983711,0.1547607614760168,1.0,AGAINST,0.0,NEUTRAL_MIXED,True,True
L00853,26602,SHORT,-1,sub1,-1.0583068666294309,-2.9041021829680176,loss,0.1125841789983711,-0.0118665480840079,1.0,AGAINST,0.0,NEUTRAL_MIXED,True,True
L00854,26618,SHORT,-1,sub1,-1.1240556912002255,-1.4497433277897471,loss,0.1125841789983711,0.1534893927004202,1.0,AGAINST,0.0,NEUTRAL_MIXED,True,True
L00855,26623,SHORT,-1,sub1,-1.0911695484605846,-1.914971947338472,loss,0.1125841789983711,-0.7629985745957079,1.0,AGAINST,0.0,NEUTRAL_MIXED,True,True
L00856,26633,SHORT,-1,sub1,0.9545146147350332,3.357613384338947,win,0.1125841789983711,-0.7340636349563651,1.0,AGAINST,0.0,NEUTRAL_MIXED,True,True
L00857,26649,LONG,1,sub1,-1.1116758400529776,-1.5927181234897034,loss,0.1317445289659284,0.0139117223495559,1.0,ALIGNED,1.0,ALIGNED,False,False
L00858,26656,LONG,1,sub1,-1.1144982344628112,-1.5574014599483237,loss,0.1317445289659284,-0.2477358397072941,1.0,ALIGNED,1.0,ALIGNED,False,False
L00859,26669,LONG,1,sub1,0.8798474536152585,1.1716405254328492,win,0.1317445289659284,0.0884169624526572,1.0,ALIGNED,1.0,ALIGNED,False,False
L00863,26796,LONG,1,sub1,-1.0794331093480027,-2.174273409578745,loss,0.1317445289659284,-0.2936374130613934,1.0,ALIGNED,1.0,ALIGNED,False,False
L00864,26804,LONG,1,sub1,0.920790098299784,1.8599494831519223,win,0.1317445289659284,0.0874539352820609,1.0,ALIGNED,1.0,ALIGNED,False,False
L00865,26815,SHORT,-1,sub1,-1.0598932301925994,-2.831420450781025,loss,0.1317445289659284,-2.173636921156621,1.0,AGAINST,1.0,AGAINST,False,False
L00866,26863,SHORT,-1,sub1,-1.0398456612625038,-4.17549365552668,loss,0.1317445289659284,0.3120794021131592,1.0,AGAINST,1.0,AGAINST,False,False
L00868,26909,SHORT,-1,sub1,0.9741999132255984,6.041529529683885,win,0.1317445289659284,-1.475491103363117,1.0,AGAINST,1.0,AGAINST,False,False
L00869,26962,LONG,1,sub1,0.9652302540757156,4.441701730817385,win,0.147008809633796,-0.8633912668184012,0.0,NEUTRAL_MIXED,1.0,ALIGNED,True,True
L00870,26985,SHORT,-1,sub1,-1.0111644402025055,-14.49121563622566,loss,0.147008809633796,-0.078461246989114,0.0,NEUTRAL_MIXED,1.0,AGAINST,True,True
L00872,27084,SHORT,-1,sub1,0.9378076245806396,2.4126626281918107,win,0.147008809633796,-0.4351902597213154,0.0,NEUTRAL_MIXED,1.0,AGAINST,True,True
L00873,27088,LONG,1,sub1,-1.0527676225119933,-3.192162382595143,loss,0.147008809633796,0.176968365352381,0.0,NEUTRAL_MIXED,1.0,ALIGNED,True,True
L00874,27093,LONG,1,sub1,0.9410673150461564,2.5549619964740486,win,0.147008809633796,-0.835962540118838,0.0,NEUTRAL_MIXED,1.0,ALIGNED,True,True
L00875,27111,SHORT,-1,sub1,-1.046423341195356,-3.606542103174888,loss,0.147008809633796,0.920251345412234,0.0,NEUTRAL_MIXED,1.0,AGAINST,True,True
L00876,27118,SHORT,-1,sub1,0.9634078999317872,4.212528488433236,win,0.147008809633796,0.0995731691915037,0.0,NEUTRAL_MIXED,1.0,AGAINST,True,True
L00877,27164,LONG,1,sub1,0.9176765036067314,1.7835520478324725,win,0.1695847539203836,-0.655502533959355,0.0,NEUTRAL_MIXED,1.0,ALIGNED,True,True
L00878,27171,SHORT,-1,sub1,0.941759182953084,2.587214206678709,win,0.1695847539203836,-0.152504239705002,0.0,NEUTRAL_MIXED,1.0,AGAINST,True,True
L00879,27175,LONG,1,sub1,0.9417716789816328,2.5878037697393665,win,0.1695847539203836,-0.219100363769694,0.0,NEUTRAL_MIXED,1.0,ALIGNED,True,True
L00880,27195,SHORT,-1,sub1,0.959923472917418,3.8323619047669126,win,0.1695847539203836,-0.0151648098824496,0.0,NEUTRAL_MIXED,1.0,AGAINST,True,True
L00881,27213,SHORT,-1,sub1,0.9888388859235756,14.175486484975863,win,0.1695847539203836,0.0988484407815128,0.0,NEUTRAL_MIXED,1.0,AGAINST,True,True
L00882,27290,LONG,1,sub1,0.9800269542337589,7.850796243720197,win,0.1695847539203836,-0.6059599001328041,0.0,NEUTRAL_MIXED,1.0,ALIGNED,True,True
L00884,27334,SHORT,-1,sub1,0.9782160582251797,7.184859881364446,win,0.1695847539203836,-1.8064501265073964,0.0,NEUTRAL_MIXED,1.0,AGAINST,True,True
L00885,27341,LONG,1,sub1,0.9806047667257451,8.08944963215481,win,0.1695847539203836,-1.895953130922216,0.0,NEUTRAL_MIXED,1.0,ALIGNED,True,True
L00886,27391,SHORT,-1,sub1,-1.0369823051972276,-4.486393369655161,loss,0.1695847539203836,0.6282875198867784,0.0,NEUTRAL_MIXED,1.0,AGAINST,True,True
L00887,27398,SHORT,-1,sub1,-1.0359653721612807,-4.608723602312693,loss,0.1695847539203836,0.1597875288180179,0.0,NEUTRAL_MIXED,1.0,AGAINST,True,True
L00889,27425,SHORT,-1,sub1,0.9653788316982396,4.461450050595886,win,0.1695847539203836,-0.873220383980521,0.0,NEUTRAL_MIXED,1.0,AGAINST,True,True
L00890,27460,LONG,1,sub1,0.9385574733352948,2.444059577057942,win,0.1925066604060357,-0.3091952580182996,0.0,NEUTRAL_MIXED,1.0,ALIGNED,True,True
L00891,27463,SHORT,-1,sub1,-1.0271830471424137,-6.046021503093471,loss,0.1925066604060357,0.1806124438102342,1.0,AGAINST,1.0,AGAINST,False,False
L00892,27474,SHORT,-1,sub1,0.9838368855777516,9.739082306787168,win,0.1925066604060357,-1.6355058067146069,1.0,AGAINST,1.0,AGAINST,False,False
L00894,27612,LONG,1,sub1,0.9650793766456168,4.421819699383377,win,0.1925066604060357,-0.2888723538651128,1.0,ALIGNED,1.0,ALIGNED,False,False
L00895,27626,SHORT,-1,sub1,-1.021189822487476,-7.710794731499845,loss,0.1925066604060357,-1.5857366902006986,1.0,AGAINST,1.0,AGAINST,False,False
L00896,27641,SHORT,-1,sub1,-1.0224666443543895,-7.281668793790686,loss,0.1925066604060357,0.115243518273537,1.0,AGAINST,1.0,AGAINST,False,False
L00900,27738,LONG,1,sub1,-1.0338139325979394,-4.891777338717475,loss,0.2250829815453172,0.6985149850213711,1.0,ALIGNED,1.0,ALIGNED,False,False
L00901,27743,LONG,1,sub1,-1.026455839958098,-6.207814027196491,loss,0.2250829815453172,0.4137696321690209,1.0,ALIGNED,1.0,ALIGNED,False,False
L00902,27787,LONG,1,sub1,0.991576297533104,18.83402318975959,win,0.2250829815453172,3.8028979133568224,1.0,ALIGNED,1.0,ALIGNED,False,False
L00903,27889,SHORT,-1,sub1,-1.0190008644711332,-8.5806695039023,loss,0.2250829815453172,-0.1704316023821639,1.0,AGAINST,1.0,AGAINST,False,False
L00905,27914,LONG,1,sub1,0.9806485155789092,8.10809956891353,win,0.2250829815453172,-0.3214392442497266,1.0,ALIGNED,1.0,ALIGNED,False,False
L00906,28006,LONG,1,sub1,0.937184980137729,2.387161496576482,win,0.248482014519263,1.1488520610328228,1.0,ALIGNED,0.0,NEUTRAL_MIXED,True,True
L00907,28025,SHORT,-1,sub1,0.9689419923268277,4.991650475573351,win,0.248482014519263,1.306510837418585,0.0,NEUTRAL_MIXED,0.0,NEUTRAL_MIXED,False,False
L00908,28069,SHORT,-1,sub1,-1.0762192553724996,-2.25920707330306,loss,0.248482014519263,0.3892862299501364,0.0,NEUTRAL_MIXED,0.0,NEUTRAL_MIXED,False,False
L00909,28077,SHORT,-1,sub1,0.9503076021523956,3.05980839987933,win,0.248482014519263,0.4523962891804132,0.0,NEUTRAL_MIXED,0.0,NEUTRAL_MIXED,False,False
L00910,28154,LONG,1,sub1,-1.0643793761209823,-2.645267948219498,loss,0.248482014519263,-0.3273387812962203,0.0,NEUTRAL_MIXED,0.0,NEUTRAL_MIXED,False,False
L00911,28158,LONG,1,sub1,0.9519568736030638,3.1703411330463496,win,0.248482014519263,0.0078720966908693,0.0,NEUTRAL_MIXED,0.0,NEUTRAL_MIXED,False,False
L00913,28214,SHORT,-1,sub1,0.9657182804730344,4.50721046107401,win,0.248482014519263,0.1468365562701832,0.0,NEUTRAL_MIXED,0.0,NEUTRAL_MIXED,False,False
L00914,28273,SHORT,-1,sub1,-1.0301435700345296,-5.467931337149821,loss,0.2702594461727359,-0.4861729271523709,0.0,NEUTRAL_MIXED,0.0,NEUTRAL_MIXED,False,False
L00915,28303,SHORT,-1,sub1,0.9755849080616612,6.393323673895793,win,0.2702594461727359,0.5339442336850571,0.0,NEUTRAL_MIXED,0.0,NEUTRAL_MIXED,False,False
L00916,28350,LONG,1,sub1,0.9509749305140052,3.103636373744848,win,0.2702594461727359,0.605514078310263,0.0,NEUTRAL_MIXED,0.0,NEUTRAL_MIXED,False,False
L00917,28396,SHORT,-1,sub1,-1.025972600799008,-6.320338013048058,loss,0.2702594461727359,-0.7480506773513411,0.0,NEUTRAL_MIXED,0.0,NEUTRAL_MIXED,False,False
L00918,28419,SHORT,-1,sub1,-1.0266170148499674,-6.171192498547498,loss,0.2702594461727359,-0.9956664200441532,0.0,NEUTRAL_MIXED,0.0,NEUTRAL_MIXED,False,False
L00919,28453,SHORT,-1,sub1,-1.0200004478616194,-8.159820859356387,loss,0.2702594461727359,-0.9941176326085482,0.0,NEUTRAL_MIXED,0.0,NEUTRAL_MIXED,False,False
L00920,28462,SHORT,-1,sub1,-1.025132667243707,-6.526216464347272,loss,0.2702594461727359,-1.3077600751145573,0.0,NEUTRAL_MIXED,0.0,NEUTRAL_MIXED,False,False
L00921,28475,SHORT,-1,sub1,0.9777250969315432,7.022971773575591,win,0.2702594461727359,-0.5104324329198203,0.0,NEUTRAL_MIXED,0.0,NEUTRAL_MIXED,False,False
L00923,28559,LONG,1,sub1,0.9458659096204256,2.795623690690718,win,0.2925772296006124,0.7307944813694099,0.0,NEUTRAL_MIXED,1.0,ALIGNED,True,True
L00924,28579,SHORT,-1,sub1,-1.0378699694325233,-4.384983605675643,loss,0.2925772296006124,0.8814480140244288,0.0,NEUTRAL_MIXED,1.0,AGAINST,True,True
L00925,28600,SHORT,-1,sub1,0.9657008266417484,4.50483545619818,win,0.2925772296006124,-0.56243725383426,0.0,NEUTRAL_MIXED,1.0,AGAINST,True,True
L00926,28629,SHORT,-1,sub1,-1.043267733471449,-3.85790574090106,loss,0.2925772296006124,-0.5695601623672074,0.0,NEUTRAL_MIXED,1.0,AGAINST,True,True
L00927,28637,SHORT,-1,sub1,0.9554175139397764,3.4288532502141607,win,0.2925772296006124,0.4786335942390839,0.0,NEUTRAL_MIXED,1.0,AGAINST,True,True
L00928,28703,LONG,1,sub1,0.8538241041358441,0.9345717079686438,win,0.2925772296006124,0.8888970506324831,0.0,NEUTRAL_MIXED,1.0,ALIGNED,True,True
L00929,28704,SHORT,-1,sub1,0.92056376049606,1.8541940378727304,win,0.2925772296006124,-0.8752516388866058,0.0,NEUTRAL_MIXED,1.0,AGAINST,True,True
L00930,28711,LONG,1,sub1,-1.0326642743605168,-5.0583179064051365,loss,0.2925772296006124,-0.1147586562413505,0.0,NEUTRAL_MIXED,1.0,ALIGNED,True,True
L00931,28722,LONG,1,sub1,0.971211537767406,5.39778209711767,win,0.2925772296006124,-0.5175236137602682,0.0,NEUTRAL_MIXED,1.0,ALIGNED,True,True
L00932,28734,SHORT,-1,sub1,0.9886707816712004,13.962774877868467,win,0.2925772296006124,-1.5280718769902222,0.0,NEUTRAL_MIXED,1.0,AGAINST,True,True
L00933,28754,LONG,1,sub1,-1.0108433465849975,-14.91559217310487,loss,0.2925772296006124,-0.4447133244396307,0.0,NEUTRAL_MIXED,1.0,ALIGNED,True,True
L00934,28819,LONG,1,sub1,-1.0352338889427368,-4.70108259976314,loss,0.3088709156095879,-0.7458797910891544,0.0,NEUTRAL_MIXED,1.0,ALIGNED,True,True
L00935,28825,LONG,1,sub1,0.9661977926515468,4.573418689214122,win,0.3088709156095879,-0.6609720101968013,0.0,NEUTRAL_MIXED,1.0,ALIGNED,True,True
L00937,28856,LONG,1,sub1,-1.0299047811354902,-5.510315030728179,loss,0.3088709156095879,-0.4865549828783881,0.0,NEUTRAL_MIXED,1.0,ALIGNED,True,True
L00939,28908,SHORT,-1,sub1,-1.0552583399962032,-3.0554905270560084,loss,0.3088709156095879,-0.2625910150256599,0.0,NEUTRAL_MIXED,1.0,AGAINST,True,True
L00940,28919,SHORT,-1,sub1,-1.0427893441940217,-3.899248708144569,loss,0.3088709156095879,-1.185832083687242,0.0,NEUTRAL_MIXED,1.0,AGAINST,True,True
L00941,28931,SHORT,-1,sub1,-1.0545959681552974,-3.090619337031057,loss,0.3088709156095879,-0.4565111550461895,0.0,NEUTRAL_MIXED,1.0,AGAINST,True,True
L00942,28937,SHORT,-1,sub1,-1.0448662126164698,-3.7261579319738303,loss,0.3088709156095879,0.6484304558742909,0.0,NEUTRAL_MIXED,1.0,AGAINST,True,True
L00943,28974,SHORT,-1,sub1,0.9544325320069048,3.351276949250405,win,0.3088709156095879,1.1833200592183557,0.0,NEUTRAL_MIXED,1.0,AGAINST,True,True
L00944,28992,LONG,1,sub1,-1.0483811865225696,-3.467070609465281,loss,0.3088709156095879,1.1205057059082222,0.0,NEUTRAL_MIXED,1.0,ALIGNED,True,True
L00945,28993,SHORT,-1,sub1,0.9779760945418052,7.104833219683314,win,0.3088709156095879,-0.0469890236660014,0.0,NEUTRAL_MIXED,1.0,AGAINST,True,True
L00946,29004,LONG,1,sub1,-1.0207514726062217,-7.870296181673439,loss,0.3088709156095879,0.2035492608122208,0.0,NEUTRAL_MIXED,1.0,ALIGNED,True,True
L00947,29029,LONG,1,sub1,-1.019488539293152,-8.369953429196812,loss,0.3088709156095879,0.6058786263934314,0.0,NEUTRAL_MIXED,1.0,ALIGNED,True,True
L00948,29080,LONG,1,sub1,0.8834996105585782,5.379091664617721,win,0.3088709156095879,-1.978055422747766,0.0,NEUTRAL_MIXED,1.0,ALIGNED,True,True
L00949,29124,SHORT,-1,sub1,-1.0590558347997454,-2.8693004534166,loss,0.3275825506820117,0.0416282844821722,0.0,NEUTRAL_MIXED,0.0,NEUTRAL_MIXED,False,False
L00951,29167,LONG,1,sub1,-1.04271970261394,-3.905344424463237,loss,0.3275825506820117,-0.2939774649245984,0.0,NEUTRAL_MIXED,0.0,NEUTRAL_MIXED,False,False
L00952,29185,LONG,1,sub1,-1.0263773894290744,-6.225801182868054,loss,0.3275825506820117,1.106411033564752,0.0,NEUTRAL_MIXED,0.0,NEUTRAL_MIXED,False,False
L00954,29235,LONG,1,sub1,-1.0216362548884137,-7.554995151657749,loss,0.3275825506820117,-1.404258450973654,0.0,NEUTRAL_MIXED,0.0,NEUTRAL_MIXED,False,False
L00955,29277,SHORT,-1,sub1,-1.0113440313834432,-14.264333335446736,loss,0.3275825506820117,-0.2685002572423483,0.0,NEUTRAL_MIXED,0.0,NEUTRAL_MIXED,False,False
L00956,29459,SHORT,-1,sub1,0.9254742068765036,1.986907712001539,win,0.3487181502715293,1.082250376991232,0.0,NEUTRAL_MIXED,-1.0,ALIGNED,True,True
L00963,29723,SHORT,-1,sub1,0.9196091013190976,1.8302750513457795,win,0.368889250933254,0.1822326513662113,0.0,NEUTRAL_MIXED,0.0,NEUTRAL_MIXED,False,False
L00966,29840,SHORT,-1,sub1,-1.0214031562277908,-7.635532967988183,loss,0.368889250933254,-0.92754006002292,0.0,NEUTRAL_MIXED,0.0,NEUTRAL_MIXED,False,False
L00967,29868,SHORT,-1,sub1,-1.022481142534056,-7.277076000807028,loss,0.368889250933254,-1.2476903601243807,0.0,NEUTRAL_MIXED,0.0,NEUTRAL_MIXED,False,False
L00968,29957,SHORT,-1,sub1,0.97774168785996,7.028325826019682,win,0.3660123585240518,-0.4848947878822721,0.0,NEUTRAL_MIXED,0.0,NEUTRAL_MIXED,False,False
L00971,30069,SHORT,-1,sub1,0.9367243765435764,2.3686198896175483,win,0.3660123585240518,-0.574965465615719,0.0,NEUTRAL_MIXED,0.0,NEUTRAL_MIXED,False,False
L00973,30091,SHORT,-1,sub1,0.9623100686135252,4.085165595002309,win,0.3660123585240518,-1.5764887747042209,0.0,NEUTRAL_MIXED,0.0,NEUTRAL_MIXED,False,False
L00976,30134,LONG,1,sub1,0.9717997015742498,5.513698823476261,win,0.3660123585240518,-0.4886949753631512,0.0,NEUTRAL_MIXED,0.0,NEUTRAL_MIXED,False,False
L00977,30200,LONG,1,sub1,0.9081068459726418,1.5811525558501671,win,0.3864786538824033,-1.604874199250358,0.0,NEUTRAL_MIXED,0.0,NEUTRAL_MIXED,False,False
L00978,30217,SHORT,-1,sub1,-1.1054341326970698,-1.677535127448209,loss,0.3864786538824033,-0.9751541694537428,0.0,NEUTRAL_MIXED,0.0,NEUTRAL_MIXED,False,False
L00979,30221,SHORT,-1,sub1,0.9107709472420188,1.633137941672885,win,0.3864786538824033,0.6204139099603602,1.0,AGAINST,0.0,NEUTRAL_MIXED,True,True
L00981,30303,LONG,1,sub1,-1.0292009223784662,-5.639278973661476,loss,0.3864786538824033,-0.6746861700476192,1.0,ALIGNED,0.0,NEUTRAL_MIXED,True,True
L00983,30344,LONG,1,sub1,-1.0240486739317287,-6.813173495306728,loss,0.3864786538824033,-0.4538534502322948,1.0,ALIGNED,0.0,NEUTRAL_MIXED,True,True
L00985,30363,SHORT,-1,sub1,-1.0421104572484623,-3.959531291142412,loss,0.3864786538824033,-1.3757216762645916,1.0,AGAINST,0.0,NEUTRAL_MIXED,True,True
L00986,30387,SHORT,-1,sub1,-1.030505320164829,-5.404986747731982,loss,0.3864786538824033,-0.5685551839154978,1.0,AGAINST,0.0,NEUTRAL_MIXED,True,True
L00987,30399,SHORT,-1,sub1,-1.0448126206169726,-3.730422746918066,loss,0.3864786538824033,-1.1411060929362216,1.0,AGAINST,0.0,NEUTRAL_MIXED,True,True
L00988,30410,SHORT,-1,sub1,-1.0603642883975228,-2.810573778757771,loss,0.3864786538824033,-0.0971022421225134,1.0,AGAINST,0.0,NEUTRAL_MIXED,True,True
L00989,30421,SHORT,-1,sub1,0.9326118987337582,2.214306398213012,win,0.3864786538824033,-1.883627143686919,1.0,AGAINST,0.0,NEUTRAL_MIXED,True,True
L00990,30439,SHORT,-1,sub1,0.9914988922361012,18.66107655184851,win,0.3864786538824033,-1.0062410499674888,1.0,AGAINST,0.0,NEUTRAL_MIXED,True,True
L00991,30454,LONG,1,sub1,-1.0434313398398514,-17.040824714994283,loss,0.3864786538824033,-0.1934926129580179,1.0,ALIGNED,0.0,NEUTRAL_MIXED,True,True
L00993,30618,SHORT,-1,sub1,0.9559609145828536,3.473136303452065,win,0.3762401232660825,-0.3585673443385733,0.0,NEUTRAL_MIXED,0.0,NEUTRAL_MIXED,False,False
L00994,30636,LONG,1,sub1,0.9495134279685594,3.0091595123594743,win,0.3762401232660825,0.2205404563996861,0.0,NEUTRAL_MIXED,0.0,NEUTRAL_MIXED,False,False
L00995,30647,SHORT,-1,sub1,0.964540509469338,4.352191168158697,win,0.3762401232660825,0.7081353820799793,0.0,NEUTRAL_MIXED,0.0,NEUTRAL_MIXED,False,False
L00996,30672,LONG,1,sub1,0.9475826996198632,12.822491886570464,win,0.3762401232660825,1.26079206737281,0.0,NEUTRAL_MIXED,0.0,NEUTRAL_MIXED,False,False
L00997,30835,SHORT,-1,sub1,0.9467096769827856,2.8424212829067983,win,0.3747334085376228,0.5927171898167922,-1.0,ALIGNED,0.0,NEUTRAL_MIXED,True,True
L00998,30919,LONG,1,sub1,-1.0338426308316575,-4.887764835887992,loss,0.3747334085376228,-0.4470696023100982,-1.0,AGAINST,0.0,NEUTRAL_MIXED,True,True
L01000,30944,SHORT,-1,sub1,-1.024613313455334,-6.660546961716591,loss,0.3747334085376228,-0.5005605766938779,-1.0,ALIGNED,0.0,NEUTRAL_MIXED,True,True
L01001,30962,SHORT,-1,sub1,-1.0222686603382023,-7.344985426598214,loss,0.3747334085376228,-0.4964449183009384,-1.0,ALIGNED,0.0,NEUTRAL_MIXED,True,True
L01002,31007,SHORT,-1,sub1,-1.0791048763052482,-2.182631315197796,loss,0.3747334085376228,0.2150691877315005,-1.0,ALIGNED,0.0,NEUTRAL_MIXED,True,True
L01003,31013,SHORT,-1,sub1,0.922666981632028,1.9089739438145443,win,0.3747334085376228,0.3295093354760371,-1.0,ALIGNED,0.0,NEUTRAL_MIXED,True,True
L01004,31035,SHORT,-1,sub1,-1.039651531560065,-4.195153087528979,loss,0.3753865319402093,-0.689396356916717,0.0,NEUTRAL_MIXED,0.0,NEUTRAL_MIXED,False,False
L01005,31065,SHORT,-1,sub1,-1.0261616184705469,-6.275829576063188,loss,0.3753865319402093,-0.02843683462884,0.0,NEUTRAL_MIXED,0.0,NEUTRAL_MIXED,False,False
L01006,31097,SHORT,-1,sub1,-1.0364614279735196,-4.548198951397353,loss,0.3753865319402093,-1.6308385521649291,0.0,NEUTRAL_MIXED,0.0,NEUTRAL_MIXED,False,False
L01007,31136,SHORT,-1,sub1,-1.016880545802446,-9.638366509729169,loss,0.3753865319402093,-0.2663528446249074,0.0,NEUTRAL_MIXED,0.0,NEUTRAL_MIXED,False,False
L01008,31163,SHORT,-1,sub1,-1.0307845062539005,-5.357419724072315,loss,0.3753865319402093,-0.2411537487661032,0.0,NEUTRAL_MIXED,0.0,NEUTRAL_MIXED,False,False
L01009,31175,SHORT,-1,sub1,-1.0450554303806383,-3.711181259353907,loss,0.3753865319402093,-0.3447936262330091,0.0,NEUTRAL_MIXED,0.0,NEUTRAL_MIXED,False,False
L01010,31185,SHORT,-1,sub1,0.9181144768243924,1.7939473376354726,win,0.3753865319402093,-1.393958135582742,0.0,NEUTRAL_MIXED,0.0,NEUTRAL_MIXED,False,False
L01011,31201,LONG,1,sub1,0.9772822067807296,6.882937597659748,win,0.3753865319402093,-1.6063465435209066,0.0,NEUTRAL_MIXED,0.0,NEUTRAL_MIXED,False,False
L01012,31280,SHORT,-1,sub1,0.9279298082179264,2.0600579191418547,win,0.3753865319402093,-0.3056295053614625,0.0,NEUTRAL_MIXED,0.0,NEUTRAL_MIXED,False,False
L01013,31301,LONG,1,sub1,-1.10596653783369,-1.6699106120740907,loss,0.3750518449018516,0.8137701454978362,0.0,NEUTRAL_MIXED,1.0,ALIGNED,True,True
L01016,31327,SHORT,-1,sub1,-1.0557104952715823,-3.031990263591524,loss,0.3750518449018516,0.3907276145376022,1.0,AGAINST,1.0,AGAINST,False,False
L01017,31334,SHORT,-1,sub1,-1.0494307482325207,-3.3968516706891023,loss,0.3750518449018516,0.7089349682921589,1.0,AGAINST,1.0,AGAINST,False,False
L01018,31341,SHORT,-1,sub1,-1.021868483714497,-7.476465196614754,loss,0.3750518449018516,-0.3109686904549829,1.0,AGAINST,1.0,AGAINST,False,False
L01020,31364,LONG,1,sub1,0.9719289854057136,5.53982960403664,win,0.3750518449018516,0.4065529144740979,1.0,ALIGNED,1.0,ALIGNED,False,False
L01021,31440,SHORT,-1,sub1,0.9861744577678792,11.412782992057146,win,0.3750518449018516,-0.9720860670361532,1.0,AGAINST,1.0,AGAINST,False,False
L01022,31505,LONG,1,sub1,-1.0211881103862914,-7.711404872015919,loss,0.3750518449018516,0.6879307098606193,1.0,ALIGNED,1.0,ALIGNED,False,False
L01023,31525,LONG,1,sub1,-1.0143737219387303,-11.291424462075156,loss,0.3750518449018516,-0.7770329175185692,1.0,ALIGNED,1.0,ALIGNED,False,False
L01024,31559,LONG,1,sub1,-1.1571969186638318,-13.308761565016148,loss,0.3750518449018516,-3.001913210496983,1.0,ALIGNED,1.0,ALIGNED,False,False
L01025,31632,LONG,1,sub1,0.9646473874342224,4.365832417679485,win,0.3826774902409759,-1.0661440551929964,1.0,ALIGNED,1.0,ALIGNED,False,False
L01026,31674,SHORT,-1,sub1,0.9558364430739428,3.462896594759058,win,0.3826774902409759,-0.3190342947297596,1.0,AGAINST,1.0,AGAINST,False,False
L01027,31696,SHORT,-1,sub1,0.9523241390961734,3.1959960316735305,win,0.3826774902409759,-0.9745365215731376,1.0,AGAINST,1.0,AGAINST,False,False
L01028,31746,SHORT,-1,sub1,-1.0388380447106516,-4.279671862779651,loss,0.3826774902409759,-0.752459032007584,1.0,AGAINST,1.0,AGAINST,False,False
L01029,31748,SHORT,-1,sub1,-1.0372844172108926,-4.451337024120221,loss,0.3826774902409759,0.1406864451787537,1.0,AGAINST,1.0,AGAINST,False,False
L01031,31784,LONG,1,sub1,-1.0238014602690824,-6.88227662466943,loss,0.3826774902409759,0.0039287864234709,1.0,ALIGNED,1.0,ALIGNED,False,False
L01033,31865,SHORT,-1,sub1,-1.030216124884497,-5.455185951589101,loss,0.3866141511583933,0.819210275013238,1.0,AGAINST,0.0,NEUTRAL_MIXED,True,True
L01034,31883,SHORT,-1,sub1,0.9668944617107648,4.673028196127689,win,0.3866141511583933,-1.5180736596095483,0.0,NEUTRAL_MIXED,0.0,NEUTRAL_MIXED,False,False
L01035,31906,LONG,1,sub1,0.9783978042033752,7.24665446726749,win,0.3866141511583933,0.1805038744863975,0.0,NEUTRAL_MIXED,0.0,NEUTRAL_MIXED,False,False
L01036,31978,SHORT,-1,sub1,0.9782499633001104,7.196309426396056,win,0.3866141511583933,-0.6990786089052675,0.0,NEUTRAL_MIXED,0.0,NEUTRAL_MIXED,False,False
L01037,32014,LONG,1,sub1,-1.0226420759460315,-7.226489856372609,loss,0.3866141511583933,-1.5504055282903444,0.0,NEUTRAL_MIXED,0.0,NEUTRAL_MIXED,False,False
L01039,32035,LONG,1,sub1,-1.0146778431857448,-11.06078412577972,loss,0.3866141511583933,-2.302577515299503,0.0,NEUTRAL_MIXED,0.0,NEUTRAL_MIXED,False,False
L01040,32047,LONG,1,sub1,0.9841709737837282,9.948012824906527,win,0.3866141511583933,-1.614676944652098,0.0,NEUTRAL_MIXED,0.0,NEUTRAL_MIXED,False,False
L01041,32108,SHORT,-1,sub1,0.9731620250107296,5.801701658333968,win,0.3866141511583933,-0.23800222766835,0.0,NEUTRAL_MIXED,0.0,NEUTRAL_MIXED,False,False
L01042,32133,LONG,1,sub1,0.937523609335679,2.4009674038234152,win,0.409705760444223,-0.5863472442236008,0.0,NEUTRAL_MIXED,0.0,NEUTRAL_MIXED,False,False
L01043,32139,SHORT,-1,sub1,0.9369587826520492,2.3780220549479054,win,0.409705760444223,-0.9425337441789208,0.0,NEUTRAL_MIXED,0.0,NEUTRAL_MIXED,False,False
L01044,32149,LONG,1,sub1,0.8828753863098413,5.3466431331509225,win,0.409705760444223,-1.6280027047785406,0.0,NEUTRAL_MIXED,0.0,NEUTRAL_MIXED,False,False
L01046,32181,LONG,1,sub1,-1.0540286833850214,-3.121389950216781,loss,0.409705760444223,-0.011391195434264,0.0,NEUTRAL_MIXED,0.0,NEUTRAL_MIXED,False,False
L01050,32295,SHORT,-1,sub1,-1.0508132379560258,-3.308785758119029,loss,0.409705760444223,-0.973209173931951,0.0,NEUTRAL_MIXED,0.0,NEUTRAL_MIXED,False,False
L01052,32312,SHORT,-1,sub1,-1.0154783436672297,-10.49702335596794,loss,0.409705760444223,-0.3887627324497005,0.0,NEUTRAL_MIXED,0.0,NEUTRAL_MIXED,False,False
L01053,32333,SHORT,-1,sub1,0.9814473432821296,8.464101789461893,win,0.409705760444223,0.5004579648854676,0.0,NEUTRAL_MIXED,0.0,NEUTRAL_MIXED,False,False
L01054,32415,SHORT,-1,sub1,-1.0529219941638397,-3.1833176683499005,loss,0.4205141151491275,0.1304827011746889,0.0,NEUTRAL_MIXED,0.0,NEUTRAL_MIXED,False,False
L01055,32425,SHORT,-1,sub1,0.9567417079238208,3.538712832168585,win,0.4205141151491275,-0.2951636730589378,0.0,NEUTRAL_MIXED,0.0,NEUTRAL_MIXED,False,False
L01056,32440,SHORT,-1,sub1,0.982105211857805,8.781150838359736,win,0.4205141151491275,-0.9715309868606872,0.0,NEUTRAL_MIXED,0.0,NEUTRAL_MIXED,False,False
L01057,32473,SHORT,-1,sub1,-1.0328217615188529,-5.034814531448774,loss,0.4205141151491275,0.6104881000641856,0.0,NEUTRAL_MIXED,0.0,NEUTRAL_MIXED,False,False
L01058,32493,SHORT,-1,sub1,-1.020657832991598,-7.905246080018514,loss,0.4205141151491275,0.1601010733508898,0.0,NEUTRAL_MIXED,0.0,NEUTRAL_MIXED,False,False
L01059,32515,SHORT,-1,sub1,0.965715716444512,4.506861413070055,win,0.4205141151491275,-0.2073612246226637,0.0,NEUTRAL_MIXED,0.0,NEUTRAL_MIXED,False,False
L01060,32573,SHORT,-1,sub1,0.976603550178879,6.6786443765249714,win,0.4205141151491275,-0.3198331016214129,0.0,NEUTRAL_MIXED,0.0,NEUTRAL_MIXED,False,False
L01061,32585,LONG,1,sub1,0.9789678602857276,7.447404770674893,win,0.4205141151491275,-0.9389184643906312,0.0,NEUTRAL_MIXED,0.0,NEUTRAL_MIXED,False,False
L01062,32609,SHORT,-1,sub1,-1.0234992429999856,-6.968729966320552,loss,0.4205141151491275,-0.0752893520951714,0.0,NEUTRAL_MIXED,0.0,NEUTRAL_MIXED,False,False
L01063,32619,SHORT,-1,sub1,-1.036783112732159,-4.50982219055004,loss,0.4205141151491275,-1.071273865531447,0.0,NEUTRAL_MIXED,0.0,NEUTRAL_MIXED,False,False
L01064,32626,SHORT,-1,sub1,0.9548723069355006,3.38549477570632,win,0.4205141151491275,0.6566771614985478,0.0,NEUTRAL_MIXED,0.0,NEUTRAL_MIXED,False,False
L01065,32680,SHORT,-1,sub1,0.9385288160404264,2.4428455886759366,win,0.4187863971394515,-0.3453810591855704,0.0,NEUTRAL_MIXED,1.0,AGAINST,True,True
L01066,32689,LONG,1,sub1,0.9557623140888548,3.456825715550167,win,0.4187863971394515,-1.0180188272427555,0.0,NEUTRAL_MIXED,1.0,ALIGNED,True,True
L01067,32731,SHORT,-1,sub1,-1.0264481982319686,-6.209561433128329,loss,0.4187863971394515,1.0507277588168384,0.0,NEUTRAL_MIXED,1.0,AGAINST,True,True
L01068,32764,SHORT,-1,sub1,-1.0294871192286614,-5.586098045017934,loss,0.4187863971394515,-0.4199876568580103,0.0,NEUTRAL_MIXED,1.0,AGAINST,True,True
L01071,32824,LONG,1,sub1,0.985593605839826,10.946179535346346,win,0.4187863971394515,0.4441208721619183,0.0,NEUTRAL_MIXED,1.0,ALIGNED,True,True
L01072,32851,SHORT,-1,sub1,0.9621369492628986,4.0657556347164245,win,0.4187863971394515,0.6186269540691082,0.0,NEUTRAL_MIXED,1.0,AGAINST,True,True
L01073,32859,SHORT,-1,sub1,-1.0274256625586318,-5.993952038817497,loss,0.4187863971394515,0.190200886053494,0.0,NEUTRAL_MIXED,1.0,AGAINST,True,True
L01075,32944,SHORT,-1,sub1,-1.0228379378040564,-7.165886493457037,loss,0.4187863971394515,-0.2703531035562943,0.0,NEUTRAL_MIXED,1.0,AGAINST,True,True
L01076,32960,SHORT,-1,sub1,-1.0419688261197344,-3.972353472631767,loss,0.4163690974287889,1.1898685877686908,0.0,NEUTRAL_MIXED,1.0,AGAINST,True,True
L01078,33007,SHORT,-1,sub1,0.9813254673963808,8.407818182975461,win,0.4163690974287889,-0.3984130077354044,1.0,AGAINST,1.0,AGAINST,False,False
L01079,33056,LONG,1,sub1,0.9792512152547848,7.551294997012064,win,0.4163690974287889,-0.5773952604061747,1.0,ALIGNED,1.0,ALIGNED,False,False
L01081,33122,LONG,1,sub1,0.9714286090330652,5.440007370485546,win,0.4163690974287889,-0.654066280949432,1.0,ALIGNED,1.0,ALIGNED,False,False
L01083,33141,LONG,1,sub1,-1.019098795579791,-8.537491624087124,loss,0.4163690974287889,-0.1778181637382025,1.0,ALIGNED,1.0,ALIGNED,False,False
L01084,33158,LONG,1,sub1,-1.0095584231649104,-16.89916264632666,loss,0.4163690974287889,0.2702451505514507,1.0,ALIGNED,1.0,ALIGNED,False,False
L01085,33198,LONG,1,sub1,-1.0838487175293643,-9.16858263305208,loss,0.4163690974287889,-1.7354823569423423,1.0,ALIGNED,1.0,ALIGNED,False,False
L01086,33269,LONG,1,sub1,0.9734291095950136,5.861627335824323,win,0.4428162599534049,-0.1460479843119571,1.0,ALIGNED,1.0,ALIGNED,False,False
L01087,33284,SHORT,-1,sub1,-1.0274692489415365,-5.98469511053554,loss,0.4428162599534049,0.2163100183127336,1.0,AGAINST,1.0,AGAINST,False,False
L01088,33322,SHORT,-1,sub1,-1.0367081330247216,-4.518707098835421,loss,0.4428162599534049,-2.036067747769585,1.0,AGAINST,1.0,AGAINST,False,False
L01090,33343,SHORT,-1,sub1,0.9652947956685825,4.45025955853589,win,0.4428162599534049,0.5985603741433044,1.0,AGAINST,1.0,AGAINST,False,False
L01091,33377,SHORT,-1,sub1,-1.049568486421088,-3.3878572849821467,loss,0.4428162599534049,-0.2821987008488392,1.0,AGAINST,1.0,AGAINST,False,False
L01092,33402,SHORT,-1,sub1,-1.0230579910824873,-7.099026016077005,loss,0.4428162599534049,0.0806465772497505,1.0,AGAINST,1.0,AGAINST,False,False
L01094,33447,LONG,1,sub1,0.9891509024655668,14.58777044745375,win,0.4428162599534049,-0.3019561380884568,1.0,ALIGNED,1.0,ALIGNED,False,False
L01097,33531,SHORT,-1,sub2,0.9558955530490478,3.4677520989616823,win,0.4424776004630452,-1.5629527497352766,0.0,NEUTRAL_MIXED,0.0,NEUTRAL_MIXED,False,False
L01098,33551,LONG,1,sub2,-1.0202603907727688,-8.057182329518582,loss,0.4424776004630452,-0.398790047283898,0.0,NEUTRAL_MIXED,0.0,NEUTRAL_MIXED,False,False
L01099,33579,LONG,1,sub2,0.9713296147480286,5.420671434781525,win,0.4424776004630452,-0.883061553197756,0.0,NEUTRAL_MIXED,0.0,NEUTRAL_MIXED,False,False
L01100,33629,SHORT,-1,sub2,0.9530623113535612,3.2487745820862983,win,0.4424776004630452,0.3349443493623495,0.0,NEUTRAL_MIXED,0.0,NEUTRAL_MIXED,False,False
L01101,33655,SHORT,-1,sub2,-1.0464830382787995,-3.602115789423806,loss,0.4424776004630452,-1.1538307364076452,0.0,NEUTRAL_MIXED,0.0,NEUTRAL_MIXED,False,False
L01102,33663,SHORT,-1,sub2,0.9527815100541688,3.228503109341545,win,0.4424776004630452,0.4800213981558673,0.0,NEUTRAL_MIXED,0.0,NEUTRAL_MIXED,False,False
L01103,33672,LONG,1,sub2,0.9764005137884088,6.619808618090701,win,0.4424776004630452,-1.2001459728161172,0.0,NEUTRAL_MIXED,0.0,NEUTRAL_MIXED,False,False
L01104,33699,SHORT,-1,sub2,0.9844595904856585,10.135738979864072,win,0.4424776004630452,-0.5374486767189681,0.0,NEUTRAL_MIXED,0.0,NEUTRAL_MIXED,False,False
L01105,33726,SHORT,-1,sub2,0.9755731413698476,6.390166864369348,win,0.4424776004630452,1.498774127023121,0.0,NEUTRAL_MIXED,0.0,NEUTRAL_MIXED,False,False
L01106,33806,SHORT,-1,sub2,-1.011670431203073,-13.869861890768789,loss,0.4613538164018217,1.1827873936855196,0.0,NEUTRAL_MIXED,0.0,NEUTRAL_MIXED,False,False
L01107,33869,SHORT,-1,sub2,0.981857004502244,8.6588303866165,win,0.4613538164018217,0.1056915385802008,0.0,NEUTRAL_MIXED,0.0,NEUTRAL_MIXED,False,False
L01108,33908,SHORT,-1,sub2,0.979953416043809,7.821409717960705,win,0.4613538164018217,-1.3461534899682506,0.0,NEUTRAL_MIXED,0.0,NEUTRAL_MIXED,False,False
L01109,33949,LONG,1,sub2,-1.02339852423063,-6.998038092607658,loss,0.4613538164018217,0.0023808365316229,0.0,NEUTRAL_MIXED,0.0,NEUTRAL_MIXED,False,False
L01110,33959,LONG,1,sub2,0.979502111238022,7.645681934260665,win,0.4613538164018217,-0.9400922699152194,0.0,NEUTRAL_MIXED,0.0,NEUTRAL_MIXED,False,False
L01111,33987,SHORT,-1,sub2,-1.0232473579750987,-7.0425025265767545,loss,0.4613538164018217,-0.4766115337652956,0.0,NEUTRAL_MIXED,0.0,NEUTRAL_MIXED,False,False
L01112,34000,SHORT,-1,sub2,-1.0116296579825323,-13.917928241756726,loss,0.4613538164018217,0.3317857089394176,0.0,NEUTRAL_MIXED,0.0,NEUTRAL_MIXED,False,False
L01113,34066,SHORT,-1,sub2,-1.0168225622287788,-9.6710362989852,loss,0.4602222957735262,-0.6901683601051501,0.0,NEUTRAL_MIXED,0.0,NEUTRAL_MIXED,False,False
L01114,34089,SHORT,-1,sub2,0.9732142604565374,5.81332770074323,win,0.4602222957735262,-0.4772899544456569,1.0,AGAINST,0.0,NEUTRAL_MIXED,True,True
L01116,34172,LONG,1,sub2,-1.015169971823662,-10.707152088330531,loss,0.4602222957735262,-0.9491998670210844,1.0,ALIGNED,0.0,NEUTRAL_MIXED,True,True
L01117,34181,LONG,1,sub2,0.9805620289176934,8.071311762033474,win,0.4602222957735262,-0.5207350848274129,1.0,ALIGNED,0.0,NEUTRAL_MIXED,True,True
L01119,34231,SHORT,-1,sub2,-1.026896516497395,-6.108725739831243,loss,0.4602222957735262,-0.676428809198296,1.0,AGAINST,0.0,NEUTRAL_MIXED,True,True
L01120,34244,SHORT,-1,sub2,0.9796025700660368,7.684125486292032,win,0.4602222957735262,-0.1858117568700309,1.0,AGAINST,0.0,NEUTRAL_MIXED,True,True
L01121,34263,SHORT,-1,sub2,-1.0268101792690694,-6.127882511865209,loss,0.4602222957735262,-0.872513649043505,1.0,AGAINST,0.0,NEUTRAL_MIXED,True,True
L01123,34343,SHORT,-1,sub2,-1.0548121482890274,-3.0790609197829326,loss,0.4814158049396863,-1.3834803119354016,1.0,AGAINST,1.0,AGAINST,False,False
L01124,34351,SHORT,-1,sub2,-1.056146692778543,-3.009678085776613,loss,0.4814158049396863,0.5492106971349323,1.0,AGAINST,1.0,AGAINST,False,False
L01125,34364,SHORT,-1,sub2,0.9618250236909271,4.031227224464146,win,0.4814158049396863,-1.3090420841563923,1.0,AGAINST,1.0,AGAINST,False,False
L01126,34428,SHORT,-1,sub2,0.9770195224343796,6.802431461355809,win,0.4814158049396863,-0.8147207146108084,1.0,AGAINST,1.0,AGAINST,False,False
L01127,34452,SHORT,-1,sub2,-1.0350549268160865,-4.724265697637293,loss,0.4814158049396863,-0.8723881586708582,1.0,AGAINST,1.0,AGAINST,False,False
L01128,34465,SHORT,-1,sub2,0.946747300394415,2.844542514931618,win,0.4814158049396863,0.7870100854401524,1.0,AGAINST,1.0,AGAINST,False,False
L01131,34506,SHORT,-1,sub2,0.976118270370712,6.539682245947461,win,0.4814158049396863,-1.3282573333816916,1.0,AGAINST,1.0,AGAINST,False,False
L01133,34518,SHORT,-1,sub2,0.98093820035796,8.233751010108335,win,0.4814158049396863,-0.9428753946998898,1.0,AGAINST,1.0,AGAINST,False,False
L01134,34524,LONG,1,sub2,0.9844034411596804,10.098673187974782,win,0.4814158049396863,-1.363587469181768,1.0,ALIGNED,1.0,ALIGNED,False,False
L01135,34540,SHORT,-1,sub2,-1.0214987616454163,-7.602289125241896,loss,0.4814158049396863,-0.2220938467703797,1.0,AGAINST,1.0,AGAINST,False,False
L01136,34565,SHORT,-1,sub2,0.967952925929606,4.832655480759513,win,0.4814158049396863,0.5363720349905148,1.0,AGAINST,1.0,AGAINST,False,False
L01137,34635,LONG,1,sub2,0.9879113690866916,13.075576563406685,win,0.4952644659190532,-0.844211889965597,1.0,ALIGNED,1.0,ALIGNED,False,False
L01138,34643,SHORT,-1,sub2,0.990489451986078,16.663425923053182,win,0.4952644659190532,-1.8787793114776676,1.0,AGAINST,1.0,AGAINST,False,False
L01139,34701,SHORT,-1,sub2,0.972900463580049,5.744160038769678,win,0.4952644659190532,0.5917728830563127,1.0,AGAINST,1.0,AGAINST,False,False
L01140,34767,SHORT,-1,sub2,-1.022877225466517,-7.153855099868906,loss,0.4952644659190532,-0.6769120978516628,1.0,AGAINST,1.0,AGAINST,False,False
L01142,34811,LONG,1,sub2,-1.0103500101886318,-15.618921980153573,loss,0.4952644659190532,0.3771722447107961,1.0,ALIGNED,1.0,ALIGNED,False,False
L01143,34852,LONG,1,sub2,0.9897325142761696,15.423172385475482,win,0.4952644659190532,0.6390568397198274,1.0,ALIGNED,1.0,ALIGNED,False,False
L01145,34890,LONG,1,sub2,0.9588381775574252,16.522687261725554,win,0.4772925324831681,0.6786134076235203,1.0,ALIGNED,0.0,NEUTRAL_MIXED,True,True
L01146,34922,SHORT,-1,sub2,0.962891480043278,4.151678293460918,win,0.4772925324831681,0.6531861061648392,0.0,NEUTRAL_MIXED,0.0,NEUTRAL_MIXED,False,False
L01148,35029,SHORT,-1,sub2,0.984510564748762,10.169621280870617,win,0.4772925324831681,0.2773351148986928,0.0,NEUTRAL_MIXED,0.0,NEUTRAL_MIXED,False,False
L01149,35057,LONG,1,sub2,-1.0184202478937532,-8.846093744379687,loss,0.4772925324831681,-0.8376356131044829,0.0,NEUTRAL_MIXED,0.0,NEUTRAL_MIXED,False,False
L01150,35067,LONG,1,sub2,0.9791931657915384,7.529781078506858,win,0.4772925324831681,-0.9059775558958616,0.0,NEUTRAL_MIXED,0.0,NEUTRAL_MIXED,False,False
L01151,35081,LONG,1,sub2,0.9881265177939688,13.315406559213445,win,0.4772925324831681,-1.1453520513939206,0.0,NEUTRAL_MIXED,0.0,NEUTRAL_MIXED,False,False
L01152,35099,SHORT,-1,sub2,0.9911266222352528,17.871464932724393,win,0.4772925324831681,-1.4711945705558145,0.0,NEUTRAL_MIXED,0.0,NEUTRAL_MIXED,False,False
L01153,35179,SHORT,-1,sub2,0.9903138438549676,16.35842047600181,win,0.4840610421097729,-0.6543411061375126,0.0,NEUTRAL_MIXED,0.0,NEUTRAL_MIXED,False,False
L01154,35190,LONG,1,sub2,0.9941419758526128,27.152963547823678,win,0.4840610421097729,-0.2629376531417856,0.0,NEUTRAL_MIXED,0.0,NEUTRAL_MIXED,False,False
L01155,35256,SHORT,-1,sub2,-1.016161380087502,-10.06014461225277,loss,0.4840610421097729,0.3761780181577678,0.0,NEUTRAL_MIXED,0.0,NEUTRAL_MIXED,False,False
L01159,35337,SHORT,-1,sub2,-1.0229582255527676,-7.129179723062862,loss,0.4840610421097729,-0.9539190382274048,0.0,NEUTRAL_MIXED,0.0,NEUTRAL_MIXED,False,False
L01160,35366,SHORT,-1,sub2,-1.020581651929097,-7.933914385057506,loss,0.4840610421097729,0.1620171865981542,0.0,NEUTRAL_MIXED,0.0,NEUTRAL_MIXED,False,False
L01161,35384,SHORT,-1,sub2,0.9829369598577236,9.216992532733457,win,0.4840610421097729,-2.134235002956656,0.0,NEUTRAL_MIXED,0.0,NEUTRAL_MIXED,False,False
L01164,35461,SHORT,-1,sub2,-1.0169370584833275,-9.606740716952118,loss,0.4776613209877249,-1.563745115289784,1.0,AGAINST,0.0,NEUTRAL_MIXED,True,True
L01165,35482,SHORT,-1,sub2,-1.0130899560026436,-12.383112130211885,loss,0.4776613209877249,-1.8474716751749016,1.0,AGAINST,0.0,NEUTRAL_MIXED,True,True
L01166,35513,SHORT,-1,sub2,-1.0209607456582417,-7.79331622875452,loss,0.4776613209877249,-0.3563177228955462,1.0,AGAINST,0.0,NEUTRAL_MIXED,True,True
L01168,35547,LONG,1,sub2,0.9922839192787364,20.57591578156189,win,0.4776613209877249,1.1870789137860025,1.0,ALIGNED,0.0,NEUTRAL_MIXED,True,True
L01170,35608,LONG,1,sub2,-1.0301339114207329,-5.469632651596839,loss,0.4776613209877249,-0.0137747493945533,1.0,ALIGNED,0.0,NEUTRAL_MIXED,True,True
L01172,35619,LONG,1,sub2,0.9894735942139902,15.039870046099168,win,0.4776613209877249,-1.6214948568793597,1.0,ALIGNED,0.0,NEUTRAL_MIXED,True,True
L01173,35651,SHORT,-1,sub2,0.9766362720916136,6.688222194131413,win,0.4776613209877249,-0.002260056179136,1.0,AGAINST,0.0,NEUTRAL_MIXED,True,True
L01174,35668,SHORT,-1,sub2,-1.0126515798191515,-12.80664194408746,loss,0.4776613209877249,-1.36515844594929,1.0,AGAINST,0.0,NEUTRAL_MIXED,True,True
L01175,35736,SHORT,-1,sub2,-1.030902886801794,-5.337509823792971,loss,0.4844470301363918,-0.1027387741717739,1.0,AGAINST,1.0,AGAINST,False,False
L01177,35766,SHORT,-1,sub2,0.9767496093278708,6.72160479779177,win,0.4844470301363918,0.5069387098490817,1.0,AGAINST,1.0,AGAINST,False,False
L01179,35804,SHORT,-1,sub2,-1.0199851599211858,-8.16594043934765,loss,0.4844470301363918,-1.555850931922092,1.0,AGAINST,1.0,AGAINST,False,False
L01180,35844,SHORT,-1,sub2,0.9747668250402216,6.18085881998195,win,0.4844470301363918,1.522586039282578,1.0,AGAINST,1.0,AGAINST,False,False
L01181,35875,SHORT,-1,sub2,-1.049249579060187,-3.408758731608941,loss,0.4844470301363918,-1.4341944386206205,1.0,AGAINST,1.0,AGAINST,False,False
L01182,35881,LONG,1,sub2,-1.0263047817686335,-6.242544284425094,loss,0.4844470301363918,-0.1562147893804592,1.0,ALIGNED,1.0,ALIGNED,False,False
L01183,35892,LONG,1,sub2,0.9877305551399772,12.880524801670616,win,0.4844470301363918,-1.1894925646914507,1.0,ALIGNED,1.0,ALIGNED,False,False
L01184,35911,SHORT,-1,sub2,0.9854126212592756,10.808385948133036,win,0.4844470301363918,-0.9340783365238704,1.0,AGAINST,1.0,AGAINST,False,False
L01185,35980,SHORT,-1,sub2,0.96837826724931,4.8998112779372605,win,0.4844470301363918,0.8299980333825239,1.0,AGAINST,1.0,AGAINST,False,False
L01186,35993,LONG,1,sub2,0.9216959670078716,8.348981839342416,win,0.4986392347308334,0.6710796225475056,1.0,ALIGNED,1.0,ALIGNED,False,False
L01187,36023,SHORT,-1,sub2,-1.0176442284009857,-9.22812110814175,loss,0.4986392347308334,-2.4666618899830053,1.0,AGAINST,1.0,AGAINST,False,False
L01188,36053,SHORT,-1,sub2,0.972088151415363,5.572332615472988,win,0.4986392347308334,-1.6083951578838105,1.0,AGAINST,1.0,AGAINST,False,False
L01189,36154,SHORT,-1,sub2,0.9667757984314804,4.6557665932132295,win,0.4986392347308334,0.0940980040162129,1.0,AGAINST,1.0,AGAINST,False,False
L01190,36163,LONG,1,sub2,-1.0266734161172744,-6.158481757881418,loss,0.4986392347308334,-0.0554732914445139,1.0,ALIGNED,1.0,ALIGNED,False,False
L01193,36180,SHORT,-1,sub2,-1.0161786519333953,-10.049575513370655,loss,0.4986392347308334,-0.5868090918627729,1.0,AGAINST,1.0,AGAINST,False,False
L01194,36190,SHORT,-1,sub2,-1.0174012188622694,-9.354758210114596,loss,0.4986392347308334,-1.7633504158335722,1.0,AGAINST,1.0,AGAINST,False,False
L01195,36211,SHORT,-1,sub2,0.9883667501021378,13.593680304697957,win,0.4986392347308334,-1.0789391390382788,1.0,AGAINST,1.0,AGAINST,False,False
L01197,36275,SHORT,-1,sub2,0.9947046827637214,30.05537574815753,win,0.5114114679190466,-1.0602476695116745,1.0,AGAINST,1.0,AGAINST,False,False
L01198,36313,LONG,1,sub2,0.9962990544830966,43.072195467099846,win,0.5114114679190466,-1.6266252701934143,1.0,ALIGNED,1.0,ALIGNED,False,False
L01199,36435,LONG,1,sub2,-1.0062114224339629,-25.91899509345967,loss,0.5114114679190466,-1.1009275742857945,1.0,ALIGNED,1.0,ALIGNED,False,False
L01200,36464,LONG,1,sub2,-1.004356760438485,-36.88453472229139,loss,0.5114114679190466,-1.2767330538513069,1.0,ALIGNED,1.0,ALIGNED,False,False
L01202,36546,SHORT,-1,sub2,0.9901641942618428,16.1070963883667,win,0.4813974127519428,-0.4739425968242708,0.0,NEUTRAL_MIXED,0.0,NEUTRAL_MIXED,False,False
L01203,36571,LONG,1,sub2,0.9897893850203876,15.50996702150951,win,0.4813974127519428,-0.1440701427867845,0.0,NEUTRAL_MIXED,0.0,NEUTRAL_MIXED,False,False
L01204,36596,SHORT,-1,sub2,0.9827677113789488,9.124895553826718,win,0.4813974127519428,0.3155878842188738,0.0,NEUTRAL_MIXED,0.0,NEUTRAL_MIXED,False,False
L01205,36726,SHORT,-1,sub2,0.9886904477795688,13.987332881209111,win,0.4813974127519428,1.5211361068133145,0.0,NEUTRAL_MIXED,0.0,NEUTRAL_MIXED,False,False
L01206,36756,SHORT,-1,sub2,-1.0147447340551916,-11.011331695841363,loss,0.4813974127519428,0.3167790571847825,0.0,NEUTRAL_MIXED,0.0,NEUTRAL_MIXED,False,False
L01207,36804,SHORT,-1,sub2,0.9887036219157213,14.003831876566435,win,0.4813974127519428,0.4954235454871742,0.0,NEUTRAL_MIXED,0.0,NEUTRAL_MIXED,False,False
L01208,36823,SHORT,-1,sub2,0.9848676749721804,10.41339170984702,win,0.4725379024933782,-1.0383988922203928,0.0,NEUTRAL_MIXED,0.0,NEUTRAL_MIXED,False,False
L01209,36867,LONG,1,sub2,-1.00976626415301,-16.542927749352202,loss,0.4725379024933782,0.0868938664880544,0.0,NEUTRAL_MIXED,0.0,NEUTRAL_MIXED,False,False
L01210,36914,LONG,1,sub2,0.9847972117708468,10.364385236981434,win,0.4725379024933782,-0.139974796409713,0.0,NEUTRAL_MIXED,0.0,NEUTRAL_MIXED,False,False
L01211,36953,LONG,1,sub2,-1.006296956225587,-25.569101519510696,loss,0.4725379024933782,0.0968729727259742,0.0,NEUTRAL_MIXED,0.0,NEUTRAL_MIXED,False,False
L01212,37003,LONG,1,sub2,-1.0074609181843135,-21.60508169735021,loss,0.4725379024933782,0.4253039312578585,0.0,NEUTRAL_MIXED,0.0,NEUTRAL_MIXED,False,False
L01213,37022,LONG,1,sub2,-1.0307341708725848,-60.63167655460081,loss,0.4725379024933782,-0.6626413506826562,0.0,NEUTRAL_MIXED,0.0,NEUTRAL_MIXED,False,False
L01214,37123,LONG,1,sub2,0.9976999782516516,69.40455960221836,win,0.3975226373505431,-2.209893680456416,0.0,NEUTRAL_MIXED,0.0,NEUTRAL_MIXED,False,False
L01215,37182,SHORT,-1,sub2,-1.0146646008813642,-11.070627660053106,loss,0.3975226373505431,-1.0902894541250878,0.0,NEUTRAL_MIXED,0.0,NEUTRAL_MIXED,False,False
L01217,37260,LONG,1,sub2,0.9908576896370408,17.3410466334758,win,0.3975226373505431,0.6118549824816272,0.0,NEUTRAL_MIXED,0.0,NEUTRAL_MIXED,False,False
L01219,37285,SHORT,-1,sub2,0.9918591471230412,19.49396039187832,win,0.3975226373505431,0.2916609556947047,0.0,NEUTRAL_MIXED,0.0,NEUTRAL_MIXED,False,False
L01220,37298,LONG,1,sub2,0.9938009982825418,25.650607464302997,win,0.3975226373505431,-0.7632986615543751,0.0,NEUTRAL_MIXED,0.0,NEUTRAL_MIXED,False,False
L01221,37360,SHORT,-1,sub2,-1.010541610609616,-15.337946323866165,loss,0.3975226373505431,2.647425765674063,0.0,NEUTRAL_MIXED,0.0,NEUTRAL_MIXED,False,False
L01222,37369,SHORT,-1,sub2,0.9898000637898744,15.526372610940598,win,0.3683452913557182,0.0600939291154038,0.0,NEUTRAL_MIXED,-1.0,ALIGNED,True,True
L01223,37392,LONG,1,sub2,-1.0142465783683825,-11.390766845388043,loss,0.3683452913557182,0.5727965487427531,-1.0,AGAINST,-1.0,AGAINST,False,False
L01224,37402,LONG,1,sub2,0.9909095658917696,17.440919614547965,win,0.3683452913557182,-1.429125990129701,-1.0,AGAINST,-1.0,AGAINST,False,False
L01225,37471,SHORT,-1,sub2,0.9927216078954908,21.822877221018643,win,0.3683452913557182,-2.173024047896012,-1.0,ALIGNED,-1.0,ALIGNED,False,False
L01226,37532,LONG,1,sub2,-1.034687443308196,-4.772620151282354,loss,0.3683452913557182,1.4361560836118703,-1.0,AGAINST,-1.0,AGAINST,False,False
L01227,37535,SHORT,-1,sub2,0.9626359372484647,4.122189575149605,win,0.3683452913557182,1.2333395531175273,-1.0,ALIGNED,-1.0,ALIGNED,False,False
L01228,37536,LONG,1,sub2,-1.026597197013562,-6.175671497950134,loss,0.3683452913557182,-0.4328210327955005,-1.0,AGAINST,-1.0,AGAINST,False,False
L01230,37562,SHORT,-1,sub2,0.9866977095786902,11.868003819819023,win,0.3683452913557182,0.5220240392429439,-1.0,ALIGNED,-1.0,ALIGNED,False,False
L01231,37647,SHORT,-1,sub2,0.9851996930375468,10.650586591599676,win,0.3494182807715361,-2.2066965750978405,-1.0,ALIGNED,0.0,NEUTRAL_MIXED,True,True
L01234,37725,LONG,1,sub2,-1.019204290905788,-8.491471377140442,loss,0.3494182807715361,-2.0753255590587725,0.0,NEUTRAL_MIXED,0.0,NEUTRAL_MIXED,False,False
L01235,37754,LONG,1,sub2,-1.0124141063100494,-13.048563703561284,loss,0.3494182807715361,1.6336182660216492,0.0,NEUTRAL_MIXED,0.0,NEUTRAL_MIXED,False,False
L01236,37773,LONG,1,sub2,-1.009990315271994,-16.17551058637582,loss,0.3494182807715361,-1.1523842510043367,0.0,NEUTRAL_MIXED,0.0,NEUTRAL_MIXED,False,False
L01237,37801,LONG,1,sub2,0.9890237659777186,14.416948676117954,win,0.3494182807715361,-0.8607820167609066,0.0,NEUTRAL_MIXED,0.0,NEUTRAL_MIXED,False,False
L01238,37846,SHORT,-1,sub2,-1.0111282155117096,-14.537866768620006,loss,0.3494182807715361,-1.2262605290492985,0.0,NEUTRAL_MIXED,0.0,NEUTRAL_MIXED,False,False
L01239,37867,SHORT,-1,sub2,0.9806814165480854,8.12218075088731,win,0.3494182807715361,-0.2324109732573819,0.0,NEUTRAL_MIXED,0.0,NEUTRAL_MIXED,False,False
L01240,37921,LONG,1,sub2,-1.0051602542314746,-31.16622427165385,loss,0.3336846505970184,0.6151524518250933,0.0,NEUTRAL_MIXED,0.0,NEUTRAL_MIXED,False,False
L01242,38000,LONG,1,sub2,0.9851901712803468,10.643636087129837,win,0.3336846505970184,-0.9271012582116428,0.0,NEUTRAL_MIXED,0.0,NEUTRAL_MIXED,False,False
L01243,38058,LONG,1,sub2,-1.0073897378582797,-21.811647604872636,loss,0.3336846505970184,-1.618544188288126,0.0,NEUTRAL_MIXED,0.0,NEUTRAL_MIXED,False,False
L01245,38102,SHORT,-1,sub2,0.9860508691800256,11.310248724798385,win,0.3336846505970184,-0.5833728165824569,0.0,NEUTRAL_MIXED,0.0,NEUTRAL_MIXED,False,False
L01246,38129,LONG,1,sub2,0.9902556470417374,16.259766472455794,win,0.3336846505970184,-0.6240227067986865,0.0,NEUTRAL_MIXED,0.0,NEUTRAL_MIXED,False,False
L01248,38204,SHORT,-1,sub2,0.97393870210554,5.979371901115883,win,0.2871722750057433,-1.460491030829458,0.0,NEUTRAL_MIXED,-1.0,ALIGNED,True,True
L01252,38244,SHORT,-1,sub2,0.9838786632546108,9.764735307425326,win,0.2871722750057433,0.8298754112891742,0.0,NEUTRAL_MIXED,-1.0,ALIGNED,True,True
L01253,38281,LONG,1,sub2,-1.012544446834168,-12.914647703081757,loss,0.2871722750057433,0.5160456930771558,0.0,NEUTRAL_MIXED,-1.0,AGAINST,True,True
L01254,38330,LONG,1,sub2,0.9917108266508008,19.14228664059874,win,0.2871722750057433,-1.0140031566955203,0.0,NEUTRAL_MIXED,-1.0,AGAINST,True,True
L01257,38381,SHORT,-1,sub2,0.9823527598393488,8.906573500632476,win,0.2871722750057433,-1.1059810737295537,0.0,NEUTRAL_MIXED,-1.0,ALIGNED,True,True
L01258,38411,SHORT,-1,sub2,-1.0161535930574412,-10.064917093732674,loss,0.2871722750057433,0.3293230686208314,0.0,NEUTRAL_MIXED,-1.0,ALIGNED,True,True
L01261,38476,LONG,1,sub2,0.9406384269724838,28.647829317716,win,0.2634815957287976,-0.8705957470699868,0.0,NEUTRAL_MIXED,-1.0,AGAINST,True,True
L01262,38512,SHORT,-1,sub2,0.9807517342862894,8.152437202375495,win,0.2634815957287976,0.331483694306588,-1.0,ALIGNED,-1.0,ALIGNED,False,False
L01263,38626,SHORT,-1,sub2,0.9692353117379056,5.040767797052467,win,0.2634815957287976,-0.1319097856372481,-1.0,ALIGNED,-1.0,ALIGNED,False,False
L01265,38646,SHORT,-1,sub2,0.9789141173715252,7.428015300046809,win,0.2634815957287976,-1.3733817382119191,-1.0,ALIGNED,-1.0,ALIGNED,False,False
L01266,38663,LONG,1,sub2,-1.0139900096852548,-11.596732611306834,loss,0.2634815957287976,0.8270017815928976,-1.0,AGAINST,-1.0,AGAINST,False,False
L01267,38690,LONG,1,sub2,-1.0143226014811126,-11.331154919785147,loss,0.2634815957287976,-1.0193599813262344,-1.0,AGAINST,-1.0,AGAINST,False,False
L01268,38706,LONG,1,sub2,-1.018655103939112,-8.736741277994042,loss,0.2634815957287976,-1.0809980139524893,-1.0,AGAINST,-1.0,AGAINST,False,False
L01269,38725,LONG,1,sub2,-1.006238323142346,-25.807917933870613,loss,0.2634815957287976,-0.927400881943061,-1.0,AGAINST,-1.0,AGAINST,False,False
L01270,38739,LONG,1,sub2,-1.0086309712522992,-18.69789050186364,loss,0.2634815957287976,0.458439839723724,-1.0,AGAINST,-1.0,AGAINST,False,False
L01271,38749,LONG,1,sub2,0.9625779556156726,18.24476869585455,win,0.2443921665001149,-1.3995314181121772,-1.0,AGAINST,0.0,NEUTRAL_MIXED,True,True
L01273,38785,SHORT,-1,sub2,0.988799926575066,14.125620632062692,win,0.2443921665001149,1.1041331393154905,0.0,NEUTRAL_MIXED,0.0,NEUTRAL_MIXED,False,False
L01274,38812,LONG,1,sub2,0.98990830684251,15.694623946934373,win,0.2443921665001149,-0.7050317815349105,0.0,NEUTRAL_MIXED,0.0,NEUTRAL_MIXED,False,False
L01276,38888,SHORT,-1,sub2,0.99017144865369,16.119103029759117,win,0.2443921665001149,-2.808761179500426,0.0,NEUTRAL_MIXED,0.0,NEUTRAL_MIXED,False,False
L01277,38915,LONG,1,sub2,-1.0135361100423657,-11.980234875387396,loss,0.2443921665001149,0.1697347322160798,0.0,NEUTRAL_MIXED,0.0,NEUTRAL_MIXED,False,False
L01278,38927,LONG,1,sub2,0.9875173379243264,12.657778694151148,win,0.2443921665001149,-0.988056440800784,0.0,NEUTRAL_MIXED,0.0,NEUTRAL_MIXED,False,False
L01279,38946,SHORT,-1,sub2,-1.0077442692217806,-20.820438760297293,loss,0.2443921665001149,-1.7314015362951924,0.0,NEUTRAL_MIXED,0.0,NEUTRAL_MIXED,False,False
L01280,38986,SHORT,-1,sub2,-1.0124626121270748,-12.998400037521606,loss,0.2443921665001149,-0.8571997477749145,0.0,NEUTRAL_MIXED,0.0,NEUTRAL_MIXED,False,False
L01282,39025,LONG,1,sub2,0.9722636434889212,5.60860194077577,win,0.2322586825780308,0.9275821011910746,0.0,NEUTRAL_MIXED,0.0,NEUTRAL_MIXED,False,False
L01283,39037,SHORT,-1,sub2,0.9910355463737722,17.688271257908582,win,0.2322586825780308,-1.5622275755582988,0.0,NEUTRAL_MIXED,0.0,NEUTRAL_MIXED,False,False
L01285,39186,LONG,1,sub2,0.9672497849220568,4.725464099062265,win,0.2322586825780308,0.0354890482729586,0.0,NEUTRAL_MIXED,0.0,NEUTRAL_MIXED,False,False
L01289,39359,SHORT,-1,sub2,0.97646333451849,6.637904321899441,win,0.2249713213064108,-0.0632926978632449,0.0,NEUTRAL_MIXED,0.0,NEUTRAL_MIXED,False,False
L01290,39397,SHORT,-1,sub2,-1.0236312615486256,-6.930692274325793,loss,0.2249713213064108,0.5618653625334752,0.0,NEUTRAL_MIXED,0.0,NEUTRAL_MIXED,False,False
L01291,39409,SHORT,-1,sub2,0.9730617766880952,5.779515689186155,win,0.2249713213064108,-1.4737710150911283,0.0,NEUTRAL_MIXED,0.0,NEUTRAL_MIXED,False,False
L01292,39460,SHORT,-1,sub2,-1.0485351653188175,-3.4565788608906587,loss,0.2249713213064108,-0.0459436630413695,0.0,NEUTRAL_MIXED,0.0,NEUTRAL_MIXED,False,False
L01294,39480,SHORT,-1,sub2,0.9721795531741882,5.591165716411524,win,0.2249713213064108,1.1736230780918055,0.0,NEUTRAL_MIXED,0.0,NEUTRAL_MIXED,False,False
L01296,39512,LONG,1,sub2,-1.0156368158957343,-10.392262186031076,loss,0.2249713213064108,-0.0131458994782797,0.0,NEUTRAL_MIXED,0.0,NEUTRAL_MIXED,False,False
L01297,39543,LONG,1,sub2,0.9819347237329356,8.69677017248614,win,0.2249713213064108,-1.0450703838254924,0.0,NEUTRAL_MIXED,0.0,NEUTRAL_MIXED,False,False
L01299,39581,LONG,1,sub2,-1.0407745371511723,-18.10496036936489,loss,0.2303401443846567,-0.6824102225803412,0.0,NEUTRAL_MIXED,0.0,NEUTRAL_MIXED,False,False
L01300,39599,LONG,1,sub2,-1.013377903417311,-12.120020565914274,loss,0.2303401443846567,-0.6788110877685604,0.0,NEUTRAL_MIXED,0.0,NEUTRAL_MIXED,False,False
L01301,39616,LONG,1,sub2,0.9788177848167114,7.393506496624013,win,0.2303401443846567,-0.4255812306768547,0.0,NEUTRAL_MIXED,0.0,NEUTRAL_MIXED,False,False
L01302,39665,LONG,1,sub2,0.9834776517358343,9.523853495987169,win,0.2303401443846567,0.1936398402430405,0.0,NEUTRAL_MIXED,0.0,NEUTRAL_MIXED,False,False
L01303,39726,SHORT,-1,sub2,-1.0724447364295224,-2.3685800554399066,loss,0.2303401443846567,-0.5661265481931292,0.0,NEUTRAL_MIXED,0.0,NEUTRAL_MIXED,False,False
L01307,39766,LONG,1,sub2,0.9281469743477392,23.353183803893835,win,0.2303401443846567,-1.590074447582853,0.0,NEUTRAL_MIXED,0.0,NEUTRAL_MIXED,False,False
L01308,39971,SHORT,-1,sub2,0.9787987205113498,7.386714342665527,win,0.2303883870546509,0.7032370787515388,0.0,NEUTRAL_MIXED,-1.0,ALIGNED,True,True
L01310,40014,SHORT,-1,sub2,-1.0345855389984662,-4.786210972364643,loss,0.2303883870546509,0.6176202135119696,0.0,NEUTRAL_MIXED,-1.0,ALIGNED,True,True
L01311,40022,SHORT,-1,sub2,-1.0232695718126996,-7.035932281337864,loss,0.2303883870546509,-0.097090551610697,0.0,NEUTRAL_MIXED,-1.0,ALIGNED,True,True
L01313,40070,SHORT,-1,sub2,0.978023226319258,7.120413509470836,win,0.2303883870546509,-0.0749425611287801,0.0,NEUTRAL_MIXED,-1.0,ALIGNED,True,True
L01314,40134,LONG,1,sub2,-1.0920425567503955,-8.415517917472114,loss,0.2399071037489797,-2.5865941936822763,0.0,NEUTRAL_MIXED,0.0,NEUTRAL_MIXED,False,False
L01315,40155,LONG,1,sub2,0.9788635605308544,7.409865314043145,win,0.2399071037489797,0.4493363445714203,0.0,NEUTRAL_MIXED,0.0,NEUTRAL_MIXED,False,False
L01316,40187,SHORT,-1,sub2,-1.034138635314306,-4.846771996793905,loss,0.2399071037489797,-0.2661875671086906,0.0,NEUTRAL_MIXED,0.0,NEUTRAL_MIXED,False,False
L01317,40205,SHORT,-1,sub2,0.945102833234652,2.754540210859432,win,0.2399071037489797,-0.3246090680503062,0.0,NEUTRAL_MIXED,0.0,NEUTRAL_MIXED,False,False
L01318,40250,SHORT,-1,sub2,0.9698304443601956,5.143359516132932,win,0.2399071037489797,1.354358259821675,0.0,NEUTRAL_MIXED,0.0,NEUTRAL_MIXED,False,False
L01320,40284,SHORT,-1,sub2,0.9740474593071824,6.005099667645936,win,0.2399071037489797,-1.5025278961718809,0.0,NEUTRAL_MIXED,0.0,NEUTRAL_MIXED,False,False
L01321,40296,LONG,1,sub2,0.9759364763123038,6.489067778949902,win,0.2399071037489797,-0.911019950135764,0.0,NEUTRAL_MIXED,0.0,NEUTRAL_MIXED,False,False
L01322,40331,LONG,1,sub2,-1.0173569327159122,-9.378218599947104,loss,0.2399071037489797,0.3104892045087586,0.0,NEUTRAL_MIXED,0.0,NEUTRAL_MIXED,False,False
L01325,40425,SHORT,-1,sub2,-1.0304046757209837,-5.422348510739994,loss,0.2403725972374447,-0.5894138307963818,1.0,AGAINST,0.0,NEUTRAL_MIXED,True,True
L01327,40504,SHORT,-1,sub2,-1.0294109386639634,-5.600152788999367,loss,0.2403725972374447,-0.896871637013526,1.0,AGAINST,0.0,NEUTRAL_MIXED,True,True
L01328,40515,SHORT,-1,sub2,-1.039330280802044,-4.2281123230509365,loss,0.2403725972374447,0.0935977530798387,1.0,AGAINST,0.0,NEUTRAL_MIXED,True,True
L01329,40529,SHORT,-1,sub2,0.970996761111602,5.356625250563411,win,0.2403725972374447,0.0559608230819046,1.0,AGAINST,0.0,NEUTRAL_MIXED,True,True
L01330,40557,LONG,1,sub2,-1.0188941156693865,-8.628244971057029,loss,0.2403725972374447,-2.0829668177503478,1.0,ALIGNED,0.0,NEUTRAL_MIXED,True,True
L01331,40571,LONG,1,sub2,0.9768806433234564,6.760607793649797,win,0.2403725972374447,-1.7027235292850085,1.0,ALIGNED,0.0,NEUTRAL_MIXED,True,True
L01332,40595,LONG,1,sub2,-1.0151971565745586,-10.688285289085345,loss,0.2403725972374447,-1.180689402768381,1.0,ALIGNED,0.0,NEUTRAL_MIXED,True,True
L01333,40605,LONG,1,sub2,0.9788545784798576,7.406649822868076,win,0.2403725972374447,-0.9282078217545524,1.0,ALIGNED,0.0,NEUTRAL_MIXED,True,True
L01334,40618,SHORT,-1,sub2,-1.008715336105515,-18.518442871595653,loss,0.2403725972374447,-1.6114668467655138,1.0,AGAINST,0.0,NEUTRAL_MIXED,True,True
L01335,40716,SHORT,-1,sub2,-1.012838675511774,-12.622344721861737,loss,0.2457680707999474,-0.9486955125560236,0.0,NEUTRAL_MIXED,1.0,AGAINST,True,True
L01336,40747,SHORT,-1,sub2,-1.0376144537787635,-4.41368399448038,loss,0.2457680707999474,-1.6447668712106045,0.0,NEUTRAL_MIXED,1.0,AGAINST,True,True
L01337,40782,SHORT,-1,sub2,-1.0331441209331165,-4.987402130312148,loss,0.2457680707999474,-0.2982594933409437,0.0,NEUTRAL_MIXED,1.0,AGAINST,True,True
L01338,40790,SHORT,-1,sub2,-1.0239711959524114,-6.8346774052279216,loss,0.2457680707999474,-0.301263085183743,0.0,NEUTRAL_MIXED,1.0,AGAINST,True,True
L01339,40795,SHORT,-1,sub2,0.9736261020950382,5.906604207554665,win,0.2457680707999474,-0.7085377968926384,0.0,NEUTRAL_MIXED,1.0,AGAINST,True,True
L01340,40809,SHORT,-1,sub2,-1.0261833700668817,-6.270748906315475,loss,0.2457680707999474,-0.3028606356649884,0.0,NEUTRAL_MIXED,1.0,AGAINST,True,True
L01342,40871,LONG,1,sub2,0.9858997176883012,11.187290533829128,win,0.2457680707999474,0.7028784034716833,0.0,NEUTRAL_MIXED,1.0,ALIGNED,True,True
L01343,40916,SHORT,-1,sub2,-1.017411192899825,-9.349490974019318,loss,0.2457680707999474,-1.2152179544176087,0.0,NEUTRAL_MIXED,1.0,AGAINST,True,True
L01344,40967,SHORT,-1,sub2,-1.0392046762806406,-4.241145801447601,loss,0.2513223625055485,0.7449420297821141,0.0,NEUTRAL_MIXED,1.0,AGAINST,True,True
L01345,40989,SHORT,-1,sub2,-1.0209364242557692,-7.802183691217579,loss,0.2513223625055485,-0.3278871283201681,0.0,NEUTRAL_MIXED,1.0,AGAINST,True,True
L01346,41017,SHORT,-1,sub2,0.9649359378137272,4.403076552564926,win,0.2513223625055485,0.4133430176933653,0.0,NEUTRAL_MIXED,1.0,AGAINST,True,True
L01347,41104,LONG,1,sub2,0.9214726119778044,1.8775056910671992,win,0.2513223625055485,1.1763871924286655,0.0,NEUTRAL_MIXED,1.0,ALIGNED,True,True
L01349,41118,LONG,1,sub2,-1.0414683397817472,-4.018365221321801,loss,0.2513223625055485,-0.7235098908267289,0.0,NEUTRAL_MIXED,1.0,ALIGNED,True,True
L01352,41161,LONG,1,sub2,0.9890126263806004,14.402169772524758,win,0.2513223625055485,0.9199568457102436,0.0,NEUTRAL_MIXED,1.0,ALIGNED,True,True
L01354,41263,LONG,1,sub2,-1.0229638867062325,-7.127461651708472,loss,0.2782887581026924,-0.6249726412013294,1.0,ALIGNED,1.0,ALIGNED,False,False
L01355,41300,LONG,1,sub2,-1.0219952421750509,-7.434300447636815,loss,0.2782887581026924,-0.3173048420517671,1.0,ALIGNED,1.0,ALIGNED,False,False
L01356,41313,LONG,1,sub2,0.9798578400357916,7.783537350719598,win,0.2782887581026924,-0.5423479107769833,1.0,ALIGNED,1.0,ALIGNED,False,False
L01357,41381,LONG,1,sub2,0.9565333254579566,3.520980928161407,win,0.2782887581026924,0.3380830354655348,1.0,ALIGNED,1.0,ALIGNED,False,False
L01359,41405,LONG,1,sub2,0.9764911076136448,6.645935276334967,win,0.2782887581026924,-0.6791514595568219,1.0,ALIGNED,1.0,ALIGNED,False,False
L01360,41459,SHORT,-1,sub2,-1.018330805413603,-8.888476266575708,loss,0.2782887581026924,1.0106259678453715,1.0,AGAINST,1.0,AGAINST,False,False
L01363,41523,LONG,1,sub2,0.9737115235508514,5.9263169575215215,win,0.2940460309193032,-0.0480834396573999,1.0,ALIGNED,1.0,ALIGNED,False,False
L01364,41531,SHORT,-1,sub2,0.984447450086324,10.127702073803448,win,0.2940460309193032,-2.0086258018237984,1.0,AGAINST,1.0,AGAINST,False,False
L01365,41542,LONG,1,sub2,0.985462067678906,10.84569162560365,win,0.2940460309193032,-0.531145809827749,1.0,ALIGNED,1.0,ALIGNED,False,False
L01366,41573,SHORT,-1,sub2,-1.015212663653633,-10.677553246609932,loss,0.2940460309193032,-0.0921178242228841,1.0,AGAINST,1.0,AGAINST,False,False
L01367,41627,SHORT,-1,sub2,-1.0195402453897928,-8.348228796933654,loss,0.2940460309193032,0.0420916517467785,1.0,AGAINST,1.0,AGAINST,False,False
L01370,41675,SHORT,-1,sub2,0.9842759449483944,10.015492229882511,win,0.2940460309193032,0.8228646054628264,1.0,AGAINST,1.0,AGAINST,False,False
L01371,41710,LONG,1,sub2,-1.0109600593976371,-14.75846102972264,loss,0.2940460309193032,-0.0477085403767059,1.0,ALIGNED,1.0,ALIGNED,False,False
L01372,41754,LONG,1,sub2,0.991126121453586,17.870447358839556,win,0.2940460309193032,1.3171435629770434,1.0,ALIGNED,1.0,ALIGNED,False,False
L01373,41804,SHORT,-1,sub2,0.9630035628813262,4.164740771297147,win,0.3102747753667476,0.0763704000957284,0.0,NEUTRAL_MIXED,1.0,AGAINST,True,True
L01374,41807,LONG,1,sub2,0.9894311605214682,14.978842852600792,win,0.3102747753667476,0.3721665061820469,0.0,NEUTRAL_MIXED,1.0,ALIGNED,True,True
L01378,41983,SHORT,-1,sub2,0.3075284525461827,25.69195753503664,timeout,0.3102747753667476,0.0972043135873989,0.0,NEUTRAL_MIXED,1.0,AGAINST,True,True
L01380,42491,LONG,1,sub2,-1.021666712027944,-7.54459992422926,loss,0.2865714242036377,-0.1972354723668441,0.0,NEUTRAL_MIXED,-1.0,AGAINST,True,True
L01382,42525,SHORT,-1,sub2,0.9865937801037884,11.774758734270108,win,0.2865714242036377,1.7364172310072357,0.0,NEUTRAL_MIXED,-1.0,ALIGNED,True,True
L01383,42588,SHORT,-1,sub2,0.9695175991687868,5.088930387268647,win,0.2865714242036377,0.8165652775385528,0.0,NEUTRAL_MIXED,-1.0,ALIGNED,True,True
L01385,42617,SHORT,-1,sub2,-1.0425009165138583,-3.924624698097432,loss,0.2808957029663613,-0.6571963547775526,0.0,NEUTRAL_MIXED,-1.0,ALIGNED,True,True
L01386,42626,SHORT,-1,sub2,-1.0288763401677783,-5.700868374254242,loss,0.2808957029663613,-0.2809723470926963,0.0,NEUTRAL_MIXED,-1.0,ALIGNED,True,True
L01389,42664,SHORT,-1,sub2,-1.0194870440892885,-8.370583363323021,loss,0.2808957029663613,-0.0161911732532042,0.0,NEUTRAL_MIXED,-1.0,ALIGNED,True,True
L01390,42699,SHORT,-1,sub2,0.978102724404164,7.146845059313364,win,0.2808957029663613,1.3305296238370885,0.0,NEUTRAL_MIXED,-1.0,ALIGNED,True,True
L01391,42754,SHORT,-1,sub2,-1.016891242717869,-9.632364033381236,loss,0.2808957029663613,0.8095115309400219,0.0,NEUTRAL_MIXED,-1.0,ALIGNED,True,True
L01392,42770,SHORT,-1,sub2,0.973638619913216,5.909484961452108,win,0.2808957029663613,0.2794697011600073,0.0,NEUTRAL_MIXED,-1.0,ALIGNED,True,True
L01393,42786,LONG,1,sub2,0.9824310068549532,8.946953294302148,win,0.2808957029663613,-1.277417749740216,0.0,NEUTRAL_MIXED,-1.0,AGAINST,True,True
L01394,42808,SHORT,-1,sub2,0.9862473740843626,11.474141798180426,win,0.2808957029663613,-0.1996647868966872,0.0,NEUTRAL_MIXED,-1.0,ALIGNED,True,True
L01395,42835,LONG,1,sub2,0.9907087153847766,17.06043900557097,win,0.2808957029663613,-0.2688649581036995,0.0,NEUTRAL_MIXED,-1.0,AGAINST,True,True
L01396,42908,SHORT,-1,sub2,0.9777874738989232,7.043142914578311,win,0.2705254194276948,0.3225832823835603,1.0,AGAINST,0.0,NEUTRAL_MIXED,True,True
L01397,42932,LONG,1,sub2,-1.0061261012238043,-26.27775322584239,loss,0.2705254194276948,-2.1305958036506087,1.0,ALIGNED,0.0,NEUTRAL_MIXED,True,True
L01398,43001,LONG,1,sub2,0.9886768259123294,13.97031352879003,win,0.2705254194276948,-0.9689179779977002,1.0,ALIGNED,0.0,NEUTRAL_MIXED,True,True
L01400,43040,SHORT,-1,sub2,-1.017562815580808,-9.27015658415803,loss,0.2705254194276948,0.2530117869178383,1.0,AGAINST,0.0,NEUTRAL_MIXED,True,True
L01401,43061,SHORT,-1,sub2,-1.0125844538827464,-12.874099593881963,loss,0.2705254194276948,0.2996922185259303,1.0,AGAINST,0.0,NEUTRAL_MIXED,True,True
L01402,43063,SHORT,-1,sub2,-1.0119029775390191,-13.602014779525234,loss,0.2705254194276948,-0.1344869363320642,1.0,AGAINST,0.0,NEUTRAL_MIXED,True,True
L01403,43080,SHORT,-1,sub2,0.9909619406827463,17.542915458235257,win,0.2705254194276948,-0.0502394817036856,1.0,AGAINST,0.0,NEUTRAL_MIXED,True,True
L01404,43107,LONG,1,sub2,0.9895592015603124,15.164498497324075,win,0.2705254194276948,-0.746556376548262,1.0,ALIGNED,0.0,NEUTRAL_MIXED,True,True
L01406,43173,SHORT,-1,sub2,0.9795399747396244,7.660127197483234,win,0.2630594309331935,-0.8572060403518061,1.0,AGAINST,0.0,NEUTRAL_MIXED,True,True
L01407,43183,LONG,1,sub2,-1.027978430393555,-5.8786910684134455,loss,0.2630594309331935,0.1900983234694599,0.0,NEUTRAL_MIXED,0.0,NEUTRAL_MIXED,False,False
L01409,43220,LONG,1,sub2,-1.0213076127499825,-7.669053307718968,loss,0.2630594309331935,-0.0141439019223216,0.0,NEUTRAL_MIXED,0.0,NEUTRAL_MIXED,False,False
L01410,43235,LONG,1,sub2,-1.0283911066577256,-5.795567571520223,loss,0.2630594309331935,-0.2644202221487253,0.0,NEUTRAL_MIXED,0.0,NEUTRAL_MIXED,False,False
L01412,43264,LONG,1,sub2,-1.01418655030892,-11.438287992201367,loss,0.2630594309331935,0.5352101786927916,0.0,NEUTRAL_MIXED,0.0,NEUTRAL_MIXED,False,False
L01413,43272,LONG,1,sub2,0.9866575829978927,11.831830263930897,win,0.2630594309331935,0.434578998224977,0.0,NEUTRAL_MIXED,0.0,NEUTRAL_MIXED,False,False
L01414,43312,SHORT,-1,sub2,0.9270163131123812,2.032270722719659,win,0.2630594309331935,-0.7659498367196131,0.0,NEUTRAL_MIXED,0.0,NEUTRAL_MIXED,False,False
L01416,43346,SHORT,-1,sub2,0.986607855300291,11.787302212418126,win,0.2630594309331935,-0.5710274885221327,0.0,NEUTRAL_MIXED,0.0,NEUTRAL_MIXED,False,False
L01417,43383,SHORT,-1,sub2,0.9911599524842116,17.93945022513708,win,0.2630594309331935,-1.3454223759994484,0.0,NEUTRAL_MIXED,0.0,NEUTRAL_MIXED,False,False
L01418,43445,SHORT,-1,sub2,0.9820586286780718,8.757935933041153,win,0.2616753820469863,-0.4608527508607059,0.0,NEUTRAL_MIXED,-1.0,ALIGNED,True,True
L01419,43462,LONG,1,sub2,-1.020418233569203,-7.996133300051042,loss,0.2616753820469863,1.589706163140837,0.0,NEUTRAL_MIXED,-1.0,AGAINST,True,True
L01420,43487,LONG,1,sub2,0.9760031727935796,6.507548114737801,win,0.2616753820469863,0.5073107215150795,0.0,NEUTRAL_MIXED,-1.0,AGAINST,True,True
L01421,43516,LONG,1,sub2,0.9769865607203716,6.792459302399493,win,0.2616753820469863,-0.0158791483324619,0.0,NEUTRAL_MIXED,-1.0,AGAINST,True,True
L01422,43596,SHORT,-1,sub2,-1.0331454640912576,-4.987206508840245,loss,0.2616753820469863,-0.141806459671223,0.0,NEUTRAL_MIXED,-1.0,ALIGNED,True,True
L01423,43615,SHORT,-1,sub2,0.9772623223400578,6.876778442933755,win,0.2616753820469863,0.1442816314988392,0.0,NEUTRAL_MIXED,-1.0,ALIGNED,True,True
L01426,43686,SHORT,-1,sub2,-1.0144540534785844,-11.229559154247909,loss,0.2616753820469863,-0.5266352210417558,0.0,NEUTRAL_MIXED,-1.0,ALIGNED,True,True
L01429,43729,SHORT,-1,sub2,0.9789466231914804,7.439730981640423,win,0.2671683273334971,-1.545155777584026,0.0,NEUTRAL_MIXED,0.0,NEUTRAL_MIXED,False,False
L01431,43765,SHORT,-1,sub2,0.9819921144406596,8.72499649071051,win,0.2671683273334971,-0.2252820648407512,0.0,NEUTRAL_MIXED,0.0,NEUTRAL_MIXED,False,False
L01432,43837,LONG,1,sub2,0.990507526503558,16.69545922881207,win,0.2671683273334971,-1.8300888281566792,0.0,NEUTRAL_MIXED,0.0,NEUTRAL_MIXED,False,False
L01433,43896,SHORT,-1,sub2,0.980358023624837,7.985819796534088,win,0.2671683273334971,0.3315886566901483,0.0,NEUTRAL_MIXED,0.0,NEUTRAL_MIXED,False,False
L01434,43908,LONG,1,sub2,0.9908142761537972,17.2583333484381,win,0.2671683273334971,-1.3313596838123507,0.0,NEUTRAL_MIXED,0.0,NEUTRAL_MIXED,False,False
L01435,43941,SHORT,-1,sub2,0.9861787171256836,11.41634942102064,win,0.2671683273334971,0.2984102936448843,0.0,NEUTRAL_MIXED,0.0,NEUTRAL_MIXED,False,False
L01436,43997,SHORT,-1,sub2,-1.0359394196073233,-4.611936112158219,loss,0.2805630777514453,-0.399437158564176,0.0,NEUTRAL_MIXED,1.0,AGAINST,True,True
L01437,44012,SHORT,-1,sub2,-1.032029479759622,-5.155398027087358,loss,0.2805630777514453,-0.99096132680179,0.0,NEUTRAL_MIXED,1.0,AGAINST,True,True
L01440,44160,LONG,1,sub2,-1.013564723504074,-11.955301242358471,loss,0.2805630777514453,-1.9774655296666812,0.0,NEUTRAL_MIXED,1.0,ALIGNED,True,True
L01441,44177,LONG,1,sub2,-1.0145148791674592,-11.183171337075692,loss,0.2805630777514453,-0.1825156383413324,0.0,NEUTRAL_MIXED,1.0,ALIGNED,True,True
L01443,44272,SHORT,-1,sub2,0.9526675664855848,3.2203459513893904,win,0.2982287353769892,1.0662896758215663,0.0,NEUTRAL_MIXED,1.0,AGAINST,True,True
L01444,44283,LONG,1,sub2,-1.0501747517314275,-3.348854841899083,loss,0.2982287353769892,0.9170199021556984,0.0,NEUTRAL_MIXED,1.0,ALIGNED,True,True
L01445,44304,LONG,1,sub2,-1.0264624047087278,-6.206313695258359,loss,0.2982287353769892,1.091705509331448,0.0,NEUTRAL_MIXED,1.0,ALIGNED,True,True
L01446,44318,LONG,1,sub2,-1.02875421390002,-5.724401814502016,loss,0.2982287353769892,-0.8070436402130017,0.0,NEUTRAL_MIXED,1.0,ALIGNED,True,True
L01448,44421,SHORT,-1,sub2,0.9594614071448128,3.786856285106296,win,0.2982287353769892,-0.9315709306255572,0.0,NEUTRAL_MIXED,1.0,AGAINST,True,True
L01449,44441,LONG,1,sub2,0.9694157117172986,5.071444280178184,win,0.2982287353769892,0.1962165879383137,0.0,NEUTRAL_MIXED,1.0,ALIGNED,True,True
L01450,44555,SHORT,-1,sub2,0.9625847197754548,4.116327720643312,win,0.3203384309486398,1.8125412046670013,0.0,NEUTRAL_MIXED,0.0,NEUTRAL_MIXED,False,False
L01451,44590,LONG,1,sub2,-1.0123621406219796,-29.48117011188151,loss,0.3203384309486398,-0.0609391621045717,0.0,NEUTRAL_MIXED,0.0,NEUTRAL_MIXED,False,False
L01452,44636,LONG,1,sub2,0.98273789187713,18.217712643321647,win,0.3203384309486398,0.1166003648581788,0.0,NEUTRAL_MIXED,0.0,NEUTRAL_MIXED,False,False
L01453,44698,SHORT,-1,sub2,-1.0108570592050206,-14.896955650556263,loss,0.3203384309486398,0.194018204698114,0.0,NEUTRAL_MIXED,0.0,NEUTRAL_MIXED,False,False
L01454,44726,SHORT,-1,sub2,-1.033945393187201,-4.873452547669331,loss,0.3203384309486398,-0.2012509035547974,0.0,NEUTRAL_MIXED,0.0,NEUTRAL_MIXED,False,False
L01455,44747,SHORT,-1,sub2,0.9776371208224788,6.994713788405534,win,0.3203384309486398,-0.5901673974000705,0.0,NEUTRAL_MIXED,0.0,NEUTRAL_MIXED,False,False
L01456,44756,LONG,1,sub2,0.9392532197741512,10.967039015216544,win,0.3367032061877149,-0.7705778146030497,0.0,NEUTRAL_MIXED,0.0,NEUTRAL_MIXED,False,False
L01457,44777,SHORT,-1,sub2,0.976997588899919,6.795792560341397,win,0.3367032061877149,-0.2892515626946511,0.0,NEUTRAL_MIXED,0.0,NEUTRAL_MIXED,False,False
L01458,44794,SHORT,-1,sub2,0.987765613377916,12.917893068300144,win,0.3367032061877149,0.0597781885390335,0.0,NEUTRAL_MIXED,0.0,NEUTRAL_MIXED,False,False
L01459,44891,SHORT,-1,sub2,0.9823929531786928,8.927270660644353,win,0.3367032061877149,-1.4146349826145073,0.0,NEUTRAL_MIXED,0.0,NEUTRAL_MIXED,False,False
L01460,44921,LONG,1,sub2,0.9767934262568948,6.734598132884457,win,0.3367032061877149,0.8595183634219494,0.0,NEUTRAL_MIXED,0.0,NEUTRAL_MIXED,False,False
L01462,44945,LONG,1,sub2,-1.0325594732221668,-22.4940504829086,loss,0.3367032061877149,-0.6325656160508414,0.0,NEUTRAL_MIXED,0.0,NEUTRAL_MIXED,False,False
L01463,45063,LONG,1,sub2,-1.0065230788677582,-24.68829457431366,loss,0.352466501481984,0.3484173122370967,0.0,NEUTRAL_MIXED,1.0,ALIGNED,True,True
L01464,45174,LONG,1,sub2,0.9774846103313116,6.946250540374422,win,0.352466501481984,0.8342714330922782,0.0,NEUTRAL_MIXED,1.0,ALIGNED,True,True
L01465,45198,SHORT,-1,sub2,-1.0167185893360975,-9.730185425536549,loss,0.352466501481984,-0.9500565267591132,0.0,NEUTRAL_MIXED,1.0,AGAINST,True,True
L01466,45217,SHORT,-1,sub2,0.9864426431849456,11.64171047959644,win,0.352466501481984,-1.8581933605883023,0.0,NEUTRAL_MIXED,1.0,AGAINST,True,True
L01467,45239,LONG,1,sub2,0.9909909494542396,17.5999181164716,win,0.352466501481984,-0.9493606647974898,0.0,NEUTRAL_MIXED,1.0,ALIGNED,True,True
L01468,45306,LONG,1,sub2,0.9704567637850084,5.255791243569547,win,0.3609937166750371,1.1608179333635724,0.0,NEUTRAL_MIXED,0.0,NEUTRAL_MIXED,False,False
L01469,45317,SHORT,-1,sub2,0.9732481433498736,5.820893292469918,win,0.3609937166750371,-0.5489977599069108,0.0,NEUTRAL_MIXED,0.0,NEUTRAL_MIXED,False,False
L01470,45340,SHORT,-1,sub2,-1.0276318351566858,-5.950422499720844,loss,0.3609937166750371,1.1393427866667336,0.0,NEUTRAL_MIXED,0.0,NEUTRAL_MIXED,False,False
L01471,45354,SHORT,-1,sub2,0.9680381349909608,4.845965701770183,win,0.3609937166750371,-0.0209947070893266,0.0,NEUTRAL_MIXED,0.0,NEUTRAL_MIXED,False,False
L01472,45412,LONG,1,sub2,-1.0254435775084911,-6.448423864389952,loss,0.3609937166750371,-0.8099763560368602,0.0,NEUTRAL_MIXED,0.0,NEUTRAL_MIXED,False,False
L01473,45436,LONG,1,sub2,-1.0307043155562885,-5.370993865228229,loss,0.3609937166750371,1.0834612406369617,0.0,NEUTRAL_MIXED,0.0,NEUTRAL_MIXED,False,False
L01474,45442,LONG,1,sub2,0.974097421471051,6.016991214254631,win,0.3609937166750371,0.5508510728305797,0.0,NEUTRAL_MIXED,0.0,NEUTRAL_MIXED,False,False
L01475,45486,SHORT,-1,sub2,-1.010143126329421,-15.93422924683091,loss,0.3609937166750371,-0.5133703555999432,0.0,NEUTRAL_MIXED,0.0,NEUTRAL_MIXED,False,False
L01477,45528,LONG,1,sub2,-1.0099044497129763,-16.314355328820056,loss,0.3609937166750371,-0.5096187059639986,0.0,NEUTRAL_MIXED,0.0,NEUTRAL_MIXED,False,False
L01478,45548,LONG,1,sub2,0.9788393625482246,7.401208889122245,win,0.3609937166750371,0.5240029364087495,0.0,NEUTRAL_MIXED,0.0,NEUTRAL_MIXED,False,False
L01479,45582,LONG,1,sub2,-1.0673501479164853,-2.53564437420755,loss,0.3732957211874575,-0.6804701212417265,0.0,NEUTRAL_MIXED,0.0,NEUTRAL_MIXED,False,False
L01480,45591,LONG,1,sub2,0.8261458523481973,3.3705566475415645,win,0.3732957211874575,0.0527382367375276,0.0,NEUTRAL_MIXED,0.0,NEUTRAL_MIXED,False,False
L01481,45605,SHORT,-1,sub2,0.9685515064860548,4.927684086645058,win,0.3732957211874575,-0.1770062724064679,-1.0,ALIGNED,0.0,NEUTRAL_MIXED,True,True
L01483,45637,LONG,1,sub2,-1.016784921498144,-9.692365106237958,loss,0.3732957211874575,-1.5603922946703217,-1.0,AGAINST,0.0,NEUTRAL_MIXED,True,True
L01484,45671,LONG,1,sub2,0.9844611733141798,10.136787732748417,win,0.3732957211874575,0.4844755815074371,-1.0,AGAINST,0.0,NEUTRAL_MIXED,True,True
L01485,45731,LONG,1,sub2,-1.0484950128242163,-3.459308334648995,loss,0.3732957211874575,-0.0277793298533645,-1.0,AGAINST,0.0,NEUTRAL_MIXED,True,True
L01486,45739,LONG,1,sub2,-1.028282143009354,-5.817279929138749,loss,0.3732957211874575,0.5283829828895995,-1.0,AGAINST,0.0,NEUTRAL_MIXED,True,True
L01487,45753,LONG,1,sub2,0.9756762174934456,6.417924299263177,win,0.3732957211874575,0.6355633535858736,-1.0,AGAINST,0.0,NEUTRAL_MIXED,True,True
L01488,45769,SHORT,-1,sub2,-1.013630263663066,-11.8985843704113,loss,0.3732957211874575,-1.3557968683220312,-1.0,ALIGNED,0.0,NEUTRAL_MIXED,True,True
L01489,45792,SHORT,-1,sub2,0.9801026770905952,7.881282775997533,win,0.3732957211874575,-0.7890336022045167,-1.0,ALIGNED,0.0,NEUTRAL_MIXED,True,True
L01492,45873,SHORT,-1,sub2,0.9554027358799512,3.427664022823592,win,0.3880732571357803,0.7881318516102099,0.0,NEUTRAL_MIXED,0.0,NEUTRAL_MIXED,False,False
L01493,45887,LONG,1,sub2,0.9753224328164708,6.323621290945084,win,0.3880732571357803,-1.2116038937682398,0.0,NEUTRAL_MIXED,0.0,NEUTRAL_MIXED,False,False
L01494,45952,SHORT,-1,sub2,-1.0325263125703994,-5.079094337962488,loss,0.3880732571357803,0.8910567167508628,0.0,NEUTRAL_MIXED,0.0,NEUTRAL_MIXED,False,False
L01495,45959,SHORT,-1,sub2,0.9616967549237148,4.017191767465192,win,0.3880732571357803,-0.4073757942205184,0.0,NEUTRAL_MIXED,0.0,NEUTRAL_MIXED,False,False
L01496,46006,SHORT,-1,sub2,0.934172154249824,2.2705823497108213,win,0.3880732571357803,1.5719960655264311,0.0,NEUTRAL_MIXED,0.0,NEUTRAL_MIXED,False,False
L01498,46018,SHORT,-1,sub2,-1.032225080234488,-5.125076854288636,loss,0.3880732571357803,-0.7992876924781994,0.0,NEUTRAL_MIXED,0.0,NEUTRAL_MIXED,False,False
L01499,46028,SHORT,-1,sub2,-1.0206652037551602,-7.902483543618473,loss,0.3880732571357803,-0.3713399492978254,0.0,NEUTRAL_MIXED,0.0,NEUTRAL_MIXED,False,False
L01500,46041,SHORT,-1,sub2,-1.0275917660908405,-5.958831414889573,loss,0.3880732571357803,0.2261418612877925,0.0,NEUTRAL_MIXED,0.0,NEUTRAL_MIXED,False,False
L01501,46050,SHORT,-1,sub2,-1.0196016152741654,-8.322592610963511,loss,0.3880732571357803,-0.7236251172090166,0.0,NEUTRAL_MIXED,0.0,NEUTRAL_MIXED,False,False
L01503,46078,LONG,1,sub2,-1.0087330009470783,-18.481307986732645,loss,0.3880732571357803,0.8446163256292112,0.0,NEUTRAL_MIXED,0.0,NEUTRAL_MIXED,False,False
L01505,46134,SHORT,-1,sub2,-1.0757940128589174,-7.948446380874884,loss,0.384618949713528,-0.9504369130137508,0.0,NEUTRAL_MIXED,0.0,NEUTRAL_MIXED,False,False
L01506,46153,SHORT,-1,sub2,0.969483351168804,5.0830396563169415,win,0.384618949713528,0.2456627707706514,0.0,NEUTRAL_MIXED,0.0,NEUTRAL_MIXED,False,False
L01507,46184,SHORT,-1,sub2,-1.033795476160017,-4.894361464305803,loss,0.384618949713528,0.2933624471523072,0.0,NEUTRAL_MIXED,0.0,NEUTRAL_MIXED,False,False
L01508,46225,SHORT,-1,sub2,0.9475596343351904,2.891084750677692,win,0.384618949713528,-0.1608113759894188,0.0,NEUTRAL_MIXED,0.0,NEUTRAL_MIXED,False,False
L01509,46284,SHORT,-1,sub2,-1.0314164857850383,-5.252867518493986,loss,0.384618949713528,-1.8235207527165165,0.0,NEUTRAL_MIXED,0.0,NEUTRAL_MIXED,False,False
L01511,46310,LONG,1,sub2,-1.0207464554481296,-7.872160778494617,loss,0.384618949713528,-0.2965030244757398,0.0,NEUTRAL_MIXED,0.0,NEUTRAL_MIXED,False,False
L01513,46418,SHORT,-1,sub2,0.9371316267663876,2.384999842851357,win,0.3872840135432867,-0.4638784923436948,0.0,NEUTRAL_MIXED,0.0,NEUTRAL_MIXED,False,False
L01517,46465,SHORT,-1,sub2,0.9661487940740168,4.566567211511028,win,0.3872840135432867,0.2349555533273739,0.0,NEUTRAL_MIXED,0.0,NEUTRAL_MIXED,False,False
L01518,46495,LONG,1,sub2,0.9832542882176208,9.3946849294407,win,0.3872840135432867,0.1442845062077628,0.0,NEUTRAL_MIXED,0.0,NEUTRAL_MIXED,False,False
L01519,46544,SHORT,-1,sub2,0.9828683782266262,9.179454379534036,win,0.3872840135432867,0.1699976010750086,0.0,NEUTRAL_MIXED,0.0,NEUTRAL_MIXED,False,False
L01520,46591,LONG,1,sub2,0.9800329382318655,7.853197027076021,win,0.3872840135432867,0.0275112694766854,0.0,NEUTRAL_MIXED,0.0,NEUTRAL_MIXED,False,False
L01521,46597,SHORT,-1,sub2,0.9824546353542202,8.959217709638324,win,0.3872840135432867,-1.5322956432480084,0.0,NEUTRAL_MIXED,0.0,NEUTRAL_MIXED,False,False
L01522,46620,SHORT,-1,sub2,0.9792815961522188,7.562602627855995,win,0.3872840135432867,0.4595117629652737,0.0,NEUTRAL_MIXED,0.0,NEUTRAL_MIXED,False,False
L01524,46691,SHORT,-1,sub2,0.9484160651335776,2.9417408891777086,win,0.3920796930018166,-0.6060971859650611,0.0,NEUTRAL_MIXED,0.0,NEUTRAL_MIXED,False,False
L01525,46713,SHORT,-1,sub2,-1.030201799244988,-5.457697620660838,loss,0.3920796930018166,-1.5994235016041267,0.0,NEUTRAL_MIXED,0.0,NEUTRAL_MIXED,False,False
L01527,46758,LONG,1,sub2,0.9601641398000812,3.856481612217976,win,0.3920796930018166,-0.9714960453576628,0.0,NEUTRAL_MIXED,0.0,NEUTRAL_MIXED,False,False
L01528,46815,LONG,1,sub2,-1.0374225774754342,-4.435493854074593,loss,0.3920796930018166,-0.338289473831339,0.0,NEUTRAL_MIXED,0.0,NEUTRAL_MIXED,False,False
L01529,46821,LONG,1,sub2,0.9756667621674032,6.415368272015257,win,0.3920796930018166,-0.0822901958179053,0.0,NEUTRAL_MIXED,0.0,NEUTRAL_MIXED,False,False
L01530,46842,SHORT,-1,sub2,0.9659690918585604,4.5416082948731855,win,0.3920796930018166,-0.5920418712757457,0.0,NEUTRAL_MIXED,0.0,NEUTRAL_MIXED,False,False
L01531,46865,SHORT,-1,sub2,0.9730765781584702,5.782781008358143,win,0.3920796930018166,-0.6167803801212969,0.0,NEUTRAL_MIXED,0.0,NEUTRAL_MIXED,False,False
L01532,46870,LONG,1,sub2,-1.020442425957842,-7.98685970490078,loss,0.3920796930018166,-0.0108621678054549,0.0,NEUTRAL_MIXED,0.0,NEUTRAL_MIXED,False,False
L01533,46878,LONG,1,sub2,0.9789571767938288,7.443542472995432,win,0.3920796930018166,0.7116655474651098,0.0,NEUTRAL_MIXED,0.0,NEUTRAL_MIXED,False,False
L01534,46926,SHORT,-1,sub2,0.990370525381202,16.455652082151573,win,0.3920796930018166,-1.0570323252937486,0.0,NEUTRAL_MIXED,0.0,NEUTRAL_MIXED,False,False
L01536,46946,SHORT,-1,sub2,-1.015060799529008,-10.783605983977395,loss,0.3920796930018166,0.8534527944738843,0.0,NEUTRAL_MIXED,0.0,NEUTRAL_MIXED,False,False
L01537,46979,SHORT,-1,sub2,-1.0242329784421034,-6.762572621525578,loss,0.3975353168426881,-0.9159850858348668,1.0,AGAINST,0.0,NEUTRAL_MIXED,True,True
L01538,46984,SHORT,-1,sub2,0.9799020975760132,7.801029794278293,win,0.3975353168426881,0.5212455292644342,1.0,AGAINST,0.0,NEUTRAL_MIXED,True,True
L01539,47014,LONG,1,sub2,-1.0180810251595034,-9.009055769150107,loss,0.3975353168426881,-1.0878774544691452,1.0,ALIGNED,0.0,NEUTRAL_MIXED,True,True
L01540,47029,LONG,1,sub2,-1.026235452180814,-6.258617965382655,loss,0.3975353168426881,-0.3378299451942241,1.0,ALIGNED,0.0,NEUTRAL_MIXED,True,True
L01541,47043,LONG,1,sub2,0.9739871577986202,5.990808080147872,win,0.3975353168426881,-0.3350405736006781,1.0,ALIGNED,0.0,NEUTRAL_MIXED,True,True
L01545,47148,SHORT,-1,sub2,-1.0113399193045696,-14.269447845486866,loss,0.3975353168426881,-1.071246743873466,1.0,AGAINST,0.0,NEUTRAL_MIXED,True,True
L01546,47191,SHORT,-1,sub2,0.9746610093518756,6.154379377684563,win,0.3975353168426881,-0.0974020516077625,1.0,AGAINST,0.0,NEUTRAL_MIXED,True,True
L01547,47237,SHORT,-1,sub2,0.949273958156662,2.994198399591369,win,0.3991356051487896,-0.0420367595739767,1.0,AGAINST,1.0,AGAINST,False,False
L01548,47248,LONG,1,sub2,-1.0341207317208976,-4.849231207250341,loss,0.3991356051487896,-0.7119852187588099,1.0,ALIGNED,1.0,ALIGNED,False,False
L01549,47259,LONG,1,sub2,-1.022555706850787,-7.253548477921868,loss,0.3991356051487896,-1.3264987050414758,1.0,ALIGNED,1.0,ALIGNED,False,False
L01550,47266,LONG,1,sub2,0.9717786075524032,5.509458028938752,win,0.3991356051487896,0.5675605654397463,1.0,ALIGNED,1.0,ALIGNED,False,False
L01553,47410,SHORT,-1,sub2,-1.016180744841544,-10.048296340292836,loss,0.3991356051487896,-1.9297797470419615,1.0,AGAINST,1.0,AGAINST,False,False
L01554,47425,SHORT,-1,sub2,0.9861588736787678,11.399752890515629,win,0.3991356051487896,0.0721870568775599,1.0,AGAINST,1.0,AGAINST,False,False
L01555,47452,LONG,1,sub2,0.9931861418065931,23.321557064788067,win,0.3991356051487896,-0.6008154225927858,1.0,ALIGNED,1.0,ALIGNED,False,False
L01556,47518,SHORT,-1,sub2,-1.0357458124688776,-4.63604877184298,loss,0.3993264275782656,-0.8462754079904229,0.0,NEUTRAL_MIXED,1.0,AGAINST,True,True
L01559,47605,SHORT,-1,sub2,0.9668433906736972,4.665583895664895,win,0.3993264275782656,0.444189920485384,0.0,NEUTRAL_MIXED,1.0,AGAINST,True,True
L01560,47630,SHORT,-1,sub2,-1.038547218672489,-4.310753426836527,loss,0.3993264275782656,-1.0282836334199867,0.0,NEUTRAL_MIXED,1.0,AGAINST,True,True
L01561,47633,SHORT,-1,sub2,0.9659111209009772,4.533612821210227,win,0.3993264275782656,-0.2545149001433698,0.0,NEUTRAL_MIXED,1.0,AGAINST,True,True
L01563,47684,LONG,1,sub2,-1.0229580859388812,-7.129222104395012,loss,0.3993264275782656,-1.0489968049411422,0.0,NEUTRAL_MIXED,1.0,ALIGNED,True,True
L01564,47696,LONG,1,sub2,-1.014864136075287,-10.924164105431371,loss,0.3993264275782656,-2.317993063311922,0.0,NEUTRAL_MIXED,1.0,ALIGNED,True,True
L01565,47707,LONG,1,sub2,-1.0152480055885074,-10.653175587530312,loss,0.3993264275782656,-0.7367904716208571,0.0,NEUTRAL_MIXED,1.0,ALIGNED,True,True
L01567,47796,SHORT,-1,sub2,-1.0421449227748645,-3.9564240877734846,loss,0.4142175940756041,0.661426707563018,0.0,NEUTRAL_MIXED,0.0,NEUTRAL_MIXED,False,False
L01570,47820,SHORT,-1,sub2,0.979122811984108,7.503867369401632,win,0.4142175940756041,-1.1374419868990768,0.0,NEUTRAL_MIXED,0.0,NEUTRAL_MIXED,False,False
L01571,47844,LONG,1,sub2,-1.0161997816432071,-10.036676335754237,loss,0.4142175940756041,0.1694565371250831,0.0,NEUTRAL_MIXED,0.0,NEUTRAL_MIXED,False,False
L01572,47866,LONG,1,sub2,0.986286471557808,11.5073109093928,win,0.4142175940756041,-1.3146326452532158,0.0,NEUTRAL_MIXED,0.0,NEUTRAL_MIXED,False,False
L01573,47979,SHORT,-1,sub2,0.984561518866397,10.203713801586671,win,0.4142175940756041,0.7032431290296639,0.0,NEUTRAL_MIXED,0.0,NEUTRAL_MIXED,False,False
L01574,48098,SHORT,-1,sub2,0.977336224164047,6.899723902935875,win,0.4267694384721533,-0.8540910282104988,0.0,NEUTRAL_MIXED,0.0,NEUTRAL_MIXED,False,False
L01575,48144,SHORT,-1,sub2,0.9813991074989812,8.441737792479216,win,0.4267694384721533,-0.6770638823464025,0.0,NEUTRAL_MIXED,0.0,NEUTRAL_MIXED,False,False
L01576,48210,LONG,1,sub2,-1.0771811791355603,-2.2330442549837244,loss,0.4267694384721533,2.129616501043876,0.0,NEUTRAL_MIXED,0.0,NEUTRAL_MIXED,False,False
L01577,48211,SHORT,-1,sub2,0.922134276117572,1.8948193996302507,win,0.4267694384721533,-0.5966430186095874,0.0,NEUTRAL_MIXED,0.0,NEUTRAL_MIXED,False,False
L01578,48214,LONG,1,sub2,-1.0668241488202723,-2.554344003246115,loss,0.4267694384721533,0.010928587966024,0.0,NEUTRAL_MIXED,0.0,NEUTRAL_MIXED,False,False
L01580,48224,SHORT,-1,sub2,-1.032230930173154,-5.1241756890131,loss,0.4267694384721533,0.1077191210982276,0.0,NEUTRAL_MIXED,0.0,NEUTRAL_MIXED,False,False
L01581,48243,SHORT,-1,sub2,-1.0133469599417764,-12.147748573294848,loss,0.4267694384721533,0.3776324413385059,0.0,NEUTRAL_MIXED,0.0,NEUTRAL_MIXED,False,False
L01583,48343,LONG,1,sub2,0.957294538724872,3.586593415045172,win,0.4485830138951613,-0.0879124511075909,0.0,NEUTRAL_MIXED,0.0,NEUTRAL_MIXED,False,False
L01584,48347,SHORT,-1,sub2,0.9551153821607088,3.404695606248424,win,0.4485830138951613,0.55167699875023,0.0,NEUTRAL_MIXED,0.0,NEUTRAL_MIXED,False,False
L01586,48459,LONG,1,sub2,-1.0255389803188475,-6.4249329770527766,loss,0.4485830138951613,0.2456984308602776,0.0,NEUTRAL_MIXED,0.0,NEUTRAL_MIXED,False,False
L01587,48469,LONG,1,sub2,-1.037387338687085,-4.439523646734415,loss,0.4485830138951613,-1.0119410365951234,0.0,NEUTRAL_MIXED,0.0,NEUTRAL_MIXED,False,False
L01588,48499,LONG,1,sub2,-1.0260554160543651,-6.30075782424683,loss,0.4485830138951613,-1.3010218042445916,0.0,NEUTRAL_MIXED,0.0,NEUTRAL_MIXED,False,False
L01589,48507,LONG,1,sub2,0.9759549655147164,6.494180516887354,win,0.4485830138951613,1.0335763491133083,0.0,NEUTRAL_MIXED,0.0,NEUTRAL_MIXED,False,False
L01590,48521,SHORT,-1,sub2,0.9824169375041176,8.939666229209251,win,0.4485830138951613,0.1757073244250222,0.0,NEUTRAL_MIXED,0.0,NEUTRAL_MIXED,False,False
L01591,48527,LONG,1,sub2,0.991580787071918,18.84415173800608,win,0.4485830138951613,-1.6046955803773588,0.0,NEUTRAL_MIXED,0.0,NEUTRAL_MIXED,False,False
L01592,48550,SHORT,-1,sub2,0.9895214980678976,15.109358257182976,win,0.4485830138951613,-2.2480746170071217,0.0,NEUTRAL_MIXED,0.0,NEUTRAL_MIXED,False,False
L01593,48618,SHORT,-1,sub2,-1.0574593179610978,-2.944578823371557,loss,0.4534192747827603,-1.287256787436461,0.0,NEUTRAL_MIXED,1.0,AGAINST,True,True
L01595,48646,LONG,1,sub2,0.986665810743536,11.839229718619208,win,0.4534192747827603,0.2001624207150455,0.0,NEUTRAL_MIXED,1.0,ALIGNED,True,True
L01596,48764,LONG,1,sub2,-1.0699602385492375,-2.447013356697425,loss,0.4534192747827603,-0.6278168719833899,0.0,NEUTRAL_MIXED,1.0,ALIGNED,True,True
L01597,48773,LONG,1,sub2,0.969058455207428,5.01104110581673,win,0.4534192747827603,-0.2464706137010758,0.0,NEUTRAL_MIXED,1.0,ALIGNED,True,True
L01598,48788,SHORT,-1,sub2,-1.030291993776108,-5.441923705069712,loss,0.4534192747827603,-1.472474856807621,0.0,NEUTRAL_MIXED,1.0,AGAINST,True,True
L01599,48801,SHORT,-1,sub2,-1.0208990009656584,-7.815868348097865,loss,0.4534192747827603,0.251635797360382,0.0,NEUTRAL_MIXED,1.0,AGAINST,True,True
L01600,48818,SHORT,-1,sub2,-1.0141599550090463,-11.459470930354655,loss,0.4534192747827603,-0.1573302176600971,0.0,NEUTRAL_MIXED,1.0,AGAINST,True,True
L01602,48915,SHORT,-1,sub2,-1.0163228692901884,-9.962198201515092,loss,0.4650954162379013,0.3169244544160495,0.0,NEUTRAL_MIXED,0.0,NEUTRAL_MIXED,False,False
L01603,48971,SHORT,-1,sub2,-1.0195047526034051,-8.363128911869353,loss,0.4650954162379013,-0.4458195253333165,0.0,NEUTRAL_MIXED,0.0,NEUTRAL_MIXED,False,False
L01604,48996,SHORT,-1,sub2,0.9764522295762376,6.634698483997454,win,0.4650954162379013,-0.1770440491570513,0.0,NEUTRAL_MIXED,0.0,NEUTRAL_MIXED,False,False
L01605,49038,LONG,1,sub2,0.916627298434086,1.7590933842220693,win,0.4650954162379013,0.4543020377131303,0.0,NEUTRAL_MIXED,0.0,NEUTRAL_MIXED,False,False
L01607,49047,LONG,1,sub2,0.956245454275776,3.496762911179758,win,0.4650954162379013,0.2566163247956843,0.0,NEUTRAL_MIXED,0.0,NEUTRAL_MIXED,False,False
L01608,49060,SHORT,-1,sub2,-1.0140146354549209,-11.576636594973024,loss,0.4650954162379013,-1.1844824161099556,0.0,NEUTRAL_MIXED,0.0,NEUTRAL_MIXED,False,False
L01609,49074,SHORT,-1,sub2,0.9727843300487848,5.718966062076106,win,0.4650954162379013,1.1304148523163111,0.0,NEUTRAL_MIXED,0.0,NEUTRAL_MIXED,False,False
L01610,49079,SHORT,-1,sub2,0.975787539111018,6.4481676180494105,win,0.4650954162379013,0.8374759896133334,0.0,NEUTRAL_MIXED,0.0,NEUTRAL_MIXED,False,False
L01611,49109,SHORT,-1,sub2,0.9721164011269008,5.5781402138236444,win,0.4650954162379013,0.5865880848380665,0.0,NEUTRAL_MIXED,0.0,NEUTRAL_MIXED,False,False
L01612,49192,SHORT,-1,sub2,-1.0119975538771635,-13.496051801726026,loss,0.4605807211229383,-0.793821039783038,0.0,NEUTRAL_MIXED,0.0,NEUTRAL_MIXED,False,False
L01615,49321,SHORT,-1,sub2,-1.0250256328301943,-6.553444716682861,loss,0.4605807211229383,-0.9606385356084998,0.0,NEUTRAL_MIXED,0.0,NEUTRAL_MIXED,False,False
L01616,49337,SHORT,-1,sub2,0.9788409129682272,7.401762932379825,win,0.4605807211229383,-0.6201510969781232,0.0,NEUTRAL_MIXED,0.0,NEUTRAL_MIXED,False,False
L01618,49428,SHORT,-1,sub2,0.9779506901800464,7.0964629599002365,win,0.4605807211229383,0.3013347508614845,0.0,NEUTRAL_MIXED,0.0,NEUTRAL_MIXED,False,False
L01620,49466,SHORT,-1,sub2,-1.02275169614824,-7.192442722395754,loss,0.4823335623925995,-0.2575291583773202,1.0,AGAINST,1.0,AGAINST,False,False
L01621,49475,SHORT,-1,sub2,0.9774016444261554,6.920161185933466,win,0.4823335623925995,-0.0931038929290862,1.0,AGAINST,1.0,AGAINST,False,False
L01622,49495,LONG,1,sub2,-1.006067997331271,-26.527842842531754,loss,0.4823335623925995,-2.3206877069885614,1.0,ALIGNED,1.0,ALIGNED,False,False
L01624,49698,SHORT,-1,sub2,-1.0080151550245535,-20.1221840762546,loss,0.4941623197624603,-0.8502468007173377,0.0,NEUTRAL_MIXED,1.0,AGAINST,True,True
L01626,49878,SHORT,-1,sub2,0.9850769717140712,10.561684428536864,win,0.4941623197624603,-1.4506011712562508,0.0,NEUTRAL_MIXED,1.0,AGAINST,True,True
L01627,49950,SHORT,-1,sub2,0.9890794541922308,14.491282345798936,win,0.5181573476037107,-0.609733625712085,0.0,NEUTRAL_MIXED,1.0,AGAINST,True,True
L01628,49972,LONG,1,sub2,-1.0049658463304172,-32.38008683994303,loss,0.5181573476037107,-1.863719666357308,0.0,NEUTRAL_MIXED,1.0,ALIGNED,True,True
L01629,50057,LONG,1,sub2,-1.0051167078669545,-31.430106513837018,loss,0.5181573476037107,-0.2130625429001447,0.0,NEUTRAL_MIXED,1.0,ALIGNED,True,True
L01630,50105,LONG,1,sub2,-1.00785285195295,-20.534763329104862,loss,0.5181573476037107,-1.412635819224208,0.0,NEUTRAL_MIXED,1.0,ALIGNED,True,True
L01631,50152,LONG,1,sub2,0.979055954641166,33.15712780071557,win,0.5181573476037107,-0.4713679552735326,0.0,NEUTRAL_MIXED,1.0,ALIGNED,True,True
L01632,50294,SHORT,-1,sub2,-1.0270873439099886,-6.06681760941683,loss,0.4356575981646563,-0.7239600086694956,0.0,NEUTRAL_MIXED,0.0,NEUTRAL_MIXED,False,False
L01633,50310,SHORT,-1,sub2,0.9756034658988468,6.398308624350648,win,0.4356575981646563,0.1330085195504158,0.0,NEUTRAL_MIXED,0.0,NEUTRAL_MIXED,False,False
L01634,50332,SHORT,-1,sub2,0.9870593585675288,12.204147545142405,win,0.4356575981646563,0.4157932008831853,0.0,NEUTRAL_MIXED,0.0,NEUTRAL_MIXED,False,False
L01635,50376,SHORT,-1,sub2,-1.0375137641768368,-4.425101183811421,loss,0.4356575981646563,-0.3498902195599332,0.0,NEUTRAL_MIXED,0.0,NEUTRAL_MIXED,False,False
L01636,50395,SHORT,-1,sub2,0.9779292870515162,7.089425986977403,win,0.4356575981646563,0.4644767719526091,0.0,NEUTRAL_MIXED,0.0,NEUTRAL_MIXED,False,False
L01637,50409,LONG,1,sub2,-1.0140107075503118,-11.579837251280878,loss,0.4356575981646563,1.4771815179429155,0.0,NEUTRAL_MIXED,0.0,NEUTRAL_MIXED,False,False
L01638,50419,LONG,1,sub2,-1.0090077556509922,-17.922471163638875,loss,0.4356575981646563,-1.878614684364433,0.0,NEUTRAL_MIXED,0.0,NEUTRAL_MIXED,False,False
L01639,50431,LONG,1,sub2,0.9844279664671868,10.114830173124574,win,0.4356575981646563,0.1239625472147657,0.0,NEUTRAL_MIXED,0.0,NEUTRAL_MIXED,False,False
L01640,50482,LONG,1,sub2,-1.0113478653511143,-14.259568072874572,loss,0.4356575981646563,-1.6546961400998126,0.0,NEUTRAL_MIXED,0.0,NEUTRAL_MIXED,False,False
L01641,50502,LONG,1,sub2,-1.033421890105449,-4.947281613787709,loss,0.4199635541264146,-0.287595880274028,0.0,NEUTRAL_MIXED,0.0,NEUTRAL_MIXED,False,False
L01642,50507,LONG,1,sub2,0.8515187018765451,10.368044195320117,win,0.4199635541264146,-1.0308752351252717,0.0,NEUTRAL_MIXED,0.0,NEUTRAL_MIXED,False,False
L01643,50538,SHORT,-1,sub2,0.9851952712866566,10.647357777224896,win,0.4199635541264146,-0.9468496003535068,0.0,NEUTRAL_MIXED,0.0,NEUTRAL_MIXED,False,False
L01644,50589,LONG,1,sub2,0.9951197619000604,32.62528561994441,win,0.4199635541264146,-2.438886648408581,0.0,NEUTRAL_MIXED,0.0,NEUTRAL_MIXED,False,False
L01645,50687,SHORT,-1,sub2,-1.014322513892914,-11.331223236097683,loss,0.4199635541264146,0.3506980009823288,0.0,NEUTRAL_MIXED,0.0,NEUTRAL_MIXED,False,False
L01647,50799,SHORT,-1,sub2,-1.0201280341950745,-8.109112091582574,loss,0.3908936206121233,0.0131396444218579,0.0,NEUTRAL_MIXED,0.0,NEUTRAL_MIXED,False,False
L01648,50845,SHORT,-1,sub2,-1.0292587298708349,-5.628453371222349,loss,0.3908936206121233,1.4388064370355358,0.0,NEUTRAL_MIXED,0.0,NEUTRAL_MIXED,False,False
L01650,50894,SHORT,-1,sub2,-1.0153543111119658,-10.580526120195827,loss,0.3908936206121233,-0.2883447187475567,0.0,NEUTRAL_MIXED,0.0,NEUTRAL_MIXED,False,False
L01651,50924,SHORT,-1,sub2,0.9671023533323232,4.703569774948846,win,0.3908936206121233,0.0462798672492555,0.0,NEUTRAL_MIXED,0.0,NEUTRAL_MIXED,False,False
L01654,50975,LONG,1,sub2,-1.0103841783566725,-15.56805584267022,loss,0.3908936206121233,-1.6010056054603037,0.0,NEUTRAL_MIXED,0.0,NEUTRAL_MIXED,False,False
L01655,50990,LONG,1,sub2,-1.0141230992927703,-11.48895809078931,loss,0.3908936206121233,-0.0333870069167765,0.0,NEUTRAL_MIXED,0.0,NEUTRAL_MIXED,False,False
L01656,51015,LONG,1,sub2,0.9796965457531258,7.720432465056547,win,0.3908936206121233,1.021358854514244,0.0,NEUTRAL_MIXED,0.0,NEUTRAL_MIXED,False,False
L01657,51080,SHORT,-1,sub2,-1.0062396362003574,-25.802520631361404,loss,0.3670623824719449,-0.8649259296028639,0.0,NEUTRAL_MIXED,0.0,NEUTRAL_MIXED,False,False
L01658,51156,SHORT,-1,sub2,-1.0291407684837313,-5.650589587202376,loss,0.3670623824719449,0.2083215235195208,0.0,NEUTRAL_MIXED,0.0,NEUTRAL_MIXED,False,False
L01659,51171,SHORT,-1,sub2,-1.0240705882381167,-6.807116323750051,loss,0.3670623824719449,0.2942701385041218,0.0,NEUTRAL_MIXED,0.0,NEUTRAL_MIXED,False,False
L01660,51182,SHORT,-1,sub2,-1.0290626700051588,-5.665344139800254,loss,0.3670623824719449,-0.4960103154832294,0.0,NEUTRAL_MIXED,0.0,NEUTRAL_MIXED,False,False
L01662,51218,LONG,1,sub2,-1.0177212124531916,-9.188727601030225,loss,0.3670623824719449,-0.4959298796795863,0.0,NEUTRAL_MIXED,0.0,NEUTRAL_MIXED,False,False
L01664,51249,SHORT,-1,sub2,-1.01118098180333,-14.47001345089393,loss,0.3670623824719449,-0.4490094411523762,0.0,NEUTRAL_MIXED,0.0,NEUTRAL_MIXED,False,False
L01665,51331,SHORT,-1,sub2,0.9847931720356754,10.361589405444647,win,0.342602326133668,-0.795544305758061,0.0,NEUTRAL_MIXED,1.0,AGAINST,True,True
L01666,51352,LONG,1,sub2,0.9848721486048893,10.41651849036316,win,0.342602326133668,0.1259227997280076,0.0,NEUTRAL_MIXED,1.0,ALIGNED,True,True
L01667,51369,SHORT,-1,sub2,-1.0191983302476175,-8.49405811527322,loss,0.342602326133668,-2.4374722504850226,0.0,NEUTRAL_MIXED,1.0,AGAINST,True,True
L01668,51391,SHORT,-1,sub2,-1.0420785839527091,-3.962409324887631,loss,0.342602326133668,0.6558573807390644,0.0,NEUTRAL_MIXED,1.0,AGAINST,True,True
L01671,51488,SHORT,-1,sub2,-1.031633103240016,-5.217992533513097,loss,0.342602326133668,0.3357628412137984,0.0,NEUTRAL_MIXED,1.0,AGAINST,True,True
L01673,51521,SHORT,-1,sub2,0.986793622024328,11.955358222716312,win,0.342602326133668,-1.232913271224634,0.0,NEUTRAL_MIXED,1.0,AGAINST,True,True
L01674,51558,SHORT,-1,sub2,0.9714306781456972,5.440412947000368,win,0.342602326133668,0.1315919820252274,0.0,NEUTRAL_MIXED,1.0,AGAINST,True,True
L01676,51620,LONG,1,sub2,-1.0411654635851046,-4.046753265126426,loss,0.3630137676074473,-0.5236969934324817,1.0,ALIGNED,1.0,ALIGNED,False,False
L01677,51625,LONG,1,sub2,-1.018280675318053,-8.912411889392388,loss,0.3630137676074473,-0.0749405332679716,1.0,ALIGNED,1.0,ALIGNED,False,False
L01678,51640,LONG,1,sub2,-1.0127651477754165,-12.694128301121964,loss,0.3630137676074473,-0.6183966221616263,1.0,ALIGNED,1.0,ALIGNED,False,False
L01679,51687,LONG,1,sub2,-1.0111936027935455,-14.453878651126615,loss,0.3630137676074473,-2.0891793034092383,1.0,ALIGNED,1.0,ALIGNED,False,False
L01680,51700,LONG,1,sub2,0.9817183899130176,8.591964364111845,win,0.3630137676074473,-0.9585162575340505,1.0,ALIGNED,1.0,ALIGNED,False,False
L01681,51763,LONG,1,sub2,-1.0146129757295324,-11.109173047382685,loss,0.3630137676074473,-0.3226816547998153,1.0,ALIGNED,1.0,ALIGNED,False,False
L01682,51776,LONG,1,sub2,-1.0106430147908667,-15.193334364728798,loss,0.3630137676074473,-1.0220303833933626,1.0,ALIGNED,1.0,ALIGNED,False,False
L01684,51822,SHORT,-1,sub2,0.9808860956758616,8.210869566287329,win,0.3630137676074473,0.8342082570076379,1.0,AGAINST,1.0,AGAINST,False,False
L01686,51903,LONG,1,sub2,-1.0145292832254291,-11.172243172452,loss,0.3758478203489901,-1.1921870931165977,0.0,NEUTRAL_MIXED,0.0,NEUTRAL_MIXED,False,False
L01687,51927,LONG,1,sub2,-1.017462174132347,-9.322662036651309,loss,0.3758478203489901,-0.1678490438041497,0.0,NEUTRAL_MIXED,0.0,NEUTRAL_MIXED,False,False
L01688,51961,LONG,1,sub2,0.9834499442952735,9.50764117622657,win,0.3758478203489901,-0.4909287715750286,0.0,NEUTRAL_MIXED,0.0,NEUTRAL_MIXED,False,False
L01689,52039,LONG,1,sub2,0.9873185094049788,12.456813362829052,win,0.3758478203489901,-1.4867044154318634,0.0,NEUTRAL_MIXED,0.0,NEUTRAL_MIXED,False,False
L01690,52056,SHORT,-1,sub2,-1.018204310712907,-8.949127065734501,loss,0.3758478203489901,-0.231135373146559,0.0,NEUTRAL_MIXED,0.0,NEUTRAL_MIXED,False,False
L01691,52084,SHORT,-1,sub2,-1.0170561352975214,-9.54078862584447,loss,0.3758478203489901,-0.0072725717000122,0.0,NEUTRAL_MIXED,0.0,NEUTRAL_MIXED,False,False
L01692,52103,SHORT,-1,sub2,0.9706057038670188,5.283232907364436,win,0.3758478203489901,0.7519512411196999,0.0,NEUTRAL_MIXED,0.0,NEUTRAL_MIXED,False,False
L01693,52149,SHORT,-1,sub2,-1.025203770171376,-6.50825658668964,loss,0.3758478203489901,1.044106000340665,0.0,NEUTRAL_MIXED,0.0,NEUTRAL_MIXED,False,False
L01694,52157,SHORT,-1,sub2,0.9811611734830356,8.33309800988809,win,0.3949965066175946,-0.04182761309769,0.0,NEUTRAL_MIXED,0.0,NEUTRAL_MIXED,False,False
L01697,52305,LONG,1,sub2,-1.0635669189662975,-2.6770324848475866,loss,0.3949965066175946,1.2721623589199875,0.0,NEUTRAL_MIXED,0.0,NEUTRAL_MIXED,False,False
L01699,52322,LONG,1,sub2,-1.020761336351501,-7.866633007190103,loss,0.3949965066175946,-1.2841244216158676,0.0,NEUTRAL_MIXED,0.0,NEUTRAL_MIXED,False,False
L01700,52342,SHORT,-1,sub2,-1.0156392800938518,-10.390649942944036,loss,0.3949965066175946,-0.6177634605000735,0.0,NEUTRAL_MIXED,0.0,NEUTRAL_MIXED,False,False
L01701,52360,SHORT,-1,sub2,0.9849240888017295,10.452957180207704,win,0.3949965066175946,0.7741017105963909,0.0,NEUTRAL_MIXED,0.0,NEUTRAL_MIXED,False,False
L01702,52457,SHORT,-1,sub2,-1.0070059413033965,-22.99775913484882,loss,0.4190963895878211,-1.195599378293345,0.0,NEUTRAL_MIXED,0.0,NEUTRAL_MIXED,False,False
L01704,52639,SHORT,-1,sub2,0.9800278867945392,7.85117029299181,win,0.4190963895878211,1.0052868724955246,0.0,NEUTRAL_MIXED,0.0,NEUTRAL_MIXED,False,False
L01706,52712,LONG,1,sub2,-1.0595961381569672,-12.611077899293702,loss,0.4190822212397535,-0.0236756535046992,0.0,NEUTRAL_MIXED,1.0,ALIGNED,True,True
L01707,52742,LONG,1,sub2,0.980330005817101,7.974216945471198,win,0.4190822212397535,-1.2854549507727997,1.0,ALIGNED,1.0,ALIGNED,False,False
L01708,52803,LONG,1,sub2,0.9847206961771552,10.311681292221692,win,0.4190822212397535,-0.9881291697088598,1.0,ALIGNED,1.0,ALIGNED,False,False
L01709,52855,LONG,1,sub2,0.901145723507754,1.458544039543085,win,0.4190822212397535,0.6862297280959283,1.0,ALIGNED,1.0,ALIGNED,False,False
L01710,52860,SHORT,-1,sub2,0.9706107657349162,5.284170425016782,win,0.4190822212397535,-0.1960132256458681,1.0,AGAINST,1.0,AGAINST,False,False
L01711,52869,LONG,1,sub2,0.9737522525092736,5.935761171749618,win,0.4190822212397535,-1.4959611514146534,1.0,ALIGNED,1.0,ALIGNED,False,False
L01712,52898,SHORT,-1,sub2,0.9884890165717984,13.739768077839472,win,0.4190822212397535,-0.0794546873811691,1.0,AGAINST,1.0,AGAINST,False,False
L01713,52967,LONG,1,sub2,0.9036435576927768,16.95472714469627,win,0.4190822212397535,-1.2252660503538555,1.0,ALIGNED,1.0,ALIGNED,False,False
L01714,53019,SHORT,-1,sub2,-1.0278469808267054,-5.905685717081724,loss,0.4329692951781563,0.5104183939483113,0.0,NEUTRAL_MIXED,1.0,AGAINST,True,True
L01715,53031,SHORT,-1,sub2,0.9607222360703128,3.913551648364773,win,0.4329692951781563,-0.3626769854480241,0.0,NEUTRAL_MIXED,1.0,AGAINST,True,True
L01719,53146,SHORT,-1,sub2,-1.0369768249644744,-4.487034572426637,loss,0.4329692951781563,-1.6078007293210967,0.0,NEUTRAL_MIXED,1.0,AGAINST,True,True
L01721,53157,LONG,1,sub2,-1.0187085671339646,-8.712231651636102,loss,0.4329692951781563,-0.5807944458813902,0.0,NEUTRAL_MIXED,1.0,ALIGNED,True,True
L01722,53177,LONG,1,sub2,0.991730322573075,19.187792149536108,win,0.4329692951781563,-1.677940297695668,0.0,NEUTRAL_MIXED,1.0,ALIGNED,True,True
L01723,53234,SHORT,-1,sub2,0.9772380304416364,6.869268692658807,win,0.4329692951781563,0.953027955667962,0.0,NEUTRAL_MIXED,1.0,AGAINST,True,True
L01724,53267,LONG,1,sub2,-1.0656572760172316,-11.51236773332617,loss,0.4595458241101613,-2.252639281966827,0.0,NEUTRAL_MIXED,1.0,ALIGNED,True,True
L01725,53292,LONG,1,sub2,-1.0077162358180638,-20.895498988417785,loss,0.4595458241101613,-0.5099567961703243,0.0,NEUTRAL_MIXED,1.0,ALIGNED,True,True
L01726,53313,LONG,1,sub2,0.9888459507682196,14.184566414856818,win,0.4595458241101613,-1.1743281536893475,0.0,NEUTRAL_MIXED,1.0,ALIGNED,True,True
L01727,53410,SHORT,-1,sub2,0.96469057368204,4.371367872110568,win,0.4595458241101613,0.5287177396931333,0.0,NEUTRAL_MIXED,1.0,AGAINST,True,True
L01728,53421,LONG,1,sub2,-1.0527379469401,-3.193868576294335,loss,0.4595458241101613,0.1559305336128582,0.0,NEUTRAL_MIXED,1.0,ALIGNED,True,True
L01729,53440,LONG,1,sub2,0.9897055067149032,15.382289996097825,win,0.4595458241101613,-1.2627852141375189,0.0,NEUTRAL_MIXED,1.0,ALIGNED,True,True
L01731,53536,SHORT,-1,sub2,0.9743126837778264,6.06875502508683,win,0.4870753511081175,-0.0774132429439238,0.0,NEUTRAL_MIXED,0.0,NEUTRAL_MIXED,False,False
L01732,53559,LONG,1,sub2,-1.0170379758480934,-9.55078687670266,loss,0.4870753511081175,-1.0835029049535772,0.0,NEUTRAL_MIXED,0.0,NEUTRAL_MIXED,False,False
L01733,53583,LONG,1,sub2,0.9749076069132868,6.21643446150938,win,0.4870753511081175,-0.7611919932036221,0.0,NEUTRAL_MIXED,0.0,NEUTRAL_MIXED,False,False
L01734,53690,SHORT,-1,sub2,0.9706886492148488,5.298636184072166,win,0.4870753511081175,-1.2414430266205074,0.0,NEUTRAL_MIXED,0.0,NEUTRAL_MIXED,False,False
L01735,53710,LONG,1,sub2,0.9883873431389674,13.61807007600055,win,0.4870753511081175,-0.116339667551037,0.0,NEUTRAL_MIXED,0.0,NEUTRAL_MIXED,False,False
L01736,53729,SHORT,-1,sub2,0.9864151552566596,11.617830591570964,win,0.4870753511081175,-0.3415075214899548,0.0,NEUTRAL_MIXED,0.0,NEUTRAL_MIXED,False,False
L01738,53833,SHORT,-1,sub2,0.9914867446940804,18.63422080629971,win,0.4913007731044623,-0.5382093848139738,0.0,NEUTRAL_MIXED,-1.0,ALIGNED,True,True
L01739,53846,LONG,1,sub2,0.9825747127145872,9.02205808484996,win,0.4913007731044623,-0.3530073306145067,0.0,NEUTRAL_MIXED,-1.0,AGAINST,True,True
L01740,53958,LONG,1,sub2,-1.058141675707295,-2.9118986691291866,loss,0.4913007731044623,0.7110095074613622,0.0,NEUTRAL_MIXED,-1.0,AGAINST,True,True
L01741,53966,LONG,1,sub2,0.9628572953705408,4.147709995705554,win,0.4913007731044623,0.526318985818368,0.0,NEUTRAL_MIXED,-1.0,AGAINST,True,True
L01742,53984,SHORT,-1,sub2,0.9527870484148124,3.228900600954148,win,0.4913007731044623,-0.1424069181462002,0.0,NEUTRAL_MIXED,-1.0,ALIGNED,True,True
L01743,54019,SHORT,-1,sub2,-1.032551790422174,-5.075244228497468,loss,0.4913007731044623,-0.2245201113567377,0.0,NEUTRAL_MIXED,-1.0,ALIGNED,True,True
L01744,54047,SHORT,-1,sub2,0.9627795623037466,4.13871355370884,win,0.4913007731044623,-0.7860729584471982,0.0,NEUTRAL_MIXED,-1.0,ALIGNED,True,True
L01745,54069,LONG,1,sub2,-1.047880896542431,-3.501624981020541,loss,0.4896363019392984,-0.0487202870021885,0.0,NEUTRAL_MIXED,0.0,NEUTRAL_MIXED,False,False
L01747,54090,SHORT,-1,sub2,-1.028152450711491,-5.843341803509247,loss,0.4896363019392984,0.5400404298189422,0.0,NEUTRAL_MIXED,0.0,NEUTRAL_MIXED,False,False
L01748,54145,SHORT,-1,sub2,-1.019525383541373,-8.354461310366787,loss,0.4896363019392984,-0.8254115910983191,0.0,NEUTRAL_MIXED,0.0,NEUTRAL_MIXED,False,False
L01749,54161,SHORT,-1,sub2,-1.0273551957313294,-6.008980265807622,loss,0.4896363019392984,-0.7744448857814049,0.0,NEUTRAL_MIXED,0.0,NEUTRAL_MIXED,False,False
L01750,54168,SHORT,-1,sub2,-1.026369004661141,-6.227729975247712,loss,0.4896363019392984,0.0883621288563723,0.0,NEUTRAL_MIXED,0.0,NEUTRAL_MIXED,False,False
L01751,54178,SHORT,-1,sub2,-1.0219362854718586,-7.453851103693523,loss,0.4896363019392984,-1.000766179627899,0.0,NEUTRAL_MIXED,0.0,NEUTRAL_MIXED,False,False
L01752,54189,SHORT,-1,sub2,0.9733519153225656,5.844183862990576,win,0.4896363019392984,-0.7564754286638625,0.0,NEUTRAL_MIXED,0.0,NEUTRAL_MIXED,False,False
L01754,54211,SHORT,-1,sub2,0.97223700758524,5.603067525631559,win,0.4896363019392984,-0.7877502853816535,0.0,NEUTRAL_MIXED,0.0,NEUTRAL_MIXED,False,False
L01756,54241,SHORT,-1,sub2,0.9888117596610436,14.14072961900456,win,0.4896363019392984,-0.179395311938355,0.0,NEUTRAL_MIXED,0.0,NEUTRAL_MIXED,False,False
L01758,54332,SHORT,-1,sub2,-1.0394894325598851,-4.211716867726864,loss,0.4953315897664691,0.1218927110674643,0.0,NEUTRAL_MIXED,1.0,AGAINST,True,True
L01759,54371,SHORT,-1,sub2,-1.007426015136105,-21.70587582537246,loss,0.4953315897664691,-0.2365961589255431,0.0,NEUTRAL_MIXED,1.0,AGAINST,True,True
L01760,54382,SHORT,-1,sub2,-1.009539467832519,-16.93242408160677,loss,0.4953315897664691,-0.9217226761102064,0.0,NEUTRAL_MIXED,1.0,AGAINST,True,True
L01762,54481,SHORT,-1,sub2,0.9755074344961908,6.372594553027739,win,0.4953315897664691,0.4305680987939436,0.0,NEUTRAL_MIXED,1.0,AGAINST,True,True
L01763,54486,LONG,1,sub2,0.9827333377059616,9.106411613036473,win,0.4953315897664691,0.6315736960163685,0.0,NEUTRAL_MIXED,1.0,ALIGNED,True,True
L01765,54518,LONG,1,sub2,-1.0070144643082182,-22.970009855263925,loss,0.4953315897664691,-0.2536059820746217,0.0,NEUTRAL_MIXED,1.0,ALIGNED,True,True
L01766,54532,LONG,1,sub2,-1.0051382936153717,-31.29874215385462,loss,0.4953315897664691,-0.6460791145842175,0.0,NEUTRAL_MIXED,1.0,ALIGNED,True,True
L01767,54557,LONG,1,sub2,0.9912347189071914,18.09383559360413,win,0.4953315897664691,-0.2942465679504377,0.0,NEUTRAL_MIXED,1.0,ALIGNED,True,True
L01768,54586,LONG,1,sub2,0.995715842410866,37.18689881755654,win,0.4953315897664691,-1.5697970905274006,0.0,NEUTRAL_MIXED,1.0,ALIGNED,True,True
L01769,54627,LONG,1,sub2,-1.013150164533099,-12.32714814458268,loss,0.493711011404273,0.1177504253094585,1.0,ALIGNED,1.0,ALIGNED,False,False
L01770,54633,LONG,1,sub2,0.9906207025364944,16.898846957611568,win,0.493711011404273,0.716337592350394,1.0,ALIGNED,1.0,ALIGNED,False,False
L01772,54763,SHORT,-1,sub2,0.977855635423744,7.065314569261318,win,0.493711011404273,0.3119965620782578,1.0,AGAINST,1.0,AGAINST,False,False
L01773,54777,LONG,1,sub2,-1.0160367179361878,-10.13710383362195,loss,0.493711011404273,-0.9800908994049128,1.0,ALIGNED,1.0,ALIGNED,False,False
L01774,54787,LONG,1,sub2,0.9867411893885676,11.907447427139232,win,0.493711011404273,-0.4539608997583835,1.0,ALIGNED,1.0,ALIGNED,False,False
L01775,54799,SHORT,-1,sub2,-1.0123184007272374,-13.148699064325228,loss,0.493711011404273,-1.36784154722551,1.0,AGAINST,1.0,AGAINST,False,False
L01776,54824,SHORT,-1,sub2,-1.0180883514027927,-9.005471676050547,loss,0.493711011404273,0.2463236697362663,1.0,AGAINST,1.0,AGAINST,False,False
L01777,54852,SHORT,-1,sub2,0.9806804338794454,8.121759486804876,win,0.493711011404273,-0.1748500542847305,1.0,AGAINST,1.0,AGAINST,False,False
L01778,54865,SHORT,-1,sub2,-1.0213376035061437,-7.658499067797493,loss,0.493711011404273,-1.3938928420003796,1.0,AGAINST,1.0,AGAINST,False,False
L01779,54889,SHORT,-1,sub2,-1.0075631202810376,-21.31528962312132,loss,0.4923869506127055,0.7317302753070487,1.0,AGAINST,1.0,AGAINST,False,False
L01780,54901,SHORT,-1,sub2,-1.0124399090051457,-13.02183041481021,loss,0.4923869506127055,-1.6351005270435297,1.0,AGAINST,1.0,AGAINST,False,False
L01782,54919,SHORT,-1,sub2,0.9889197758896318,14.28014113849349,win,0.4923869506127055,-0.3778120422825516,1.0,AGAINST,1.0,AGAINST,False,False
L01783,55011,LONG,1,sub2,0.9895757030624552,15.18875694336657,win,0.4923869506127055,0.4107554896232276,1.0,ALIGNED,1.0,ALIGNED,False,False
L01784,55033,LONG,1,sub2,0.9809123776484568,8.222395515433163,win,0.4923869506127055,-0.7474387206874284,1.0,ALIGNED,1.0,ALIGNED,False,False
L01785,55054,SHORT,-1,sub2,0.9849349004564598,10.460573699990164,win,0.4923869506127055,-0.560863572973482,1.0,AGAINST,1.0,AGAINST,False,False
L01786,55074,SHORT,-1,sub2,-1.013321953998175,-12.170250149622916,loss,0.4923869506127055,-0.08182873070989,1.0,AGAINST,1.0,AGAINST,False,False
L01788,55136,SHORT,-1,sub2,-1.0150915996543977,-10.761924492028813,loss,0.4923869506127055,-0.1595281932532535,1.0,AGAINST,1.0,AGAINST,False,False
L01789,55196,SHORT,-1,sub2,-1.0100372785245313,-16.100575885067883,loss,0.5305382527036047,-0.6963992548467962,0.0,NEUTRAL_MIXED,1.0,AGAINST,True,True
L01790,55206,SHORT,-1,sub2,0.9861143890181778,11.36271946904708,win,0.5305382527036047,-1.3600764470511844,0.0,NEUTRAL_MIXED,1.0,AGAINST,True,True
L01791,55254,SHORT,-1,sub2,0.9942945566303172,27.883394637839046,win,0.5305382527036047,-0.6218253728037273,0.0,NEUTRAL_MIXED,1.0,AGAINST,True,True
L01792,55337,LONG,1,sub2,0.9917670291072024,19.274053889323117,win,0.5305382527036047,-0.0249080326779937,0.0,NEUTRAL_MIXED,1.0,ALIGNED,True,True
L01793,55357,SHORT,-1,sub2,0.9850605832565368,10.549922800022614,win,0.5305382527036047,0.4490682701464226,0.0,NEUTRAL_MIXED,1.0,AGAINST,True,True
L01796,55411,LONG,1,sub2,-1.0053551480970322,-30.037791818404912,loss,0.5305382527036047,-1.2562741353314424,0.0,NEUTRAL_MIXED,1.0,ALIGNED,True,True
L01798,55446,SHORT,-1,sub2,0.9907870557016925,17.206869354593437,win,0.548796732865205,-0.6133685037126196,0.0,NEUTRAL_MIXED,1.0,AGAINST,True,True
L01800,55471,SHORT,-1,sub2,-1.0092114804183174,-17.52962928148736,loss,0.548796732865205,1.3598482033132242,1.0,AGAINST,1.0,AGAINST,False,False
L01801,55481,SHORT,-1,sub2,0.9858461182460004,11.144319393133628,win,0.548796732865205,-0.9243683845543152,1.0,AGAINST,1.0,AGAINST,False,False
L01802,55533,SHORT,-1,sub2,-1.0174966253020905,-9.304620590391096,loss,0.548796732865205,0.300467063401507,1.0,AGAINST,1.0,AGAINST,False,False
L01804,55586,LONG,1,sub2,-1.0409718861393906,-4.0651167782589255,loss,0.548796732865205,0.6596110203486422,1.0,ALIGNED,1.0,ALIGNED,False,False
L01805,55597,LONG,1,sub2,-1.0112866687735529,-14.33601625510346,loss,0.548796732865205,0.2968960504982316,1.0,ALIGNED,1.0,ALIGNED,False,False
L01806,55622,LONG,1,sub2,0.9926051888840882,21.476793353054745,win,0.548796732865205,-0.724327563341021,1.0,ALIGNED,1.0,ALIGNED,False,False
L01807,55647,SHORT,-1,sub2,-1.0116739096569218,-13.86577678789763,loss,0.548796732865205,-0.4334298470872832,1.0,AGAINST,1.0,AGAINST,False,False
L01809,55718,LONG,1,sub2,-1.1718256404693697,-12.329612563161454,loss,0.5511452520619676,-2.06688206471573,1.0,ALIGNED,1.0,ALIGNED,False,False
L01810,55728,LONG,1,sub2,0.9839260915335398,9.794019604734784,win,0.5511452520619676,-0.1733847397271498,1.0,ALIGNED,1.0,ALIGNED,False,False
L01811,55764,SHORT,-1,sub2,-1.010837920301466,-14.922979939814468,loss,0.5511452520619676,-0.2766317944381091,1.0,AGAINST,1.0,AGAINST,False,False
L01812,55794,SHORT,-1,sub2,-1.016614423104946,-9.79018691586225,loss,0.5511452520619676,0.1117125484401782,1.0,AGAINST,1.0,AGAINST,False,False
L01813,55825,SHORT,-1,sub2,0.9917288584632544,19.184367314842348,win,0.5511452520619676,0.0300115718362386,1.0,AGAINST,1.0,AGAINST,False,False
L01814,55862,LONG,1,sub2,0.9897449687049912,15.442097682308486,win,0.5511452520619676,-0.5346004119920879,1.0,ALIGNED,1.0,ALIGNED,False,False
L01817,55905,LONG,1,sub2,0.9950352898930748,32.06746072860824,win,0.5511452520619676,0.4259285406704557,1.0,ALIGNED,1.0,ALIGNED,False,False
L01818,55931,SHORT,-1,sub2,-1.0120858216475292,-13.398653081775592,loss,0.5511452520619676,-1.0540932258983238,1.0,AGAINST,1.0,AGAINST,False,False
L01820,55997,SHORT,-1,sub2,-1.001949822899726,-82.21873467911064,loss,0.5423927855687306,-0.3827952027451959,1.0,AGAINST,1.0,AGAINST,False,False
L01821,56078,SHORT,-1,sub2,0.9917713938224346,19.2843623315066,win,0.5423927855687306,-0.8377635717624697,1.0,AGAINST,1.0,AGAINST,False,False
L01823,56161,LONG,1,sub2,0.9930989695005896,23.02494317820037,win,0.5423927855687306,-0.9872402370601046,1.0,ALIGNED,1.0,ALIGNED,False,False
L01824,56171,SHORT,-1,sub2,0.9933356796160676,23.848449591590903,win,0.5423927855687306,0.4152813341287703,1.0,AGAINST,1.0,AGAINST,False,False
L01825,56191,LONG,1,sub2,0.9989945922719322,158.97941730620096,win,0.5423927855687306,-0.375028261253897,1.0,ALIGNED,1.0,ALIGNED,False,False
L01826,56264,SHORT,-1,sub2,-1.0033935210152007,-47.30866926804447,loss,0.4620376851810933,0.5269795507610134,1.0,AGAINST,0.0,NEUTRAL_MIXED,True,True
L01828,56306,LONG,1,sub2,-1.0013181202342607,-121.54498130983576,loss,0.4620376851810933,-1.655632249708216,0.0,NEUTRAL_MIXED,0.0,NEUTRAL_MIXED,False,False
L01829,56393,LONG,1,sub2,0.998273239096956,92.4990356069602,win,0.4620376851810933,0.2382543680651637,0.0,NEUTRAL_MIXED,0.0,NEUTRAL_MIXED,False,False
L01830,56414,SHORT,-1,sub2,-1.0055131193923164,-29.18168239324677,loss,0.4620376851810933,0.921272377199821,0.0,NEUTRAL_MIXED,0.0,NEUTRAL_MIXED,False,False
L01831,56420,SHORT,-1,sub2,0.993788685384196,25.59944222705326,win,0.4620376851810933,0.2019209871291536,0.0,NEUTRAL_MIXED,0.0,NEUTRAL_MIXED,False,False
L01832,56441,LONG,1,sub2,0.9968091975969312,49.98412670805829,win,0.4620376851810933,-0.6158037282372282,0.0,NEUTRAL_MIXED,0.0,NEUTRAL_MIXED,False,False
L01833,56456,LONG,1,sub2,-1.002573082494318,-62.34222709655478,loss,0.4620376851810933,-0.6766023405251004,0.0,NEUTRAL_MIXED,0.0,NEUTRAL_MIXED,False,False
L01837,56569,LONG,1,sub2,-1.0011802020603495,-135.73000565855364,loss,0.3411184731123016,-1.033796731408189,0.0,NEUTRAL_MIXED,0.0,NEUTRAL_MIXED,False,False
L01838,56631,LONG,1,sub2,0.9982897152963232,93.39167572736916,win,0.3411184731123016,-1.0789511657282602,0.0,NEUTRAL_MIXED,0.0,NEUTRAL_MIXED,False,False
L01839,56704,SHORT,-1,sub2,0.9957563042968032,37.54298607398414,win,0.3411184731123016,0.6409508175747057,0.0,NEUTRAL_MIXED,0.0,NEUTRAL_MIXED,False,False
L01840,56705,LONG,1,sub2,-1.0028505162512582,-56.29018341124447,loss,0.3411184731123016,0.330037575531886,0.0,NEUTRAL_MIXED,0.0,NEUTRAL_MIXED,False,False
L01841,56718,LONG,1,sub2,0.996963311613542,52.528975501524656,win,0.3411184731123016,-0.4426566920540752,0.0,NEUTRAL_MIXED,0.0,NEUTRAL_MIXED,False,False
L01842,56741,LONG,1,sub2,0.9974114934491336,77.06462965020455,win,0.3411184731123016,-0.9438623129787928,0.0,NEUTRAL_MIXED,0.0,NEUTRAL_MIXED,False,False
L01843,56835,SHORT,-1,sub2,-1.0044629881476868,-36.01042010088713,loss,0.2852395556613517,-0.1558331728066636,0.0,NEUTRAL_MIXED,-1.0,ALIGNED,True,True
L01844,56845,SHORT,-1,sub2,0.9942090993254202,27.46955349971813,win,0.2852395556613517,-2.064442730137469,0.0,NEUTRAL_MIXED,-1.0,ALIGNED,True,True
L01846,56962,LONG,1,sub2,0.9931209296815126,23.098956892744354,win,0.2852395556613517,-0.5008404140706519,0.0,NEUTRAL_MIXED,-1.0,AGAINST,True,True
L01848,56990,SHORT,-1,sub2,0.9908809556707536,21.73212279475229,win,0.2852395556613517,-0.3892606850363143,0.0,NEUTRAL_MIXED,-1.0,ALIGNED,True,True
L01849,57026,SHORT,-1,sub2,0.9924665894337402,31.61808046553051,win,0.2852395556613517,-0.9199963819357204,0.0,NEUTRAL_MIXED,-1.0,ALIGNED,True,True
L01851,57089,SHORT,-1,sub2,-1.0104864987846265,-28.9082138721069,loss,0.2595576990118632,1.2045048506651588,0.0,NEUTRAL_MIXED,0.0,NEUTRAL_MIXED,False,False
L01852,57119,SHORT,-1,sub2,-1.007586482061474,-31.87521617200673,loss,0.2595576990118632,-0.9717274419562136,0.0,NEUTRAL_MIXED,0.0,NEUTRAL_MIXED,False,False
L01853,57130,SHORT,-1,sub2,-1.013833937217698,-17.588640247748117,loss,0.2595576990118632,-0.8381314090204813,0.0,NEUTRAL_MIXED,0.0,NEUTRAL_MIXED,False,False
L01854,57152,SHORT,-1,sub2,-1.0227689534275946,-10.78066893162122,loss,0.2595576990118632,-0.0001812996164384,0.0,NEUTRAL_MIXED,0.0,NEUTRAL_MIXED,False,False
L01855,57166,SHORT,-1,sub2,-1.0279630814002112,-8.82274510469233,loss,0.2595576990118632,-0.500173119402627,0.0,NEUTRAL_MIXED,0.0,NEUTRAL_MIXED,False,False
L01856,57171,SHORT,-1,sub2,0.975967659210666,9.746542805114586,win,0.2595576990118632,0.4271011445830486,0.0,NEUTRAL_MIXED,0.0,NEUTRAL_MIXED,False,False
L01857,57191,SHORT,-1,sub2,-1.013548669727776,-17.953916186749666,loss,0.2595576990118632,0.3957556231167919,0.0,NEUTRAL_MIXED,0.0,NEUTRAL_MIXED,False,False
L01858,57198,SHORT,-1,sub2,0.9807349155121085,12.217770437011495,win,0.2595576990118632,0.3641830568204049,0.0,NEUTRAL_MIXED,0.0,NEUTRAL_MIXED,False,False
L01859,57241,LONG,1,sub2,0.9876452487947672,19.185725052086127,win,0.2595576990118632,-0.9634083261824724,0.0,NEUTRAL_MIXED,0.0,NEUTRAL_MIXED,False,False
L01861,57268,SHORT,-1,sub2,0.984391089901711,15.13583332138569,win,0.2595576990118632,-1.4852897162667158,0.0,NEUTRAL_MIXED,0.0,NEUTRAL_MIXED,False,False
L01862,57304,LONG,1,sub2,0.9944701196304776,59.34579367877632,win,0.2595576990118632,-0.6605350014426987,0.0,NEUTRAL_MIXED,0.0,NEUTRAL_MIXED,False,False
L01863,57377,SHORT,-1,sub2,0.984493631953645,15.237512160315418,win,0.2342498909130194,0.2882398141534659,1.0,AGAINST,1.0,AGAINST,False,False
L01864,57396,LONG,1,sub2,-1.0045654412294294,-44.00737588090942,loss,0.2342498909130194,-2.212412709353061,1.0,ALIGNED,1.0,ALIGNED,False,False
L01865,57422,LONG,1,sub2,-1.00200891548205,-79.80496337923432,loss,0.2342498909130194,1.379732428614169,1.0,ALIGNED,1.0,ALIGNED,False,False
L01866,57657,LONG,1,sub2,0.9972253686199024,57.50531768779911,win,0.2013362521426147,-0.7393205484846854,0.0,NEUTRAL_MIXED,0.0,NEUTRAL_MIXED,False,False
L01867,57692,SHORT,-1,sub2,-1.0048364301907258,-33.24225151407518,loss,0.2013362521426147,1.6551533374966787,0.0,NEUTRAL_MIXED,0.0,NEUTRAL_MIXED,False,False
L01868,57727,SHORT,-1,sub2,0.9950503243682736,38.598420683007134,win,0.2013362521426147,-0.673388591899834,0.0,NEUTRAL_MIXED,0.0,NEUTRAL_MIXED,False,False
L01869,57799,SHORT,-1,sub2,0.9879874344662092,15.79126348014688,win,0.2013362521426147,0.5672480584555671,0.0,NEUTRAL_MIXED,0.0,NEUTRAL_MIXED,False,False
L01871,57823,SHORT,-1,sub2,0.9887703457421037,16.905587832154197,win,0.2013362521426147,-1.0088683490088035,0.0,NEUTRAL_MIXED,0.0,NEUTRAL_MIXED,False,False
L01872,57840,SHORT,-1,sub2,0.9906788014001466,20.406209333521478,win,0.2013362521426147,-0.3031707632953799,0.0,NEUTRAL_MIXED,0.0,NEUTRAL_MIXED,False,False
L01873,57863,SHORT,-1,sub2,-1.0127647518838676,-15.868146300013905,loss,0.2013362521426147,-0.2569297857050893,0.0,NEUTRAL_MIXED,0.0,NEUTRAL_MIXED,False,False
L01874,57872,SHORT,-1,sub2,0.988141621817607,13.332570192897036,win,0.2013362521426147,1.342658731980052,0.0,NEUTRAL_MIXED,0.0,NEUTRAL_MIXED,False,False
L01875,57936,SHORT,-1,sub2,0.9870201875923358,18.2502518204401,win,0.1967148320781327,1.0603099143426384,0.0,NEUTRAL_MIXED,-1.0,ALIGNED,True,True
L01876,58081,SHORT,-1,sub2,-1.025477851987652,-9.659946395641782,loss,0.1967148320781327,-0.2517522166364246,0.0,NEUTRAL_MIXED,-1.0,ALIGNED,True,True
L01877,58088,SHORT,-1,sub2,0.9712963321346086,8.121300762163628,win,0.1967148320781327,-0.2000485551178721,0.0,NEUTRAL_MIXED,-1.0,ALIGNED,True,True
L01878,58111,SHORT,-1,sub2,-1.0189153509915028,-12.928107141527107,loss,0.1967148320781327,-0.6874105360685488,0.0,NEUTRAL_MIXED,-1.0,ALIGNED,True,True
L01879,58132,SHORT,-1,sub2,0.979706682983254,11.586553529999035,win,0.1967148320781327,-0.4469058593197729,0.0,NEUTRAL_MIXED,-1.0,ALIGNED,True,True
L01880,58177,SHORT,-1,sub2,0.9764472201288183,9.94987997647968,win,0.1967148320781327,-0.2954732326790774,0.0,NEUTRAL_MIXED,-1.0,ALIGNED,True,True
L01881,58200,LONG,1,sub2,0.9488619502771612,45.22202856286237,win,0.2195976915293643,-1.6691988177569648,0.0,NEUTRAL_MIXED,0.0,NEUTRAL_MIXED,False,False
L01882,58625,SHORT,-1,sub2,0.9856077168276016,16.435602968961575,win,0.2305202745803668,-0.4343182680691161,0.0,NEUTRAL_MIXED,0.0,NEUTRAL_MIXED,False,False
L01883,58640,LONG,1,sub2,-1.0048309035960483,-33.28009789032785,loss,0.2305202745803668,-0.0305746416307741,0.0,NEUTRAL_MIXED,0.0,NEUTRAL_MIXED,False,False
L01884,58648,LONG,1,sub2,-1.0149429801700005,-53.61008882660859,loss,0.2305202745803668,-0.5434980735237509,0.0,NEUTRAL_MIXED,0.0,NEUTRAL_MIXED,False,False
L01885,58964,LONG,1,sub2,0.3879360041233911,32.84609248541398,timeout,0.24285099079027,1.6758237271558043,0.0,NEUTRAL_MIXED,0.0,NEUTRAL_MIXED,False,False
L01886,59475,LONG,1,sub2,-1.0208060039805988,-7.850087926016386,loss,0.2511610473470544,-1.0573703471244258,0.0,NEUTRAL_MIXED,0.0,NEUTRAL_MIXED,False,False
L01887,59498,LONG,1,sub2,0.9834623266741594,11.89359962911567,win,0.2511610473470544,1.5095420736969072,0.0,NEUTRAL_MIXED,0.0,NEUTRAL_MIXED,False,False
L01889,59546,LONG,1,sub2,-1.0879516159829234,-9.76355239068958,loss,0.2565866065055055,0.421974621064475,0.0,NEUTRAL_MIXED,0.0,NEUTRAL_MIXED,False,False
L01890,59571,LONG,1,sub2,-1.0058979941394377,-34.1098336267396,loss,0.2565866065055055,-2.29461303842768,0.0,NEUTRAL_MIXED,0.0,NEUTRAL_MIXED,False,False
L01891,59629,LONG,1,sub2,0.995970193389486,39.54413855156327,win,0.2565866065055055,-0.1041814421215071,0.0,NEUTRAL_MIXED,0.0,NEUTRAL_MIXED,False,False
L01892,59696,SHORT,-1,sub2,-1.0297990366147831,-5.5293010974883146,loss,0.2565866065055055,-1.1375022901629583,0.0,NEUTRAL_MIXED,0.0,NEUTRAL_MIXED,False,False
L01893,59707,SHORT,-1,sub2,0.9824942190237292,8.97983787508474,win,0.2565866065055055,-0.9125306872080704,0.0,NEUTRAL_MIXED,0.0,NEUTRAL_MIXED,False,False
L01894,59737,LONG,1,sub2,0.9951757179038144,33.00555641021947,win,0.2565866065055055,-1.4601481255182742,0.0,NEUTRAL_MIXED,0.0,NEUTRAL_MIXED,False,False
L01895,59820,LONG,1,sub2,-1.010791520085714,-18.733070263620903,loss,0.2495456727854295,0.430493855117036,0.0,NEUTRAL_MIXED,0.0,NEUTRAL_MIXED,False,False
L01898,59922,SHORT,-1,sub2,0.977619836886146,6.989188287229808,win,0.2495456727854295,0.1648572735149999,-1.0,ALIGNED,0.0,NEUTRAL_MIXED,True,True
L01899,59967,SHORT,-1,sub2,0.9170331788974144,1.7684817457575264,win,0.2495456727854295,-0.2558786594915045,-1.0,ALIGNED,0.0,NEUTRAL_MIXED,True,True
L01901,60020,SHORT,-1,sub2,-1.012408797051623,-13.05407823612768,loss,0.2495456727854295,1.088729953619788,-1.0,ALIGNED,0.0,NEUTRAL_MIXED,True,True
L01902,60033,SHORT,-1,sub2,0.9847495793812168,10.331513906363398,win,0.2495456727854295,-0.2468682862651129,-1.0,ALIGNED,0.0,NEUTRAL_MIXED,True,True
L01903,60098,LONG,1,sub2,-1.039873505641921,-18.498054426802224,loss,0.2445256032768326,0.3482273048379041,-1.0,AGAINST,0.0,NEUTRAL_MIXED,True,True
L01905,60199,SHORT,-1,sub2,0.9643919530200932,6.500049521256187,win,0.2445256032768326,0.8573497802577751,0.0,NEUTRAL_MIXED,0.0,NEUTRAL_MIXED,False,False
L01907,60252,LONG,1,sub2,-1.0283325470311504,-8.710823316234382,loss,0.2445256032768326,0.3300290242481845,0.0,NEUTRAL_MIXED,0.0,NEUTRAL_MIXED,False,False
L01910,60281,LONG,1,sub2,0.9915813663202308,18.84545932819856,win,0.2445256032768326,-0.9323265363280324,0.0,NEUTRAL_MIXED,0.0,NEUTRAL_MIXED,False,False
L01911,60299,SHORT,-1,sub2,0.9846591649009198,12.837099917188423,win,0.2445256032768326,-1.1273146415519513,0.0,NEUTRAL_MIXED,0.0,NEUTRAL_MIXED,False,False
L01912,60372,SHORT,-1,sub2,0.9744834948803456,9.165676791330045,win,0.2583843011307752,-0.0021225312869931,0.0,NEUTRAL_MIXED,1.0,AGAINST,True,True
L01914,60398,SHORT,-1,sub2,0.9793624068173008,11.38926305771838,win,0.2583843011307752,-2.249175202644752,1.0,AGAINST,1.0,AGAINST,False,False
L01915,60427,LONG,1,sub2,0.9850698065889028,13.195673752703442,win,0.2583843011307752,-0.1887920587155557,1.0,ALIGNED,1.0,ALIGNED,False,False
L01916,60465,SHORT,-1,sub2,0.9745689193717016,9.197271011312296,win,0.2583843011307752,-1.7350743172727463,1.0,AGAINST,1.0,AGAINST,False,False
L01917,60497,SHORT,-1,sub2,0.9775928040027476,10.470844856679832,win,0.2583843011307752,-1.2479210935295233,1.0,AGAINST,1.0,AGAINST,False,False
L01918,60520,LONG,1,sub2,-1.0443427475182332,-5.652384514538426,loss,0.2583843011307752,-0.3670961781335045,1.0,ALIGNED,1.0,ALIGNED,False,False
L01919,60532,LONG,1,sub2,0.985670221263228,13.756949627323593,win,0.2583843011307752,-0.9108885090601306,1.0,ALIGNED,1.0,ALIGNED,False,False
L01921,60569,LONG,1,sub2,0.994661578544854,44.717109890308166,win,0.2583843011307752,-1.4624661300361017,1.0,ALIGNED,1.0,ALIGNED,False,False
L01922,60660,SHORT,-1,sub2,-1.0091346291547003,-26.513644603983263,loss,0.2648401646958637,0.7629275807960237,0.0,NEUTRAL_MIXED,1.0,AGAINST,True,True
L01924,60799,LONG,1,sub2,-1.0374905163895585,-6.641618945601294,loss,0.2648401646958637,-1.8338585663851417,0.0,NEUTRAL_MIXED,1.0,ALIGNED,True,True
L01925,60808,LONG,1,sub2,0.9571459770357844,5.360407695683534,win,0.2648401646958637,0.1124858251828937,0.0,NEUTRAL_MIXED,1.0,ALIGNED,True,True
L01928,60850,SHORT,-1,sub2,0.9812815493257426,12.58157397406012,win,0.2648401646958637,1.9183038259138956,0.0,NEUTRAL_MIXED,1.0,AGAINST,True,True
L01929,60864,SHORT,-1,sub2,0.9691902556519272,11.324614969000322,win,0.2648401646958637,1.4263470942772294,0.0,NEUTRAL_MIXED,1.0,AGAINST,True,True
L01930,60918,SHORT,-1,sub2,-1.0432618988420232,-8.681410054496155,loss,0.2648401646958637,1.3618660330720165,0.0,NEUTRAL_MIXED,1.0,AGAINST,True,True
L01931,60927,SHORT,-1,sub2,0.971673052810476,12.348746819484404,win,0.2804002447397152,-0.9707648380290268,0.0,NEUTRAL_MIXED,1.0,AGAINST,True,True
L01932,60938,LONG,1,sub2,-1.0206827341342102,-17.765822540895897,loss,0.2804002447397152,-1.3166202069125652,1.0,ALIGNED,1.0,ALIGNED,False,False
L01933,60964,LONG,1,sub2,-1.0074847430036489,-32.30522921131433,loss,0.2804002447397152,0.8489692158968459,1.0,ALIGNED,1.0,ALIGNED,False,False
L01934,61109,LONG,1,sub2,0.9923507679371634,31.13569863592056,win,0.2804002447397152,0.6388159170451582,1.0,ALIGNED,1.0,ALIGNED,False,False
L01935,61206,LONG,1,sub2,0.9807891177380292,12.252919207301602,win,0.2949100530242142,0.3034538583725474,1.0,ALIGNED,0.0,NEUTRAL_MIXED,True,True
L01936,61219,SHORT,-1,sub2,-1.0225008198869463,-10.906277993674848,loss,0.2949100530242142,0.2740450166798396,0.0,NEUTRAL_MIXED,0.0,NEUTRAL_MIXED,False,False
L01940,61376,SHORT,-1,sub2,0.9523683831618672,4.798670024899366,win,0.2949100530242142,-0.1897779622583166,0.0,NEUTRAL_MIXED,0.0,NEUTRAL_MIXED,False,False
L01942,61422,SHORT,-1,sub2,0.9432436844121872,6.980057520475384,win,0.2949100530242142,0.5407005838800618,0.0,NEUTRAL_MIXED,0.0,NEUTRAL_MIXED,False,False
L01943,61471,LONG,1,sub2,0.9660098016916232,24.13731503221847,win,0.2949100530242142,2.5379577423499,0.0,NEUTRAL_MIXED,0.0,NEUTRAL_MIXED,False,False
L01944,61503,SHORT,-1,sub2,-1.0172343515793305,-14.165676222574804,loss,0.313815733895913,0.2423383875781275,0.0,NEUTRAL_MIXED,0.0,NEUTRAL_MIXED,False,False
L01945,61543,SHORT,-1,sub2,-1.0361894200681452,-6.871772477918967,loss,0.313815733895913,0.3075408461936058,0.0,NEUTRAL_MIXED,0.0,NEUTRAL_MIXED,False,False
L01946,61555,SHORT,-1,sub2,0.9717999426583762,8.270620992445401,win,0.313815733895913,-0.2227384513741429,0.0,NEUTRAL_MIXED,0.0,NEUTRAL_MIXED,False,False
L01948,61642,SHORT,-1,sub2,0.9743194619567592,9.105598585032569,win,0.313815733895913,-1.4038570310873482,0.0,NEUTRAL_MIXED,0.0,NEUTRAL_MIXED,False,False
L01949,61662,LONG,1,sub2,-1.0081868754091738,-29.555213436721715,loss,0.313815733895913,0.1757480839062392,0.0,NEUTRAL_MIXED,0.0,NEUTRAL_MIXED,False,False
L01951,61688,SHORT,-1,sub2,0.98247825412904,13.457265202182498,win,0.313815733895913,-0.0460421785634543,0.0,NEUTRAL_MIXED,0.0,NEUTRAL_MIXED,False,False
L01952,61736,SHORT,-1,sub2,0.953352430628328,6.131203255412402,win,0.313815733895913,0.1335358700453987,0.0,NEUTRAL_MIXED,0.0,NEUTRAL_MIXED,False,False
L01953,61757,LONG,1,sub2,-1.0773122961054316,-10.998542769395824,loss,0.3350879479580906,-0.1778123088899026,0.0,NEUTRAL_MIXED,0.0,NEUTRAL_MIXED,False,False
L01954,61778,LONG,1,sub2,0.979144419690288,11.26771143433598,win,0.3350879479580906,-0.7785062939927195,1.0,ALIGNED,0.0,NEUTRAL_MIXED,True,True
L01956,61839,SHORT,-1,sub2,0.96631297119825,6.884403918558746,win,0.3350879479580906,0.227877367133983,1.0,AGAINST,0.0,NEUTRAL_MIXED,True,True
L01957,61937,SHORT,-1,sub2,-1.0166504810461148,-18.317497462644496,loss,0.3350879479580906,-0.582195004637984,1.0,AGAINST,0.0,NEUTRAL_MIXED,True,True
L01958,61958,SHORT,-1,sub2,-1.0181818919447252,-20.15991967255286,loss,0.3350879479580906,-0.0851148499243274,1.0,AGAINST,0.0,NEUTRAL_MIXED,True,True
L01959,62041,SHORT,-1,sub2,0.9877027646459258,28.91487273643997,win,0.3495280101298586,-0.3679066054557415,0.0,NEUTRAL_MIXED,0.0,NEUTRAL_MIXED,False,False
L01960,62060,LONG,1,sub2,0.9888848100294148,32.02811041046243,win,0.3495280101298586,0.4692726374831676,0.0,NEUTRAL_MIXED,0.0,NEUTRAL_MIXED,False,False
L01961,62137,SHORT,-1,sub2,0.973811753430292,13.386624809046223,win,0.3495280101298586,0.4256489551908122,0.0,NEUTRAL_MIXED,0.0,NEUTRAL_MIXED,False,False
L01962,62175,LONG,1,sub2,0.8851635519788257,2.7748931998849,win,0.3495280101298586,-0.49088394504728,0.0,NEUTRAL_MIXED,0.0,NEUTRAL_MIXED,False,False
L01964,62183,LONG,1,sub2,0.9731534459404636,13.04954221544449,win,0.3495280101298586,-0.409434613676201,0.0,NEUTRAL_MIXED,0.0,NEUTRAL_MIXED,False,False
L01965,62196,SHORT,-1,sub2,-1.0207138506183666,-17.739675398517647,loss,0.3495280101298586,1.0716686497922931,0.0,NEUTRAL_MIXED,0.0,NEUTRAL_MIXED,False,False
L01966,62202,SHORT,-1,sub2,0.9822234755784444,19.89142775176242,win,0.3495280101298586,-0.1835129439991797,0.0,NEUTRAL_MIXED,0.0,NEUTRAL_MIXED,False,False
L01967,62224,LONG,1,sub2,-1.0108684665235317,-33.48334810261804,loss,0.3495280101298586,-0.1011335513813887,0.0,NEUTRAL_MIXED,0.0,NEUTRAL_MIXED,False,False
L01968,62243,LONG,1,sub2,0.9914474626650496,41.73277152517312,win,0.3495280101298586,1.086943486748035,0.0,NEUTRAL_MIXED,0.0,NEUTRAL_MIXED,False,False
L01969,62308,SHORT,-1,sub2,-1.028788086024939,-12.865173136162412,loss,0.3514749108256174,-0.3407026293852744,0.0,NEUTRAL_MIXED,1.0,AGAINST,True,True
L01970,62324,SHORT,-1,sub2,-1.0295151461983585,-12.557127453856992,loss,0.3514749108256174,-0.9978180241443392,0.0,NEUTRAL_MIXED,1.0,AGAINST,True,True
L01972,62398,LONG,1,sub2,-1.0106582368474142,-34.13669357084382,loss,0.3514749108256174,1.9304560961571604,0.0,NEUTRAL_MIXED,1.0,ALIGNED,True,True
L01973,62432,LONG,1,sub2,-1.0068434218503275,-52.96526208585874,loss,0.3514749108256174,-0.7069160111230993,0.0,NEUTRAL_MIXED,1.0,ALIGNED,True,True
L01974,62459,LONG,1,sub2,-1.0038920302369714,-92.85671201956391,loss,0.3514749108256174,-1.003209636347264,0.0,NEUTRAL_MIXED,1.0,ALIGNED,True,True
L01975,62501,LONG,1,sub2,0.996348859637838,65.49288786346733,win,0.3514749108256174,0.3671592408836496,0.0,NEUTRAL_MIXED,1.0,ALIGNED,True,True
L01977,62593,LONG,1,sub2,0.9913583443297004,34.41556972944909,win,0.3118931113728975,-0.0528617377520172,0.0,NEUTRAL_MIXED,0.0,NEUTRAL_MIXED,False,False
L01978,62608,SHORT,-1,sub2,-1.012504700232935,-19.43278315586213,loss,0.3118931113728975,-1.1477909667629926,0.0,NEUTRAL_MIXED,0.0,NEUTRAL_MIXED,False,False
L01979,62620,SHORT,-1,sub2,0.9872673119631844,18.60912277013631,win,0.3118931113728975,-0.6799408195804955,0.0,NEUTRAL_MIXED,0.0,NEUTRAL_MIXED,False,False
L01980,62718,SHORT,-1,sub2,-1.0145713299393768,-16.710699723243124,loss,0.3118931113728975,-0.7512687345226394,0.0,NEUTRAL_MIXED,0.0,NEUTRAL_MIXED,False,False
L01983,62747,LONG,1,sub2,-1.0133507260964325,-22.77068794860133,loss,0.3118931113728975,0.5317583769422276,0.0,NEUTRAL_MIXED,0.0,NEUTRAL_MIXED,False,False
L01984,62775,LONG,1,sub2,-1.014940893641077,-24.454944295088357,loss,0.3118931113728975,-1.2104375277064696,0.0,NEUTRAL_MIXED,0.0,NEUTRAL_MIXED,False,False
L01985,62804,LONG,1,sub2,-1.0142742493554426,-21.31686698402791,loss,0.3118931113728975,-0.6993623156909604,0.0,NEUTRAL_MIXED,0.0,NEUTRAL_MIXED,False,False
L01986,62815,LONG,1,sub2,0.985066938300913,19.789651140898968,win,0.3118931113728975,-0.8167860192177953,0.0,NEUTRAL_MIXED,0.0,NEUTRAL_MIXED,False,False
L01987,62882,SHORT,-1,sub2,-1.0275530897428442,-13.425685313716713,loss,0.3136340969195139,-0.2581216859616535,0.0,NEUTRAL_MIXED,0.0,NEUTRAL_MIXED,False,False
L01988,62898,SHORT,-1,sub2,-1.030453178377888,-10.151188479492705,loss,0.3136340969195139,-0.1717404088328693,0.0,NEUTRAL_MIXED,0.0,NEUTRAL_MIXED,False,False
L01989,62907,SHORT,-1,sub2,0.9694640670753096,9.524491059109096,win,0.3136340969195139,-0.917967118496078,0.0,NEUTRAL_MIXED,0.0,NEUTRAL_MIXED,False,False
L01990,62945,LONG,1,sub2,0.98974869866486,28.9645772660906,win,0.3136340969195139,-1.7190612285600797,0.0,NEUTRAL_MIXED,0.0,NEUTRAL_MIXED,False,False
L01991,63004,SHORT,-1,sub2,0.9383053870241166,3.650128950052931,win,0.3136340969195139,-0.8799624650088287,0.0,NEUTRAL_MIXED,0.0,NEUTRAL_MIXED,False,False
L01992,63007,LONG,1,sub2,0.9408367087728888,4.770711817714073,win,0.3136340969195139,-0.214524766891496,0.0,NEUTRAL_MIXED,0.0,NEUTRAL_MIXED,False,False
L01993,63014,SHORT,-1,sub2,0.9634785103678102,6.331473464440933,win,0.3136340969195139,-0.5033161529235686,0.0,NEUTRAL_MIXED,0.0,NEUTRAL_MIXED,False,False
L01994,63040,LONG,1,sub2,-1.0073915717082282,-40.88676717784165,loss,0.3136340969195139,-0.6762515951152325,0.0,NEUTRAL_MIXED,0.0,NEUTRAL_MIXED,False,False
L01995,63056,LONG,1,sub2,-1.0077065133913936,-31.382487894435144,loss,0.3136340969195139,0.0352745932808619,0.0,NEUTRAL_MIXED,0.0,NEUTRAL_MIXED,False,False
L01996,63067,LONG,1,sub2,-1.0107162616541774,-22.635869730021117,loss,0.3136340969195139,-1.6968958457387593,0.0,NEUTRAL_MIXED,0.0,NEUTRAL_MIXED,False,False
L01997,63084,LONG,1,sub2,0.98448927674474,19.04145784584489,win,0.3136340969195139,-1.0683082527348613,0.0,NEUTRAL_MIXED,0.0,NEUTRAL_MIXED,False,False
L01998,63139,SHORT,-1,sub2,0.9671332452342256,10.5933174956308,win,0.307643078906047,-0.8828827750690025,0.0,NEUTRAL_MIXED,0.0,NEUTRAL_MIXED,False,False
L01999,63142,LONG,1,sub2,-1.023033601178193,-15.989340684313902,loss,0.307643078906047,-0.6646348188234733,0.0,NEUTRAL_MIXED,0.0,NEUTRAL_MIXED,False,False
L02000,63156,LONG,1,sub2,0.9792484458906252,16.988098272694515,win,0.307643078906047,-0.6813919088931384,0.0,NEUTRAL_MIXED,0.0,NEUTRAL_MIXED,False,False
L02001,63184,SHORT,-1,sub2,0.971747054536172,12.382034293786091,win,0.307643078906047,-0.7854743730274666,0.0,NEUTRAL_MIXED,0.0,NEUTRAL_MIXED,False,False
L02003,63286,LONG,1,sub2,0.986856341124668,22.524694618575268,win,0.307643078906047,-0.3532623268511844,0.0,NEUTRAL_MIXED,0.0,NEUTRAL_MIXED,False,False
L02004,63308,SHORT,-1,sub2,-1.0112183546580775,-32.45026733179384,loss,0.307643078906047,-1.16135840086236,0.0,NEUTRAL_MIXED,0.0,NEUTRAL_MIXED,False,False
L02005,63331,SHORT,-1,sub2,-1.0127873772912217,-28.5127628224227,loss,0.307643078906047,0.3777348238227939,0.0,NEUTRAL_MIXED,0.0,NEUTRAL_MIXED,False,False
L02006,63376,SHORT,-1,sub2,0.9704032912120812,11.803514618473857,win,0.307643078906047,0.3218567029508736,0.0,NEUTRAL_MIXED,0.0,NEUTRAL_MIXED,False,False
L02008,63442,LONG,1,sub2,0.99015814317731,36.21846344305777,win,0.3051795404759722,0.8619665998379022,0.0,NEUTRAL_MIXED,0.0,NEUTRAL_MIXED,False,False
L02009,63452,SHORT,-1,sub2,-1.0033078409045753,-109.19232004980675,loss,0.3051795404759722,-1.179848657801461,0.0,NEUTRAL_MIXED,0.0,NEUTRAL_MIXED,False,False
L02011,63812,SHORT,-1,sub2,0.9663060654440288,10.324415600159227,win,0.2905417056005405,-0.2628361717065885,0.0,NEUTRAL_MIXED,0.0,NEUTRAL_MIXED,False,False
L02012,63843,SHORT,-1,sub2,0.959869382137401,8.610706636841314,win,0.2905417056005405,-1.7142110790707654,0.0,NEUTRAL_MIXED,0.0,NEUTRAL_MIXED,False,False
L02014,63873,SHORT,-1,sub2,-1.0149123246937946,-24.50110525305263,loss,0.2905417056005405,-0.0942492357166341,0.0,NEUTRAL_MIXED,0.0,NEUTRAL_MIXED,False,False
L02015,63899,SHORT,-1,sub2,0.9721003427169326,12.543384308561144,win,0.2905417056005405,0.2449719750204586,0.0,NEUTRAL_MIXED,0.0,NEUTRAL_MIXED,False,False
L02016,63936,LONG,1,sub2,-1.0489214776592963,-43.0512228117969,loss,0.2905417056005405,0.1412906124494357,0.0,NEUTRAL_MIXED,0.0,NEUTRAL_MIXED,False,False
L02017,64148,LONG,1,sub2,-1.0149080669914674,-24.507999885339814,loss,0.2994321931870199,0.1306675635436063,0.0,NEUTRAL_MIXED,0.0,NEUTRAL_MIXED,False,False
L02019,64358,SHORT,-1,sub2,-1.0295519222332103,-12.5419486786559,loss,0.3107421974502734,-1.84445810575777,0.0,NEUTRAL_MIXED,0.0,NEUTRAL_MIXED,False,False
L02021,64396,LONG,1,sub2,-1.0521363453566968,-7.264971906596656,loss,0.3107421974502734,-0.6990703589909086,0.0,NEUTRAL_MIXED,0.0,NEUTRAL_MIXED,False,False
L02024,64447,LONG,1,sub2,-1.0150772992922548,-24.23695521740592,loss,0.3107421974502734,0.1641914862661647,0.0,NEUTRAL_MIXED,0.0,NEUTRAL_MIXED,False,False
L02025,64491,LONG,1,sub2,-1.0232322236054394,-15.855718624036854,loss,0.3107421974502734,-0.5921893173370992,0.0,NEUTRAL_MIXED,0.0,NEUTRAL_MIXED,False,False
L02026,64506,LONG,1,sub2,0.9646774951943649,24.833494997241942,win,0.3107421974502734,-0.5337124247777866,0.0,NEUTRAL_MIXED,0.0,NEUTRAL_MIXED,False,False
L02027,64553,SHORT,-1,sub2,-1.05222727633811,-7.252949915098725,loss,0.3098687479975165,-0.2081110403100913,-1.0,ALIGNED,0.0,NEUTRAL_MIXED,True,True
L02028,64556,LONG,1,sub2,-1.0082652711884532,-43.91573964754116,loss,0.3098687479975165,0.9669384030462224,-1.0,AGAINST,0.0,NEUTRAL_MIXED,True,True
L02029,64623,LONG,1,sub2,-1.017925686158406,-17.035761038609053,loss,0.3098687479975165,-0.1445956691550357,-1.0,AGAINST,0.0,NEUTRAL_MIXED,True,True
L02030,64635,LONG,1,sub2,0.9815271558746884,15.940054750914896,win,0.3098687479975165,-1.6158588308607895,-1.0,AGAINST,0.0,NEUTRAL_MIXED,True,True
L02031,64691,SHORT,-1,sub2,0.9573989325173936,8.09049247058283,win,0.3098687479975165,0.095049463913639,-1.0,ALIGNED,0.0,NEUTRAL_MIXED,True,True
L02032,64697,LONG,1,sub2,-1.018806165412509,-19.502658383784365,loss,0.3098687479975165,-0.8359545307411074,-1.0,AGAINST,0.0,NEUTRAL_MIXED,True,True
L02033,64731,LONG,1,sub2,-1.0099816899087293,-24.284024828891237,loss,0.3098687479975165,-0.170175256023778,-1.0,AGAINST,0.0,NEUTRAL_MIXED,True,True
L02034,64781,LONG,1,sub2,-1.1341218812443368,-12.333782978856757,loss,0.3098687479975165,1.302220767746871,-1.0,AGAINST,0.0,NEUTRAL_MIXED,True,True
L02036,64794,LONG,1,sub2,-1.0191960309281514,-15.92823070680879,loss,0.3015581933668055,-0.0576597926096426,0.0,NEUTRAL_MIXED,-1.0,AGAINST,True,True
L02038,64821,SHORT,-1,sub2,0.9740663037084586,11.26796149024176,win,0.3015581933668055,0.5603799132478063,0.0,NEUTRAL_MIXED,-1.0,ALIGNED,True,True
L02040,64951,SHORT,-1,sub2,-1.0152224766856448,-16.006159801453578,loss,0.3015581933668055,-0.3793810412607303,0.0,NEUTRAL_MIXED,-1.0,ALIGNED,True,True
L02041,64965,SHORT,-1,sub2,-1.0245539417224196,-10.01439804626716,loss,0.3015581933668055,-1.3548037857488486,0.0,NEUTRAL_MIXED,-1.0,ALIGNED,True,True
L02042,64980,SHORT,-1,sub2,0.9785002694147636,10.922930579446074,win,0.3015581933668055,-0.415350294467645,0.0,NEUTRAL_MIXED,-1.0,ALIGNED,True,True
L02043,65003,LONG,1,sub2,-1.0211776434690765,-11.572705659636997,loss,0.3015581933668055,-0.6440655411317407,0.0,NEUTRAL_MIXED,-1.0,AGAINST,True,True
L02046,65070,LONG,1,sub2,0.9567310146194392,6.1911478103302215,win,0.3011761722901676,-0.2018372595895657,0.0,NEUTRAL_MIXED,-1.0,AGAINST,True,True
L02048,65120,SHORT,-1,sub2,-1.043021593985443,-6.788359501868399,loss,0.3011761722901676,-0.1927434647655,0.0,NEUTRAL_MIXED,-1.0,ALIGNED,True,True
L02049,65130,SHORT,-1,sub2,-1.0421494122959691,-6.923034499141977,loss,0.3011761722901676,-0.9933697973880644,0.0,NEUTRAL_MIXED,-1.0,ALIGNED,True,True
L02050,65150,SHORT,-1,sub2,0.9690109986913692,8.755463815436087,win,0.3011761722901676,-0.4327256589860577,0.0,NEUTRAL_MIXED,-1.0,ALIGNED,True,True
L02051,65218,LONG,1,sub2,0.9763960967980774,11.58244485097839,win,0.3011761722901676,-0.3933671002355376,0.0,NEUTRAL_MIXED,-1.0,AGAINST,True,True
L02052,65238,SHORT,-1,sub2,-1.0264275423436615,-10.87500714669477,loss,0.3011761722901676,-1.803601190867822,0.0,NEUTRAL_MIXED,-1.0,ALIGNED,True,True
L02053,65251,SHORT,-1,sub2,0.9787962232950488,12.925194711150652,win,0.3011761722901676,0.6144501994599351,0.0,NEUTRAL_MIXED,-1.0,ALIGNED,True,True
L02054,65280,LONG,1,sub2,-1.0806031157837233,-25.84633021520046,loss,0.3011761722901676,0.7187592135475309,0.0,NEUTRAL_MIXED,-1.0,AGAINST,True,True
L02055,65525,LONG,1,sub2,-1.0054637350517333,-36.804996052523165,loss,0.2958736706791006,-0.9890549971538998,0.0,NEUTRAL_MIXED,0.0,NEUTRAL_MIXED,False,False
L02056,65613,LONG,1,sub2,-1.7748311705673516,-0.8246173433335571,loss,0.2580761826742689,-0.0924310190656267,0.0,NEUTRAL_MIXED,0.0,NEUTRAL_MIXED,False,False
L02059,65645,SHORT,-1,sub2,-1.0243967828206757,-8.397802204938671,loss,0.2580761826742689,-0.7070560458142345,-1.0,ALIGNED,0.0,NEUTRAL_MIXED,True,True
L02060,65650,SHORT,-1,sub2,-1.0163789322067438,-12.410808218523016,loss,0.2580761826742689,-0.0523640308892597,-1.0,ALIGNED,0.0,NEUTRAL_MIXED,True,True
L02061,65660,SHORT,-1,sub2,0.9878477463800162,16.25785269588414,win,0.2580761826742689,-1.1061019734901896,-1.0,ALIGNED,0.0,NEUTRAL_MIXED,True,True
L02062,65748,LONG,1,sub2,-1.00957076786895,-25.316357852050714,loss,0.2580761826742689,-0.3071911389009991,-1.0,AGAINST,0.0,NEUTRAL_MIXED,True,True
L02063,65773,LONG,1,sub2,-1.0997381502434451,-3.08735104187599,loss,0.2580761826742689,-0.712868712092159,-1.0,AGAINST,0.0,NEUTRAL_MIXED,True,True
L02064,65774,SHORT,-1,sub2,-1.060918688235061,-4.8762906968759125,loss,0.2580761826742689,0.289675465745547,-1.0,ALIGNED,0.0,NEUTRAL_MIXED,True,True
L02065,65798,LONG,1,sub2,0.9960220241354232,70.10755626800164,win,0.2580761826742689,-1.1949009847244092,-1.0,AGAINST,0.0,NEUTRAL_MIXED,True,True
L02067,65910,LONG,1,sub2,0.9086657808258032,8.250538942060887,win,0.2042219446505422,0.9326137582510304,-1.0,AGAINST,-1.0,AGAINST,False,False
L02068,65927,SHORT,-1,sub2,-1.0113613867706042,-24.92487880345016,loss,0.2042219446505422,-0.4246199518907607,-1.0,ALIGNED,-1.0,ALIGNED,False,False
L02069,65962,SHORT,-1,sub2,0.9806986059508233,14.226724192420988,win,0.2042219446505422,1.729461694310909,-1.0,ALIGNED,-1.0,ALIGNED,False,False
L02070,66055,SHORT,-1,sub2,-1.0263434310297137,-10.908835692846878,loss,0.2042219446505422,-0.8125838694537737,-1.0,ALIGNED,-1.0,ALIGNED,False,False
L02071,66063,SHORT,-1,sub2,0.9857802875040408,19.41097477042604,win,0.2042219446505422,-0.3380595746015534,-1.0,ALIGNED,-1.0,ALIGNED,False,False
L02073,66148,LONG,1,sub2,-1.0437417937074756,-33.611211749771165,loss,0.2042219446505422,-0.1118959311372007,-1.0,AGAINST,-1.0,AGAINST,False,False
L02074,66166,LONG,1,sub2,-1.0162989779319458,-51.70979100154032,loss,0.1625185513923146,0.0424465334398291,0.0,NEUTRAL_MIXED,-1.0,AGAINST,True,True
L02075,66202,LONG,1,sub2,-1.0036836984178388,-70.84123942533915,loss,0.1625185513923146,-0.8107987463439844,0.0,NEUTRAL_MIXED,-1.0,AGAINST,True,True
L02076,66280,LONG,1,sub2,0.9966058338506946,76.34202493428984,win,0.1625185513923146,-0.8051425459953452,0.0,NEUTRAL_MIXED,-1.0,AGAINST,True,True
L02077,66333,SHORT,-1,sub2,-1.00654219844574,-57.23361969629877,loss,0.1625185513923146,2.7351942382733734,0.0,NEUTRAL_MIXED,-1.0,ALIGNED,True,True
L02078,66348,SHORT,-1,sub2,-1.0061040751037704,-60.65559373753058,loss,0.1625185513923146,-1.053868745610118,0.0,NEUTRAL_MIXED,-1.0,ALIGNED,True,True
L02079,66367,SHORT,-1,sub2,0.9911217175337276,40.63492083659003,win,0.1625185513923146,0.0042760820475186,0.0,NEUTRAL_MIXED,-1.0,ALIGNED,True,True
L02080,66444,LONG,1,sub2,0.9908299972414382,39.33064454737723,win,0.1122407541062804,-0.2617099876848006,0.0,NEUTRAL_MIXED,-1.0,AGAINST,True,True
L02081,66460,SHORT,-1,sub2,0.9797340740706516,17.597182788715145,win,0.1122407541062804,-1.220624634514336,0.0,NEUTRAL_MIXED,-1.0,ALIGNED,True,True
L02083,66603,LONG,1,sub2,-1.0295623925180006,-12.676941172739134,loss,0.1122407541062804,0.0293473223340272,-1.0,AGAINST,-1.0,AGAINST,False,False
L02085,66611,LONG,1,sub2,-1.0144452440011469,-25.5626051582567,loss,0.1122407541062804,0.3281863676722691,-1.0,AGAINST,-1.0,AGAINST,False,False
L02087,66646,SHORT,-1,sub2,0.9871268979214026,27.91201286598698,win,0.1122407541062804,-0.2601158906135851,-1.0,ALIGNED,-1.0,ALIGNED,False,False
L02088,66723,SHORT,-1,sub2,-1.020289944481516,-18.303920946120343,loss,0.0833103265318238,-0.2686454254531582,-1.0,ALIGNED,0.0,NEUTRAL_MIXED,True,True
L02089,66766,SHORT,-1,sub2,-1.020579118557173,-18.051832400999047,loss,0.0833103265318238,-0.6140593418377592,0.0,NEUTRAL_MIXED,0.0,NEUTRAL_MIXED,False,False
L02092,66897,LONG,1,sub2,-1.008186600912106,-34.482229106663,loss,0.0833103265318238,-0.8667413516707325,0.0,NEUTRAL_MIXED,0.0,NEUTRAL_MIXED,False,False
L02093,66980,LONG,1,sub2,-1.0232311392895013,-36.5270757167276,loss,0.0833103265318238,2.4304701762648517,0.0,NEUTRAL_MIXED,0.0,NEUTRAL_MIXED,False,False
L02094,67098,LONG,1,sub3,-1.00845718547524,-33.387941267270435,loss,0.0667753358703279,0.8838164078895605,0.0,NEUTRAL_MIXED,0.0,NEUTRAL_MIXED,False,False
L02095,67130,LONG,1,sub3,0.9856393795530064,19.217764809964137,win,0.0667753358703279,-0.122311523714713,0.0,NEUTRAL_MIXED,0.0,NEUTRAL_MIXED,False,False
L02097,67162,LONG,1,sub3,0.9854538313153636,18.969054927871184,win,0.0667753358703279,-0.7179725839645936,0.0,NEUTRAL_MIXED,0.0,NEUTRAL_MIXED,False,False
L02098,67187,SHORT,-1,sub3,-1.0205760463128406,-13.888056462525128,loss,0.0667753358703279,0.3468884658904325,0.0,NEUTRAL_MIXED,0.0,NEUTRAL_MIXED,False,False
L02099,67195,SHORT,-1,sub3,0.9877462864395112,22.57021586464089,win,0.0667753358703279,0.0256746952658171,0.0,NEUTRAL_MIXED,0.0,NEUTRAL_MIXED,False,False
L02100,67235,LONG,1,sub3,-1.0134647633998592,-21.07501820311154,loss,0.0667753358703279,0.1818409218677925,0.0,NEUTRAL_MIXED,0.0,NEUTRAL_MIXED,False,False
L02105,67329,SHORT,-1,sub3,-1.0211253161641691,-13.534239502250784,loss,0.0508767797526062,1.0696235634619078,0.0,NEUTRAL_MIXED,0.0,NEUTRAL_MIXED,False,False
L02106,67342,SHORT,-1,sub3,-1.0240377806663654,-11.928329930577092,loss,0.0508767797526062,-0.6778384174787138,0.0,NEUTRAL_MIXED,0.0,NEUTRAL_MIXED,False,False
L02107,67364,SHORT,-1,sub3,0.986476650701914,20.42492995698012,win,0.0508767797526062,-1.4988074195487904,0.0,NEUTRAL_MIXED,0.0,NEUTRAL_MIXED,False,False
L02108,67432,LONG,1,sub3,0.962253064525438,7.137820717905015,win,0.0508767797526062,0.1121637017541222,0.0,NEUTRAL_MIXED,0.0,NEUTRAL_MIXED,False,False
L02109,67438,SHORT,-1,sub3,-1.0392407055155726,-7.415447651153045,loss,0.0508767797526062,-1.089840609450759,0.0,NEUTRAL_MIXED,0.0,NEUTRAL_MIXED,False,False
L02110,67450,SHORT,-1,sub3,0.9805492358657246,14.115321338930698,win,0.0508767797526062,-0.5156873306043025,0.0,NEUTRAL_MIXED,0.0,NEUTRAL_MIXED,False,False
L02113,67548,LONG,1,sub3,-1.012926755536183,-21.94050090580913,loss,0.0503309670794768,-0.0761428007470546,0.0,NEUTRAL_MIXED,0.0,NEUTRAL_MIXED,False,False
L02114,67573,LONG,1,sub3,0.9914611588997956,32.5113351138416,win,0.0503309670794768,0.1911862670446865,0.0,NEUTRAL_MIXED,0.0,NEUTRAL_MIXED,False,False
L02115,67616,SHORT,-1,sub3,-1.0155164288287983,-18.32538937986737,loss,0.0503309670794768,1.1055456807748856,0.0,NEUTRAL_MIXED,0.0,NEUTRAL_MIXED,False,False
L02116,67653,SHORT,-1,sub3,-1.0142416861768018,-19.94059331210065,loss,0.0503309670794768,0.6970237740049205,0.0,NEUTRAL_MIXED,0.0,NEUTRAL_MIXED,False,False
L02117,67727,SHORT,-1,sub3,0.9799372838158624,13.676235906981674,win,0.0503309670794768,-0.2281688956238537,0.0,NEUTRAL_MIXED,0.0,NEUTRAL_MIXED,False,False
L02118,67746,LONG,1,sub3,0.9848322215873404,18.180185294304465,win,0.0503309670794768,0.7301152036743128,0.0,NEUTRAL_MIXED,0.0,NEUTRAL_MIXED,False,False
L02119,67794,LONG,1,sub3,-1.0444543493273593,-6.578596295691568,loss,0.0503309670794768,0.4614263381327717,0.0,NEUTRAL_MIXED,0.0,NEUTRAL_MIXED,False,False
L02120,67803,LONG,1,sub3,0.977059344838194,11.925405557327394,win,0.0503309670794768,-0.8446510081372732,0.0,NEUTRAL_MIXED,0.0,NEUTRAL_MIXED,False,False
L02121,67823,SHORT,-1,sub3,0.9815639957321748,14.90767276970655,win,0.0559699070763605,-0.8793473122784827,0.0,NEUTRAL_MIXED,1.0,AGAINST,True,True
L02122,67836,LONG,1,sub3,0.9797013041078484,13.51398959855851,win,0.0559699070763605,-1.1547286522493732,0.0,NEUTRAL_MIXED,1.0,ALIGNED,True,True
L02124,67850,LONG,1,sub3,0.9897540128309068,27.047771875926628,win,0.0559699070763605,0.1072666922072516,0.0,NEUTRAL_MIXED,1.0,ALIGNED,True,True
L02125,67873,SHORT,-1,sub3,0.9913614608939912,32.132887939105785,win,0.0559699070763605,-0.2108047305220394,0.0,NEUTRAL_MIXED,1.0,AGAINST,True,True
L02126,67991,SHORT,-1,sub3,-1.014411752742291,-19.7085875568082,loss,0.0559699070763605,-0.0071683425788714,0.0,NEUTRAL_MIXED,1.0,AGAINST,True,True
L02127,68022,SHORT,-1,sub3,-1.0117733979699337,-24.062428888899376,loss,0.0559699070763605,0.4849398959276044,0.0,NEUTRAL_MIXED,1.0,AGAINST,True,True
L02128,68074,SHORT,-1,sub3,-1.0246638562005823,-11.632644846918083,loss,0.0559699070763605,0.4153213654737279,0.0,NEUTRAL_MIXED,1.0,AGAINST,True,True
L02129,68086,SHORT,-1,sub3,0.9712365681867986,9.454582501109144,win,0.0559699070763605,-0.654956469057389,0.0,NEUTRAL_MIXED,1.0,AGAINST,True,True
L02130,68098,SHORT,-1,sub3,-1.0346905614619997,-10.737462480535214,loss,0.0652906807562177,1.097819537541965,0.0,NEUTRAL_MIXED,1.0,AGAINST,True,True
L02131,68106,SHORT,-1,sub3,-1.013834061957858,-20.519897786609363,loss,0.0652906807562177,-0.2353944208293976,0.0,NEUTRAL_MIXED,1.0,AGAINST,True,True
L02132,68133,SHORT,-1,sub3,0.9852492352847844,18.70206672036602,win,0.0652906807562177,-0.0819770913510413,1.0,AGAINST,1.0,AGAINST,False,False
L02133,68214,SHORT,-1,sub3,-1.0114930339765005,-24.64258350694672,loss,0.0652906807562177,0.8445673419315254,1.0,AGAINST,1.0,AGAINST,False,False
L02134,68265,SHORT,-1,sub3,0.980756840798668,14.270625345408916,win,0.0652906807562177,-1.642567388394758,1.0,AGAINST,1.0,AGAINST,False,False
L02135,68271,LONG,1,sub3,-1.0152331702259725,-18.66094079217146,loss,0.0652906807562177,-1.9677466364634653,1.0,ALIGNED,1.0,ALIGNED,False,False
L02136,68280,LONG,1,sub3,0.9851107124514296,18.52546662070017,win,0.0652906807562177,0.4056246575376311,1.0,ALIGNED,1.0,ALIGNED,False,False
L02137,68315,SHORT,-1,sub3,-1.0227281545303897,-12.599522010741566,loss,0.0652906807562177,-0.5550769399343457,1.0,AGAINST,1.0,AGAINST,False,False
L02138,68330,SHORT,-1,sub3,0.964211873507006,7.543823917003465,win,0.0652906807562177,-0.6578305630669938,1.0,AGAINST,1.0,AGAINST,False,False
L02139,68391,SHORT,-1,sub3,0.976781250047044,13.461965034679451,win,0.0798642820304943,-1.1342200804688778,1.0,AGAINST,1.0,AGAINST,False,False
L02140,68429,LONG,1,sub3,-1.007893689192917,-35.751373797172164,loss,0.0798642820304943,-0.234979054105495,1.0,ALIGNED,1.0,ALIGNED,False,False
L02141,68475,LONG,1,sub3,0.9938134489123156,44.9794662247341,win,0.0798642820304943,0.3503949792754994,1.0,ALIGNED,1.0,ALIGNED,False,False
L02143,68540,LONG,1,sub3,0.98353733272678,16.728179498113604,win,0.0798642820304943,-1.350583325649518,1.0,ALIGNED,1.0,ALIGNED,False,False
L02146,68578,SHORT,-1,sub3,0.9871848150276992,30.042646960873757,win,0.0798642820304943,0.516788234253224,1.0,AGAINST,1.0,AGAINST,False,False
L02147,68657,LONG,1,sub3,-1.010320400955878,-35.242365669673745,loss,0.0928878219836409,0.8038630433266157,0.0,NEUTRAL_MIXED,0.0,NEUTRAL_MIXED,False,False
L02148,68670,LONG,1,sub3,-1.0186916251732876,-15.259970837464609,loss,0.0928878219836409,-0.8793837939520679,0.0,NEUTRAL_MIXED,0.0,NEUTRAL_MIXED,False,False
L02150,68706,SHORT,-1,sub3,-1.010752776033136,-26.3197872268338,loss,0.0928878219836409,0.1396016007184211,0.0,NEUTRAL_MIXED,0.0,NEUTRAL_MIXED,False,False
L02151,68738,SHORT,-1,sub3,0.9820431226380102,15.3129115266629,win,0.0928878219836409,-0.8826294946938843,0.0,NEUTRAL_MIXED,0.0,NEUTRAL_MIXED,False,False
L02153,68821,LONG,1,sub3,0.9836259949626186,16.82027567240948,win,0.0928878219836409,-0.938663317757422,0.0,NEUTRAL_MIXED,0.0,NEUTRAL_MIXED,False,False
L02154,68847,SHORT,-1,sub3,0.9839685926148064,17.185715471696312,win,0.0928878219836409,0.096348737131871,0.0,NEUTRAL_MIXED,0.0,NEUTRAL_MIXED,False,False
L02155,68861,LONG,1,sub3,-1.0184294468817952,-15.473076699293417,loss,0.0928878219836409,0.0645156359959542,0.0,NEUTRAL_MIXED,0.0,NEUTRAL_MIXED,False,False
L02156,68887,LONG,1,sub3,-1.0724350863366876,-12.278171561304005,loss,0.0928878219836409,-0.2320390260919952,0.0,NEUTRAL_MIXED,0.0,NEUTRAL_MIXED,False,False
L02157,68963,LONG,1,sub3,-1.0107038913002422,-26.43871108428812,loss,0.103425552398415,-0.658552978247368,0.0,NEUTRAL_MIXED,0.0,NEUTRAL_MIXED,False,False
L02159,69060,SHORT,-1,sub3,0.9758823155017908,11.329738075039131,win,0.103425552398415,-0.016709354209355,0.0,NEUTRAL_MIXED,0.0,NEUTRAL_MIXED,False,False
L02160,69085,LONG,1,sub3,0.9800931966366776,13.785543065368984,win,0.103425552398415,0.3972720320486674,0.0,NEUTRAL_MIXED,0.0,NEUTRAL_MIXED,False,False
L02162,69112,LONG,1,sub3,-1.017579015439649,-16.208082034056133,loss,0.103425552398415,-0.384549771866523,0.0,NEUTRAL_MIXED,0.0,NEUTRAL_MIXED,False,False
L02163,69118,LONG,1,sub3,0.9902105605215904,28.322250477995112,win,0.103425552398415,-0.4720485365030845,0.0,NEUTRAL_MIXED,0.0,NEUTRAL_MIXED,False,False
L02164,69153,SHORT,-1,sub3,-1.0218440335593275,-13.098145478498736,loss,0.103425552398415,0.7229941620185026,0.0,NEUTRAL_MIXED,0.0,NEUTRAL_MIXED,False,False
L02166,69227,SHORT,-1,sub3,0.9904154425769752,33.06703978463156,win,0.1163891942051459,-0.8869542705674959,1.0,AGAINST,0.0,NEUTRAL_MIXED,True,True
L02167,69359,LONG,1,sub3,0.9422706783539866,4.570221551493887,win,0.1163891942051459,0.2820228953485253,1.0,ALIGNED,0.0,NEUTRAL_MIXED,True,True
L02168,69361,SHORT,-1,sub3,-1.02624074012068,-10.950430739108924,loss,0.1163891942051459,1.3148040005756556,1.0,AGAINST,0.0,NEUTRAL_MIXED,True,True
L02170,69372,LONG,1,sub3,-1.0123566072963937,-22.939941623489176,loss,0.1163891942051459,0.3321664113463706,1.0,ALIGNED,0.0,NEUTRAL_MIXED,True,True
L02171,69390,LONG,1,sub3,-1.0159158452218762,-17.872530971324522,loss,0.1163891942051459,-0.6776450753602943,1.0,ALIGNED,0.0,NEUTRAL_MIXED,True,True
L02172,69406,LONG,1,sub3,-1.0123358872708303,-22.978002490891413,loss,0.1163891942051459,0.057348450139422,1.0,ALIGNED,0.0,NEUTRAL_MIXED,True,True
L02174,69475,SHORT,-1,sub3,0.9630787688002348,9.390487410692003,win,0.1189496082573547,0.3472187285510339,1.0,AGAINST,1.0,AGAINST,False,False
L02175,69484,LONG,1,sub3,-1.07040548838132,-12.608211261990943,loss,0.1189496082573547,-1.6792750727351489,1.0,ALIGNED,1.0,ALIGNED,False,False
L02176,69502,LONG,1,sub3,0.9736936833168006,10.363831417853362,win,0.1189496082573547,0.0308979188297587,0.0,NEUTRAL_MIXED,1.0,ALIGNED,True,True
L02178,69606,SHORT,-1,sub3,-1.0379482452952853,-7.658470277661763,loss,0.1189496082573547,-0.3092376350128335,0.0,NEUTRAL_MIXED,1.0,AGAINST,True,True
L02180,69650,LONG,1,sub3,0.9688431819804736,8.706797041506434,win,0.1189496082573547,-2.1946393533132644,0.0,NEUTRAL_MIXED,1.0,ALIGNED,True,True
L02181,69669,SHORT,-1,sub3,0.9794154983193344,13.32246676574323,win,0.1189496082573547,-1.0559633992964237,0.0,NEUTRAL_MIXED,1.0,AGAINST,True,True
L02182,69698,SHORT,-1,sub3,0.9751503248297648,10.987752921616448,win,0.1189496082573547,0.0689028156000114,0.0,NEUTRAL_MIXED,1.0,AGAINST,True,True
L02183,69753,SHORT,-1,sub3,0.9742358319674692,10.587806779054516,win,0.1217707273097623,0.7138437314537908,0.0,NEUTRAL_MIXED,0.0,NEUTRAL_MIXED,False,False
L02184,69771,LONG,1,sub3,-1.1873819892787656,-5.255018838788925,loss,0.1217707273097623,-0.4866854125075043,0.0,NEUTRAL_MIXED,0.0,NEUTRAL_MIXED,False,False
L02185,69780,LONG,1,sub3,0.959432482455098,6.622073800564976,win,0.1217707273097623,-0.3210264110618085,0.0,NEUTRAL_MIXED,0.0,NEUTRAL_MIXED,False,False
L02187,69882,LONG,1,sub3,0.9797370442255278,13.538319652722748,win,0.1217707273097623,-1.0186446354069392,0.0,NEUTRAL_MIXED,0.0,NEUTRAL_MIXED,False,False
L02188,69922,SHORT,-1,sub3,-1.0205523918022266,-7.94498198844758,loss,0.1217707273097623,-0.2262447470811313,0.0,NEUTRAL_MIXED,0.0,NEUTRAL_MIXED,False,False
L02190,69927,SHORT,-1,sub3,-1.0196625313252117,-14.520282462596697,loss,0.1217707273097623,0.1110169948548922,0.0,NEUTRAL_MIXED,0.0,NEUTRAL_MIXED,False,False
L02191,69950,SHORT,-1,sub3,0.9784372406112284,12.705351037513536,win,0.1217707273097623,-0.4989994927820654,0.0,NEUTRAL_MIXED,0.0,NEUTRAL_MIXED,False,False
L02192,69976,LONG,1,sub3,-1.018194711978535,-15.669086693485042,loss,0.1217707273097623,1.5664118578498871,0.0,NEUTRAL_MIXED,0.0,NEUTRAL_MIXED,False,False
L02194,70080,SHORT,-1,sub3,0.970795498730491,9.307563143664083,win,0.1306942610988894,-0.2053929840096985,0.0,NEUTRAL_MIXED,0.0,NEUTRAL_MIXED,False,False
L02195,70129,SHORT,-1,sub3,-1.0440129059004704,-6.641770355128756,loss,0.1306942610988894,-1.1265168001537416,0.0,NEUTRAL_MIXED,0.0,NEUTRAL_MIXED,False,False
L02196,70134,SHORT,-1,sub3,-1.0246759924990392,-11.627061319279164,loss,0.1306942610988894,0.3383698250920436,0.0,NEUTRAL_MIXED,0.0,NEUTRAL_MIXED,False,False
L02197,70147,SHORT,-1,sub3,0.9618292325363595,7.055456387334743,win,0.1306942610988894,-0.5091308643701207,0.0,NEUTRAL_MIXED,0.0,NEUTRAL_MIXED,False,False
L02199,70194,LONG,1,sub3,0.9714221380338728,9.517793842398532,win,0.1306942610988894,-1.0897409807874407,0.0,NEUTRAL_MIXED,0.0,NEUTRAL_MIXED,False,False
L02200,70212,SHORT,-1,sub3,-1.0270768594291706,-10.620933398613488,loss,0.1306942610988894,-1.0059271512026322,0.0,NEUTRAL_MIXED,0.0,NEUTRAL_MIXED,False,False
L02201,70215,SHORT,-1,sub3,0.982512069548838,15.731042632093704,win,0.1306942610988894,0.0295487278429829,0.0,NEUTRAL_MIXED,0.0,NEUTRAL_MIXED,False,False
L02202,70236,LONG,1,sub3,0.975624290054232,11.206844921587615,win,0.1306942610988894,0.0659151181112762,0.0,NEUTRAL_MIXED,0.0,NEUTRAL_MIXED,False,False
L02203,70254,SHORT,-1,sub3,-1.0180179076568947,-15.820095183777994,loss,0.1306942610988894,-0.3441344620369079,0.0,NEUTRAL_MIXED,0.0,NEUTRAL_MIXED,False,False
L02204,70262,SHORT,-1,sub3,0.974191851937902,10.56928679605062,win,0.1306942610988894,-0.7797840031141141,0.0,NEUTRAL_MIXED,0.0,NEUTRAL_MIXED,False,False
L02205,70318,SHORT,-1,sub3,-1.0285074015230324,-10.102010602209702,loss,0.1384116973829479,-1.986425126987667,0.0,NEUTRAL_MIXED,0.0,NEUTRAL_MIXED,False,False
L02206,70343,SHORT,-1,sub3,-1.0346922066420177,-8.350976945627735,loss,0.1384116973829479,0.8130548764435105,0.0,NEUTRAL_MIXED,0.0,NEUTRAL_MIXED,False,False
L02207,70362,SHORT,-1,sub3,0.9562844839299992,6.125048485582738,win,0.1384116973829479,0.4510879415133715,0.0,NEUTRAL_MIXED,0.0,NEUTRAL_MIXED,False,False
L02208,70413,SHORT,-1,sub3,0.9845159177385004,17.80308657057776,win,0.1384116973829479,-1.2588928361441805,0.0,NEUTRAL_MIXED,0.0,NEUTRAL_MIXED,False,False
L02209,70463,SHORT,-1,sub3,0.9633289186871196,7.355444333142259,win,0.1384116973829479,-1.1738720201517674,0.0,NEUTRAL_MIXED,0.0,NEUTRAL_MIXED,False,False
L02210,70475,LONG,1,sub3,0.9732504269173108,10.187456775294775,win,0.1384116973829479,-0.4709605860540111,0.0,NEUTRAL_MIXED,0.0,NEUTRAL_MIXED,False,False
L02211,70501,SHORT,-1,sub3,-1.0153571106475838,-18.512596380017385,loss,0.1384116973829479,-0.7170154334767574,0.0,NEUTRAL_MIXED,0.0,NEUTRAL_MIXED,False,False
L02212,70528,SHORT,-1,sub3,-1.0358185710229633,-8.09717394089148,loss,0.1384116973829479,0.0899477765619273,0.0,NEUTRAL_MIXED,0.0,NEUTRAL_MIXED,False,False
L02213,70549,SHORT,-1,sub3,-1.034326630695476,-8.436932222234645,loss,0.1384116973829479,0.3212174306621309,0.0,NEUTRAL_MIXED,0.0,NEUTRAL_MIXED,False,False
L02214,70568,SHORT,-1,sub3,-1.0663673250380468,-5.141649807600516,loss,0.1384116973829479,-0.0627567479591504,0.0,NEUTRAL_MIXED,0.0,NEUTRAL_MIXED,False,False
L02215,70580,SHORT,-1,sub3,0.9608810194019384,7.860172261862317,win,0.1490499833634766,0.6646637937618771,0.0,NEUTRAL_MIXED,0.0,NEUTRAL_MIXED,False,False
L02216,70590,LONG,1,sub3,-1.3165787089780463,-8.017696771944493,loss,0.1490499833634766,0.4213198455427418,0.0,NEUTRAL_MIXED,0.0,NEUTRAL_MIXED,False,False
L02217,70612,LONG,1,sub3,0.9548927741115244,5.927431170626733,win,0.1490499833634766,0.2194050261893573,1.0,ALIGNED,0.0,NEUTRAL_MIXED,True,True
L02218,70621,SHORT,-1,sub3,0.9898591737772868,27.33116242910364,win,0.1490499833634766,-1.585432900090625,1.0,AGAINST,0.0,NEUTRAL_MIXED,True,True
L02219,70682,LONG,1,sub3,-1.0397752230508737,-7.319558260743179,loss,0.1490499833634766,0.0741498062294481,1.0,ALIGNED,0.0,NEUTRAL_MIXED,True,True
L02220,70687,LONG,1,sub3,-1.0255506193496515,-11.23863846464792,loss,0.1490499833634766,0.163667745641124,1.0,ALIGNED,0.0,NEUTRAL_MIXED,True,True
L02221,70722,LONG,1,sub3,0.9806498139117036,14.19014507886277,win,0.1490499833634766,-0.7523336236410396,1.0,ALIGNED,0.0,NEUTRAL_MIXED,True,True
L02222,70754,SHORT,-1,sub3,-1.0539734139762575,-5.467739284453273,loss,0.1490499833634766,0.4148437508789098,1.0,AGAINST,0.0,NEUTRAL_MIXED,True,True
L02224,70794,LONG,1,sub3,0.9852149962392224,18.65810813517965,win,0.1490499833634766,-0.3199440021648997,1.0,ALIGNED,0.0,NEUTRAL_MIXED,True,True
L02225,70883,SHORT,-1,sub3,-1.0376630019994857,-7.714351621904825,loss,0.1572098155951978,0.1438784000092711,0.0,NEUTRAL_MIXED,1.0,AGAINST,True,True
L02229,71024,LONG,1,sub3,0.9565226031833892,6.160127986081534,win,0.1572098155951978,0.4880883559472555,0.0,NEUTRAL_MIXED,1.0,ALIGNED,True,True
L02230,71041,SHORT,-1,sub3,0.95608222793474,6.095551100009288,win,0.1572098155951978,0.0438421463528579,0.0,NEUTRAL_MIXED,1.0,AGAINST,True,True
L02231,71057,LONG,1,sub3,-1.0360665140864396,-23.82292777376038,loss,0.1572098155951978,-0.0673292184333109,0.0,NEUTRAL_MIXED,1.0,ALIGNED,True,True
L02233,71219,SHORT,-1,sub3,0.9481753589937923,5.122835303134707,win,0.1638540208042261,0.6066954338008363,-1.0,ALIGNED,0.0,NEUTRAL_MIXED,True,True
L02234,71332,SHORT,-1,sub3,0.9827214795320248,15.925091200928364,win,0.1638540208042261,-0.1379813545443999,-1.0,ALIGNED,0.0,NEUTRAL_MIXED,True,True
L02235,71433,LONG,1,sub3,0.987776044782402,22.62584307749694,win,0.1697622956299067,-1.1179277033602044,0.0,NEUTRAL_MIXED,0.0,NEUTRAL_MIXED,False,False
L02236,71458,SHORT,-1,sub3,0.9791971633336976,13.17970285168849,win,0.1697622956299067,1.168700844081225,0.0,NEUTRAL_MIXED,0.0,NEUTRAL_MIXED,False,False
L02238,71578,SHORT,-1,sub3,-1.0170520284246296,-16.700333876305194,loss,0.1697622956299067,-2.514126223605811,0.0,NEUTRAL_MIXED,0.0,NEUTRAL_MIXED,False,False
L02239,71598,SHORT,-1,sub3,-1.0276403520806805,-10.410116981989631,loss,0.1697622956299067,0.4234891813422688,0.0,NEUTRAL_MIXED,0.0,NEUTRAL_MIXED,False,False
L02240,71603,SHORT,-1,sub3,0.969737583659202,8.972400629461845,win,0.1697622956299067,0.5791422897453017,0.0,NEUTRAL_MIXED,0.0,NEUTRAL_MIXED,False,False
L02241,71615,SHORT,-1,sub3,-1.0127169981195443,-22.29777474279399,loss,0.1697622956299067,1.2715303049697697,0.0,NEUTRAL_MIXED,0.0,NEUTRAL_MIXED,False,False
L02242,71693,SHORT,-1,sub3,0.9542819560364464,5.844496494728446,win,0.1777581916058564,0.6865742383075636,0.0,NEUTRAL_MIXED,0.0,NEUTRAL_MIXED,False,False
L02244,71714,LONG,1,sub3,-1.0414200231730977,-7.0400155323559375,loss,0.1777581916058564,0.9220931643655764,0.0,NEUTRAL_MIXED,0.0,NEUTRAL_MIXED,False,False
L02249,71867,LONG,1,sub3,0.981741472201774,15.055299926418227,win,0.1777581916058564,-0.4401614208591544,0.0,NEUTRAL_MIXED,0.0,NEUTRAL_MIXED,False,False
L02250,71888,LONG,1,sub3,-1.0099443783613486,-28.436611688162884,loss,0.1777581916058564,-1.872720680810507,0.0,NEUTRAL_MIXED,0.0,NEUTRAL_MIXED,False,False
L02251,71917,LONG,1,sub3,-1.018897074279417,-15.097108503703566,loss,0.1777581916058564,1.0101849262211886,0.0,NEUTRAL_MIXED,0.0,NEUTRAL_MIXED,False,False
L02252,71931,LONG,1,sub3,-1.023328495304201,-12.282488645302692,loss,0.1777581916058564,-0.2778458226786125,0.0,NEUTRAL_MIXED,0.0,NEUTRAL_MIXED,False,False
L02254,71991,SHORT,-1,sub3,-1.042869974989136,-6.811377731655739,loss,0.164854004603299,0.6522659515306646,0.0,NEUTRAL_MIXED,0.0,NEUTRAL_MIXED,False,False
L02255,72013,SHORT,-1,sub3,-1.046222638462646,-6.337637757458651,loss,0.164854004603299,0.5251063981913417,0.0,NEUTRAL_MIXED,0.0,NEUTRAL_MIXED,False,False
L02256,72027,SHORT,-1,sub3,-1.0402449746186748,-7.237390398520802,loss,0.164854004603299,0.2089144815888707,0.0,NEUTRAL_MIXED,0.0,NEUTRAL_MIXED,False,False
L02257,72053,SHORT,-1,sub3,-1.0341761708418524,-8.472842940081136,loss,0.164854004603299,-0.6213471312810205,0.0,NEUTRAL_MIXED,0.0,NEUTRAL_MIXED,False,False
L02258,72067,SHORT,-1,sub3,0.9552081504126728,5.97113726225416,win,0.164854004603299,-0.6796116906391397,0.0,NEUTRAL_MIXED,0.0,NEUTRAL_MIXED,False,False
L02260,72125,LONG,1,sub3,-1.041839119054726,-6.97230151893109,loss,0.164854004603299,-0.1700901891195638,0.0,NEUTRAL_MIXED,0.0,NEUTRAL_MIXED,False,False
L02261,72130,LONG,1,sub3,-1.0467647424141753,-6.267416706390577,loss,0.164854004603299,-0.3654662663725867,0.0,NEUTRAL_MIXED,0.0,NEUTRAL_MIXED,False,False
L02262,72141,LONG,1,sub3,0.972448946954998,9.882950923991302,win,0.164854004603299,-1.0895152373021946,0.0,NEUTRAL_MIXED,0.0,NEUTRAL_MIXED,False,False
L02263,72149,SHORT,-1,sub3,0.9751772578578572,10.999978593713422,win,0.164854004603299,-0.4947913775581667,0.0,NEUTRAL_MIXED,0.0,NEUTRAL_MIXED,False,False
L02264,72174,LONG,1,sub3,-1.040014035317528,-7.27754468097919,loss,0.164854004603299,0.0446190501044722,0.0,NEUTRAL_MIXED,0.0,NEUTRAL_MIXED,False,False
L02265,72180,LONG,1,sub3,0.952654694675002,5.633997134004858,win,0.164854004603299,0.4526608069205433,0.0,NEUTRAL_MIXED,0.0,NEUTRAL_MIXED,False,False
L02267,72254,LONG,1,sub3,-1.187676830158629,-5.248066020823313,loss,0.1665784746209237,0.5728713514538702,0.0,NEUTRAL_MIXED,0.0,NEUTRAL_MIXED,False,False
L02270,72302,LONG,1,sub3,-1.0244838604601203,-11.716105039756258,loss,0.1665784746209237,1.2700641221659148,0.0,NEUTRAL_MIXED,0.0,NEUTRAL_MIXED,False,False
L02272,72384,LONG,1,sub3,0.9701539761671276,9.101484165815236,win,0.1665784746209237,-0.921518968179869,0.0,NEUTRAL_MIXED,0.0,NEUTRAL_MIXED,False,False
L02273,72414,SHORT,-1,sub3,0.976205850153499,11.487598414188142,win,0.1665784746209237,0.6328098419029988,0.0,NEUTRAL_MIXED,0.0,NEUTRAL_MIXED,False,False
L02274,72472,LONG,1,sub3,-1.020621144706128,-41.0453021579318,loss,0.1665784746209237,-0.1169678414732099,0.0,NEUTRAL_MIXED,0.0,NEUTRAL_MIXED,False,False
L02276,72683,SHORT,-1,sub3,0.975797685995184,11.28914169219206,win,0.161484323891241,-0.0543558459483994,0.0,NEUTRAL_MIXED,0.0,NEUTRAL_MIXED,False,False
L02277,72691,LONG,1,sub3,-1.0253891061481957,-11.308352017054858,loss,0.161484323891241,-0.9690268469525396,0.0,NEUTRAL_MIXED,0.0,NEUTRAL_MIXED,False,False
L02279,72713,SHORT,-1,sub3,0.982897575561274,16.09194779043264,win,0.161484323891241,1.2855954362591733,0.0,NEUTRAL_MIXED,0.0,NEUTRAL_MIXED,False,False
L02280,72814,LONG,1,sub3,0.9648773432603804,7.692062081647236,win,0.1544623189695161,0.9977709072293306,0.0,NEUTRAL_MIXED,-1.0,AGAINST,True,True
L02281,72866,SHORT,-1,sub3,0.9435913061162582,4.683773856875632,win,0.1544623189695161,0.0390541160253214,0.0,NEUTRAL_MIXED,-1.0,ALIGNED,True,True
L02282,72952,LONG,1,sub3,0.9378742223162856,4.226985834867264,win,0.1544623189695161,-0.6018970357253896,0.0,NEUTRAL_MIXED,-1.0,AGAINST,True,True
L02284,72976,LONG,1,sub3,-1.0380401409564886,-7.6406457011016755,loss,0.1544623189695161,-0.0161468805412646,0.0,NEUTRAL_MIXED,-1.0,AGAINST,True,True
L02285,72980,LONG,1,sub3,-1.0398843681315009,-7.300294243536882,loss,0.1544623189695161,-0.891547958062244,0.0,NEUTRAL_MIXED,-1.0,AGAINST,True,True
L02286,72984,LONG,1,sub3,-1.0305405721798455,-9.44813209496624,loss,0.1544623189695161,0.5797670323586257,0.0,NEUTRAL_MIXED,-1.0,AGAINST,True,True
L02287,72994,LONG,1,sub3,0.9791251264462516,13.13325490090756,win,0.1544623189695161,-1.8917152223696316,0.0,NEUTRAL_MIXED,-1.0,AGAINST,True,True
L02288,73090,SHORT,-1,sub3,0.9573381387439458,6.28323919671675,win,0.1472074342235024,-0.5411775232916807,0.0,NEUTRAL_MIXED,0.0,NEUTRAL_MIXED,False,False
L02289,73104,LONG,1,sub3,-1.0367939773784065,-7.889941081417419,loss,0.1472074342235024,-0.9819881423067094,0.0,NEUTRAL_MIXED,0.0,NEUTRAL_MIXED,False,False
L02290,73124,LONG,1,sub3,-1.0404819774857703,-7.196658162242784,loss,0.1472074342235024,-0.6647390014258522,0.0,NEUTRAL_MIXED,0.0,NEUTRAL_MIXED,False,False
L02291,73169,LONG,1,sub3,-1.0290588926655375,-9.915604605565022,loss,0.1472074342235024,-0.2251760116749573,0.0,NEUTRAL_MIXED,0.0,NEUTRAL_MIXED,False,False
L02292,73186,LONG,1,sub3,-1.0256214902132088,-11.208326091521483,loss,0.1472074342235024,-0.1690907432180583,0.0,NEUTRAL_MIXED,0.0,NEUTRAL_MIXED,False,False
L02293,73208,LONG,1,sub3,-1.0313007365018674,-9.225476410242663,loss,0.1472074342235024,-0.6704424331765313,0.0,NEUTRAL_MIXED,0.0,NEUTRAL_MIXED,False,False
L02294,73231,LONG,1,sub3,0.9179189152031776,21.55985000687172,win,0.1472074342235024,-2.3759415795099805,0.0,NEUTRAL_MIXED,0.0,NEUTRAL_MIXED,False,False
L02295,73370,SHORT,-1,sub3,0.971377883314354,9.50264476648772,win,0.1339372948527039,-1.1694938873457614,0.0,NEUTRAL_MIXED,0.0,NEUTRAL_MIXED,False,False
L02296,73381,LONG,1,sub3,0.978163261184798,12.54242748654906,win,0.1339372948527039,-1.402927019251866,0.0,NEUTRAL_MIXED,0.0,NEUTRAL_MIXED,False,False
L02298,73482,LONG,1,sub3,0.977320418989389,12.065907090154724,win,0.1339372948527039,-2.548136136114618,0.0,NEUTRAL_MIXED,0.0,NEUTRAL_MIXED,False,False
L02299,73499,LONG,1,sub3,0.9289061875028028,3.658458076244642,win,0.1339372948527039,0.2333493919160132,0.0,NEUTRAL_MIXED,0.0,NEUTRAL_MIXED,False,False
L02300,73500,SHORT,-1,sub3,0.9414539693135604,4.502561630868513,win,0.1339372948527039,0.1351858769638993,0.0,NEUTRAL_MIXED,0.0,NEUTRAL_MIXED,False,False
L02301,73507,LONG,1,sub3,-1.0521485881067631,-5.649272882852529,loss,0.1339372948527039,-0.3378445187477939,0.0,NEUTRAL_MIXED,0.0,NEUTRAL_MIXED,False,False
L02304,73650,SHORT,-1,sub3,-1.0326749590204447,-8.849253287371539,loss,0.1185819420369484,-0.824784538531291,-1.0,ALIGNED,-1.0,ALIGNED,False,False
L02305,73664,SHORT,-1,sub3,0.9564975610816016,6.156420737831468,win,0.1185819420369484,0.8559780414739816,-1.0,ALIGNED,-1.0,ALIGNED,False,False
L02306,73753,SHORT,-1,sub3,-1.02278326537652,-12.569722099678984,loss,0.1185819420369484,-0.4502303502301772,-1.0,ALIGNED,-1.0,ALIGNED,False,False
L02307,73771,SHORT,-1,sub3,0.9735513821434718,10.306564542597698,win,0.1185819420369484,-0.334091062138713,-1.0,ALIGNED,-1.0,ALIGNED,False,False
L02309,73797,SHORT,-1,sub3,0.9734590222984436,10.269724397840037,win,0.1185819420369484,-1.067607721079003,-1.0,ALIGNED,-1.0,ALIGNED,False,False
L02310,73809,LONG,1,sub3,-1.0198717375663393,-14.370363213882229,loss,0.1185819420369484,-0.70647793844545,-1.0,AGAINST,-1.0,AGAINST,False,False
L02311,73838,LONG,1,sub3,-1.0408996946795186,-7.1260168760354645,loss,0.1185819420369484,-0.4174333274783345,-1.0,AGAINST,-1.0,AGAINST,False,False
L02314,73931,LONG,1,sub3,0.9482523748147144,5.130876325204554,win,0.1124991072662826,-0.4381920693461137,0.0,NEUTRAL_MIXED,0.0,NEUTRAL_MIXED,False,False
L02315,73945,SHORT,-1,sub3,0.9720195286339586,9.726979379927798,win,0.1124991072662826,-1.3700921297044997,0.0,NEUTRAL_MIXED,0.0,NEUTRAL_MIXED,False,False
L02316,73977,LONG,1,sub3,-1.038700673180452,-7.515016266903331,loss,0.1124991072662826,0.0840414041341741,0.0,NEUTRAL_MIXED,0.0,NEUTRAL_MIXED,False,False
L02317,73999,LONG,1,sub3,-1.0421619331776617,-6.92106170893112,loss,0.1124991072662826,-0.5856132731097554,0.0,NEUTRAL_MIXED,0.0,NEUTRAL_MIXED,False,False
L02318,74025,LONG,1,sub3,-1.0485695370571488,-6.044930385711268,loss,0.1124991072662826,-0.4337203239137764,0.0,NEUTRAL_MIXED,0.0,NEUTRAL_MIXED,False,False
L02320,74072,SHORT,-1,sub3,-1.0167582788458776,-16.988159744551922,loss,0.1124991072662826,2.054432339921892,0.0,NEUTRAL_MIXED,0.0,NEUTRAL_MIXED,False,False
L02321,74089,SHORT,-1,sub3,0.989533180607424,26.471202012642607,win,0.1124991072662826,-1.7322751209037492,0.0,NEUTRAL_MIXED,0.0,NEUTRAL_MIXED,False,False
L02322,74169,SHORT,-1,sub3,-1.0294779864704728,-9.778613491838769,loss,0.1048850094118855,-0.5793487545729052,0.0,NEUTRAL_MIXED,1.0,AGAINST,True,True
L02324,74190,LONG,1,sub3,-1.0264431369507347,-10.868758834563778,loss,0.1048850094118855,-0.2163866516214755,0.0,NEUTRAL_MIXED,1.0,ALIGNED,True,True
L02325,74198,LONG,1,sub3,-1.0354308954049227,-8.182707419631697,loss,0.1048850094118855,-0.7862500402409839,0.0,NEUTRAL_MIXED,1.0,ALIGNED,True,True
L02327,74221,LONG,1,sub3,0.975071819999356,10.952268059417293,win,0.1048850094118855,-0.3806930460520316,0.0,NEUTRAL_MIXED,1.0,ALIGNED,True,True
L02328,74275,LONG,1,sub3,-1.0358363973011993,-8.093285404984272,loss,0.1048850094118855,-0.1234403540572127,0.0,NEUTRAL_MIXED,1.0,ALIGNED,True,True
L02330,74315,LONG,1,sub3,-1.008899255023166,-31.74330780180844,loss,0.1048850094118855,-2.9323918053543325,0.0,NEUTRAL_MIXED,1.0,ALIGNED,True,True
L02331,74393,LONG,1,sub3,0.9502348572970268,15.83497452947053,win,0.1048850094118855,1.090470641893824,0.0,NEUTRAL_MIXED,1.0,ALIGNED,True,True
L02332,74492,SHORT,-1,sub3,-1.0472719952331506,-6.203168646038648,loss,0.0903787985306325,0.5185303251856244,0.0,NEUTRAL_MIXED,0.0,NEUTRAL_MIXED,False,False
L02333,74500,SHORT,-1,sub3,0.958142937373232,6.409432617318089,win,0.0903787985306325,-0.2181935534893444,0.0,NEUTRAL_MIXED,0.0,NEUTRAL_MIXED,False,False
L02334,74540,SHORT,-1,sub3,-1.028696209434687,-10.03738627214716,loss,0.0903787985306325,0.1433046809985509,0.0,NEUTRAL_MIXED,0.0,NEUTRAL_MIXED,False,False
L02335,74554,SHORT,-1,sub3,-1.0447012331808232,-6.543809297341795,loss,0.0903787985306325,-0.2467555857312124,0.0,NEUTRAL_MIXED,0.0,NEUTRAL_MIXED,False,False
L02336,74558,SHORT,-1,sub3,-1.0324451683034286,-8.90994444602984,loss,0.0903787985306325,0.5178451967092959,0.0,NEUTRAL_MIXED,0.0,NEUTRAL_MIXED,False,False
L02337,74576,SHORT,-1,sub3,0.9560285984271258,6.087775189894273,win,0.0903787985306325,-0.6493384475343298,0.0,NEUTRAL_MIXED,0.0,NEUTRAL_MIXED,False,False
L02338,74609,SHORT,-1,sub3,-1.0346254868504297,-8.366528897346143,loss,0.0903787985306325,-0.8081514057709437,0.0,NEUTRAL_MIXED,0.0,NEUTRAL_MIXED,False,False
L02339,74618,SHORT,-1,sub3,-1.0280229194040484,-10.271821193341566,loss,0.0903787985306325,-0.2274786230259472,0.0,NEUTRAL_MIXED,0.0,NEUTRAL_MIXED,False,False
L02341,74642,SHORT,-1,sub3,0.9642279849862688,7.547347715613796,win,0.0903787985306325,0.2785470552497618,0.0,NEUTRAL_MIXED,0.0,NEUTRAL_MIXED,False,False
L02343,74787,SHORT,-1,sub3,-1.033362771896142,-8.672588028126484,loss,0.0886559164879905,-0.6225188328215262,0.0,NEUTRAL_MIXED,0.0,NEUTRAL_MIXED,False,False
L02344,74806,SHORT,-1,sub3,0.9481989624522432,5.125297137967209,win,0.0886559164879905,-0.3145618355456737,0.0,NEUTRAL_MIXED,0.0,NEUTRAL_MIXED,False,False
L02345,74827,SHORT,-1,sub3,-1.0403064299251013,-7.226782449375605,loss,0.0886559164879905,0.7439502728164779,0.0,NEUTRAL_MIXED,0.0,NEUTRAL_MIXED,False,False
L02346,74862,SHORT,-1,sub3,-1.0255211526620562,-11.251291293475331,loss,0.0886559164879905,0.4934287235302519,0.0,NEUTRAL_MIXED,0.0,NEUTRAL_MIXED,False,False
L02347,74877,SHORT,-1,sub3,0.8239793789287921,1.3107227136033544,win,0.0886559164879905,-0.0937575419021629,0.0,NEUTRAL_MIXED,0.0,NEUTRAL_MIXED,False,False
L02348,74879,LONG,1,sub3,-1.0404582651603378,-7.200711970496741,loss,0.0886559164879905,-0.1174050208505115,0.0,NEUTRAL_MIXED,0.0,NEUTRAL_MIXED,False,False
L02349,74899,LONG,1,sub3,0.9874209223369296,21.97918366198428,win,0.0886559164879905,0.080290819211071,0.0,NEUTRAL_MIXED,0.0,NEUTRAL_MIXED,False,False
L02350,74918,SHORT,-1,sub3,0.9762378046810664,11.503423048355216,win,0.0886559164879905,-0.4173763236243753,0.0,NEUTRAL_MIXED,0.0,NEUTRAL_MIXED,False,False
L02352,75003,SHORT,-1,sub3,0.9243794126876091,3.422695389602268,win,0.0967484455365796,-1.6220039503982302,0.0,NEUTRAL_MIXED,0.0,NEUTRAL_MIXED,False,False
L02355,75043,SHORT,-1,sub3,0.9766826638468822,11.72823276561121,win,0.0967484455365796,1.014828081701755,1.0,AGAINST,0.0,NEUTRAL_MIXED,True,True
L02356,75116,SHORT,-1,sub3,0.9769933177273334,11.890377140092824,win,0.0967484455365796,0.4453845841425895,1.0,AGAINST,0.0,NEUTRAL_MIXED,True,True
L02357,75154,SHORT,-1,sub3,-1.085043009350748,-3.572451691659808,loss,0.0967484455365796,0.8395675423030976,1.0,AGAINST,0.0,NEUTRAL_MIXED,True,True
L02358,75165,SHORT,-1,sub3,-1.0324161950439976,-8.91765780100468,loss,0.0967484455365796,-0.3356792346524682,1.0,AGAINST,0.0,NEUTRAL_MIXED,True,True
L02360,75182,SHORT,-1,sub3,-1.0221405122827778,-12.926500515639418,loss,0.0967484455365796,1.0205386219479589,1.0,AGAINST,0.0,NEUTRAL_MIXED,True,True
L02361,75191,SHORT,-1,sub3,-1.029265912398747,-9.847444752300362,loss,0.0967484455365796,-0.1420327386071039,1.0,AGAINST,0.0,NEUTRAL_MIXED,True,True
L02362,75199,SHORT,-1,sub3,0.9696402565344724,8.942739326455921,win,0.0967484455365796,0.3185516114260225,1.0,AGAINST,0.0,NEUTRAL_MIXED,True,True
L02363,75232,LONG,1,sub3,-1.0139123802130288,-20.4059594485816,loss,0.0967484455365796,-0.5985621770774558,1.0,ALIGNED,0.0,NEUTRAL_MIXED,True,True
L02364,75282,LONG,1,sub3,0.96859451703415,8.635640632086506,win,0.1038977514137654,-0.4508932405624911,1.0,ALIGNED,1.0,ALIGNED,False,False
L02365,75296,SHORT,-1,sub3,-1.027964960382494,-10.292529829148409,loss,0.1038977514137654,0.2931325713632924,0.0,NEUTRAL_MIXED,1.0,AGAINST,True,True
L02366,75312,SHORT,-1,sub3,-1.0278867888824583,-10.32059668471902,loss,0.1038977514137654,-1.3225464034736834,0.0,NEUTRAL_MIXED,1.0,AGAINST,True,True
L02367,75320,SHORT,-1,sub3,-1.0210282370151784,-13.595429144086664,loss,0.1038977514137654,-1.1128650521898336,0.0,NEUTRAL_MIXED,1.0,AGAINST,True,True
L02368,75374,SHORT,-1,sub3,0.9666069723022368,8.104983911458476,win,0.1038977514137654,0.4673213985666827,0.0,NEUTRAL_MIXED,1.0,AGAINST,True,True
L02369,75431,SHORT,-1,sub3,-1.0769606427900784,-3.918223250869232,loss,0.1038977514137654,0.5384284854326943,0.0,NEUTRAL_MIXED,1.0,AGAINST,True,True
L02370,75432,LONG,1,sub3,-1.1195193514818071,-2.6227168615732808,loss,0.1038977514137654,0.6567290707145922,0.0,NEUTRAL_MIXED,1.0,ALIGNED,True,True
L02372,75450,SHORT,-1,sub3,-1.025117524525941,-11.42759536559788,loss,0.1038977514137654,-1.666855484317023,0.0,NEUTRAL_MIXED,1.0,AGAINST,True,True
L02375,75557,LONG,1,sub3,-1.051427078977741,-16.95504574495349,loss,0.1149061812434978,1.6481929836537728,0.0,NEUTRAL_MIXED,0.0,NEUTRAL_MIXED,False,False
L02376,75575,LONG,1,sub3,-1.0214972387688936,-13.30492859714741,loss,0.1149061812434978,-0.7917254108731185,0.0,NEUTRAL_MIXED,0.0,NEUTRAL_MIXED,False,False
L02377,75581,LONG,1,sub3,-1.0155793484193618,-18.252510304261705,loss,0.1149061812434978,1.0398723642507457,0.0,NEUTRAL_MIXED,0.0,NEUTRAL_MIXED,False,False
L02378,75629,LONG,1,sub3,-1.0395020456947062,-7.36824049682582,loss,0.1149061812434978,-0.2993937088263939,0.0,NEUTRAL_MIXED,0.0,NEUTRAL_MIXED,False,False
L02379,75643,LONG,1,sub3,0.98329055090852,16.47698573111029,win,0.1149061812434978,-1.5866990838663662,0.0,NEUTRAL_MIXED,0.0,NEUTRAL_MIXED,False,False
L02380,75738,SHORT,-1,sub3,-1.013355345014996,-21.24538874033351,loss,0.1149061812434978,0.3676498867743542,0.0,NEUTRAL_MIXED,0.0,NEUTRAL_MIXED,False,False
L02381,75849,SHORT,-1,sub3,0.9763466528584902,11.557648106439046,win,0.1332983414825661,-0.6767018744808506,0.0,NEUTRAL_MIXED,-1.0,ALIGNED,True,True
L02382,75877,LONG,1,sub3,-1.0269974581203036,-10.651346767275754,loss,0.1332983414825661,0.5463594344539308,0.0,NEUTRAL_MIXED,-1.0,AGAINST,True,True
L02383,75896,LONG,1,sub3,-1.0456135115710394,-6.418531991000236,loss,0.1332983414825661,0.6387657269020486,0.0,NEUTRAL_MIXED,-1.0,AGAINST,True,True
L02384,75932,LONG,1,sub3,-1.0220461964176932,-12.98060352796074,loss,0.1332983414825661,0.5158781178953536,0.0,NEUTRAL_MIXED,-1.0,AGAINST,True,True
L02385,75980,LONG,1,sub3,0.971031226179604,9.385579970233266,win,0.1332983414825661,-0.4783636819995563,0.0,NEUTRAL_MIXED,-1.0,AGAINST,True,True
L02386,75990,SHORT,-1,sub3,0.9633608281525604,7.362094127195633,win,0.1332983414825661,-0.6043825774221704,0.0,NEUTRAL_MIXED,-1.0,ALIGNED,True,True
L02389,76008,LONG,1,sub3,-1.0179459930375832,-15.882368696693447,loss,0.1332983414825661,-1.1754928778231346,0.0,NEUTRAL_MIXED,-1.0,AGAINST,True,True
L02390,76015,LONG,1,sub3,-1.01713714835133,-16.61877435500719,loss,0.1332983414825661,0.2040426351244477,0.0,NEUTRAL_MIXED,-1.0,AGAINST,True,True
L02391,76035,LONG,1,sub3,0.9904114995393324,28.921646404380223,win,0.1332983414825661,-0.1523069361386421,0.0,NEUTRAL_MIXED,-1.0,AGAINST,True,True
L02392,76098,SHORT,-1,sub3,-1.044124562337377,-7.572196578266812,loss,0.1438915487591203,-0.0991065752763991,0.0,NEUTRAL_MIXED,0.0,NEUTRAL_MIXED,False,False
L02393,76111,SHORT,-1,sub3,-1.0517191225684028,-5.693858280955283,loss,0.1438915487591203,-0.3891216815677363,0.0,NEUTRAL_MIXED,0.0,NEUTRAL_MIXED,False,False
L02394,76118,SHORT,-1,sub3,-1.056034080895403,-5.276958913689668,loss,0.1438915487591203,0.2155829671263189,0.0,NEUTRAL_MIXED,0.0,NEUTRAL_MIXED,False,False
L02395,76127,SHORT,-1,sub3,0.9534804310770568,5.738972369766088,win,0.1438915487591203,0.1529456578289273,0.0,NEUTRAL_MIXED,0.0,NEUTRAL_MIXED,False,False
L02396,76142,LONG,1,sub3,-1.033122865512652,-8.733374901809839,loss,0.1438915487591203,-0.9245901359500718,0.0,NEUTRAL_MIXED,0.0,NEUTRAL_MIXED,False,False
L02398,76237,LONG,1,sub3,0.9637605022623124,7.446376398132088,win,0.1438915487591203,-1.5061385045815487,0.0,NEUTRAL_MIXED,0.0,NEUTRAL_MIXED,False,False
L02399,76264,SHORT,-1,sub3,0.9512258169086292,5.460741971548487,win,0.1438915487591203,-0.7915848410013849,0.0,NEUTRAL_MIXED,0.0,NEUTRAL_MIXED,False,False
L02400,76277,LONG,1,sub3,-1.0254896408559393,-11.264854654608826,loss,0.1438915487591203,-1.1066524763719467,0.0,NEUTRAL_MIXED,0.0,NEUTRAL_MIXED,False,False
L02401,76291,LONG,1,sub3,0.9761314424214614,11.450914156806904,win,0.1438915487591203,-1.8131495706839096,0.0,NEUTRAL_MIXED,0.0,NEUTRAL_MIXED,False,False
L02402,76321,SHORT,-1,sub3,0.9714969323679754,9.54350403877379,win,0.1438915487591203,-0.8023197407589457,0.0,NEUTRAL_MIXED,0.0,NEUTRAL_MIXED,False,False
L02403,76374,SHORT,-1,sub3,-1.0675427524897287,-4.42552249766959,loss,0.1475613730549817,0.2567285944576595,0.0,NEUTRAL_MIXED,0.0,NEUTRAL_MIXED,False,False
L02405,76396,LONG,1,sub3,0.9642024934409148,7.541773830489546,win,0.1475613730549817,-1.5715980151853983,0.0,NEUTRAL_MIXED,0.0,NEUTRAL_MIXED,False,False
L02406,76403,SHORT,-1,sub3,-1.036914049867196,-7.865187781021632,loss,0.1475613730549817,-0.7789596979947575,-1.0,ALIGNED,0.0,NEUTRAL_MIXED,True,True
L02408,76418,LONG,1,sub3,-1.0293271187793411,-9.827477272056967,loss,0.1475613730549817,-1.8285702537734976,-1.0,AGAINST,0.0,NEUTRAL_MIXED,True,True
L02409,76419,SHORT,-1,sub3,0.981689148666518,15.011479074413728,win,0.1475613730549817,2.0069354643930084,-1.0,ALIGNED,0.0,NEUTRAL_MIXED,True,True
L02411,76460,SHORT,-1,sub3,-1.0197753525903013,-14.43903957828752,loss,0.1475613730549817,0.8736164536598234,-1.0,ALIGNED,0.0,NEUTRAL_MIXED,True,True
L02412,76491,SHORT,-1,sub3,0.9827933014696384,15.992732360979971,win,0.1475613730549817,-0.2106239149826376,-1.0,ALIGNED,0.0,NEUTRAL_MIXED,True,True
L02413,76568,LONG,1,sub3,-1.0125218496608697,-22.640913729514978,loss,0.1475613730549817,0.77775475952981,-1.0,AGAINST,0.0,NEUTRAL_MIXED,True,True
L02414,76649,LONG,1,sub3,0.9435305641655224,4.678434520602423,win,0.146220345993142,0.8637776746328337,-1.0,AGAINST,0.0,NEUTRAL_MIXED,True,True
L02415,76663,SHORT,-1,sub3,0.9230387292350828,3.35819356434331,win,0.146220345993142,-0.4778434813215842,-1.0,ALIGNED,0.0,NEUTRAL_MIXED,True,True
L02416,76666,LONG,1,sub3,-1.0209849149938923,-13.622918000009122,loss,0.146220345993142,0.8969275649265656,-1.0,AGAINST,0.0,NEUTRAL_MIXED,True,True
L02417,76676,LONG,1,sub3,-1.0236122175002265,-12.138267864845147,loss,0.146220345993142,-1.7955340961159556,-1.0,AGAINST,0.0,NEUTRAL_MIXED,True,True
L02418,76693,LONG,1,sub3,-1.0206294253335666,-13.852845363999222,loss,0.146220345993142,0.3416784436396575,-1.0,AGAINST,0.0,NEUTRAL_MIXED,True,True
L02419,76698,LONG,1,sub3,-1.0265971745597118,-10.807434008904238,loss,0.146220345993142,-0.1895450028660978,-1.0,AGAINST,0.0,NEUTRAL_MIXED,True,True
L02420,76748,LONG,1,sub3,-1.0158969805056943,-17.89340777264988,loss,0.146220345993142,-1.5926716688971851,-1.0,AGAINST,0.0,NEUTRAL_MIXED,True,True
L02423,76821,LONG,1,sub3,-1.0313496505512492,-9.211519014635996,loss,0.146220345993142,-0.5675647189157327,-1.0,AGAINST,0.0,NEUTRAL_MIXED,True,True
L02424,76827,LONG,1,sub3,-1.0343978165455576,-8.420051553267513,loss,0.146220345993142,0.5450939738204053,-1.0,AGAINST,0.0,NEUTRAL_MIXED,True,True
L02425,76832,LONG,1,sub3,-1.0224463267768644,-12.754201359719444,loss,0.146220345993142,-0.5459086364784531,-1.0,AGAINST,0.0,NEUTRAL_MIXED,True,True
L02427,76855,SHORT,-1,sub3,0.978668751599128,12.84628284752398,win,0.146220345993142,0.6315668699299262,-1.0,ALIGNED,0.0,NEUTRAL_MIXED,True,True
L02428,76930,SHORT,-1,sub3,0.974621840240234,10.753108887766755,win,0.1249606786402224,-0.1534906567061278,0.0,NEUTRAL_MIXED,-1.0,ALIGNED,True,True
L02429,76947,LONG,1,sub3,-1.0904373981598223,-9.999179019906803,loss,0.1249606786402224,-0.737610300769576,0.0,NEUTRAL_MIXED,-1.0,AGAINST,True,True
L02430,76960,LONG,1,sub3,0.9900505198656402,27.86217388441128,win,0.1249606786402224,-0.7296893095387156,0.0,NEUTRAL_MIXED,-1.0,AGAINST,True,True
L02431,77042,SHORT,-1,sub3,0.979757603254819,13.552354119197844,win,0.1249606786402224,0.3658970109352104,0.0,NEUTRAL_MIXED,-1.0,ALIGNED,True,True
L02433,77096,SHORT,-1,sub3,-1.015652239953178,-18.168813411898554,loss,0.1249606786402224,-1.7662347793078437,0.0,NEUTRAL_MIXED,-1.0,ALIGNED,True,True
L02434,77113,SHORT,-1,sub3,-1.0236333650373737,-12.127656884996211,loss,0.1249606786402224,-0.3913033824916767,0.0,NEUTRAL_MIXED,-1.0,ALIGNED,True,True
L02436,77139,LONG,1,sub3,0.9741728461766648,10.561302991259254,win,0.1249606786402224,0.8865403423002849,0.0,NEUTRAL_MIXED,-1.0,AGAINST,True,True
L02437,77223,SHORT,-1,sub3,-1.0411965598396236,-7.076684021450092,loss,0.1092484392177045,-0.3965600083437187,0.0,NEUTRAL_MIXED,-1.0,ALIGNED,True,True
L02438,77226,LONG,1,sub3,-1.0187046189667626,-15.24956449624642,loss,0.1092484392177045,-0.388637421343548,0.0,NEUTRAL_MIXED,-1.0,AGAINST,True,True
L02439,77244,LONG,1,sub3,-1.0248140004253687,-11.56395241399332,loss,0.1092484392177045,-0.5677178630459796,0.0,NEUTRAL_MIXED,-1.0,AGAINST,True,True
L02440,77268,LONG,1,sub3,-1.0334618132818087,-8.647747367501324,loss,0.1092484392177045,0.3906916830144303,0.0,NEUTRAL_MIXED,-1.0,AGAINST,True,True
L02441,77284,LONG,1,sub3,-1.0633141034666098,-4.702395401182002,loss,0.1092484392177045,-0.0222422077199426,0.0,NEUTRAL_MIXED,-1.0,AGAINST,True,True
L02442,77295,LONG,1,sub3,0.9683108354854356,8.555827775514445,win,0.1092484392177045,-0.801627118741989,0.0,NEUTRAL_MIXED,-1.0,AGAINST,True,True
L02443,77356,LONG,1,sub3,-1.02106903881302,-13.569642801722694,loss,0.1092484392177045,0.7228727255342247,0.0,NEUTRAL_MIXED,-1.0,AGAINST,True,True
L02444,77391,LONG,1,sub3,-1.0510827880837486,-39.66859647177359,loss,0.1092484392177045,-1.6970687748168,0.0,NEUTRAL_MIXED,-1.0,AGAINST,True,True
L02445,77523,LONG,1,sub3,-1.0111261066812638,-25.446035884967387,loss,0.0865825856059928,-1.3738215099331106,0.0,NEUTRAL_MIXED,0.0,NEUTRAL_MIXED,False,False
L02446,77544,LONG,1,sub3,0.97343647589808,10.26077007728054,win,0.0865825856059928,0.0448205744157464,0.0,NEUTRAL_MIXED,0.0,NEUTRAL_MIXED,False,False
L02447,77642,SHORT,-1,sub3,-1.0424356241115995,-6.87822980956571,loss,0.0865825856059928,0.299370213394531,0.0,NEUTRAL_MIXED,0.0,NEUTRAL_MIXED,False,False
L02448,77655,SHORT,-1,sub3,0.9531185833340536,5.692515762391849,win,0.0865825856059928,-0.4776637381336114,0.0,NEUTRAL_MIXED,0.0,NEUTRAL_MIXED,False,False
L02449,77660,SHORT,-1,sub3,0.9574229088798396,6.29630647454087,win,0.0865825856059928,0.0226544806625055,0.0,NEUTRAL_MIXED,0.0,NEUTRAL_MIXED,False,False
L02451,77692,SHORT,-1,sub3,-1.0126150185149996,-22.47576607578776,loss,0.0865825856059928,-0.3344059206902416,0.0,NEUTRAL_MIXED,0.0,NEUTRAL_MIXED,False,False
L02452,77781,SHORT,-1,sub3,-1.0267915416757036,-10.73105964374554,loss,0.0734849608440767,-0.3192832019696045,0.0,NEUTRAL_MIXED,0.0,NEUTRAL_MIXED,False,False
L02453,77801,SHORT,-1,sub3,0.9761703231278096,11.470054417540268,win,0.0734849608440767,0.4365073282284858,0.0,NEUTRAL_MIXED,0.0,NEUTRAL_MIXED,False,False
L02455,77847,LONG,1,sub3,0.9727187230400663,9.98344919308056,win,0.0734849608440767,-1.6883082849952684,0.0,NEUTRAL_MIXED,0.0,NEUTRAL_MIXED,False,False
L02456,77871,LONG,1,sub3,0.9646407645866292,7.638723262176427,win,0.0734849608440767,0.033091225187859,0.0,NEUTRAL_MIXED,0.0,NEUTRAL_MIXED,False,False
L02457,77912,LONG,1,sub3,-1.01961943304893,-14.55156428538794,loss,0.0734849608440767,0.1591971903400086,0.0,NEUTRAL_MIXED,0.0,NEUTRAL_MIXED,False,False
L02458,77927,LONG,1,sub3,-1.030702586824496,-9.39975272967149,loss,0.0734849608440767,0.3662184710091559,0.0,NEUTRAL_MIXED,0.0,NEUTRAL_MIXED,False,False
L02459,77933,LONG,1,sub3,-1.0235341682043926,-12.177594916841372,loss,0.0734849608440767,-0.3879065627405642,0.0,NEUTRAL_MIXED,0.0,NEUTRAL_MIXED,False,False
L02461,78000,SHORT,-1,sub3,0.9800507046475644,13.755583465681411,win,0.0734849608440767,1.559371450513427,0.0,NEUTRAL_MIXED,0.0,NEUTRAL_MIXED,False,False
L02462,78030,SHORT,-1,sub3,0.9370919865632804,4.170943285345857,win,0.0642403129525485,0.2506616068618527,0.0,NEUTRAL_MIXED,0.0,NEUTRAL_MIXED,False,False
L02464,78079,LONG,1,sub3,-1.0418326810498744,-6.973331456973938,loss,0.0642403129525485,-0.0592016147271362,0.0,NEUTRAL_MIXED,0.0,NEUTRAL_MIXED,False,False
L02465,78086,LONG,1,sub3,0.9561644155588622,6.107504662487372,win,0.0642403129525485,-0.3295868756687368,0.0,NEUTRAL_MIXED,0.0,NEUTRAL_MIXED,False,False
L02466,78130,LONG,1,sub3,-1.0168523245527985,-16.89491856054792,loss,0.0642403129525485,-1.5897393249581346,0.0,NEUTRAL_MIXED,0.0,NEUTRAL_MIXED,False,False
L02468,78328,SHORT,-1,sub3,0.9680565324648356,8.485485453086767,win,0.0629838936458662,1.110999991428563,0.0,NEUTRAL_MIXED,0.0,NEUTRAL_MIXED,False,False
L02470,78479,LONG,1,sub3,0.9736389389395752,10.341727227095362,win,0.0629838936458662,-2.8850259269991825,0.0,NEUTRAL_MIXED,0.0,NEUTRAL_MIXED,False,False
L02472,78557,SHORT,-1,sub3,-1.0667899995467842,-4.472244376413983,loss,0.0642142067103385,-0.8462394627158304,0.0,NEUTRAL_MIXED,0.0,NEUTRAL_MIXED,False,False
L02474,78589,LONG,1,sub3,-1.03121592141164,-9.249781679943226,loss,0.0642142067103385,0.6394018895566854,1.0,ALIGNED,0.0,NEUTRAL_MIXED,True,True
L02475,78601,LONG,1,sub3,-1.025345641563442,-11.32726425250712,loss,0.0642142067103385,-1.1149613274840149,1.0,ALIGNED,0.0,NEUTRAL_MIXED,True,True
L02476,78640,LONG,1,sub3,-1.035685335533968,-8.126360299293083,loss,0.0642142067103385,0.9532893524852,1.0,ALIGNED,0.0,NEUTRAL_MIXED,True,True
L02477,78663,LONG,1,sub3,-1.0355427985418626,-8.157826493344146,loss,0.0642142067103385,-0.2199931010783848,1.0,ALIGNED,0.0,NEUTRAL_MIXED,True,True
L02479,78686,LONG,1,sub3,-1.0438157186446797,-6.670400720602629,loss,0.0642142067103385,0.4709429690243115,1.0,ALIGNED,0.0,NEUTRAL_MIXED,True,True
L02480,78694,LONG,1,sub3,0.9684655104862993,8.599167042770205,win,0.0642142067103385,-0.1568273163847027,1.0,ALIGNED,0.0,NEUTRAL_MIXED,True,True
L02481,78727,LONG,1,sub3,0.9731700472164256,10.1560973818805,win,0.0642142067103385,-0.0098441579901084,1.0,ALIGNED,0.0,NEUTRAL_MIXED,True,True
L02483,78772,LONG,1,sub3,-1.038978883730176,-7.463376567141495,loss,0.0642142067103385,0.0954406424143195,1.0,ALIGNED,0.0,NEUTRAL_MIXED,True,True
L02484,78796,LONG,1,sub3,0.9771643801339276,11.981545849983377,win,0.0642142067103385,-0.8850431400922152,1.0,ALIGNED,0.0,NEUTRAL_MIXED,True,True
L02485,78830,LONG,1,sub3,-1.0482456263525222,-6.083634881942999,loss,0.0662309426993805,0.0015982027772378,1.0,ALIGNED,0.0,NEUTRAL_MIXED,True,True
L02487,78843,SHORT,-1,sub3,-1.0406345868791855,-7.170681596768191,loss,0.0662309426993805,-1.2706878057297992,1.0,AGAINST,0.0,NEUTRAL_MIXED,True,True
L02488,78855,SHORT,-1,sub3,0.9710867080412492,9.404127300346772,win,0.0662309426993805,-0.3122511999563919,0.0,NEUTRAL_MIXED,0.0,NEUTRAL_MIXED,False,False
L02491,78947,LONG,1,sub3,0.9661028101144647,7.980271749550411,win,0.0662309426993805,1.208448661534351,0.0,NEUTRAL_MIXED,0.0,NEUTRAL_MIXED,False,False
L02493,79004,SHORT,-1,sub3,0.9866578429636396,20.706111858643453,win,0.0662309426993805,-1.7845545435969388,0.0,NEUTRAL_MIXED,0.0,NEUTRAL_MIXED,False,False
L02495,79109,SHORT,-1,sub3,0.9642855696460548,7.559968248848236,win,0.0561443802585691,-1.0291636450592825,0.0,NEUTRAL_MIXED,0.0,NEUTRAL_MIXED,False,False
L02496,79130,LONG,1,sub3,-1.0436926372171678,-6.688402372440578,loss,0.0561443802585691,0.2673344366362997,-1.0,AGAINST,0.0,NEUTRAL_MIXED,True,True
L02497,79189,LONG,1,sub3,0.9609934668949096,6.898284705443075,win,0.0561443802585691,0.5928499003781286,-1.0,AGAINST,0.0,NEUTRAL_MIXED,True,True
L02498,79266,LONG,1,sub3,-1.036836380241902,-7.881181173664117,loss,0.0561443802585691,1.43335256506443,-1.0,AGAINST,0.0,NEUTRAL_MIXED,True,True
L02500,79289,SHORT,-1,sub3,-1.0141489863945186,-20.069403438054,loss,0.0561443802585691,-2.216901796046097,-1.0,ALIGNED,0.0,NEUTRAL_MIXED,True,True
L02501,79336,SHORT,-1,sub3,-1.0233141919933348,-12.289852199926829,loss,0.0561443802585691,-0.4542956215653431,-1.0,ALIGNED,0.0,NEUTRAL_MIXED,True,True
L02503,79384,LONG,1,sub3,-1.071394114585076,-4.201891904227523,loss,0.0496218650182841,-0.2131722673769417,-1.0,AGAINST,-1.0,AGAINST,False,False
L02504,79391,LONG,1,sub3,-1.073206383098029,-4.10480308617025,loss,0.0496218650182841,0.4621591142342486,-1.0,AGAINST,-1.0,AGAINST,False,False
L02505,79402,LONG,1,sub3,0.932869982016546,3.891010352918784,win,0.0496218650182841,0.3257065023279872,-1.0,AGAINST,-1.0,AGAINST,False,False
L02506,79409,SHORT,-1,sub3,-1.0578007369420164,-5.124228894202133,loss,0.0496218650182841,-1.5423174058684157,0.0,NEUTRAL_MIXED,-1.0,ALIGNED,True,True
L02507,79421,SHORT,-1,sub3,-1.017432209812277,-16.34222062583649,loss,0.0496218650182841,-1.1657973972486444,0.0,NEUTRAL_MIXED,-1.0,ALIGNED,True,True
L02508,79478,SHORT,-1,sub3,-1.0270484214641218,-10.631805571059886,loss,0.0496218650182841,-0.3736827767471889,0.0,NEUTRAL_MIXED,-1.0,ALIGNED,True,True
L02510,79499,SHORT,-1,sub3,0.9512019214532138,5.457930843571376,win,0.0496218650182841,-0.6332890873076676,0.0,NEUTRAL_MIXED,-1.0,ALIGNED,True,True
L02511,79523,SHORT,-1,sub3,-1.023398107125446,-12.246779983503984,loss,0.0496218650182841,0.5394983579722408,0.0,NEUTRAL_MIXED,-1.0,ALIGNED,True,True
L02512,79536,SHORT,-1,sub3,0.9695657453696792,8.920159603109823,win,0.0496218650182841,-1.2705894814647123,0.0,NEUTRAL_MIXED,-1.0,ALIGNED,True,True
L02513,79558,LONG,1,sub3,0.9708922932293352,9.339445537455504,win,0.0496218650182841,-1.357706038094237,0.0,NEUTRAL_MIXED,-1.0,AGAINST,True,True
L02514,79575,SHORT,-1,sub3,-1.016888773920812,-16.859060227434384,loss,0.0496218650182841,-0.8928604570738915,0.0,NEUTRAL_MIXED,-1.0,ALIGNED,True,True
L02515,79591,SHORT,-1,sub3,0.9888356033239928,24.79972514111614,win,0.0496218650182841,-1.0279997425383844,0.0,NEUTRAL_MIXED,-1.0,ALIGNED,True,True
L02516,79663,LONG,1,sub3,-1.048152813135604,-18.051554443686975,loss,0.0521794902669239,-0.971958737099805,0.0,NEUTRAL_MIXED,0.0,NEUTRAL_MIXED,False,False
L02517,79730,LONG,1,sub3,-1.040809132908249,-7.141209245249229,loss,0.0521794902669239,-0.8132560743594407,0.0,NEUTRAL_MIXED,0.0,NEUTRAL_MIXED,False,False
L02519,79774,LONG,1,sub3,-1.0284389355958892,-10.125656812878333,loss,0.0521794902669239,-0.6359795346071845,0.0,NEUTRAL_MIXED,0.0,NEUTRAL_MIXED,False,False
L02520,79783,LONG,1,sub3,0.9601260389915056,6.742126543710583,win,0.0521794902669239,0.8421210947719568,0.0,NEUTRAL_MIXED,0.0,NEUTRAL_MIXED,False,False
L02521,79795,LONG,1,sub3,0.9686018935906108,8.637735240138682,win,0.0521794902669239,0.1651938321926555,0.0,NEUTRAL_MIXED,0.0,NEUTRAL_MIXED,False,False
L02522,79822,SHORT,-1,sub3,0.9547305994639186,5.905193457056157,win,0.0521794902669239,-0.021091075501214,0.0,NEUTRAL_MIXED,0.0,NEUTRAL_MIXED,False,False
L02523,79828,LONG,1,sub3,-1.0346664570295625,-8.35697192020234,loss,0.0521794902669239,-0.959029537583521,0.0,NEUTRAL_MIXED,0.0,NEUTRAL_MIXED,False,False
L02524,79859,LONG,1,sub3,0.9762480873278644,11.508524312364898,win,0.0521794902669239,-0.1410168934625527,0.0,NEUTRAL_MIXED,0.0,NEUTRAL_MIXED,False,False
L02525,79933,LONG,1,sub3,-1.142072297286161,-2.2508275670152216,loss,0.0439284840798399,0.7344774091618038,0.0,NEUTRAL_MIXED,0.0,NEUTRAL_MIXED,False,False
L02526,79935,SHORT,-1,sub3,-1.0747648549088435,-4.025075147167627,loss,0.0439284840798399,0.7780203134500957,0.0,NEUTRAL_MIXED,0.0,NEUTRAL_MIXED,False,False
L02527,79949,SHORT,-1,sub3,0.9101144634194568,2.8350729099747696,win,0.0439284840798399,-1.1750002915581623,0.0,NEUTRAL_MIXED,0.0,NEUTRAL_MIXED,False,False
L02528,79953,LONG,1,sub3,-1.1547551601205763,-6.18808738618223,loss,0.0439284840798399,-0.6317719395651773,0.0,NEUTRAL_MIXED,0.0,NEUTRAL_MIXED,False,False
L02530,79964,SHORT,-1,sub3,0.9751661825350864,10.994947977540503,win,0.0439284840798399,0.6343831989139067,0.0,NEUTRAL_MIXED,0.0,NEUTRAL_MIXED,False,False
L02531,79969,LONG,1,sub3,-1.025106791091467,-11.43236108750807,loss,0.0439284840798399,-0.0042057129622548,0.0,NEUTRAL_MIXED,0.0,NEUTRAL_MIXED,False,False
L02532,79981,LONG,1,sub3,0.9824449824368916,15.669855874200948,win,0.0439284840798399,-0.4235898059717134,0.0,NEUTRAL_MIXED,0.0,NEUTRAL_MIXED,False,False
L02533,80026,SHORT,-1,sub3,-1.0288581258510816,-9.982639784911044,loss,0.0439284840798399,-0.289030226607296,0.0,NEUTRAL_MIXED,0.0,NEUTRAL_MIXED,False,False
L02534,80044,SHORT,-1,sub3,0.9621312182752436,7.113953204931931,win,0.0439284840798399,0.0097724327019765,0.0,NEUTRAL_MIXED,0.0,NEUTRAL_MIXED,False,False
L02535,80092,LONG,1,sub3,-1.1134868100048405,-2.747247074693405,loss,0.0439284840798399,0.906584188200898,0.0,NEUTRAL_MIXED,0.0,NEUTRAL_MIXED,False,False
L02537,80096,LONG,1,sub3,-1.0768452388757714,-3.923687027290725,loss,0.0439284840798399,-1.200291139877398,0.0,NEUTRAL_MIXED,0.0,NEUTRAL_MIXED,False,False
L02538,80103,LONG,1,sub3,0.9390883017744796,4.316818150824474,win,0.0439284840798399,0.3054504010687786,0.0,NEUTRAL_MIXED,0.0,NEUTRAL_MIXED,False,False
L02539,80105,SHORT,-1,sub3,0.9520374155494304,5.557883909053999,win,0.0439284840798399,-0.2774309770019593,0.0,NEUTRAL_MIXED,0.0,NEUTRAL_MIXED,False,False
L02540,80130,LONG,1,sub3,-1.0225747966753105,-12.68321248637858,loss,0.0439284840798399,-1.1887611937629192,0.0,NEUTRAL_MIXED,0.0,NEUTRAL_MIXED,False,False
L02541,80164,LONG,1,sub3,-1.0620261872022505,-4.794222341084605,loss,0.0439284840798399,0.8103539818481056,0.0,NEUTRAL_MIXED,0.0,NEUTRAL_MIXED,False,False
L02542,80172,LONG,1,sub3,-1.0547924496441494,-5.3901931346226775,loss,0.0439284840798399,0.0730773946792203,0.0,NEUTRAL_MIXED,0.0,NEUTRAL_MIXED,False,False
L02543,80180,LONG,1,sub3,-1.037038739486182,-7.839652512071552,loss,0.0439284840798399,0.5082018855751751,0.0,NEUTRAL_MIXED,0.0,NEUTRAL_MIXED,False,False
L02544,80231,LONG,1,sub3,0.9782253260953182,12.578975579902362,win,0.0425500419980467,0.2683566972680676,0.0,NEUTRAL_MIXED,0.0,NEUTRAL_MIXED,False,False
L02546,80303,LONG,1,sub3,-1.0285211125269755,-10.09728885000004,loss,0.0425500419980467,-1.2067595917115692,0.0,NEUTRAL_MIXED,0.0,NEUTRAL_MIXED,False,False
L02547,80314,LONG,1,sub3,0.961311881258141,6.957364056621373,win,0.0425500419980467,-0.4574930069708501,0.0,NEUTRAL_MIXED,0.0,NEUTRAL_MIXED,False,False
L02548,80332,LONG,1,sub3,-1.0439796046650114,-6.646587470110717,loss,0.0425500419980467,-0.2173403056724462,0.0,NEUTRAL_MIXED,0.0,NEUTRAL_MIXED,False,False
L02549,80340,LONG,1,sub3,-1.0212242803999545,-13.47243784591501,loss,0.0425500419980467,0.4694408727142212,0.0,NEUTRAL_MIXED,0.0,NEUTRAL_MIXED,False,False
L02551,80371,SHORT,-1,sub3,0.9532131261671396,5.70458450121896,win,0.0425500419980467,-0.2742817442133876,0.0,NEUTRAL_MIXED,0.0,NEUTRAL_MIXED,False,False
L02552,80383,LONG,1,sub3,0.9685570213555008,8.625008751440873,win,0.0425500419980467,-0.6698878749389373,0.0,NEUTRAL_MIXED,0.0,NEUTRAL_MIXED,False,False
L02554,80400,LONG,1,sub3,-1.0129335750776518,-21.9290798808197,loss,0.0425500419980467,-0.909345339341262,0.0,NEUTRAL_MIXED,0.0,NEUTRAL_MIXED,False,False
L02556,80509,SHORT,-1,sub3,-1.0239565095990364,-11.967846213286975,loss,0.0409873716087847,-0.781821888787975,0.0,NEUTRAL_MIXED,0.0,NEUTRAL_MIXED,False,False
L02557,80527,SHORT,-1,sub3,-1.0220174081033997,-12.997209886182644,loss,0.0409873716087847,-1.2821448930210055,0.0,NEUTRAL_MIXED,0.0,NEUTRAL_MIXED,False,False
L02558,80547,SHORT,-1,sub3,0.9681020690271506,8.497998806222313,win,0.0409873716087847,-1.2851173168546874,0.0,NEUTRAL_MIXED,0.0,NEUTRAL_MIXED,False,False
L02559,80568,SHORT,-1,sub3,0.9658113944454876,7.90986312718087,win,0.0409873716087847,-0.5021831578738682,0.0,NEUTRAL_MIXED,0.0,NEUTRAL_MIXED,False,False
L02560,80654,SHORT,-1,sub3,-1.012781806185049,-22.186137203690123,loss,0.0409873716087847,-0.4458493777544247,0.0,NEUTRAL_MIXED,0.0,NEUTRAL_MIXED,False,False
L02562,80694,LONG,1,sub3,-1.0479198389800135,-18.135284695536352,loss,0.0409873716087847,1.6704842385730918,0.0,NEUTRAL_MIXED,0.0,NEUTRAL_MIXED,False,False
L02563,80789,LONG,1,sub3,-1.0281389737814128,-10.230611638354276,loss,0.0388436587032193,-0.5244307279909006,0.0,NEUTRAL_MIXED,0.0,NEUTRAL_MIXED,False,False
L02564,80811,LONG,1,sub3,-1.03063819061782,-9.41892088124223,loss,0.0388436587032193,-0.2003975046665986,0.0,NEUTRAL_MIXED,0.0,NEUTRAL_MIXED,False,False
L02565,80828,LONG,1,sub3,0.9535113299881632,5.742972907793046,win,0.0388436587032193,0.1419347554622775,0.0,NEUTRAL_MIXED,0.0,NEUTRAL_MIXED,False,False
L02566,80859,LONG,1,sub3,0.978179844046698,12.552172263107424,win,0.0388436587032193,0.2375832097926845,0.0,NEUTRAL_MIXED,0.0,NEUTRAL_MIXED,False,False
L02567,80920,LONG,1,sub3,0.9552179850146788,5.9725100778159685,win,0.0388436587032193,0.7014241305630899,0.0,NEUTRAL_MIXED,0.0,NEUTRAL_MIXED,False,False
L02568,80927,SHORT,-1,sub3,-1.0305425021678385,-9.447552758513666,loss,0.0388436587032193,-0.9650563694176116,0.0,NEUTRAL_MIXED,0.0,NEUTRAL_MIXED,False,False
L02570,80962,LONG,1,sub3,-1.0125483802140791,-21.78672131336134,loss,0.0388436587032193,-0.4578007080973204,0.0,NEUTRAL_MIXED,0.0,NEUTRAL_MIXED,False,False
L02572,81016,LONG,1,sub3,-1.032623666212195,-8.546200419789784,loss,0.0388436587032193,0.5331640657474647,0.0,NEUTRAL_MIXED,0.0,NEUTRAL_MIXED,False,False
L02574,81037,LONG,1,sub3,0.9800318865549772,13.251557794821563,win,0.0169171356371745,1.4207118908402294,0.0,NEUTRAL_MIXED,0.0,NEUTRAL_MIXED,False,False
L02575,81068,SHORT,-1,sub3,0.9686729422156246,8.657960338563498,win,0.0169171356371745,0.2062377036815362,0.0,NEUTRAL_MIXED,0.0,NEUTRAL_MIXED,False,False
L02576,81092,LONG,1,sub3,-1.016155466916993,-17.611594403263553,loss,0.0169171356371745,-1.143256405400304,0.0,NEUTRAL_MIXED,0.0,NEUTRAL_MIXED,False,False
L02577,81131,LONG,1,sub3,0.9910314826933222,29.83531069604942,win,0.0169171356371745,-0.1098116567867127,0.0,NEUTRAL_MIXED,0.0,NEUTRAL_MIXED,False,False
L02578,81205,SHORT,-1,sub3,-1.0250630029568983,-11.451845627684634,loss,0.0169171356371745,0.2404590431992698,0.0,NEUTRAL_MIXED,0.0,NEUTRAL_MIXED,False,False
L02579,81215,SHORT,-1,sub3,-1.0275824213665972,-10.431393029611172,loss,0.0169171356371745,-0.8551973349309041,0.0,NEUTRAL_MIXED,0.0,NEUTRAL_MIXED,False,False
L02582,81319,LONG,1,sub3,-1.0706422015706818,-4.243636378469091,loss,0.0023870392820455,-0.5963072634323551,0.0,NEUTRAL_MIXED,-1.0,AGAINST,True,True
L02583,81337,LONG,1,sub3,0.9651115627260844,7.468953679140213,win,0.0023870392820455,-0.7206010241213116,0.0,NEUTRAL_MIXED,-1.0,AGAINST,True,True
L02584,81360,SHORT,-1,sub3,-1.0376080085706945,-7.7252227236213,loss,0.0023870392820455,-1.3671238797276928,0.0,NEUTRAL_MIXED,-1.0,ALIGNED,True,True
L02585,81371,SHORT,-1,sub3,-1.0446670579330426,-6.548601805393446,loss,0.0023870392820455,0.1806335446299002,0.0,NEUTRAL_MIXED,-1.0,ALIGNED,True,True
L02586,81375,SHORT,-1,sub3,0.95571680914485,6.042940930713485,win,0.0023870392820455,0.158407337038412,0.0,NEUTRAL_MIXED,-1.0,ALIGNED,True,True
L02587,81409,SHORT,-1,sub3,0.972636624857682,9.9526558234993,win,0.0023870392820455,-1.673316234512003,0.0,NEUTRAL_MIXED,-1.0,ALIGNED,True,True
L02589,81486,LONG,1,sub3,0.9389953594843844,4.309814768746037,win,0.0023870392820455,0.0985066034363457,0.0,NEUTRAL_MIXED,-1.0,AGAINST,True,True
L02590,81489,SHORT,-1,sub3,-1.0564921748497536,-5.236438670406642,loss,0.0023870392820455,1.1837193839510671,0.0,NEUTRAL_MIXED,-1.0,ALIGNED,True,True
L02592,81500,LONG,1,sub3,0.9773089088572144,12.059644587327966,win,0.0023870392820455,1.593015388121629,0.0,NEUTRAL_MIXED,-1.0,AGAINST,True,True
L02594,81539,LONG,1,sub3,-1.0130588241962,-20.945674620002137,loss,0.0023870392820455,0.2073671425150662,0.0,NEUTRAL_MIXED,-1.0,AGAINST,True,True
L02595,81614,LONG,1,sub3,-1.0164051695892766,-16.1086627392242,loss,-0.0189459497642795,0.5070145789379557,0.0,NEUTRAL_MIXED,0.0,NEUTRAL_MIXED,False,False
L02596,81622,LONG,1,sub3,-1.0161342556058048,-16.374781267421895,loss,-0.0189459497642795,-0.9032295337912934,0.0,NEUTRAL_MIXED,0.0,NEUTRAL_MIXED,False,False
L02597,81626,LONG,1,sub3,-1.0118848749524916,-22.136544855502507,loss,-0.0189459497642795,-0.5140009620173112,0.0,NEUTRAL_MIXED,0.0,NEUTRAL_MIXED,False,False
L02598,81644,LONG,1,sub3,-1.0201271663762228,-13.177864101693558,loss,-0.0189459497642795,-0.1420342977269514,0.0,NEUTRAL_MIXED,0.0,NEUTRAL_MIXED,False,False
L02599,81653,LONG,1,sub3,0.961681516315356,6.525237175353141,win,-0.0189459497642795,-0.5106423726390804,0.0,NEUTRAL_MIXED,0.0,NEUTRAL_MIXED,False,False
L02600,81672,LONG,1,sub3,0.9414091629387134,4.177553942577106,win,-0.0189459497642795,-0.990781972593436,0.0,NEUTRAL_MIXED,0.0,NEUTRAL_MIXED,False,False
L02601,81722,LONG,1,sub3,-1.0254435310168633,-10.478707451725311,loss,-0.0189459497642795,-0.0997517368778083,0.0,NEUTRAL_MIXED,0.0,NEUTRAL_MIXED,False,False
L02602,81735,LONG,1,sub3,0.976807111881332,10.95033304131448,win,-0.0189459497642795,-1.3646575495395892,0.0,NEUTRAL_MIXED,0.0,NEUTRAL_MIXED,False,False
L02603,81745,LONG,1,sub3,-1.0178669256103172,-14.812027901772126,loss,-0.0189459497642795,0.1914773022780608,0.0,NEUTRAL_MIXED,0.0,NEUTRAL_MIXED,False,False
L02605,81765,SHORT,-1,sub3,-1.0124328700279532,-21.172307408961387,loss,-0.0189459497642795,-0.4658849278202379,0.0,NEUTRAL_MIXED,0.0,NEUTRAL_MIXED,False,False
L02606,81782,SHORT,-1,sub3,0.9855395506408688,17.720077488811512,win,-0.0189459497642795,-1.7338549275813493,0.0,NEUTRAL_MIXED,0.0,NEUTRAL_MIXED,False,False
L02607,81802,LONG,1,sub3,-1.011949424678919,-22.01836971121429,loss,-0.0189459497642795,0.1586120052184051,0.0,NEUTRAL_MIXED,0.0,NEUTRAL_MIXED,False,False
L02608,81827,LONG,1,sub3,-1.019363499592702,-13.687324888018338,loss,-0.0189459497642795,0.1782652613392827,0.0,NEUTRAL_MIXED,0.0,NEUTRAL_MIXED,False,False
L02609,81870,LONG,1,sub3,-1.0116900794442936,-22.501080673505385,loss,-0.0497837734924221,-0.3497311315054972,0.0,NEUTRAL_MIXED,0.0,NEUTRAL_MIXED,False,False
L02610,81880,LONG,1,sub3,0.9686237851074144,24.98412354617325,win,-0.0497837734924221,-0.3201098149933997,0.0,NEUTRAL_MIXED,0.0,NEUTRAL_MIXED,False,False
L02612,82024,LONG,1,sub3,0.9558756503088066,5.632438116818321,win,-0.0497837734924221,-0.1642825867497153,-1.0,AGAINST,0.0,NEUTRAL_MIXED,True,True
L02613,82025,SHORT,-1,sub3,0.9646601726005408,7.097138365768842,win,-0.0497837734924221,0.3890615122232188,-1.0,ALIGNED,0.0,NEUTRAL_MIXED,True,True
L02614,82031,LONG,1,sub3,-1.0324150126253315,-8.280974818224877,loss,-0.0497837734924221,0.0480924229075506,-1.0,AGAINST,0.0,NEUTRAL_MIXED,True,True
L02615,82040,LONG,1,sub3,0.985174155145425,17.27694326026767,win,-0.0497837734924221,-0.3926428281269463,-1.0,AGAINST,0.0,NEUTRAL_MIXED,True,True
L02616,82059,LONG,1,sub3,0.9873905192186186,20.35940570813364,win,-0.0497837734924221,0.4018291751405285,-1.0,AGAINST,0.0,NEUTRAL_MIXED,True,True
L02617,82083,SHORT,-1,sub3,-1.0143792274249754,-18.34163904192974,loss,-0.0497837734924221,-0.9322792487872368,-1.0,ALIGNED,0.0,NEUTRAL_MIXED,True,True
L02618,82139,SHORT,-1,sub3,-1.0262839066932044,-10.542445536806554,loss,-0.0689488181412501,0.7286022675851817,-1.0,ALIGNED,-1.0,ALIGNED,False,False
L02619,82153,SHORT,-1,sub3,0.988428287127421,22.208583766568157,win,-0.0689488181412501,-2.032471141807362,-1.0,ALIGNED,-1.0,ALIGNED,False,False
L02620,82184,LONG,1,sub3,-1.0139565023236452,-18.88930940510272,loss,-0.0689488181412501,-1.8358392468739104,0.0,NEUTRAL_MIXED,-1.0,AGAINST,True,True
L02621,82236,LONG,1,sub3,-1.0241776910633908,-11.013715039146518,loss,-0.0689488181412501,-0.772484821292309,0.0,NEUTRAL_MIXED,-1.0,AGAINST,True,True
L02622,82254,LONG,1,sub3,0.966766112230537,7.563339893417833,win,-0.0689488181412501,0.4611381780718163,0.0,NEUTRAL_MIXED,-1.0,AGAINST,True,True
L02623,82303,LONG,1,sub3,-1.0252672535865384,-10.549998440461422,loss,-0.0689488181412501,-0.633781605625474,0.0,NEUTRAL_MIXED,-1.0,AGAINST,True,True
L02624,82320,LONG,1,sub3,-1.0203609701326188,-13.02952906991868,loss,-0.0689488181412501,-1.8254711926953624,0.0,NEUTRAL_MIXED,-1.0,AGAINST,True,True
L02625,82332,LONG,1,sub3,-1.019943690483806,-13.296704526243047,loss,-0.0689488181412501,-0.5059981022836929,0.0,NEUTRAL_MIXED,-1.0,AGAINST,True,True
L02626,82338,LONG,1,sub3,-1.0239049371202371,-11.136414302722187,loss,-0.0689488181412501,0.1553324078274756,0.0,NEUTRAL_MIXED,-1.0,AGAINST,True,True
L02628,82351,SHORT,-1,sub3,-1.0129937225275678,-24.16767429947049,loss,-0.0689488181412501,-0.3771979789170426,0.0,NEUTRAL_MIXED,-1.0,ALIGNED,True,True
L02629,82448,SHORT,-1,sub3,0.9764344559635356,11.601754122348211,win,-0.0794985093259098,-0.4689301113212705,0.0,NEUTRAL_MIXED,0.0,NEUTRAL_MIXED,False,False
L02630,82453,LONG,1,sub3,0.9894788238486404,25.39253013124744,win,-0.0794985093259098,-1.5389805293363463,0.0,NEUTRAL_MIXED,0.0,NEUTRAL_MIXED,False,False
L02631,82475,SHORT,-1,sub3,0.9693090298398568,8.527375859791391,win,-0.0794985093259098,-0.0418458802265866,0.0,NEUTRAL_MIXED,0.0,NEUTRAL_MIXED,False,False
L02632,82553,SHORT,-1,sub3,-1.0336378524364656,-8.603955892533122,loss,-0.0794985093259098,0.9604335856972304,0.0,NEUTRAL_MIXED,0.0,NEUTRAL_MIXED,False,False
L02634,82588,LONG,1,sub3,0.974878166265476,10.477623077744283,win,-0.0794985093259098,-1.7938510485629136,0.0,NEUTRAL_MIXED,0.0,NEUTRAL_MIXED,False,False
L02635,82611,SHORT,-1,sub3,0.975898965885732,11.33775875147512,win,-0.0794985093259098,0.8002432874466266,0.0,NEUTRAL_MIXED,0.0,NEUTRAL_MIXED,False,False
L02636,82659,LONG,1,sub3,-1.0325095659060963,-8.257646008292795,loss,-0.0794985093259098,0.2193012630857745,0.0,NEUTRAL_MIXED,0.0,NEUTRAL_MIXED,False,False
L02637,82691,LONG,1,sub3,-1.0755930161614886,-3.984045879086807,loss,-0.0788200510520474,-0.7814994349130102,0.0,NEUTRAL_MIXED,1.0,ALIGNED,True,True
L02638,82698,LONG,1,sub3,0.9479185223000596,4.914184702975945,win,-0.0788200510520474,0.4077203588598778,0.0,NEUTRAL_MIXED,1.0,ALIGNED,True,True
L02639,82706,SHORT,-1,sub3,-1.0651895919591294,-4.248366734420415,loss,-0.0788200510520474,-1.2077516407202775,0.0,NEUTRAL_MIXED,1.0,AGAINST,True,True
L02640,82717,SHORT,-1,sub3,0.9325513647754764,3.594785187790876,win,-0.0788200510520474,0.1421632523334487,1.0,AGAINST,1.0,AGAINST,False,False
L02641,82733,SHORT,-1,sub3,0.9706966213464842,8.612697004480651,win,-0.0788200510520474,-0.9796992519754464,1.0,AGAINST,1.0,AGAINST,False,False
L02642,82767,SHORT,-1,sub3,0.9636289452626996,6.888541659793191,win,-0.0788200510520474,-0.0271739940562379,1.0,AGAINST,1.0,AGAINST,False,False
L02643,82826,SHORT,-1,sub3,-1.0457089387356913,-6.176940906279015,loss,-0.0788200510520474,-0.2748567872239703,1.0,AGAINST,1.0,AGAINST,False,False
L02645,82858,LONG,1,sub3,0.9526635871638032,5.433854259821601,win,-0.0788200510520474,0.0277361806909529,1.0,ALIGNED,1.0,ALIGNED,False,False
L02647,82900,LONG,1,sub3,0.9788233089328328,12.017649948972576,win,-0.0788200510520474,0.1840591399469039,1.0,ALIGNED,1.0,ALIGNED,False,False
L02648,82973,LONG,1,sub3,0.9076908846583291,2.753286571582976,win,-0.0752324186513953,-0.4583192689068917,1.0,ALIGNED,0.0,NEUTRAL_MIXED,True,True
L02649,82986,SHORT,-1,sub3,0.9259711273698692,3.502308038102456,win,-0.0752324186513953,-0.2828481496118176,1.0,AGAINST,0.0,NEUTRAL_MIXED,True,True
L02650,82998,SHORT,-1,sub3,-1.051437007666574,-5.723551495369065,loss,-0.0752324186513953,-0.459350306017203,1.0,AGAINST,0.0,NEUTRAL_MIXED,True,True
L02651,83009,SHORT,-1,sub3,0.970164148876938,9.104682838298686,win,-0.0752324186513953,-0.8535867938470667,1.0,AGAINST,0.0,NEUTRAL_MIXED,True,True
L02652,83035,LONG,1,sub3,-1.0585800574485338,-4.87907707776958,loss,-0.0752324186513953,0.8440872752321835,1.0,ALIGNED,0.0,NEUTRAL_MIXED,True,True
L02653,83050,LONG,1,sub3,-1.0284129196749707,-9.410766727759436,loss,-0.0752324186513953,-1.1573729937269572,1.0,ALIGNED,0.0,NEUTRAL_MIXED,True,True
L02654,83097,LONG,1,sub3,0.957512405067939,6.084796039459434,win,-0.0752324186513953,-0.4104901512413825,1.0,ALIGNED,0.0,NEUTRAL_MIXED,True,True
L02655,83139,LONG,1,sub3,0.9510758015443082,5.248741410652656,win,-0.0752324186513953,0.2451833784181815,1.0,ALIGNED,0.0,NEUTRAL_MIXED,True,True
L02656,83147,SHORT,-1,sub3,-1.044506829914177,-6.571169255159475,loss,-0.0752324186513953,-1.6491228184452398,1.0,AGAINST,0.0,NEUTRAL_MIXED,True,True
L02657,83168,SHORT,-1,sub3,-1.0175377550412734,-16.245555416968273,loss,-0.0752324186513953,-0.7832961092036786,1.0,AGAINST,0.0,NEUTRAL_MIXED,True,True
L02660,83215,LONG,1,sub3,-1.0061105557245296,-46.10234621912696,loss,-0.0752324186513953,-3.007587507759125,1.0,ALIGNED,0.0,NEUTRAL_MIXED,True,True
L02662,83264,SHORT,-1,sub3,-1.0261848457001133,-10.189407374705295,loss,-0.0562831933510615,-0.9885067043266512,1.0,AGAINST,0.0,NEUTRAL_MIXED,True,True
L02663,83298,SHORT,-1,sub3,0.9671326831291932,7.650594011132853,win,-0.0562831933510615,-0.0482103023641503,0.0,NEUTRAL_MIXED,0.0,NEUTRAL_MIXED,False,False
L02665,83417,SHORT,-1,sub3,-1.0148079319941807,-17.81815735123564,loss,-0.0562831933510615,-0.9925443473841304,0.0,NEUTRAL_MIXED,0.0,NEUTRAL_MIXED,False,False
L02666,83432,SHORT,-1,sub3,0.9848077240671116,16.853959827267317,win,-0.0562831933510615,-1.765677135122342,0.0,NEUTRAL_MIXED,0.0,NEUTRAL_MIXED,False,False
L02667,83446,LONG,1,sub3,-1.020542353855168,-12.916777399188504,loss,-0.0562831933510615,1.047709359225327,0.0,NEUTRAL_MIXED,0.0,NEUTRAL_MIXED,False,False
L02668,83471,LONG,1,sub3,0.9727567008072158,9.28363119387086,win,-0.0562831933510615,-0.5058223743495484,0.0,NEUTRAL_MIXED,0.0,NEUTRAL_MIXED,False,False
L02669,83503,LONG,1,sub3,-1.0247510276643987,-10.764614334628275,loss,-0.0562831933510615,-1.367362515717159,0.0,NEUTRAL_MIXED,0.0,NEUTRAL_MIXED,False,False
L02671,83549,LONG,1,sub3,-1.0462157133855077,-5.885792202566336,loss,-0.0556024409313764,-0.9325240905408744,-1.0,AGAINST,0.0,NEUTRAL_MIXED,True,True
L02672,83560,LONG,1,sub3,-1.054664551997588,-5.016281548080769,loss,-0.0556024409313764,0.8150833275694132,-1.0,AGAINST,0.0,NEUTRAL_MIXED,True,True
L02673,83608,LONG,1,sub3,0.977852962269628,11.47971901640176,win,-0.0556024409313764,-1.4631851258072734,-1.0,AGAINST,0.0,NEUTRAL_MIXED,True,True
L02675,83692,SHORT,-1,sub3,-1.0340454440641391,-7.896851483282262,loss,-0.0556024409313764,-1.0092200839349157,-1.0,ALIGNED,0.0,NEUTRAL_MIXED,True,True
L02676,83702,SHORT,-1,sub3,0.9859288024981,18.21746078221895,win,-0.0556024409313764,-1.5894215614532825,-1.0,ALIGNED,0.0,NEUTRAL_MIXED,True,True
L02677,83749,SHORT,-1,sub3,-1.0348549540380627,-8.016388065972023,loss,-0.0613872218039361,-0.8700340778206133,0.0,NEUTRAL_MIXED,-1.0,ALIGNED,True,True
L02678,83762,SHORT,-1,sub3,0.9707387730201196,8.625478390191347,win,-0.0613872218039361,-0.6363902225701293,0.0,NEUTRAL_MIXED,-1.0,ALIGNED,True,True
L02679,83771,LONG,1,sub3,0.975354315173572,10.289514117027466,win,-0.0613872218039361,-2.030071190930069,0.0,NEUTRAL_MIXED,-1.0,AGAINST,True,True
L02680,83792,SHORT,-1,sub3,0.9890490161530436,23.482159027335,win,-0.0613872218039361,0.6507493828477277,0.0,NEUTRAL_MIXED,-1.0,ALIGNED,True,True
L02681,83914,LONG,1,sub3,-1.0471161124081667,-5.778282105871767,loss,-0.0613872218039361,-0.9022305952735258,0.0,NEUTRAL_MIXED,-1.0,AGAINST,True,True
L02682,83936,LONG,1,sub3,0.9774992694952588,11.295180394939962,win,-0.0613872218039361,1.0682763067151075,0.0,NEUTRAL_MIXED,-1.0,AGAINST,True,True
L02683,83968,LONG,1,sub3,0.9779530420473094,11.976587514694984,win,-0.0613872218039361,0.0379480508996681,0.0,NEUTRAL_MIXED,-1.0,AGAINST,True,True
L02684,84027,SHORT,-1,sub3,-1.0928231081597126,-3.0610266533294634,loss,-0.0721726300664275,-0.1821374342589709,0.0,NEUTRAL_MIXED,0.0,NEUTRAL_MIXED,False,False
L02686,84036,LONG,1,sub3,0.9086284564200178,2.5855248736452268,win,-0.0721726300664275,-0.1424990734151785,0.0,NEUTRAL_MIXED,0.0,NEUTRAL_MIXED,False,False
L02688,84054,LONG,1,sub3,0.9658085225807426,7.344234143265567,win,-0.0721726300664275,-1.3896463705479043,0.0,NEUTRAL_MIXED,0.0,NEUTRAL_MIXED,False,False
L02689,84060,SHORT,-1,sub3,0.9738376057507095,9.677928368588256,win,-0.0721726300664275,-1.2638878305173469,0.0,NEUTRAL_MIXED,0.0,NEUTRAL_MIXED,False,False
L02690,84076,LONG,1,sub3,-1.0201155766794685,-13.185306797970044,loss,-0.0721726300664275,-0.0781470072840059,0.0,NEUTRAL_MIXED,0.0,NEUTRAL_MIXED,False,False
L02691,84094,LONG,1,sub3,-1.0229562552247755,-11.585889063980176,loss,-0.0721726300664275,0.6115557218066936,0.0,NEUTRAL_MIXED,0.0,NEUTRAL_MIXED,False,False
L02692,84113,LONG,1,sub3,-1.0158317103870085,-16.682735992794733,loss,-0.0721726300664275,-1.1036545780015323,0.0,NEUTRAL_MIXED,0.0,NEUTRAL_MIXED,False,False
L02693,84131,LONG,1,sub3,-1.0308517850008017,-8.687389209197136,loss,-0.0721726300664275,-0.3894025901337202,0.0,NEUTRAL_MIXED,0.0,NEUTRAL_MIXED,False,False
L02694,84149,LONG,1,sub3,0.9761983153868736,10.66359655321503,win,-0.0721726300664275,-0.5775858263453382,0.0,NEUTRAL_MIXED,0.0,NEUTRAL_MIXED,False,False
L02695,84185,SHORT,-1,sub3,0.960875483554122,6.385449544657604,win,-0.0721726300664275,0.630182118601416,0.0,NEUTRAL_MIXED,0.0,NEUTRAL_MIXED,False,False
L02696,84198,LONG,1,sub3,-1.0325816827953456,-8.239943873168158,loss,-0.0721726300664275,0.0029295728839974,0.0,NEUTRAL_MIXED,0.0,NEUTRAL_MIXED,False,False
L02697,84207,LONG,1,sub3,0.9746854332361226,10.01076633091816,win,-0.0721726300664275,0.1005725764365352,0.0,NEUTRAL_MIXED,0.0,NEUTRAL_MIXED,False,False
L02698,84220,SHORT,-1,sub3,0.9796554076312466,12.51980877117694,win,-0.0721726300664275,-1.7019912955559116,0.0,NEUTRAL_MIXED,0.0,NEUTRAL_MIXED,False,False
L02699,84302,SHORT,-1,sub3,0.925034099624062,3.208243544016113,win,-0.0911515280286089,-0.0528555245903555,0.0,NEUTRAL_MIXED,0.0,NEUTRAL_MIXED,False,False
L02700,84322,LONG,1,sub3,-1.0162717539645476,-16.23860934762797,loss,-0.0911515280286089,0.41158549723616,0.0,NEUTRAL_MIXED,0.0,NEUTRAL_MIXED,False,False
L02701,84340,LONG,1,sub3,-1.011000835871816,-23.894567684655613,loss,-0.0911515280286089,0.1878020173281629,0.0,NEUTRAL_MIXED,0.0,NEUTRAL_MIXED,False,False
L02702,84366,LONG,1,sub3,0.9757919183991042,10.48021495328203,win,-0.0911515280286089,0.4822929155700698,0.0,NEUTRAL_MIXED,0.0,NEUTRAL_MIXED,False,False
L02703,84465,LONG,1,sub3,-1.0140774226259253,-11.52571688237822,loss,-0.0911515280286089,0.3871711545860516,0.0,NEUTRAL_MIXED,0.0,NEUTRAL_MIXED,False,False
L02705,84541,LONG,1,sub3,0.9903427105307576,26.662668190520435,win,-0.0911515280286089,-0.4361539826371564,0.0,NEUTRAL_MIXED,0.0,NEUTRAL_MIXED,False,False
L02707,84609,LONG,1,sub3,-1.0147576276461885,-17.87800786912885,loss,-0.1097973896441718,-1.9560900257924891,-1.0,AGAINST,-1.0,AGAINST,False,False
L02708,84626,LONG,1,sub3,0.9851337633674564,17.22929513411964,win,-0.1097973896441718,-0.9617311534440122,-1.0,AGAINST,-1.0,AGAINST,False,False
L02709,84738,LONG,1,sub3,0.971449820568646,8.506512392543755,win,-0.1097973896441718,-0.4186597129001639,-1.0,AGAINST,-1.0,AGAINST,False,False
L02710,84761,SHORT,-1,sub3,-1.0128003125351572,-18.989542195989088,loss,-0.1097973896441718,-0.9055915925727168,-1.0,ALIGNED,-1.0,ALIGNED,False,False
L02711,84797,SHORT,-1,sub3,0.9736993610273416,8.885253582214773,win,-0.1097973896441718,-0.836889901976636,-1.0,ALIGNED,-1.0,ALIGNED,False,False
L02712,84821,SHORT,-1,sub3,0.9739359281503864,8.96807774719764,win,-0.1097973896441718,-0.0166325881838317,-1.0,ALIGNED,-1.0,ALIGNED,False,False
L02715,84860,SHORT,-1,sub3,0.975362949389498,9.501425781602393,win,-0.1269105708540405,0.3920811494997928,-1.0,ALIGNED,0.0,NEUTRAL_MIXED,True,True
L02716,84877,LONG,1,sub3,0.9708376833423802,7.989798846830581,win,-0.1269105708540405,-1.7471453644804196,0.0,NEUTRAL_MIXED,0.0,NEUTRAL_MIXED,False,False
L02717,84914,LONG,1,sub3,0.9845863938343482,15.330658638898512,win,-0.1269105708540405,-1.3733724677402357,0.0,NEUTRAL_MIXED,0.0,NEUTRAL_MIXED,False,False
L02718,84968,SHORT,-1,sub3,-1.0251357205923095,-9.78816469726371,loss,-0.1269105708540405,0.5342843118529528,0.0,NEUTRAL_MIXED,0.0,NEUTRAL_MIXED,False,False
L02719,84998,SHORT,-1,sub3,-1.031370925834682,-7.89039582397163,loss,-0.1269105708540405,0.7538163993270638,0.0,NEUTRAL_MIXED,0.0,NEUTRAL_MIXED,False,False
L02720,85009,SHORT,-1,sub3,0.9577323043387088,5.438095203557168,win,-0.1269105708540405,-0.6861744253264799,0.0,NEUTRAL_MIXED,0.0,NEUTRAL_MIXED,False,False
L02721,85021,LONG,1,sub3,-1.0423983963015322,-5.900591459472253,loss,-0.1269105708540405,-0.6640759498547916,0.0,NEUTRAL_MIXED,0.0,NEUTRAL_MIXED,False,False
L02723,85032,SHORT,-1,sub3,-1.0128287990107685,-18.947908651334277,loss,-0.1269105708540405,-0.067215296893181,0.0,NEUTRAL_MIXED,0.0,NEUTRAL_MIXED,False,False
L02724,85055,SHORT,-1,sub3,-1.0181716840460822,-13.447361485658348,loss,-0.1269105708540405,0.3441618564202834,0.0,NEUTRAL_MIXED,0.0,NEUTRAL_MIXED,False,False
L02725,85071,SHORT,-1,sub3,0.9702980880448993,7.840287907478341,win,-0.1269105708540405,-0.563331959631775,0.0,NEUTRAL_MIXED,0.0,NEUTRAL_MIXED,False,False
L02727,85136,LONG,1,sub3,-1.018862919322465,-12.963375204915792,loss,-0.1315692070562159,-3.1168769772324345,0.0,NEUTRAL_MIXED,0.0,NEUTRAL_MIXED,False,False
L02728,85147,LONG,1,sub3,-1.075487828266502,-11.245290298372636,loss,-0.1315692070562159,-0.3484536498199202,0.0,NEUTRAL_MIXED,0.0,NEUTRAL_MIXED,False,False
L02731,85278,LONG,1,sub3,0.9824930680869084,13.468855508846444,win,-0.1315692070562159,-0.3906122724010281,0.0,NEUTRAL_MIXED,0.0,NEUTRAL_MIXED,False,False
L02732,85299,SHORT,-1,sub3,0.9800378845110216,11.782773845402062,win,-0.1315692070562159,-0.8316584784652099,0.0,NEUTRAL_MIXED,0.0,NEUTRAL_MIXED,False,False
L02733,85325,LONG,1,sub3,-1.0298884741343826,-27.19747314564061,loss,-0.1315692070562159,-1.56913512434919,0.0,NEUTRAL_MIXED,0.0,NEUTRAL_MIXED,False,False
L02734,85460,LONG,1,sub3,0.988982739182553,21.543999124330185,win,-0.1480344533758812,-0.6402594266065307,0.0,NEUTRAL_MIXED,0.0,NEUTRAL_MIXED,False,False
L02738,85605,SHORT,-1,sub3,0.9876793772055846,19.239534760902643,win,-0.1480344533758812,-2.1762872159523616,0.0,NEUTRAL_MIXED,0.0,NEUTRAL_MIXED,False,False
L02740,85683,SHORT,-1,sub3,-1.0622967282320537,-4.092529768590339,loss,-0.1547538575278225,-0.3526265362575735,0.0,NEUTRAL_MIXED,0.0,NEUTRAL_MIXED,False,False
L02741,85692,LONG,1,sub3,0.930199282940004,3.1983600929702334,win,-0.1547538575278225,0.8546407272488399,0.0,NEUTRAL_MIXED,0.0,NEUTRAL_MIXED,False,False
L02743,85730,LONG,1,sub3,-1.025319935429398,-9.718697158173654,loss,-0.1547538575278225,-0.9586293102028388,-1.0,AGAINST,0.0,NEUTRAL_MIXED,True,True
L02744,85769,LONG,1,sub3,-1.042796364086157,-5.847953038174182,loss,-0.1547538575278225,0.6082505611869553,-1.0,AGAINST,0.0,NEUTRAL_MIXED,True,True
L02745,85783,LONG,1,sub3,-1.035371409839576,-7.025140911495328,loss,-0.1547538575278225,-0.6108979558937527,-1.0,AGAINST,0.0,NEUTRAL_MIXED,True,True
L02746,85790,LONG,1,sub3,0.9715377030413932,8.19220771495793,win,-0.1547538575278225,0.4952861650717026,-1.0,AGAINST,0.0,NEUTRAL_MIXED,True,True
L02747,85849,SHORT,-1,sub3,-1.0179318241712114,-13.624025947849988,loss,-0.1547538575278225,0.4559146728797015,-1.0,ALIGNED,0.0,NEUTRAL_MIXED,True,True
L02748,85880,SHORT,-1,sub3,0.9902492910719772,24.37359494693192,win,-0.1547538575278225,0.029960883794794,-1.0,ALIGNED,0.0,NEUTRAL_MIXED,True,True
L02749,85956,SHORT,-1,sub3,-1.0559692781665322,-4.528066736999335,loss,-0.1465098471480933,0.0110424552732154,-1.0,ALIGNED,0.0,NEUTRAL_MIXED,True,True
L02752,85987,SHORT,-1,sub3,-1.0316272513355165,-7.8283926002213775,loss,-0.1465098471480933,-0.5840643249471147,0.0,NEUTRAL_MIXED,0.0,NEUTRAL_MIXED,False,False
L02753,85995,SHORT,-1,sub3,-1.0161281467068972,-15.120817018928848,loss,-0.1465098471480933,-1.3247434176601989,0.0,NEUTRAL_MIXED,0.0,NEUTRAL_MIXED,False,False
L02754,86031,SHORT,-1,sub3,0.9689427708754664,7.487669427218861,win,-0.1465098471480933,-0.2548776730576531,0.0,NEUTRAL_MIXED,0.0,NEUTRAL_MIXED,False,False
L02755,86059,SHORT,-1,sub3,-1.024596003501592,-9.99768278713418,loss,-0.1465098471480933,-0.8136639681736106,0.0,NEUTRAL_MIXED,0.0,NEUTRAL_MIXED,False,False
L02757,86122,SHORT,-1,sub3,-1.042868551228976,-5.838509702785359,loss,-0.1465098471480933,-1.4112760616650846,0.0,NEUTRAL_MIXED,0.0,NEUTRAL_MIXED,False,False
L02758,86125,SHORT,-1,sub3,-1.0291479639573873,-7.061542723608454,loss,-0.1465098471480933,-0.0464492561264453,0.0,NEUTRAL_MIXED,0.0,NEUTRAL_MIXED,False,False
L02759,86151,SHORT,-1,sub3,0.9856604913447518,16.496975148164893,win,-0.1465098471480933,0.4290087225679263,0.0,NEUTRAL_MIXED,0.0,NEUTRAL_MIXED,False,False
L02760,86239,SHORT,-1,sub3,-1.05380819935045,-4.700286775936547,loss,-0.1368763995772704,-0.580202830914386,0.0,NEUTRAL_MIXED,1.0,AGAINST,True,True
L02761,86250,SHORT,-1,sub3,-1.02740166805695,-8.998590882167264,loss,-0.1368763995772704,0.1152576471879265,0.0,NEUTRAL_MIXED,1.0,AGAINST,True,True
L02762,86282,SHORT,-1,sub3,0.9868705657779872,18.03953862607432,win,-0.1368763995772704,1.5684727339088305,1.0,AGAINST,1.0,AGAINST,False,False
L02763,86428,LONG,1,sub3,0.9765983370530588,10.015681425031287,win,-0.1368763995772704,-0.3942488757329155,1.0,ALIGNED,1.0,ALIGNED,False,False
L02765,86489,LONG,1,sub3,0.9774524663894674,10.404179720289903,win,-0.1313793324053231,-2.336952334092324,0.0,NEUTRAL_MIXED,1.0,ALIGNED,True,True
L02767,86549,LONG,1,sub3,-1.035974345706797,-6.911420849620299,loss,-0.1313793324053231,-0.8545018718505767,0.0,NEUTRAL_MIXED,1.0,ALIGNED,True,True
L02768,86559,LONG,1,sub3,0.9690521606309432,7.514984027729952,win,-0.1313793324053231,-0.8167593475529555,0.0,NEUTRAL_MIXED,1.0,ALIGNED,True,True
L02769,86604,LONG,1,sub3,0.970806761483821,7.98108173667606,win,-0.1313793324053231,-0.7391680341141665,0.0,NEUTRAL_MIXED,1.0,ALIGNED,True,True
L02770,86623,SHORT,-1,sub3,0.9567661867289792,5.311210541973196,win,-0.1313793324053231,-0.1060199323990615,0.0,NEUTRAL_MIXED,1.0,AGAINST,True,True
L02771,86639,LONG,1,sub3,-1.0190640873529977,-12.829115626457678,loss,-0.1313793324053231,-2.2079710051785777,0.0,NEUTRAL_MIXED,1.0,ALIGNED,True,True
L02773,86700,SHORT,-1,sub3,-1.044622684174642,-5.618430375467142,loss,-0.1313793324053231,-1.2849321797308466,0.0,NEUTRAL_MIXED,1.0,AGAINST,True,True
L02774,86711,SHORT,-1,sub3,-1.042722528897298,-6.101713521008605,loss,-0.1313793324053231,-1.027483346768079,0.0,NEUTRAL_MIXED,1.0,AGAINST,True,True
L02776,86749,LONG,1,sub3,-1.094872281212615,-2.7697167616524894,loss,-0.1198863081864122,-0.0169129908567013,0.0,NEUTRAL_MIXED,1.0,ALIGNED,True,True
L02777,86753,LONG,1,sub3,-1.097906220314702,-2.691325352243439,loss,-0.1198863081864122,-1.2492032751252475,0.0,NEUTRAL_MIXED,1.0,ALIGNED,True,True
L02778,86764,LONG,1,sub3,-1.031132088291842,-7.949087734492423,loss,-0.1198863081864122,-1.103134030396279,0.0,NEUTRAL_MIXED,1.0,ALIGNED,True,True
L02779,86780,LONG,1,sub3,-1.014208615311092,-17.131160380168694,loss,-0.1198863081864122,-0.3828653683423269,0.0,NEUTRAL_MIXED,1.0,ALIGNED,True,True
L02781,86824,LONG,1,sub3,-1.0353802179621234,-7.023451708994799,loss,-0.1198863081864122,-0.5039356725264532,0.0,NEUTRAL_MIXED,1.0,ALIGNED,True,True
L02782,86829,LONG,1,sub3,0.9713774770144368,8.14500505775959,win,-0.1198863081864122,-0.6565978519632203,0.0,NEUTRAL_MIXED,1.0,ALIGNED,True,True
L02783,86916,SHORT,-1,sub3,-1.0169326256699576,-14.413820686628242,loss,-0.1198863081864122,1.017317346390729,0.0,NEUTRAL_MIXED,1.0,AGAINST,True,True
L02785,86954,LONG,1,sub3,-1.0308846882778098,-8.010840937132343,loss,-0.1198863081864122,0.1699160764736627,0.0,NEUTRAL_MIXED,1.0,ALIGNED,True,True
L02786,86997,LONG,1,sub3,-1.084411292281542,-24.253391025808988,loss,-0.1198863081864122,-1.00476731987809,0.0,NEUTRAL_MIXED,1.0,ALIGNED,True,True
L02787,87159,LONG,1,sub3,0.9782248952083432,10.781760964922796,win,-0.1112516378704579,-0.5843824192613067,-1.0,AGAINST,0.0,NEUTRAL_MIXED,True,True
L02789,87190,SHORT,-1,sub3,0.9826312700101104,13.577936034441793,win,-0.1112516378704579,-0.4231212153779031,-1.0,ALIGNED,0.0,NEUTRAL_MIXED,True,True
L02792,87288,LONG,1,sub3,-1.053263910921216,-4.745865150509872,loss,-0.1056530894438982,0.133711017412091,-1.0,AGAINST,-1.0,AGAINST,False,False
L02793,87309,LONG,1,sub3,0.797756074987919,3.1134130231609043,win,-0.1056530894438982,0.1460204635529909,-1.0,AGAINST,-1.0,AGAINST,False,False
L02794,87315,SHORT,-1,sub3,0.9786551752452264,11.003943333201278,win,-0.1056530894438982,-0.4624545695311312,-1.0,ALIGNED,-1.0,ALIGNED,False,False
L02795,87331,LONG,1,sub3,-1.0224723145108865,-10.919807809004851,loss,-0.1056530894438982,0.4758289463636649,-1.0,AGAINST,-1.0,AGAINST,False,False
L02796,87358,LONG,1,sub3,0.9729498377070368,8.632405178220324,win,-0.1056530894438982,0.7348653106381424,-1.0,AGAINST,-1.0,AGAINST,False,False
L02797,87416,SHORT,-1,sub3,0.9668326996457416,6.996042651538119,win,-0.1056530894438982,-0.400918491378687,-1.0,ALIGNED,-1.0,ALIGNED,False,False
L02799,87459,SHORT,-1,sub3,-1.018815135882859,-12.995687840576466,loss,-0.1056530894438982,-1.1766336715565422,-1.0,ALIGNED,-1.0,ALIGNED,False,False
L02800,87466,SHORT,-1,sub3,-1.019873596808229,-12.31632429678757,loss,-0.1056530894438982,1.515046043778148,-1.0,ALIGNED,-1.0,ALIGNED,False,False
L02801,87477,SHORT,-1,sub3,-1.0266882691577683,-9.23271506072615,loss,-0.1056530894438982,-1.09260488994299,-1.0,ALIGNED,-1.0,ALIGNED,False,False
L02802,87481,SHORT,-1,sub3,-1.0178307561015247,-13.699889117055136,loss,-0.1056530894438982,0.4157957866222799,-1.0,ALIGNED,-1.0,ALIGNED,False,False
L02803,87514,SHORT,-1,sub3,0.9681106554187324,7.28602485724241,win,-0.1056530894438982,0.1956367028575419,-1.0,ALIGNED,-1.0,ALIGNED,False,False
L02804,87564,SHORT,-1,sub3,0.946873464141776,4.277516456188096,win,-0.1063474792497266,-0.3595746476030204,-1.0,ALIGNED,0.0,NEUTRAL_MIXED,True,True
L02806,87599,SHORT,-1,sub3,0.973423983874554,8.790698915402572,win,-0.1063474792497266,0.0398641814955632,0.0,NEUTRAL_MIXED,0.0,NEUTRAL_MIXED,False,False
L02808,87626,SHORT,-1,sub3,0.97224155513023,8.406017495783999,win,-0.1063474792497266,-0.0466222706130885,0.0,NEUTRAL_MIXED,0.0,NEUTRAL_MIXED,False,False
L02809,87657,LONG,1,sub3,-1.0390795953985978,-6.381312302542028,loss,-0.1063474792497266,-0.0277472230411505,0.0,NEUTRAL_MIXED,0.0,NEUTRAL_MIXED,False,False
L02810,87698,LONG,1,sub3,0.966180970876074,6.856596390166487,win,-0.1063474792497266,-0.8756651657911403,0.0,NEUTRAL_MIXED,0.0,NEUTRAL_MIXED,False,False
L02812,87727,LONG,1,sub3,0.9715984578660474,8.210245372869394,win,-0.1063474792497266,-0.4386877718977827,0.0,NEUTRAL_MIXED,0.0,NEUTRAL_MIXED,False,False
L02813,87736,SHORT,-1,sub3,0.9790791743994308,11.231822603083856,win,-0.1063474792497266,-1.6489049385034322,0.0,NEUTRAL_MIXED,0.0,NEUTRAL_MIXED,False,False
L02814,87751,LONG,1,sub3,-1.018725011782492,-13.057081387589731,loss,-0.1063474792497266,-0.3281834327040735,0.0,NEUTRAL_MIXED,0.0,NEUTRAL_MIXED,False,False
L02815,87763,LONG,1,sub3,-1.0506271741526296,-27.778945968435632,loss,-0.1063474792497266,-0.4537135299132095,0.0,NEUTRAL_MIXED,0.0,NEUTRAL_MIXED,False,False
L02816,87858,LONG,1,sub3,0.9693223085210618,7.583274452204478,win,-0.1138407835910724,-0.2126308243624166,0.0,NEUTRAL_MIXED,0.0,NEUTRAL_MIXED,False,False
L02818,87876,LONG,1,sub3,0.9826912396314238,13.625811004900244,win,-0.1138407835910724,-0.6841084964969316,0.0,NEUTRAL_MIXED,0.0,NEUTRAL_MIXED,False,False
L02819,87922,LONG,1,sub3,0.9637698628300954,6.384319385661911,win,-0.1138407835910724,0.6220386644788772,0.0,NEUTRAL_MIXED,0.0,NEUTRAL_MIXED,False,False
L02820,87940,LONG,1,sub3,0.9819502141370652,13.056556636310232,win,-0.1138407835910724,-0.4552945900177741,0.0,NEUTRAL_MIXED,0.0,NEUTRAL_MIXED,False,False
L02821,88000,LONG,1,sub3,0.94448830849846,4.083413564026159,win,-0.1138407835910724,-0.8761098931848669,0.0,NEUTRAL_MIXED,0.0,NEUTRAL_MIXED,False,False
L02822,88004,SHORT,-1,sub3,0.953402820933204,4.910526379628209,win,-0.1138407835910724,-0.5574501880192053,0.0,NEUTRAL_MIXED,0.0,NEUTRAL_MIXED,False,False
L02823,88011,LONG,1,sub3,0.9645365962688144,6.527539907308437,win,-0.1138407835910724,-1.0853189112571824,0.0,NEUTRAL_MIXED,0.0,NEUTRAL_MIXED,False,False
L02824,88046,LONG,1,sub3,-1.0137035651241872,-17.753690621732403,loss,-0.1138407835910724,0.2593030714044314,0.0,NEUTRAL_MIXED,0.0,NEUTRAL_MIXED,False,False
L02825,88070,LONG,1,sub3,-1.057261984468762,-14.573314077094308,loss,-0.1138407835910724,-0.5307556888141488,0.0,NEUTRAL_MIXED,0.0,NEUTRAL_MIXED,False,False
L02826,88144,LONG,1,sub3,0.9798061579727664,11.644811205124824,win,-0.1257020483091886,-0.0819330083000809,-1.0,AGAINST,0.0,NEUTRAL_MIXED,True,True
L02828,88171,SHORT,-1,sub3,-1.0302608770078732,-8.171032532115078,loss,-0.1257020483091886,-1.2683055220403217,-1.0,ALIGNED,0.0,NEUTRAL_MIXED,True,True
L02829,88214,SHORT,-1,sub3,0.9597506878098097,5.722834814809175,win,-0.1257020483091886,-1.5783229267465224,-1.0,ALIGNED,0.0,NEUTRAL_MIXED,True,True
L02830,88284,SHORT,-1,sub3,-1.0211371164830214,-9.662028567636751,loss,-0.1257020483091886,-0.7543994602209688,-1.0,ALIGNED,0.0,NEUTRAL_MIXED,True,True
L02831,88305,SHORT,-1,sub3,0.9904921362569796,25.002263297679747,win,-0.1257020483091886,-0.4047650888768234,-1.0,ALIGNED,0.0,NEUTRAL_MIXED,True,True
L02833,88396,LONG,1,sub3,-1.0839904007580918,-3.097469399283,loss,-0.1282829488515096,0.3817207400281602,-1.0,AGAINST,0.0,NEUTRAL_MIXED,True,True
L02834,88407,LONG,1,sub3,0.9208347710339332,2.7916340031388245,win,-0.1282829488515096,-1.0912793577783348,-1.0,AGAINST,0.0,NEUTRAL_MIXED,True,True
L02835,88417,SHORT,-1,sub3,-1.0658958467251558,-3.88211117888477,loss,-0.1282829488515096,-0.6032837394895342,0.0,NEUTRAL_MIXED,0.0,NEUTRAL_MIXED,False,False
L02836,88429,SHORT,-1,sub3,0.9613599588584792,5.97117351093857,win,-0.1282829488515096,-0.0442588674263491,0.0,NEUTRAL_MIXED,0.0,NEUTRAL_MIXED,False,False
L02837,88447,LONG,1,sub3,-1.024566464199635,-10.009415657436875,loss,-0.1282829488515096,0.0916260514928613,0.0,NEUTRAL_MIXED,0.0,NEUTRAL_MIXED,False,False
L02838,88466,LONG,1,sub3,-1.0491827772243472,-5.1197569707178445,loss,-0.1282829488515096,0.7986236978679595,0.0,NEUTRAL_MIXED,0.0,NEUTRAL_MIXED,False,False
L02839,88482,LONG,1,sub3,-1.031699514709131,-7.811093822791008,loss,-0.1282829488515096,-0.0919528385461298,0.0,NEUTRAL_MIXED,0.0,NEUTRAL_MIXED,False,False
L02840,88494,LONG,1,sub3,-1.0313298912507372,-7.900415993117349,loss,-0.1282829488515096,0.0148082922782941,0.0,NEUTRAL_MIXED,0.0,NEUTRAL_MIXED,False,False
L02841,88514,LONG,1,sub3,0.965161001186337,6.648831716532186,win,-0.1282829488515096,0.0157058239946451,0.0,NEUTRAL_MIXED,0.0,NEUTRAL_MIXED,False,False
L02842,88576,SHORT,-1,sub3,0.9837101690899456,14.493117938729029,win,-0.1282829488515096,1.343051244697415,0.0,NEUTRAL_MIXED,0.0,NEUTRAL_MIXED,False,False
L02843,88619,LONG,1,sub3,0.975533933549758,9.569504952007264,win,-0.1282829488515096,-0.1341106285112544,0.0,NEUTRAL_MIXED,0.0,NEUTRAL_MIXED,False,False
L02845,88673,SHORT,-1,sub3,0.947191020099465,4.304681613843513,win,-0.1323870766942721,0.5248665911719486,0.0,NEUTRAL_MIXED,0.0,NEUTRAL_MIXED,False,False
L02847,88700,LONG,1,sub3,-1.0591813996453678,-4.2953282186281285,loss,-0.1323870766942721,0.3766929713948625,1.0,ALIGNED,0.0,NEUTRAL_MIXED,True,True
L02848,88728,LONG,1,sub3,-1.0289905392844891,-8.518562797491086,loss,-0.1323870766942721,-0.1206300015492233,1.0,ALIGNED,0.0,NEUTRAL_MIXED,True,True
L02849,88773,LONG,1,sub3,0.9632426201083994,6.289301073894876,win,-0.1323870766942721,-0.3367345550912967,1.0,ALIGNED,0.0,NEUTRAL_MIXED,True,True
L02850,88829,LONG,1,sub3,0.9692755626433428,7.5713716848190415,win,-0.1323870766942721,-1.027002256155023,1.0,ALIGNED,0.0,NEUTRAL_MIXED,True,True
L02852,88852,LONG,1,sub3,-1.0086359305672374,-28.030867252949065,loss,-0.1323870766942721,-1.1146823665373902,1.0,ALIGNED,0.0,NEUTRAL_MIXED,True,True
L02853,88929,LONG,1,sub3,0.9220125306538692,9.331556678867983,win,-0.1323870766942721,-0.8091093005603047,1.0,ALIGNED,0.0,NEUTRAL_MIXED,True,True
L02854,88973,SHORT,-1,sub3,-1.0307225134118487,-8.051860858598047,loss,-0.1459336024492475,-0.0724670968282951,0.0,NEUTRAL_MIXED,0.0,NEUTRAL_MIXED,False,False
L02858,89104,LONG,1,sub3,-1.1457473089889254,-1.886685634641708,loss,-0.1459336024492475,-0.0055652826229127,0.0,NEUTRAL_MIXED,0.0,NEUTRAL_MIXED,False,False
L02859,89105,SHORT,-1,sub3,-1.079271555909864,-3.2675676722260505,loss,-0.1459336024492475,0.9693057445305594,0.0,NEUTRAL_MIXED,0.0,NEUTRAL_MIXED,False,False
L02860,89110,SHORT,-1,sub3,0.950988220792234,4.656782036465302,win,-0.1459336024492475,-0.6863630753914682,0.0,NEUTRAL_MIXED,0.0,NEUTRAL_MIXED,False,False
L02862,89145,SHORT,-1,sub3,-1.0229276197286892,-10.707724205119575,loss,-0.1459336024492475,0.0692007011579114,0.0,NEUTRAL_MIXED,0.0,NEUTRAL_MIXED,False,False
L02863,89165,SHORT,-1,sub3,0.966761683321734,6.980582267233785,win,-0.1459336024492475,-0.1615826994181841,0.0,NEUTRAL_MIXED,0.0,NEUTRAL_MIXED,False,False
L02864,89242,LONG,1,sub3,-1.048427162047191,-5.195896440222896,loss,-0.158559894370713,0.3195763872925298,0.0,NEUTRAL_MIXED,-1.0,AGAINST,True,True
L02865,89243,SHORT,-1,sub3,-1.0237042602162216,-10.36476229211894,loss,-0.158559894370713,0.9365377389643154,0.0,NEUTRAL_MIXED,-1.0,ALIGNED,True,True
L02866,89258,SHORT,-1,sub3,-1.0150146101731294,-16.224430979719273,loss,-0.158559894370713,-0.1420561932385539,0.0,NEUTRAL_MIXED,-1.0,ALIGNED,True,True
L02867,89285,SHORT,-1,sub3,0.9737357182727252,8.897885531838256,win,-0.158559894370713,-1.0130129147706444,0.0,NEUTRAL_MIXED,-1.0,ALIGNED,True,True
L02868,89349,SHORT,-1,sub3,-1.0236567389495888,-10.38510074745318,loss,-0.158559894370713,1.0007109319153933,0.0,NEUTRAL_MIXED,-1.0,ALIGNED,True,True
L02871,89403,LONG,1,sub3,0.9537424962323252,4.948347412890598,win,-0.158559894370713,-0.2387731648815836,0.0,NEUTRAL_MIXED,-1.0,AGAINST,True,True
L02874,89501,SHORT,-1,sub3,0.9151138264016988,2.587315566555389,win,-0.1611858632909911,0.2292482003345295,0.0,NEUTRAL_MIXED,0.0,NEUTRAL_MIXED,False,False
L02875,89508,LONG,1,sub3,0.862504825620563,4.951265103918689,win,-0.1611858632909911,0.5076731386179032,0.0,NEUTRAL_MIXED,0.0,NEUTRAL_MIXED,False,False
L02876,89538,SHORT,-1,sub3,-1.022410143585982,-10.949436067598526,loss,-0.1611858632909911,0.1110948351736018,0.0,NEUTRAL_MIXED,0.0,NEUTRAL_MIXED,False,False
L02877,89570,SHORT,-1,sub3,-1.0302880580581044,-8.163915080305287,loss,-0.1611858632909911,0.7761248891732555,0.0,NEUTRAL_MIXED,0.0,NEUTRAL_MIXED,False,False
L02878,89605,SHORT,-1,sub3,0.9768489430807388,10.12669733208213,win,-0.1611858632909911,0.2986601829870212,0.0,NEUTRAL_MIXED,0.0,NEUTRAL_MIXED,False,False
L02879,89665,LONG,1,sub3,0.9472175442344436,4.306965398233842,win,-0.1611858632909911,0.0024436452653529,0.0,NEUTRAL_MIXED,0.0,NEUTRAL_MIXED,False,False
L02881,89672,LONG,1,sub3,-1.0308692388166256,-8.014730093782418,loss,-0.1611858632909911,0.8649080601533163,0.0,NEUTRAL_MIXED,0.0,NEUTRAL_MIXED,False,False
L02883,89708,SHORT,-1,sub3,-1.0248852319798785,-9.88427417007142,loss,-0.1611858632909911,-0.967582450785099,0.0,NEUTRAL_MIXED,0.0,NEUTRAL_MIXED,False,False
L02884,89763,SHORT,-1,sub3,0.9395070511778272,3.727404543384182,win,-0.1611858632909911,0.2018190088570778,0.0,NEUTRAL_MIXED,0.0,NEUTRAL_MIXED,False,False
L02886,89780,SHORT,-1,sub3,0.9299981420549795,3.1884804295950744,win,-0.1581613635159744,-1.408322406228126,0.0,NEUTRAL_MIXED,1.0,AGAINST,True,True
L02888,89855,LONG,1,sub3,-1.0154071247588563,-52.01884557410709,loss,-0.1581613635159744,0.3965647622191183,1.0,ALIGNED,1.0,ALIGNED,False,False
L02889,90213,LONG,1,sub3,-1.0203529640652984,-12.031894253327664,loss,-0.1502217323907144,-1.6379379847164888,1.0,ALIGNED,1.0,ALIGNED,False,False
L02890,90233,LONG,1,sub3,-1.0124728787359936,-19.48174884400987,loss,-0.1502217323907144,-0.8229337782249138,1.0,ALIGNED,1.0,ALIGNED,False,False
L02893,90331,SHORT,-1,sub3,0.8265819463027163,1.1439389549300358,win,-0.1407084757999895,-0.6039853292268221,1.0,AGAINST,0.0,NEUTRAL_MIXED,True,True
L02894,90339,LONG,1,sub3,-1.1175290838124328,-2.2820477401387507,loss,-0.1407084757999895,-0.6494478294664979,1.0,ALIGNED,0.0,NEUTRAL_MIXED,True,True
L02895,90352,LONG,1,sub3,-1.0441064967104667,-5.681375259867764,loss,-0.1407084757999895,-0.7217399216281493,0.0,NEUTRAL_MIXED,0.0,NEUTRAL_MIXED,False,False
L02897,90367,LONG,1,sub3,-1.0411966186469612,-6.065720845112992,loss,-0.1407084757999895,0.2215973116046279,0.0,NEUTRAL_MIXED,0.0,NEUTRAL_MIXED,False,False
L02898,90400,LONG,1,sub3,-1.0338658033870545,-7.326794819446604,loss,-0.1407084757999895,-0.5450900727878771,0.0,NEUTRAL_MIXED,0.0,NEUTRAL_MIXED,False,False
L02899,90413,LONG,1,sub3,-1.040987971831337,-6.095376328142265,loss,-0.1407084757999895,1.3344110044088549,0.0,NEUTRAL_MIXED,0.0,NEUTRAL_MIXED,False,False
L02901,90460,SHORT,-1,sub3,-1.032896168568049,-7.535682459290456,loss,-0.1407084757999895,-0.1822470237366203,0.0,NEUTRAL_MIXED,0.0,NEUTRAL_MIXED,False,False
L02902,90475,SHORT,-1,sub3,0.9527154392601068,4.835652522606779,win,-0.1407084757999895,-0.1468100012229846,0.0,NEUTRAL_MIXED,0.0,NEUTRAL_MIXED,False,False
L02903,90490,LONG,1,sub3,-1.0377786711773966,-6.592790940496798,loss,-0.1407084757999895,-0.9527626782998346,0.0,NEUTRAL_MIXED,0.0,NEUTRAL_MIXED,False,False
L02904,90510,LONG,1,sub3,0.9651774918950866,6.652094023690552,win,-0.1407084757999895,0.4832398011242048,0.0,NEUTRAL_MIXED,0.0,NEUTRAL_MIXED,False,False
L02905,90522,SHORT,-1,sub3,-1.0252564694748003,-9.74251579062684,loss,-0.1407084757999895,-0.3612463577844144,0.0,NEUTRAL_MIXED,0.0,NEUTRAL_MIXED,False,False
L02907,90613,SHORT,-1,sub3,-1.0214034142744046,-11.453164260749872,loss,-0.139435336466888,0.6630966195193194,0.0,NEUTRAL_MIXED,-1.0,ALIGNED,True,True
L02908,90628,SHORT,-1,sub3,0.986535576646944,17.584751473319557,win,-0.139435336466888,-1.4359287073599674,0.0,NEUTRAL_MIXED,-1.0,ALIGNED,True,True
L02909,90786,LONG,1,sub3,-1.0289282138404618,-8.536398848659246,loss,-0.139435336466888,0.4678065321810087,0.0,NEUTRAL_MIXED,-1.0,AGAINST,True,True
L02910,90802,LONG,1,sub3,0.97230138214558,8.42469226952744,win,-0.139435336466888,-0.2113790144593939,0.0,NEUTRAL_MIXED,-1.0,AGAINST,True,True
L02912,90898,LONG,1,sub3,-1.0751275805503189,-3.4345658071474645,loss,-0.1339688741126032,-0.2185331932896362,0.0,NEUTRAL_MIXED,0.0,NEUTRAL_MIXED,False,False
L02915,91029,LONG,1,sub3,0.9716103954036928,8.213798614405732,win,-0.1339688741126032,0.8336814788116061,0.0,NEUTRAL_MIXED,0.0,NEUTRAL_MIXED,False,False
L02916,91049,SHORT,-1,sub3,-1.0398058066789173,-6.269271104481504,loss,-0.1339688741126032,-0.3092284256579684,0.0,NEUTRAL_MIXED,0.0,NEUTRAL_MIXED,False,False
L02917,91054,SHORT,-1,sub3,0.9689035117986492,7.477913304093363,win,-0.1339688741126032,-0.7324427351063226,0.0,NEUTRAL_MIXED,0.0,NEUTRAL_MIXED,False,False
L02918,91068,LONG,1,sub3,-1.031647113293616,-7.823630069924548,loss,-0.1339688741126032,-0.2046144080064687,0.0,NEUTRAL_MIXED,0.0,NEUTRAL_MIXED,False,False
L02919,91076,LONG,1,sub3,0.9811898725821412,12.519084224592916,win,-0.1339688741126032,0.9743634984019826,0.0,NEUTRAL_MIXED,0.0,NEUTRAL_MIXED,False,False
L02921,91165,LONG,1,sub3,0.9603210005928844,5.808539620098145,win,-0.140250763821873,1.2591403528732117,0.0,NEUTRAL_MIXED,0.0,NEUTRAL_MIXED,False,False
L02922,91184,SHORT,-1,sub3,0.967196789738301,7.076357090818419,win,-0.140250763821873,0.9326980143149513,-1.0,ALIGNED,0.0,NEUTRAL_MIXED,True,True
L02923,91192,LONG,1,sub3,0.9711402710144476,8.076086409540949,win,-0.140250763821873,-1.329194852162644,-1.0,AGAINST,0.0,NEUTRAL_MIXED,True,True
L02924,91209,SHORT,-1,sub3,0.9697651481475577,7.697859301281824,win,-0.140250763821873,-0.5435981991533423,-1.0,ALIGNED,0.0,NEUTRAL_MIXED,True,True
L02925,91269,SHORT,-1,sub3,0.9352729270259866,3.4678766113238453,win,-0.140250763821873,-0.5069629338982454,-1.0,ALIGNED,0.0,NEUTRAL_MIXED,True,True
L02927,91330,LONG,1,sub3,-1.0177968568740914,-13.725527343267458,loss,-0.140250763821873,-1.8954413985736105,-1.0,AGAINST,0.0,NEUTRAL_MIXED,True,True
L02928,91347,LONG,1,sub3,0.9822615991850135,13.289968259428406,win,-0.140250763821873,-1.3426392736951662,-1.0,AGAINST,0.0,NEUTRAL_MIXED,True,True
L02929,91397,SHORT,-1,sub3,-1.009050502170169,-26.75786558218124,loss,-0.140250763821873,-1.4322435121650003,-1.0,ALIGNED,0.0,NEUTRAL_MIXED,True,True
L02933,91517,LONG,1,sub3,-1.023900983059819,-10.281427978050488,loss,-0.1424939337848052,-0.129337364473323,0.0,NEUTRAL_MIXED,0.0,NEUTRAL_MIXED,False,False
L02934,91527,LONG,1,sub3,0.9728382674552714,8.595960651794485,win,-0.1424939337848052,-1.9627737883778549,0.0,NEUTRAL_MIXED,0.0,NEUTRAL_MIXED,False,False
L02935,91588,SHORT,-1,sub3,-1.0609836935421626,-4.175478257541727,loss,-0.1424939337848052,-0.160480111029262,0.0,NEUTRAL_MIXED,0.0,NEUTRAL_MIXED,False,False
L02937,91602,LONG,1,sub3,-1.0408666548654255,-6.112758629011751,loss,-0.1424939337848052,0.2084377027597667,0.0,NEUTRAL_MIXED,0.0,NEUTRAL_MIXED,False,False
L02938,91609,LONG,1,sub3,0.9744722659722572,9.1615395075396,win,-0.1424939337848052,0.0755068742286339,0.0,NEUTRAL_MIXED,0.0,NEUTRAL_MIXED,False,False
L02939,91622,SHORT,-1,sub3,0.9911169278212296,26.77767982628302,win,-0.1424939337848052,-1.1083420921283893,0.0,NEUTRAL_MIXED,0.0,NEUTRAL_MIXED,False,False
L02940,91844,LONG,1,sub3,-1.0414144839064094,-6.035074026327038,loss,-0.1353201475837834,-1.199460546445793,1.0,ALIGNED,0.0,NEUTRAL_MIXED,True,True
L02941,91887,LONG,1,sub3,-1.0275918342093897,-8.938225648155822,loss,-0.1353201475837834,-0.6140550891757048,1.0,ALIGNED,0.0,NEUTRAL_MIXED,True,True
L02942,91897,LONG,1,sub3,0.9781025086172536,10.720159581973348,win,-0.1353201475837834,-2.1039232214450934,1.0,ALIGNED,0.0,NEUTRAL_MIXED,True,True
L02943,91990,SHORT,-1,sub3,0.984592880913885,15.33721457583033,win,-0.1351091674378224,2.41085849723679,0.0,NEUTRAL_MIXED,0.0,NEUTRAL_MIXED,False,False
L02944,92026,LONG,1,sub3,0.9686698837312796,7.420360974766027,win,-0.1351091674378224,-0.6196580856018646,0.0,NEUTRAL_MIXED,0.0,NEUTRAL_MIXED,False,False
L02945,92120,LONG,1,sub3,-1.026953362728892,-9.144269289653948,loss,-0.1351091674378224,-0.9022306711763582,0.0,NEUTRAL_MIXED,0.0,NEUTRAL_MIXED,False,False
L02946,92135,LONG,1,sub3,-1.0396097122863757,-6.299120002301152,loss,-0.1351091674378224,-1.2387690728921346,0.0,NEUTRAL_MIXED,0.0,NEUTRAL_MIXED,False,False
L02947,92141,LONG,1,sub3,0.9512994597042916,4.6880767429379375,win,-0.1351091674378224,0.4694300750781382,0.0,NEUTRAL_MIXED,0.0,NEUTRAL_MIXED,False,False
L02948,92149,SHORT,-1,sub3,0.9715935010316537,8.208770834703046,win,-0.1351091674378224,-2.2306902600395087,0.0,NEUTRAL_MIXED,0.0,NEUTRAL_MIXED,False,False
L02949,92173,LONG,1,sub3,0.9829775321261645,13.859013244059495,win,-0.1351091674378224,-0.1860405384485097,0.0,NEUTRAL_MIXED,0.0,NEUTRAL_MIXED,False,False
L02950,92261,LONG,1,sub3,0.7835842965748961,2.857847538316167,win,-0.1395476817722516,-1.2828636787783052,0.0,NEUTRAL_MIXED,-1.0,AGAINST,True,True
L02951,92286,SHORT,-1,sub3,0.978464884898684,10.9045886808899,win,-0.1395476817722516,-1.868371428071267,0.0,NEUTRAL_MIXED,-1.0,ALIGNED,True,True
L02954,92424,SHORT,-1,sub3,-1.0128426444568708,-18.92773995930247,loss,-0.1395476817722516,-1.3032879725218514,0.0,NEUTRAL_MIXED,-1.0,ALIGNED,True,True
L02955,92434,SHORT,-1,sub3,-1.0189089315043771,-12.932414690074893,loss,-0.1395476817722516,-1.3098681005035355,0.0,NEUTRAL_MIXED,-1.0,ALIGNED,True,True
L02956,92450,SHORT,-1,sub3,0.9755269778732444,9.56671691288193,win,-0.1395476817722516,-0.6888035689729629,0.0,NEUTRAL_MIXED,-1.0,ALIGNED,True,True
L02957,92488,SHORT,-1,sub3,0.9793872208549536,11.4032625756563,win,-0.1395476817722516,-1.8934700219035203,0.0,NEUTRAL_MIXED,-1.0,ALIGNED,True,True
L02958,92532,SHORT,-1,sub3,0.8079617793577536,1.0097512172169445,win,-0.1355366040153244,-0.526890834519703,0.0,NEUTRAL_MIXED,0.0,NEUTRAL_MIXED,False,False
L02959,92535,LONG,1,sub3,0.8712109769096459,1.623512854130695,win,-0.1355366040153244,0.2561811476807564,0.0,NEUTRAL_MIXED,0.0,NEUTRAL_MIXED,False,False
L02961,92554,LONG,1,sub3,0.9638579975896084,6.400473244249042,win,-0.1355366040153244,0.2393236446356902,0.0,NEUTRAL_MIXED,0.0,NEUTRAL_MIXED,False,False
L02962,92610,SHORT,-1,sub3,-1.0353018807724044,-7.038504633424054,loss,-0.1355366040153244,-1.7272746526482987,0.0,NEUTRAL_MIXED,0.0,NEUTRAL_MIXED,False,False
L02963,92640,SHORT,-1,sub3,0.9739703641427868,8.98025960394989,win,-0.1355366040153244,-0.6431351214777639,0.0,NEUTRAL_MIXED,0.0,NEUTRAL_MIXED,False,False
L02964,92707,SHORT,-1,sub3,-1.0133381278865583,-18.233529679801904,loss,-0.1355366040153244,-0.9136029439143885,0.0,NEUTRAL_MIXED,0.0,NEUTRAL_MIXED,False,False
L02966,92784,SHORT,-1,sub3,0.9757361806835344,9.65127049083003,win,-0.1355366040153244,-0.2244021166004854,0.0,NEUTRAL_MIXED,0.0,NEUTRAL_MIXED,False,False
L02967,92808,SHORT,-1,sub3,-1.0351951166629425,-7.353258170564004,loss,-0.1042004061939525,-0.0536166189477128,0.0,NEUTRAL_MIXED,1.0,AGAINST,True,True
L02968,92831,SHORT,-1,sub3,-1.017306967987724,-14.107247005368665,loss,-0.1042004061939525,-2.2568351875956814,1.0,AGAINST,1.0,AGAINST,False,False
L02969,92845,SHORT,-1,sub3,-1.0151721391621766,-16.727570982425277,loss,-0.1042004061939525,-0.2699577819223394,1.0,AGAINST,1.0,AGAINST,False,False
L02971,92974,LONG,1,sub3,-1.0264759696328316,-9.304823812993163,loss,-0.1042004061939525,-0.8620562791717192,1.0,ALIGNED,1.0,ALIGNED,False,False
L02972,92980,LONG,1,sub3,0.9694049516711056,7.604406631419806,win,-0.1042004061939525,-0.098375682914062,1.0,ALIGNED,1.0,ALIGNED,False,False
L02975,93003,SHORT,-1,sub3,0.9817408848804358,12.904119987645572,win,-0.1042004061939525,-1.5008108717518782,1.0,AGAINST,1.0,AGAINST,False,False
L02976,93032,LONG,1,sub3,0.9820537583318568,13.133273604456916,win,-0.1042004061939525,0.4048955112307524,1.0,ALIGNED,1.0,ALIGNED,False,False
L02977,93086,LONG,1,sub3,0.944040046094261,4.048781231022076,win,-0.0899856991777903,-0.3042729150269856,1.0,ALIGNED,1.0,ALIGNED,False,False
L02981,93163,SHORT,-1,sub3,-1.042439840300832,-5.895063692477379,loss,-0.0899856991777903,-0.7253891681115526,0.0,NEUTRAL_MIXED,1.0,AGAINST,True,True
L02982,93195,SHORT,-1,sub3,-1.0257451826570758,-9.56213234594452,loss,-0.0899856991777903,-0.3473040384697198,0.0,NEUTRAL_MIXED,1.0,AGAINST,True,True
L02983,93221,SHORT,-1,sub3,-1.0201771487682303,-12.134643924005104,loss,-0.0899856991777903,0.8793643861802175,0.0,NEUTRAL_MIXED,1.0,AGAINST,True,True
L02984,93229,SHORT,-1,sub3,-1.0253890291792995,-9.692901814593824,loss,-0.0899856991777903,0.4160678810567316,0.0,NEUTRAL_MIXED,1.0,AGAINST,True,True
L02985,93250,SHORT,-1,sub3,0.956516181537264,5.499265102241225,win,-0.0899856991777903,0.6944078812948521,0.0,NEUTRAL_MIXED,1.0,AGAINST,True,True
L02987,93266,SHORT,-1,sub3,0.9894362809305328,24.35254396206983,win,-0.0899856991777903,-4.189196500171014,0.0,NEUTRAL_MIXED,1.0,AGAINST,True,True
L02988,93408,LONG,1,sub3,0.9733917749800528,9.511414658636568,win,-0.0559393112254553,-0.1964095910435197,0.0,NEUTRAL_MIXED,1.0,ALIGNED,True,True
L02989,93465,SHORT,-1,sub3,0.970526154124623,8.232096332357287,win,-0.0559393112254553,-0.9947061159241032,0.0,NEUTRAL_MIXED,1.0,AGAINST,True,True
L02990,93494,LONG,1,sub3,-1.0346531907923968,-7.464342872427551,loss,-0.0559393112254553,-0.1506916108655187,0.0,NEUTRAL_MIXED,1.0,ALIGNED,True,True
L02991,93509,LONG,1,sub3,0.9659406802618647,7.090134856542136,win,-0.0559393112254553,-0.7802899199187878,0.0,NEUTRAL_MIXED,1.0,ALIGNED,True,True
L02994,93554,SHORT,-1,sub3,-1.033411224853009,-7.732515265449365,loss,-0.0559393112254553,-1.0672427119357912,0.0,NEUTRAL_MIXED,1.0,AGAINST,True,True
L02995,93570,SHORT,-1,sub3,-1.0380031922585162,-6.828394738509815,loss,-0.0559393112254553,-1.1369238572384377,0.0,NEUTRAL_MIXED,1.0,AGAINST,True,True
L02996,93595,SHORT,-1,sub3,-1.0284030204791188,-9.413956009409958,loss,-0.0559393112254553,-0.716356713711767,0.0,NEUTRAL_MIXED,1.0,AGAINST,True,True
L02997,93621,SHORT,-1,sub3,-1.039295233339089,-6.876578600173161,loss,-0.0219287355466162,-0.9903631094228884,0.0,NEUTRAL_MIXED,1.0,AGAINST,True,True
L02998,93642,SHORT,-1,sub3,-1.0218601865843329,-12.153768564014172,loss,-0.0219287355466162,1.0034218878280363,0.0,NEUTRAL_MIXED,1.0,AGAINST,True,True
L03001,93769,SHORT,-1,sub3,-1.040123494219842,-6.73999395505416,loss,-0.0219287355466162,-0.7995244625471483,0.0,NEUTRAL_MIXED,1.0,AGAINST,True,True
L03003,93778,SHORT,-1,sub3,-1.0257500224598315,-10.35707857171019,loss,-0.0219287355466162,-0.5556057181764019,0.0,NEUTRAL_MIXED,1.0,AGAINST,True,True
L03004,93792,SHORT,-1,sub3,-1.0386236239626,-6.991631403930114,loss,-0.0219287355466162,1.0246347298040814,0.0,NEUTRAL_MIXED,1.0,AGAINST,True,True
L03005,93795,SHORT,-1,sub3,0.9699527626683386,8.393041779859232,win,-0.0219287355466162,-0.3748402017881475,0.0,NEUTRAL_MIXED,1.0,AGAINST,True,True
L03007,93811,SHORT,-1,sub3,0.9789623708232372,12.098807060227044,win,-0.0219287355466162,-0.8421106817471815,0.0,NEUTRAL_MIXED,1.0,AGAINST,True,True
L03008,93821,LONG,1,sub3,-1.0191196785414185,-13.85855498809724,loss,-0.0219287355466162,-1.132294770461851,0.0,NEUTRAL_MIXED,1.0,ALIGNED,True,True
L03009,93853,LONG,1,sub3,0.9703380464945156,8.505437514158984,win,-0.0219287355466162,-1.3415432335994442,0.0,NEUTRAL_MIXED,1.0,ALIGNED,True,True
L03010,93892,SHORT,-1,sub3,0.94383397733343,4.033046026857846,win,0.0080190587667224,-0.5301240787828017,0.0,NEUTRAL_MIXED,1.0,AGAINST,True,True
L03011,93897,LONG,1,sub3,0.7648922480653421,6.2071025224622005,win,0.0080190587667224,-1.4402620379524027,0.0,NEUTRAL_MIXED,1.0,ALIGNED,True,True
L03012,93946,SHORT,-1,sub3,0.9733067016799644,9.480272516456353,win,0.0080190587667224,-1.60969486270565,0.0,NEUTRAL_MIXED,1.0,AGAINST,True,True
L03013,94024,SHORT,-1,sub3,-1.0215599006012186,-12.319424800201888,loss,0.0080190587667224,-1.1012603501471203,0.0,NEUTRAL_MIXED,1.0,AGAINST,True,True
L03014,94055,LONG,1,sub3,-1.031492526645915,-8.515926967166706,loss,0.0080190587667224,3.1310962699261533,0.0,NEUTRAL_MIXED,1.0,ALIGNED,True,True
L03015,94064,SHORT,-1,sub3,0.9844071033077174,16.414259127805053,win,0.0080190587667224,-1.582439118621055,0.0,NEUTRAL_MIXED,1.0,AGAINST,True,True
L03017,94193,SHORT,-1,sub3,0.9878795821929371,21.19140573031291,win,0.0250886822477433,-1.1545026756747168,0.0,NEUTRAL_MIXED,1.0,AGAINST,True,True
L03019,94264,LONG,1,sub3,-1.0252116304634562,-10.5727007345713,loss,0.0250886822477433,0.358004671119365,0.0,NEUTRAL_MIXED,1.0,ALIGNED,True,True
L03022,94327,LONG,1,sub3,-1.0478662489487691,-5.691802276349335,loss,0.0250886822477433,-0.7467144707030338,0.0,NEUTRAL_MIXED,1.0,ALIGNED,True,True
L03023,94341,SHORT,-1,sub3,0.9727950807135588,9.297095070294745,win,0.0250886822477433,-0.2090366202173567,0.0,NEUTRAL_MIXED,1.0,AGAINST,True,True
L03024,94357,LONG,1,sub3,-1.0138913829695666,-18.976638981866017,loss,0.0250886822477433,-0.0241663476740185,0.0,NEUTRAL_MIXED,1.0,ALIGNED,True,True
L03026,94427,LONG,1,sub3,0.9641722551900628,6.996945737988426,win,0.0250886822477433,-0.4981441250221624,0.0,NEUTRAL_MIXED,1.0,ALIGNED,True,True
L03027,94443,SHORT,-1,sub3,-1.0369521191517224,-7.296132323905113,loss,0.0360872446911583,-1.5963121476601747,0.0,NEUTRAL_MIXED,0.0,NEUTRAL_MIXED,False,False
L03028,94456,SHORT,-1,sub3,0.950196853519488,4.769763160904404,win,0.0360872446911583,-2.144996087158148,0.0,NEUTRAL_MIXED,0.0,NEUTRAL_MIXED,False,False
L03029,94488,LONG,1,sub3,0.9654681013915648,7.269270340690127,win,0.0360872446911583,0.1614686001617949,0.0,NEUTRAL_MIXED,0.0,NEUTRAL_MIXED,False,False
L03030,94610,SHORT,-1,sub3,-1.0178712615090313,-14.808497310546954,loss,0.0360872446911583,-1.1373550426637091,0.0,NEUTRAL_MIXED,0.0,NEUTRAL_MIXED,False,False
L03031,94624,SHORT,-1,sub3,0.9792289732422575,12.257436091756972,win,0.0360872446911583,-1.123372263460701,0.0,NEUTRAL_MIXED,0.0,NEUTRAL_MIXED,False,False
L03032,94711,LONG,1,sub3,0.9161949461364772,2.8424381945224013,win,0.0395094450000074,1.2271274749903704,0.0,NEUTRAL_MIXED,0.0,NEUTRAL_MIXED,False,False
L03033,94713,SHORT,-1,sub3,-1.0544693127364857,-4.839740304039879,loss,0.0395094450000074,0.302845196916945,0.0,NEUTRAL_MIXED,0.0,NEUTRAL_MIXED,False,False
L03034,94724,SHORT,-1,sub3,0.9631500777874318,6.795645830143258,win,0.0395094450000074,-2.05337369001973,0.0,NEUTRAL_MIXED,0.0,NEUTRAL_MIXED,False,False
L03035,94734,LONG,1,sub3,0.9622501840229142,6.627450793350363,win,0.0395094450000074,-1.3423680335992385,0.0,NEUTRAL_MIXED,0.0,NEUTRAL_MIXED,False,False
L03036,94753,SHORT,-1,sub3,0.9826216536257992,14.7011473037619,win,0.0395094450000074,-0.9680352562917546,0.0,NEUTRAL_MIXED,0.0,NEUTRAL_MIXED,False,False
L03038,94892,LONG,1,sub3,0.9721931986793596,9.090230434710977,win,0.0395094450000074,-1.3032204295836995,0.0,NEUTRAL_MIXED,0.0,NEUTRAL_MIXED,False,False
L03039,94922,SHORT,-1,sub3,-1.032581709803039,-8.23993725841774,loss,0.0395094450000074,-0.5780113503299865,0.0,NEUTRAL_MIXED,0.0,NEUTRAL_MIXED,False,False
L03040,94932,SHORT,-1,sub3,0.9461624585730768,4.569343857633612,win,0.0395094450000074,-1.0047033741071831,0.0,NEUTRAL_MIXED,0.0,NEUTRAL_MIXED,False,False
L03041,94987,SHORT,-1,sub3,0.91692935152179,2.869866020829249,win,0.0430471249983908,0.891167353788603,0.0,NEUTRAL_MIXED,0.0,NEUTRAL_MIXED,False,False
L03042,94995,LONG,1,sub3,-1.0789631021437516,-3.552677123131616,loss,0.0430471249983908,-0.5262852650980454,0.0,NEUTRAL_MIXED,0.0,NEUTRAL_MIXED,False,False
L03044,95011,SHORT,-1,sub3,-1.0289296997980255,-9.247303767941958,loss,0.0430471249983908,-0.7892509824606566,0.0,NEUTRAL_MIXED,0.0,NEUTRAL_MIXED,False,False
L03045,95024,SHORT,-1,sub3,0.9642146793888272,7.005548989353883,win,0.0430471249983908,-0.2324516555777135,0.0,NEUTRAL_MIXED,0.0,NEUTRAL_MIXED,False,False
L03046,95046,LONG,1,sub3,-1.033769519106444,-7.959250888965471,loss,0.0430471249983908,0.3841805734887277,0.0,NEUTRAL_MIXED,0.0,NEUTRAL_MIXED,False,False
L03047,95066,LONG,1,sub3,-1.057255932763408,-4.801014135156947,loss,0.0430471249983908,0.3579002127225184,0.0,NEUTRAL_MIXED,0.0,NEUTRAL_MIXED,False,False
L03048,95078,LONG,1,sub3,0.9592546828103998,6.121101386212104,win,0.0430471249983908,-0.4953798568774744,0.0,NEUTRAL_MIXED,0.0,NEUTRAL_MIXED,False,False
L03049,95153,LONG,1,sub3,0.9390780532074524,4.007755935074783,win,0.0430471249983908,0.6318608262616071,0.0,NEUTRAL_MIXED,0.0,NEUTRAL_MIXED,False,False
L03050,95155,SHORT,-1,sub3,-1.0583382186476862,-4.716769610508891,loss,0.0430471249983908,0.5184704458637605,0.0,NEUTRAL_MIXED,0.0,NEUTRAL_MIXED,False,False
L03051,95162,SHORT,-1,sub3,0.9644855029560564,7.060954022761507,win,0.0430471249983908,-0.3673542323236557,0.0,NEUTRAL_MIXED,0.0,NEUTRAL_MIXED,False,False
L03052,95172,LONG,1,sub3,-1.0149585826343896,-17.641325915363268,loss,0.0430471249983908,0.7189556751722193,0.0,NEUTRAL_MIXED,0.0,NEUTRAL_MIXED,False,False
L03053,95202,LONG,1,sub3,-1.0176613670043395,-14.405189682574928,loss,0.0430471249983908,1.0476601131869177,0.0,NEUTRAL_MIXED,0.0,NEUTRAL_MIXED,False,False
L03054,95265,SHORT,-1,sub3,0.9340373585432648,3.6816250510637474,win,0.0385837468964576,-0.2261198169373013,0.0,NEUTRAL_MIXED,0.0,NEUTRAL_MIXED,False,False
L03055,95284,LONG,1,sub3,0.6472992127250733,3.464795735630041,win,0.0385837468964576,-0.4449247676597835,0.0,NEUTRAL_MIXED,0.0,NEUTRAL_MIXED,False,False
L03057,95299,LONG,1,sub3,0.9827200758442168,14.78636233679299,win,0.0385837468964576,-0.5974932481710981,0.0,NEUTRAL_MIXED,0.0,NEUTRAL_MIXED,False,False
L03058,95320,SHORT,-1,sub3,0.9659173614898448,7.085112858868342,win,0.0385837468964576,0.0573072833981097,0.0,NEUTRAL_MIXED,0.0,NEUTRAL_MIXED,False,False
L03059,95388,SHORT,-1,sub3,-1.0448615114958242,-5.822705681645857,loss,0.0385837468964576,-0.6847168557293308,0.0,NEUTRAL_MIXED,0.0,NEUTRAL_MIXED,False,False
L03060,95424,SHORT,-1,sub3,0.94038978234353,4.10166835522341,win,0.0385837468964576,-0.4163180129995907,0.0,NEUTRAL_MIXED,0.0,NEUTRAL_MIXED,False,False
L03061,95431,LONG,1,sub3,0.9497345568415718,4.912539694531915,win,0.0385837468964576,-0.8349045217694153,0.0,NEUTRAL_MIXED,0.0,NEUTRAL_MIXED,False,False
L03062,95470,SHORT,-1,sub3,-1.0148222149163282,-17.801238031423054,loss,0.0385837468964576,0.7495178470429591,0.0,NEUTRAL_MIXED,0.0,NEUTRAL_MIXED,False,False
L03063,95483,SHORT,-1,sub3,0.9662555779339096,7.44497712158136,win,0.0385837468964576,-0.6882139604013617,0.0,NEUTRAL_MIXED,0.0,NEUTRAL_MIXED,False,False
L03064,95544,SHORT,-1,sub3,0.9686565308949184,8.035188995466342,win,0.0465833427045529,0.1265507204829776,0.0,NEUTRAL_MIXED,0.0,NEUTRAL_MIXED,False,False
L03065,95564,LONG,1,sub3,-1.0462951415380466,-5.876140082141319,loss,0.0465833427045529,-0.6952550668289417,0.0,NEUTRAL_MIXED,0.0,NEUTRAL_MIXED,False,False
L03066,95586,LONG,1,sub3,-1.0228108012246544,-11.658109055424577,loss,0.0465833427045529,0.6801737422122875,0.0,NEUTRAL_MIXED,0.0,NEUTRAL_MIXED,False,False
L03068,95714,LONG,1,sub3,0.9828209719803211,14.874732867446255,win,0.0465833427045529,-0.1099463182618974,0.0,NEUTRAL_MIXED,0.0,NEUTRAL_MIXED,False,False
L03069,95723,SHORT,-1,sub3,-1.0141848336467536,-18.58943596485005,loss,0.0465833427045529,-1.2785660484072638,0.0,NEUTRAL_MIXED,0.0,NEUTRAL_MIXED,False,False
L03070,95749,SHORT,-1,sub3,-1.0123868709838704,-21.249965935609,loss,0.0465833427045529,-1.077928224184566,0.0,NEUTRAL_MIXED,0.0,NEUTRAL_MIXED,False,False
L03071,95862,SHORT,-1,sub3,-1.0140792686506097,-18.72686830490784,loss,0.0631204922346769,-0.3197717787082387,1.0,AGAINST,0.0,NEUTRAL_MIXED,True,True
L03073,95923,SHORT,-1,sub3,-1.029998701193821,-8.927041893593014,loss,0.0631204922346769,-0.5209638212245757,1.0,AGAINST,0.0,NEUTRAL_MIXED,True,True
L03074,95932,SHORT,-1,sub3,-1.044242051269009,-6.136761871173803,loss,0.0631204922346769,0.7245843224347719,1.0,AGAINST,0.0,NEUTRAL_MIXED,True,True
L03075,95951,SHORT,-1,sub3,-1.015174763857474,-17.393709785682404,loss,0.0631204922346769,-0.486928923624019,1.0,AGAINST,0.0,NEUTRAL_MIXED,True,True
L03076,95982,SHORT,-1,sub3,0.9710368626366336,8.716928042646032,win,0.0631204922346769,-0.8996732019259303,1.0,AGAINST,0.0,NEUTRAL_MIXED,True,True
L03077,95996,LONG,1,sub3,0.986290427882805,18.704851548803163,win,0.0631204922346769,-0.0416983475844811,1.0,ALIGNED,0.0,NEUTRAL_MIXED,True,True
L03078,96046,SHORT,-1,sub3,0.9755809671593584,10.387432340869964,win,0.0631204922346769,-0.43612235543717,1.0,AGAINST,0.0,NEUTRAL_MIXED,True,True
L03082,96123,LONG,1,sub3,0.9865798890016552,19.113908310615443,win,0.0836935425922846,-1.2230899286540882,0.0,NEUTRAL_MIXED,1.0,ALIGNED,True,True
L03083,96146,SHORT,-1,sub3,-1.01662784034425,-15.896426295741549,loss,0.0836935425922846,-1.085069243150011,0.0,NEUTRAL_MIXED,1.0,AGAINST,True,True
L03084,96191,SHORT,-1,sub3,0.9830872091852668,15.112980299249102,win,0.0836935425922846,-1.3498590631544551,0.0,NEUTRAL_MIXED,1.0,AGAINST,True,True
L03085,96251,LONG,1,sub3,0.9305263767044446,3.482427523811566,win,0.0836935425922846,-0.3100688054318155,0.0,NEUTRAL_MIXED,1.0,ALIGNED,True,True
L03086,96255,SHORT,-1,sub3,-1.0122618990116714,-21.46389343875217,loss,0.0836935425922846,-0.782195206789873,0.0,NEUTRAL_MIXED,1.0,AGAINST,True,True
L03087,96277,SHORT,-1,sub3,0.9783185302303524,11.731806956011496,win,0.0836935425922846,-0.6504710223517879,0.0,NEUTRAL_MIXED,1.0,AGAINST,True,True
L03088,96280,SHORT,-1,sub3,0.9798200951916104,12.624104383491613,win,0.0836935425922846,0.0388393751359538,0.0,NEUTRAL_MIXED,1.0,AGAINST,True,True
L03089,96312,LONG,1,sub3,-1.013150035703217,-20.0318094359709,loss,0.0836935425922846,-0.0541342090291653,0.0,NEUTRAL_MIXED,1.0,ALIGNED,True,True
L03090,96335,LONG,1,sub3,0.979461340472608,12.399053997825831,win,0.0836935425922846,-0.1059237426446994,0.0,NEUTRAL_MIXED,1.0,ALIGNED,True,True
L03091,96401,SHORT,-1,sub3,0.9771650366748164,11.12604850367643,win,0.1070110782777725,-0.406472344311004,0.0,NEUTRAL_MIXED,1.0,AGAINST,True,True
L03092,96431,LONG,1,sub3,-1.0131670134267228,-20.006315400009044,loss,0.1070110782777725,-0.6529446209419558,0.0,NEUTRAL_MIXED,1.0,ALIGNED,True,True
L03093,96558,LONG,1,sub3,0.9803424518472496,12.966471479549,win,0.1070110782777725,-0.5350903834924952,0.0,NEUTRAL_MIXED,1.0,ALIGNED,True,True
L03094,96583,SHORT,-1,sub3,-1.0188251306856808,-14.071325102671835,loss,0.1070110782777725,-0.896364014966143,0.0,NEUTRAL_MIXED,1.0,AGAINST,True,True
L03095,96635,SHORT,-1,sub3,0.9522161961773336,5.181174188750447,win,0.1070110782777725,-0.7015692368117077,0.0,NEUTRAL_MIXED,1.0,AGAINST,True,True
L03097,96655,SHORT,-1,sub3,0.945232436943474,4.48733556670868,win,0.1387577280416085,-0.9037668582059164,0.0,NEUTRAL_MIXED,1.0,AGAINST,True,True
L03098,96678,LONG,1,sub3,0.9825037032404762,14.6002874981923,win,0.1387577280416085,-1.0472670050288553,0.0,NEUTRAL_MIXED,1.0,ALIGNED,True,True
L03099,96747,LONG,1,sub3,-1.0263542354101416,-10.125586914358792,loss,0.1387577280416085,-1.1043586932605376,0.0,NEUTRAL_MIXED,1.0,ALIGNED,True,True
L03100,96767,LONG,1,sub3,-1.036868695069695,-7.312053225879936,loss,0.1387577280416085,-0.263726442875894,0.0,NEUTRAL_MIXED,1.0,ALIGNED,True,True
L03101,96783,LONG,1,sub3,-1.0372268489857952,-7.244206482247137,loss,0.1387577280416085,-1.0681429679514065,0.0,NEUTRAL_MIXED,1.0,ALIGNED,True,True
L03102,96793,LONG,1,sub3,0.9666582857038492,7.538039347671656,win,0.1387577280416085,-0.0554419768557547,0.0,NEUTRAL_MIXED,1.0,ALIGNED,True,True
L03103,96816,SHORT,-1,sub3,0.970366405245858,8.513825860727593,win,0.1387577280416085,-0.7791827992265952,0.0,NEUTRAL_MIXED,1.0,AGAINST,True,True
L03104,96828,LONG,1,sub3,0.984638141421734,16.66503538393863,win,0.1387577280416085,-0.8764459136769192,0.0,NEUTRAL_MIXED,1.0,ALIGNED,True,True
L03105,96836,SHORT,-1,sub3,0.9797451843496772,12.576453537214547,win,0.1387577280416085,-1.4627149715569154,0.0,NEUTRAL_MIXED,1.0,AGAINST,True,True
L03106,96853,LONG,1,sub3,0.985729487894127,17.9593882091458,win,0.1387577280416085,-1.4613352922693643,0.0,NEUTRAL_MIXED,1.0,ALIGNED,True,True
L03107,96943,SHORT,-1,sub3,0.9652077479182688,7.212928150481275,win,0.1454141009594419,0.3958947530795791,0.0,NEUTRAL_MIXED,0.0,NEUTRAL_MIXED,False,False
L03108,96971,SHORT,-1,sub3,0.9733087712222084,9.481027742287552,win,0.1454141009594419,-0.832006852978616,0.0,NEUTRAL_MIXED,0.0,NEUTRAL_MIXED,False,False
L03109,97037,LONG,1,sub3,0.9588733676978352,6.061937524325913,win,0.1454141009594419,-0.6265168880334261,0.0,NEUTRAL_MIXED,0.0,NEUTRAL_MIXED,False,False
L03110,97055,LONG,1,sub3,-1.0598880153381272,-4.6014362378227815,loss,0.1454141009594419,-0.1287236814189786,0.0,NEUTRAL_MIXED,0.0,NEUTRAL_MIXED,False,False
L03112,97087,SHORT,-1,sub3,0.9577507349022262,5.893953196547045,win,0.1454141009594419,-0.7118445892898357,0.0,NEUTRAL_MIXED,0.0,NEUTRAL_MIXED,False,False
L03113,97103,LONG,1,sub3,-1.0286053420217356,-9.349211371871206,loss,0.1454141009594419,0.1857781458059108,0.0,NEUTRAL_MIXED,0.0,NEUTRAL_MIXED,False,False
L03114,97113,LONG,1,sub3,0.9806118496929048,13.15025295770829,win,0.1454141009594419,-1.4463746740739138,0.0,NEUTRAL_MIXED,0.0,NEUTRAL_MIXED,False,False
L03115,97147,SHORT,-1,sub3,0.9615201935549212,6.496790743511156,win,0.1454141009594419,-1.448478797024325,0.0,NEUTRAL_MIXED,0.0,NEUTRAL_MIXED,False,False
L03116,97174,SHORT,-1,sub3,0.9692421417521704,8.193124333472042,win,0.1454141009594419,-1.283987212969992,0.0,NEUTRAL_MIXED,0.0,NEUTRAL_MIXED,False,False
L03117,97195,LONG,1,sub3,0.9061719850742922,2.511027397372345,win,0.1545341091660028,-0.0718266531433249,0.0,NEUTRAL_MIXED,-1.0,AGAINST,True,True
L03119,97219,LONG,1,sub3,-1.0391459631806206,-6.901808730074663,loss,0.1545341091660028,-1.0213116369180306,-1.0,AGAINST,-1.0,AGAINST,False,False
L03120,97230,LONG,1,sub3,0.9626801742645246,6.7068063790839005,win,0.1545341091660028,-1.5387947028754465,-1.0,AGAINST,-1.0,AGAINST,False,False
L03121,97246,LONG,1,sub3,-1.0323064933111676,-8.307917720316254,loss,0.1545341091660028,-0.5926529772336288,-1.0,AGAINST,-1.0,AGAINST,False,False
L03123,97319,SHORT,-1,sub3,0.9534692069435132,5.327697585222268,win,0.1545341091660028,0.2579350921403872,-1.0,ALIGNED,-1.0,ALIGNED,False,False
L03128,97396,LONG,1,sub3,-1.0066529855264084,-39.34019925312805,loss,0.1545341091660028,-0.4362987867915935,-1.0,AGAINST,-1.0,AGAINST,False,False
L03129,97446,LONG,1,sub3,-1.1039854066764456,-14.423894866111109,loss,0.1545341091660028,-0.3186800111774779,-1.0,AGAINST,-1.0,AGAINST,False,False
L03130,97471,LONG,1,sub3,-1.015522575538849,-17.009797696233363,loss,0.1296489616717142,-0.4114711102561642,0.0,NEUTRAL_MIXED,-1.0,AGAINST,True,True
L03131,97493,LONG,1,sub3,0.9856941903920696,17.91443452176827,win,0.1296489616717142,-1.0586035528211435,0.0,NEUTRAL_MIXED,-1.0,AGAINST,True,True
L03132,97505,SHORT,-1,sub3,0.9772669658833008,11.177100682008131,win,0.1296489616717142,0.0827964311730095,0.0,NEUTRAL_MIXED,-1.0,ALIGNED,True,True
L03133,97529,LONG,1,sub3,0.988958873106374,23.28832097349732,win,0.1296489616717142,-0.5792450340297092,0.0,NEUTRAL_MIXED,-1.0,AGAINST,True,True
L03134,97634,SHORT,-1,sub3,0.9706268702299518,8.591627389919267,win,0.1296489616717142,-0.2980133617295151,0.0,NEUTRAL_MIXED,-1.0,ALIGNED,True,True
L03135,97651,LONG,1,sub3,-1.0254483036087465,-10.476791028493608,loss,0.1296489616717142,-2.305527510213929,0.0,NEUTRAL_MIXED,-1.0,AGAINST,True,True
L03136,97669,LONG,1,sub3,0.9789833604874302,12.111150004486262,win,0.1296489616717142,1.062333526841528,0.0,NEUTRAL_MIXED,-1.0,AGAINST,True,True
L03137,97750,SHORT,-1,sub3,0.9586499817017003,6.027784400107521,win,0.1111011961740382,0.0594165287092427,0.0,NEUTRAL_MIXED,-1.0,ALIGNED,True,True
L03138,97764,LONG,1,sub3,0.9380918259734078,3.939768513419949,win,0.1111011961740382,-0.7251946595423218,0.0,NEUTRAL_MIXED,-1.0,AGAINST,True,True
L03139,97778,SHORT,-1,sub3,0.9644551384238942,7.054700028962543,win,0.1111011961740382,-0.7025673907351367,0.0,NEUTRAL_MIXED,-1.0,ALIGNED,True,True
L03140,97794,LONG,1,sub3,-1.028581953474579,-9.356649052748253,loss,0.1111011961740382,0.0537006484948749,0.0,NEUTRAL_MIXED,-1.0,AGAINST,True,True
L03141,97805,LONG,1,sub3,-1.020844462550372,-12.733336713379686,loss,0.1111011961740382,0.230019282624521,0.0,NEUTRAL_MIXED,-1.0,AGAINST,True,True
L03142,97830,LONG,1,sub3,-1.0493754599846814,-5.52577372810083,loss,0.1111011961740382,-0.0373321607102157,0.0,NEUTRAL_MIXED,-1.0,AGAINST,True,True
L03144,97850,LONG,1,sub3,-1.0256471965089065,-10.397560255754795,loss,0.1111011961740382,-1.9129843137916656,0.0,NEUTRAL_MIXED,-1.0,AGAINST,True,True
L03146,97907,LONG,1,sub3,0.9230789855020304,3.12009062539164,win,0.1111011961740382,-0.6100913456210085,0.0,NEUTRAL_MIXED,-1.0,AGAINST,True,True
L03148,97932,LONG,1,sub3,0.9881697086293738,21.71748067691533,win,0.1111011961740382,-1.432965771278961,0.0,NEUTRAL_MIXED,-1.0,AGAINST,True,True
L03149,98019,LONG,1,sub3,0.9513859783001432,5.088251202203537,win,0.1111011961740382,0.4333139923647519,0.0,NEUTRAL_MIXED,-1.0,AGAINST,True,True
L03150,98025,SHORT,-1,sub3,-1.0411050104164772,-6.331983618712002,loss,0.076047597179725,-0.4365813765517983,0.0,NEUTRAL_MIXED,-1.0,ALIGNED,True,True
L03152,98050,LONG,1,sub3,-1.0194927030734804,-13.598324552532176,loss,0.076047597179725,-0.5536798902052017,0.0,NEUTRAL_MIXED,-1.0,AGAINST,True,True
L03153,98061,LONG,1,sub3,-1.0167492349619114,-15.783097060341788,loss,0.076047597179725,-0.6956244306177857,0.0,NEUTRAL_MIXED,-1.0,AGAINST,True,True
L03154,98074,LONG,1,sub3,-1.0158929644073993,-15.98023091171126,loss,0.076047597179725,-0.735714518869039,0.0,NEUTRAL_MIXED,-1.0,AGAINST,True,True
L03156,98196,SHORT,-1,sub3,-1.0186201801052257,-14.22334506599418,loss,0.076047597179725,-0.8260934818470368,0.0,NEUTRAL_MIXED,-1.0,ALIGNED,True,True
L03157,98223,SHORT,-1,sub3,0.9843358770839424,16.338439720725546,win,0.076047597179725,0.5133851679348375,0.0,NEUTRAL_MIXED,-1.0,ALIGNED,True,True
L03159,98311,LONG,1,sub3,-1.0789448663800196,-3.553437710676008,loss,0.055337106005436,-0.7355267866827185,0.0,NEUTRAL_MIXED,-1.0,AGAINST,True,True
L03162,98425,SHORT,-1,sub3,0.9736369267806194,9.602279630171324,win,0.055337106005436,-1.365783814931573,0.0,NEUTRAL_MIXED,-1.0,ALIGNED,True,True
L03164,98493,LONG,1,sub3,-1.0181301543159842,-45.44764040765527,loss,0.055337106005436,-0.4067829582790463,0.0,NEUTRAL_MIXED,-1.0,AGAINST,True,True
L03166,98759,LONG,1,sub3,-0.1782530711303044,-7.626335168624271,timeout,0.0421128223953289,1.5572619677535589,1.0,ALIGNED,0.0,NEUTRAL_MIXED,True,True
L03167,99266,LONG,1,sub3,0.981405128887876,13.722350210036891,win,0.0357524103782108,-0.5642037435752713,0.0,NEUTRAL_MIXED,0.0,NEUTRAL_MIXED,False,False
L03168,99277,SHORT,-1,sub3,0.9709186811627628,8.680447352315241,win,0.0357524103782108,0.2492049182433749,0.0,NEUTRAL_MIXED,0.0,NEUTRAL_MIXED,False,False
L03169,99314,LONG,1,sub3,-1.0204111241986944,-12.998151875870462,loss,0.0357524103782108,-0.9654513980974848,0.0,NEUTRAL_MIXED,0.0,NEUTRAL_MIXED,False,False
L03170,99369,LONG,1,sub3,-1.05145523754114,-5.312935569335423,loss,0.038114508744342,-0.5264231979001209,0.0,NEUTRAL_MIXED,0.0,NEUTRAL_MIXED,False,False
L03171,99385,LONG,1,sub3,0.93144735322704,3.2609589169424,win,0.038114508744342,-0.2365380100922153,0.0,NEUTRAL_MIXED,0.0,NEUTRAL_MIXED,False,False
L03173,99400,LONG,1,sub3,0.969480606345568,8.259173183588246,win,0.038114508744342,-1.0117133164741912,-1.0,AGAINST,0.0,NEUTRAL_MIXED,True,True
L03174,99421,SHORT,-1,sub3,-1.0411902442191232,-6.57217427643991,loss,0.038114508744342,0.9605653140021428,-1.0,ALIGNED,0.0,NEUTRAL_MIXED,True,True
L03175,99435,SHORT,-1,sub3,-1.03463530316956,-7.766791516371995,loss,0.038114508744342,-0.5888938813915191,-1.0,ALIGNED,0.0,NEUTRAL_MIXED,True,True
L03176,99490,SHORT,-1,sub3,0.953256914852474,5.302320056102872,win,0.038114508744342,-1.029259668634432,-1.0,ALIGNED,0.0,NEUTRAL_MIXED,True,True
L03177,99537,SHORT,-1,sub3,0.9743697972551312,9.884281829852624,win,0.038114508744342,-0.2101374918159418,-1.0,ALIGNED,0.0,NEUTRAL_MIXED,True,True
L03179,99559,SHORT,-1,sub3,0.9852593024818264,17.378242673365094,win,0.038114508744342,-1.4974364053339957,-1.0,ALIGNED,0.0,NEUTRAL_MIXED,True,True
L03180,99579,LONG,1,sub3,0.9686391423987628,24.99675448647817,win,0.038114508744342,-1.7377210078266143,-1.0,AGAINST,0.0,NEUTRAL_MIXED,True,True
L03181,99742,SHORT,-1,sub3,0.9786592945951822,11.92328987107976,win,0.0392867497011403,-0.85365737856654,0.0,NEUTRAL_MIXED,0.0,NEUTRAL_MIXED,False,False
L03182,99786,LONG,1,sub3,-1.0391135437211385,-6.907313826993232,loss,0.0392867497011403,0.0016841671304351,0.0,NEUTRAL_MIXED,0.0,NEUTRAL_MIXED,False,False
L03183,99806,LONG,1,sub3,0.946928572661028,4.639057987258639,win,0.0392867497011403,0.1248038038239702,0.0,NEUTRAL_MIXED,0.0,NEUTRAL_MIXED,False,False
L03184,99809,SHORT,-1,sub3,0.952286377839287,5.189177577096416,win,0.0392867497011403,-1.257643012299199,0.0,NEUTRAL_MIXED,0.0,NEUTRAL_MIXED,False,False
L03185,99830,LONG,1,sub3,-1.009359159192991,-28.04027327443509,loss,0.0392867497011403,3.1125489743721477,0.0,NEUTRAL_MIXED,0.0,NEUTRAL_MIXED,False,False
L03187,99924,SHORT,-1,sub3,0.9516316101806866,4.721918329229993,win,0.0235697349122012,-0.3720281114979341,0.0,NEUTRAL_MIXED,0.0,NEUTRAL_MIXED,False,False
L03188,99933,LONG,1,sub3,-1.0462857624194366,-5.425179792976451,loss,0.0235697349122012,-0.7418550547793565,0.0,NEUTRAL_MIXED,0.0,NEUTRAL_MIXED,False,False
L03190,99961,SHORT,-1,sub3,0.9778145517355574,11.45939358182477,win,0.0235697349122012,0.0411594416689526,0.0,NEUTRAL_MIXED,0.0,NEUTRAL_MIXED,False,False
L03192,100023,SHORT,-1,sub3,0.9789573226142786,12.09584214091683,win,0.0235697349122012,-0.7695704899658634,0.0,NEUTRAL_MIXED,0.0,NEUTRAL_MIXED,False,False
L03193,100094,LONG,1,sub3,-1.0287152866025266,-9.31441076034207,loss,0.0235697349122012,1.5584950624776068,0.0,NEUTRAL_MIXED,0.0,NEUTRAL_MIXED,False,False
L03194,100095,SHORT,-1,sub3,-1.013352695000446,-19.73172462124967,loss,0.0235697349122012,0.5334037769327408,0.0,NEUTRAL_MIXED,0.0,NEUTRAL_MIXED,False,False
L03195,100114,SHORT,-1,sub3,0.9827214097974086,14.787523956047153,win,0.0235697349122012,-0.092777771970048,0.0,NEUTRAL_MIXED,0.0,NEUTRAL_MIXED,False,False
L03196,100206,LONG,1,sub3,-1.0794372703588415,-10.86132751415458,loss,0.0156057191499038,-2.365094243983253,0.0,NEUTRAL_MIXED,0.0,NEUTRAL_MIXED,False,False
L03197,100236,LONG,1,sub3,0.9713852034180068,8.826208222910282,win,0.0156057191499038,-0.6748656032317709,0.0,NEUTRAL_MIXED,0.0,NEUTRAL_MIXED,False,False
L03200,100279,LONG,1,sub3,0.962374582673241,6.650222356930499,win,0.0156057191499038,-0.308743770119714,0.0,NEUTRAL_MIXED,0.0,NEUTRAL_MIXED,False,False
L03201,100343,LONG,1,sub3,-1.021354224952056,-11.47899371382573,loss,0.0156057191499038,0.3657653302607663,0.0,NEUTRAL_MIXED,0.0,NEUTRAL_MIXED,False,False
L03202,100380,LONG,1,sub3,0.9888347708826848,21.255304527839144,win,0.0156057191499038,-1.5920482150287107,0.0,NEUTRAL_MIXED,0.0,NEUTRAL_MIXED,False,False
L03203,100430,SHORT,-1,sub3,0.9734307990673324,8.793015355185162,win,0.0156057191499038,-0.5005643042105471,0.0,NEUTRAL_MIXED,0.0,NEUTRAL_MIXED,False,False
L03204,100475,SHORT,-1,sub3,0.9454814529823627,4.162171611839767,win,0.0054068962653959,-0.0525498364231072,0.0,NEUTRAL_MIXED,-1.0,ALIGNED,True,True
L03205,100501,LONG,1,sub3,-1.0495987187232638,-5.07883467512238,loss,0.0054068962653959,-0.2666357834897958,0.0,NEUTRAL_MIXED,-1.0,AGAINST,True,True
