trade_id,direction,signal_bar,limit_created_bar,fill_bar,exit_bar,entry_time_utc,entry,stop,target,exit_price,outcome,pnl_usd,pnl_r,nights_held,A_state,A_resolution,A_alignment,A_pivot_bar,A_confirmation_bar,A_prior_pivot_bar,A_age,A_bullish_active,A_bearish_active,A_event_id,B_state,B_resolution,B_alignment,B_pivot_bar,B_confirmation_bar,B_prior_pivot_bar,B_age,B_bullish_active,B_bearish_active,B_event_id,sub_periodo
T00000,SHORT,17,17,18,21,2025-04-14T20:15:03+00:00,3211.1703807115127,3213.9495528400003,3208.391208583025,3208.391208583025,win,2.619672128487764,0.9426088084416147,0,NONE,NONE,NONE,,,,,False,False,,NONE,NONE,NONE,,,,,False,False,,sub1
T00001,SHORT,35,35,36,63,2025-04-14T22:45:03+00:00,3212.631768538801,3215.3536090000002,3209.909928077602,3215.3536090000002,loss,-2.8813404611987607,-1.0586000547326315,1,NONE,NONE,NONE,,,,,False,False,,NONE,NONE,NONE,,,,,False,False,,sub1
T00002,SHORT,76,76,77,86,2025-04-15T02:10:03+00:00,3220.8430291216437,3226.1090392,3215.5770190432872,3226.1090392,loss,-5.426010078356285,-1.0303835347101713,0,NONE,NONE,NONE,,,,,False,False,,NONE,NONE,NONE,,,,,False,False,,sub1
T00003,LONG,194,194,195,196,2025-04-15T12:00:03+00:00,3220.4067960805382,3216.64732896,3224.1662632010766,3224.1662632010766,win,3.599967120538622,0.9575737744510686,0,NONE,NONE,NONE,,,,,False,False,,NONE,NONE,NONE,,,,,False,False,,sub1
T00004,LONG,202,202,205,207,2025-04-15T12:40:03+00:00,3219.9279252022134,3214.1364293999995,3225.719421004427,3225.719421004427,win,5.631995802214078,0.9724596191645718,0,NONE,NONE,NONE,,,,,False,False,,NONE,NONE,NONE,,,,,False,False,,sub1
T00005,SHORT,210,210,211,213,2025-04-15T13:20:03+00:00,3221.6708500096224,3226.48805436,3216.8536456592446,3216.8536456592446,win,4.658204350378128,0.9669933039093138,0,BULLISH,NONE,OPPOSED,201.0,206.0,191.0,4.0,True,False,bullish|201|191|206,BULLISH,NONE,OPPOSED,201.0,206.0,191.0,4.0,True,False,bullish|201|191|206,sub1
T00006,SHORT,230,230,234,261,2025-04-15T15:00:03+00:00,3221.529960335214,3226.99007444,3216.069846230428,3226.99007444,loss,-5.620114104785898,-1.0293034169120399,0,NONE,NONE,NONE,,,,,False,False,,NONE,NONE,NONE,,,,,False,False,,sub1
T00007,SHORT,282,282,283,290,2025-04-15T19:20:03+00:00,3228.684293795603,3231.99027444,3225.378313151206,3231.99027444,loss,-3.46598064439695,-1.0483971375546373,0,NONE,NONE,NONE,,,,,False,False,,NONE,NONE,NONE,,,,,False,False,,sub1
T00008,SHORT,293,293,296,307,2025-04-15T20:15:03+00:00,3229.3190509476835,3233.80334696,3224.834754935367,3233.80334696,loss,-4.643796012316216,-1.035568570754846,0,BEARISH,NONE,ALIGNED,280.0,285.0,264.0,8.0,False,True,bearish|280|264|285,BEARISH,NONE,ALIGNED,280.0,285.0,264.0,8.0,False,True,bearish|280|264|285,sub1
T00009,SHORT,324,324,325,325,2025-04-15T23:50:03+00:00,3241.677667416799,3248.8209476399998,3234.5343871935984,3248.8209476399998,loss,-7.303280223200545,-1.0223986732986043,0,NONE,NONE,NONE,,,,,False,False,,NONE,NONE,NONE,,,,,False,False,,sub1
T00010,SHORT,358,358,359,367,2025-04-16T02:40:03+00:00,3270.4471303462606,3275.55501696,3265.339243732521,3275.55501696,loss,-5.267386613739291,-1.0312262217353687,0,BEARISH,NONE,ALIGNED,351.0,356.0,335.0,2.0,False,True,bearish|351|335|356,BEARISH,NONE,ALIGNED,351.0,356.0,335.0,2.0,False,True,bearish|351|335|356,sub1
T00011,SHORT,398,398,399,402,2025-04-16T06:00:03+00:00,3287.613686566649,3291.9166714,3283.310701733298,3291.9166714,loss,-4.462484833350572,-1.0370672930946743,0,NONE,NONE,NONE,,,,,False,False,,NONE,NONE,NONE,,,,,False,False,,sub1
T00012,SHORT,406,406,407,410,2025-04-16T06:40:03+00:00,3289.486659048707,3295.17380168,3283.7995164174145,3295.17380168,loss,-5.846142631292423,-1.0279578006580623,0,NONE,NONE,NONE,,,,,False,False,,NONE,NONE,NONE,,,,,False,False,,sub1
T00013,SHORT,477,477,478,493,2025-04-16T12:35:03+00:00,3305.333323489746,3313.8555489200003,3296.8110980594915,3313.8555489200003,loss,-8.681225430254017,-1.0186570985830992,0,NONE,NONE,NONE,,,,,False,False,,NONE,NONE,NONE,,,,,False,False,,sub1
T00014,SHORT,500,500,501,514,2025-04-16T14:30:03+00:00,3310.047391887555,3319.7527848,3300.34199897511,3319.7527848,loss,-9.864892912444702,-1.0164341620621284,0,NONE,NONE,NONE,,,,,False,False,,NONE,NONE,NONE,,,,,False,False,,sub1
T00015,SHORT,526,526,527,546,2025-04-16T16:40:03+00:00,3325.9555629238703,3333.08031788,3318.8308079677404,3333.08031788,loss,-7.2847549561297456,-1.0224569126917404,0,NONE,NONE,NONE,,,,,False,False,,NONE,NONE,NONE,,,,,False,False,,sub1
T00016,SHORT,562,562,563,568,2025-04-16T19:40:03+00:00,3338.615779029141,3342.63069988,3334.6008581782817,3334.6008581782817,win,3.8554208508594456,0.9602731894538794,0,NONE,NONE,NONE,,,,,False,False,,NONE,NONE,NONE,,,,,False,False,,sub1
T00017,SHORT,591,591,592,603,2025-04-16T23:05:03+00:00,3350.771103567903,3357.88631008,3343.6558970558062,3343.6558970558062,win,6.9562065120971965,0.9776534947047105,1,NONE,NONE,NONE,,,,,False,False,,NONE,NONE,NONE,,,,,False,False,,sub1
T00018,LONG,614,614,615,616,2025-04-17T01:00:03+00:00,3346.363369448402,3341.8933189199997,3350.833419976804,3350.833419976804,win,4.310050528402371,0.9642062211638925,0,NONE,NONE,NONE,,,,,False,False,,NONE,NONE,NONE,,,,,False,False,,sub1
T00019,LONG,629,629,630,688,2025-04-17T02:15:03+00:00,3335.5743103290956,3320.6681679599997,3350.4804526981916,3320.6681679599997,loss,-15.065642369095713,-1.0107002869052448,0,NONE,NONE,NONE,,,,,False,False,,NONE,NONE,NONE,,,,,False,False,,sub1
T00020,LONG,694,694,695,705,2025-04-17T07:40:03+00:00,3323.1549068162662,3314.1464288399998,3332.1633847925327,3314.1464288399998,loss,-9.16797797626623,-1.0177055436467701,0,NONE,NONE,NONE,,,,,False,False,,NONE,NONE,NONE,,,,,False,False,,sub1
T00021,SHORT,739,739,741,742,2025-04-17T11:25:03+00:00,3328.039888671071,3332.6032987999997,3323.476478542142,3323.476478542142,win,4.4044101289291575,0.9651576352974056,0,NONE,NONE,NONE,,,,,False,False,,NONE,NONE,NONE,,,,,False,False,,sub1
T00022,SHORT,750,750,758,768,2025-04-17T12:20:03+00:00,3329.4196843492964,3342.50969504,3316.3296736585926,3316.3296736585926,win,12.930510690704068,0.9878151360019114,0,NONE,NONE,NONE,,,,,False,False,,NONE,NONE,NONE,,,,,False,False,,sub1
T00023,LONG,784,784,786,803,2025-04-17T15:10:03+00:00,3299.390657727605,3283.69064712,3315.0906683352096,3315.0906683352096,win,15.540510607605029,0.989840771195244,0,NONE,NONE,NONE,,,,,False,False,,NONE,NONE,NONE,,,,,False,False,,sub1
T00024,SHORT,915,915,916,925,2025-04-21T03:10:03+00:00,3381.4938677361347,3385.42941176,3377.558323712269,3377.558323712269,win,3.776544023865881,0.9595989781754546,0,BEARISH,NONE,ALIGNED,908.0,913.0,891.0,2.0,False,True,bearish|908|891|913,BEARISH,NONE,ALIGNED,908.0,913.0,891.0,2.0,False,True,bearish|908|891|913,sub1
T00025,SHORT,994,994,995,1000,2025-04-21T09:45:03+00:00,3393.7091831498406,3397.17388152,3390.244484779681,3397.17388152,loss,-3.6246983701594218,-1.0461800661719611,0,NONE,NONE,NONE,,,,,False,False,,NONE,NONE,NONE,,,,,False,False,,sub1
T00026,SHORT,1025,1025,1026,1030,2025-04-21T12:20:03+00:00,3401.4580434439445,3408.03931612,3394.876770767889,3408.03931612,loss,-6.740272676055156,-1.024159460916752,0,NONE,NONE,NONE,,,,,False,False,,NONE,NONE,NONE,,,,,False,False,,sub1
T00027,SHORT,1039,1039,1040,1043,2025-04-21T13:30:03+00:00,3412.812577116112,3424.56997732,3401.0551769122244,3424.56997732,loss,-11.916400203887406,-1.0135233977956346,0,NONE,NONE,NONE,,,,,False,False,,NONE,NONE,NONE,,,,,False,False,,sub1
T00028,SHORT,1142,1142,1143,1144,2025-04-21T23:05:03+00:00,3430.5873831226645,3436.0154351200003,3425.1593311253287,3436.0154351200003,loss,-5.588051997335697,-1.0294765046610432,0,NONE,NONE,NONE,,,,,False,False,,NONE,NONE,NONE,,,,,False,False,,sub1
T00029,SHORT,1150,1150,1152,1153,2025-04-21T23:45:03+00:00,3437.095395976873,3444.39477028,3429.796021673746,3429.796021673746,win,7.139874303127272,0.9781488120246932,1,NONE,NONE,NONE,,,,,False,False,,NONE,NONE,NONE,,,,,False,False,,sub1
T00030,LONG,1157,1157,1158,1172,2025-04-22T00:20:03+00:00,3429.039166046267,3412.0435128,3446.034819292534,3446.034819292534,win,16.835653246267157,0.9905858281713886,0,NONE,NONE,NONE,,,,,False,False,,NONE,NONE,NONE,,,,,False,False,,sub1
T00031,SHORT,1178,1178,1179,1181,2025-04-22T02:05:03+00:00,3444.8024248362294,3455.1732014,3434.431648272459,3455.1732014,loss,-10.529776563770156,-1.015331542341304,0,NONE,NONE,NONE,,,,,False,False,,NONE,NONE,NONE,,,,,False,False,,sub1
T00032,SHORT,1203,1203,1204,1224,2025-04-22T04:10:03+00:00,3483.2777070390757,3494.91279092,3471.6426231581513,3494.91279092,loss,-11.794083880924063,-1.0136655654249584,0,NONE,NONE,NONE,,,,,False,False,,NONE,NONE,NONE,,,,,False,False,,sub1
T00033,SHORT,1298,1298,1299,1300,2025-04-22T12:05:03+00:00,3455.606961531789,3461.41045088,3449.8034721835775,3461.41045088,loss,-5.963489348211169,-1.027569620688486,0,NONE,NONE,NONE,,,,,False,False,,NONE,NONE,NONE,,,,,False,False,,sub1
T00034,SHORT,1301,1301,1302,1305,2025-04-22T12:20:03+00:00,3455.9753098765636,3464.94159212,3447.009027633127,3447.009027633127,win,8.80728224343693,0.982266897730546,0,NONE,NONE,NONE,,,,,False,False,,NONE,NONE,NONE,,,,,False,False,,sub1
T00035,LONG,1311,1311,1312,1317,2025-04-22T13:10:03+00:00,3441.2103927694643,3420.3891789599998,3462.031606578929,3420.3891789599998,loss,-20.980213809464203,-1.0076364424021895,0,NONE,NONE,NONE,,,,,False,False,,NONE,NONE,NONE,,,,,False,False,,sub1
T00036,LONG,1321,1321,1322,1345,2025-04-22T14:00:03+00:00,3429.476608539079,3408.463656,3450.4895610781577,3408.463656,loss,-21.171952539078575,-1.0075667614869424,0,NONE,NONE,NONE,,,,,False,False,,NONE,NONE,NONE,,,,,False,False,,sub1
T00037,LONG,1359,1359,1370,1387,2025-04-22T17:10:03+00:00,3394.411023204528,3371.85912024,3416.9629261690566,3371.85912024,loss,-22.711402964528133,-1.0070725738865864,0,NONE,NONE,NONE,,,,,False,False,,NONE,NONE,NONE,,,,,False,False,,sub1
T00038,LONG,1393,1393,1401,1405,2025-04-22T20:00:03+00:00,3376.914921491946,3366.5833312799996,3387.246511703893,3366.5833312799996,loss,-10.491090211946357,-1.0154380881091587,0,BULLISH,NONE,ALIGNED,1387.0,1392.0,1379.0,1.0,True,False,bullish|1387|1379|1392,BULLISH,NONE,ALIGNED,1387.0,1392.0,1379.0,1.0,True,False,bullish|1387|1379|1392,sub1
T00039,LONG,1418,1418,1423,1435,2025-04-22T23:05:03+00:00,3336.204311961028,3315.6983667599998,3356.710257162056,3356.710257162056,win,18.698545201028473,0.9118597078905134,1,NONE,NONE,NONE,,,,,False,False,,NONE,NONE,NONE,,,,,False,False,,sub1
T00040,SHORT,1447,1447,1448,1449,2025-04-23T01:30:03+00:00,3363.9842916073076,3380.8372280800004,3347.1313551346148,3380.8372280800004,loss,-17.01243647269257,-1.0094642260272086,0,NONE,NONE,NONE,,,,,False,False,,NONE,NONE,NONE,,,,,False,False,,sub1
T00041,SHORT,1454,1454,1455,1461,2025-04-23T02:05:03+00:00,3374.309274397313,3386.7814658400002,3361.8370829546257,3361.8370829546257,win,12.312691442687537,0.987211549731842,0,NONE,NONE,NONE,,,,,False,False,,NONE,NONE,NONE,,,,,False,False,,sub1
T00042,LONG,1519,1519,1520,1539,2025-04-23T07:30:03+00:00,3310.533364487512,3291.6313294799997,3329.435399495024,3329.435399495024,win,18.74303500751239,0.9915882073048504,0,BULLISH,NONE,ALIGNED,1511.0,1516.0,1501.0,3.0,True,False,bullish|1511|1501|1516,BULLISH,NONE,ALIGNED,1511.0,1516.0,1501.0,3.0,True,False,bullish|1511|1501|1516,sub1
T00043,LONG,1577,1577,1579,1584,2025-04-23T12:20:03+00:00,3326.384266904971,3313.63844916,3339.1300846499416,3313.63844916,loss,-12.90581774497059,-1.0125531372879537,0,NONE,NONE,NONE,,,,,False,False,,NONE,NONE,NONE,,,,,False,False,,sub1
T00044,LONG,1605,1605,1611,1630,2025-04-23T14:40:03+00:00,3281.405977548069,3259.91159832,3302.9003567761383,3302.9003567761383,win,21.33537922806954,0.9926027172819202,0,NONE,NONE,NONE,,,,,False,False,,NONE,NONE,NONE,,,,,False,False,,sub1
T00045,SHORT,1727,1727,1728,1737,2025-04-24T01:50:03+00:00,3352.152661922194,3367.70870296,3336.596620884388,3336.596620884388,win,15.397041037806503,0.9897788904250618,0,NONE,NONE,NONE,,,,,False,False,,NONE,NONE,NONE,,,,,False,False,,sub1
T00046,SHORT,1848,1848,1849,1857,2025-04-24T11:55:03+00:00,3337.3517576269905,3344.12175952,3330.581755733981,3344.12175952,loss,-6.930001893009376,-1.0236336713827312,0,NONE,NONE,NONE,,,,,False,False,,NONE,NONE,NONE,,,,,False,False,,sub1
T00047,LONG,1878,1878,1880,1882,2025-04-24T14:25:03+00:00,3317.3077356179733,3306.642729,3327.9727422359465,3327.9727422359465,win,10.505506617973424,0.9850445474894544,0,NONE,NONE,NONE,,,,,False,False,,NONE,NONE,NONE,,,,,False,False,,sub1
T00048,SHORT,1946,1946,1947,1954,2025-04-24T20:05:03+00:00,3340.1556655990435,3347.16488124,3333.146449958087,3347.16488124,loss,-7.169215640956281,-1.022827090532775,0,NONE,NONE,NONE,,,,,False,False,,NONE,NONE,NONE,,,,,False,False,,sub1
T00049,LONG,2003,2003,2004,2021,2025-04-25T02:10:03+00:00,3350.2445198390355,3342.77228376,3357.716755918071,3342.77228376,loss,-7.631736079035363,-1.0213456853226643,0,BEARISH,NONE,OPPOSED,1990.0,1995.0,1980.0,8.0,False,True,bearish|1990|1980|1995,NONE,NONE,NONE,,,,,False,False,,sub1
T00050,LONG,2055,2055,2056,2064,2025-04-25T06:30:03+00:00,3300.1989236273157,3286.8805195200002,3313.517327734631,3313.517327734631,win,13.158404107315619,0.98798654863521,0,NONE,NONE,NONE,,,,,False,False,,NONE,NONE,NONE,,,,,False,False,,sub1
T00051,LONG,2114,2114,2115,2116,2025-04-25T11:25:03+00:00,3298.588656572888,3294.22622568,3302.951087465776,3294.22622568,loss,-4.521930892887667,-1.036562183772306,0,NONE,NONE,NONE,,,,,False,False,,NONE,NONE,NONE,,,,,False,False,,sub1
T00052,LONG,2121,2121,2122,2133,2025-04-25T12:00:03+00:00,3295.854388763134,3287.77948356,3303.9292939662682,3287.77948356,loss,-8.234405203133974,-1.019752553867486,0,NONE,NONE,NONE,,,,,False,False,,NONE,NONE,NONE,,,,,False,False,,sub1
T00053,LONG,2142,2142,2144,2194,2025-04-25T13:45:03+00:00,3280.0712407168,3264.94139712,3295.2010843135995,3295.2010843135995,win,14.970843596800023,0.9894909686949254,0,NONE,NONE,NONE,,,,,False,False,,NONE,NONE,NONE,,,,,False,False,,sub1
T00054,SHORT,2234,2234,2241,2244,2025-04-27T22:30:03+00:00,3315.7492030247713,3330.4062109200004,3301.0921951295422,3301.0921951295422,win,14.497507895229319,0.98911783352101,0,NONE,NONE,NONE,,,,,False,False,,NONE,NONE,NONE,,,,,False,False,,sub1
T00055,LONG,2252,2252,2254,2262,2025-04-28T00:00:03+00:00,3306.6091062100413,3298.4740557600003,3314.7441566600824,3314.7441566600824,win,7.975550450041283,0.9803934836078432,0,NONE,NONE,NONE,,,,,False,False,,NONE,NONE,NONE,,,,,False,False,,sub1
T00056,LONG,2284,2284,2285,2291,2025-04-28T02:40:03+00:00,3279.923422783405,3267.9712759199997,3291.87556964681,3291.87556964681,win,11.79264686340548,0.9866551171247648,0,NONE,NONE,NONE,,,,,False,False,,NONE,NONE,NONE,,,,,False,False,,sub1
T00057,SHORT,2406,2406,2407,2408,2025-04-28T12:50:03+00:00,3297.027547286354,3302.4160913600003,3291.639003212708,3291.639003212708,win,5.2295440736465935,0.9704929573134101,0,NONE,NONE,NONE,,,,,False,False,,NONE,NONE,NONE,,,,,False,False,,sub1
T00058,LONG,2411,2411,2415,2424,2025-04-28T13:15:03+00:00,3296.7722848101484,3284.7566044799996,3308.7879651402973,3308.7879651402973,win,11.856680330149175,0.9867672911037172,0,NONE,NONE,NONE,,,,,False,False,,NONE,NONE,NONE,,,,,False,False,,sub1
T00059,SHORT,2439,2439,2441,2446,2025-04-28T15:35:03+00:00,3325.3018124498076,3336.17744176,3314.426183139615,3336.17744176,loss,-11.034629310192031,-1.0146198436398195,0,NONE,NONE,NONE,,,,,False,False,,NONE,NONE,NONE,,,,,False,False,,sub1
T00060,SHORT,2459,2459,2460,2462,2025-04-28T17:15:03+00:00,3334.9103077499267,3339.39157032,3330.4290451798533,3339.39157032,loss,-4.641262570073195,-1.035704223418722,0,NONE,NONE,NONE,,,,,False,False,,NONE,NONE,NONE,,,,,False,False,,sub1
T00061,SHORT,2466,2466,2469,2472,2025-04-28T17:50:03+00:00,3336.6818960775036,3340.3266077200005,3333.0371844350066,3340.3266077200005,loss,-3.804711642496841,-1.043899220485448,0,NONE,NONE,NONE,,,,,False,False,,NONE,NONE,NONE,,,,,False,False,,sub1
T00062,SHORT,2487,2487,2488,2491,2025-04-28T19:35:03+00:00,3348.683619989262,3352.1860820800002,3345.1811578985235,3352.1860820800002,loss,-3.661962090738143,-1.0455393936800974,0,NONE,NONE,NONE,,,,,False,False,,NONE,NONE,NONE,,,,,False,False,,sub1
T00063,SHORT,2495,2495,2497,2499,2025-04-28T20:15:03+00:00,3349.9467412745894,3353.14312036,3346.7503621891788,3346.7503621891788,win,3.036879085410874,0.9500997861211877,0,NONE,NONE,NONE,,,,,False,False,,NONE,NONE,NONE,,,,,False,False,,sub1
T00064,LONG,2516,2516,2517,2533,2025-04-28T23:00:03+00:00,3338.985475510762,3332.22870552,3345.7422455015244,3332.22870552,loss,-7.465569990761975,-1.1049021945350834,1,NONE,NONE,NONE,,,,,False,False,,NONE,NONE,NONE,,,,,False,False,,sub1
T00065,LONG,2544,2544,2545,2547,2025-04-29T01:20:03+00:00,3331.3539691016385,3323.72804556,3338.9798926432773,3338.9798926432773,win,7.466923541639062,0.9791500663320991,0,NONE,NONE,NONE,,,,,False,False,,NONE,NONE,NONE,,,,,False,False,,sub1
T00066,LONG,2554,2554,2555,2563,2025-04-29T02:10:03+00:00,3329.5620221689683,3322.63508928,3336.4889550579364,3322.63508928,loss,-7.086932888968022,-1.023098246015155,0,NONE,NONE,NONE,,,,,False,False,,NONE,NONE,NONE,,,,,False,False,,sub1
T00067,LONG,2576,2576,2577,2587,2025-04-29T04:00:03+00:00,3316.2813603291665,3307.88367936,3324.6790412983332,3307.88367936,loss,-8.55768096916654,-1.019052879073082,0,NONE,NONE,NONE,,,,,False,False,,NONE,NONE,NONE,,,,,False,False,,sub1
T00068,SHORT,2668,2668,2669,2670,2025-04-29T11:40:03+00:00,3313.006792388165,3316.0576370000003,3309.95594777633,3309.95594777633,win,2.8908446118352913,0.9475555066360423,0,NONE,NONE,NONE,,,,,False,False,,NONE,NONE,NONE,,,,,False,False,,sub1
T00069,LONG,2677,2677,2678,2691,2025-04-29T12:25:03+00:00,3310.0062725828757,3300.28398336,3319.7285618057513,3319.7285618057513,win,9.562789222875836,0.9835943987734427,0,NONE,NONE,NONE,,,,,False,False,,NONE,NONE,NONE,,,,,False,False,,sub1
T00070,LONG,2700,2700,2710,2725,2025-04-29T14:20:03+00:00,3309.234279452555,3299.5170140399996,3318.95154486511,3318.95154486511,win,9.557765412555455,0.9835859171044489,0,NONE,NONE,NONE,,,,,False,False,,NONE,NONE,NONE,,,,,False,False,,sub1
T00071,SHORT,2736,2736,2737,2743,2025-04-29T17:20:03+00:00,3323.708940320252,3330.14620052,3317.2716801205042,3317.2716801205042,win,6.277260199748071,0.9751447051952133,0,NONE,NONE,NONE,,,,,False,False,,NONE,NONE,NONE,,,,,False,False,,sub1
T00072,LONG,2789,2789,2790,2792,2025-04-29T22:45:03+00:00,3318.66938622781,3315.8353612799997,3321.50341117562,3315.8353612799997,loss,-2.994024947809976,-1.0564568071722473,0,NONE,NONE,NONE,,,,,False,False,,NONE,NONE,NONE,,,,,False,False,,sub1
T00073,LONG,2798,2798,2799,2804,2025-04-29T23:30:03+00:00,3316.4217045175037,3310.81656204,3322.0268469950074,3322.0268469950074,win,3.7977424775039523,0.6775461092641676,1,NONE,NONE,NONE,,,,,False,False,,NONE,NONE,NONE,,,,,False,False,,sub1
T00074,SHORT,2808,2808,2809,2816,2025-04-30T00:20:03+00:00,3319.54718002226,3328.10411884,3310.99024120452,3310.99024120452,win,8.396938817740192,0.9813017244358291,0,NONE,NONE,NONE,,,,,False,False,,NONE,NONE,NONE,,,,,False,False,,sub1
T00075,LONG,2818,2818,2819,2821,2025-04-30T01:10:03+00:00,3314.77574536721,3308.07367176,3321.4778189744206,3321.4778189744206,win,6.54257360721067,0.9762013953669273,0,NONE,NONE,NONE,,,,,False,False,,NONE,NONE,NONE,,,,,False,False,,sub1
T00076,LONG,2842,2842,2844,2848,2025-04-30T03:10:03+00:00,3309.2690078089922,3304.66480812,3313.8732074979844,3304.66480812,loss,-4.763699688991892,-1.0346422854727804,0,BULLISH,NONE,ALIGNED,2827.0,2832.0,2816.0,10.0,True,False,bullish|2827|2816|2832,BULLISH,NONE,ALIGNED,2827.0,2832.0,2816.0,10.0,True,False,bullish|2827|2816|2832,sub1
T00077,LONG,2919,2919,2920,2922,2025-04-30T09:35:03+00:00,3285.3371968049073,3278.0738718,3292.600521809815,3278.0738718,loss,-7.422325004907179,-1.0218908006859422,0,BULLISH,NONE,ALIGNED,2912.0,2917.0,2902.0,2.0,True,False,bullish|2912|2902|2917,BULLISH,NONE,ALIGNED,2912.0,2917.0,2902.0,2.0,True,False,bullish|2912|2902|2917,sub1
T00078,LONG,2930,2930,2931,2936,2025-04-30T10:30:03+00:00,3278.0765821590912,3271.7091264,3284.4440379181824,3271.7091264,loss,-6.527455759091026,-1.0251277756851964,0,BULLISH,NONE,ALIGNED,2924.0,2929.0,2912.0,1.0,True,False,bullish|2924|2912|2929,BULLISH,NONE,ALIGNED,2924.0,2929.0,2912.0,1.0,True,False,bullish|2924|2912|2929,sub1
T00079,LONG,2937,2937,2938,2948,2025-04-30T11:05:03+00:00,3275.839365627713,3268.1472688799995,3283.5314623754266,3268.1472688799995,loss,-7.852096747713404,-1.020800570409806,0,BULLISH,NONE,ALIGNED,2924.0,2929.0,2912.0,8.0,True,False,bullish|2924|2912|2929,BULLISH,NONE,ALIGNED,2924.0,2929.0,2912.0,8.0,True,False,bullish|2924|2912|2929,sub1
T00080,LONG,2950,2950,2951,2951,2025-04-30T12:10:03+00:00,3275.2330506796416,3266.7703239599996,3283.6957773992835,3283.6957773992835,win,8.303726719642327,0.981211729355432,0,BULLISH,NONE,ALIGNED,2936.0,2941.0,2924.0,9.0,True,False,bullish|2936|2924|2941,BULLISH,NONE,ALIGNED,2936.0,2941.0,2924.0,9.0,True,False,bullish|2936|2924|2941,sub1
T00081,SHORT,2972,2972,2973,2978,2025-04-30T14:00:03+00:00,3307.27426939492,3319.8747896800005,3294.6737491098393,3294.6737491098393,win,12.44152028508097,0.9873814734310684,0,NONE,NONE,NONE,,,,,False,False,,NONE,NONE,NONE,,,,,False,False,,sub1
T00082,LONG,3069,3069,3070,3076,2025-04-30T23:05:03+00:00,3278.635464767681,3271.17314784,3286.0977816953614,3271.17314784,loss,-7.6218169276803565,-1.0213740586932332,0,NONE,NONE,NONE,,,,,False,False,,NONE,NONE,NONE,,,,,False,False,,sub1
T00083,LONG,3097,3097,3098,3102,2025-05-01T01:25:03+00:00,3248.928601870979,3235.57757172,3262.279632021958,3235.57757172,loss,-13.510530150978866,-1.0119466436818776,0,BULLISH,NONE,ALIGNED,3086.0,3091.0,3059.0,6.0,True,False,bullish|3086|3059|3091,BULLISH,NONE,ALIGNED,3086.0,3091.0,3059.0,6.0,True,False,bullish|3086|3059|3091,sub1
T00084,LONG,3107,3107,3108,3118,2025-05-01T02:15:03+00:00,3243.174497963837,3234.37261992,3251.976376007674,3234.37261992,loss,-8.960878043836601,-1.0180643266366298,0,BULLISH,NONE,ALIGNED,3101.0,3106.0,3086.0,1.0,True,False,bullish|3101|3086|3106,BULLISH,NONE,ALIGNED,3101.0,3106.0,3086.0,1.0,True,False,bullish|3101|3086|3106,sub1
T00085,LONG,3137,3137,3138,3147,2025-05-01T04:45:03+00:00,3228.429051901942,3221.09915088,3235.758952923884,3235.758952923884,win,7.170401021942325,0.978239815309608,0,NONE,NONE,NONE,,,,,False,False,,NONE,NONE,NONE,,,,,False,False,,sub1
T00086,SHORT,3217,3217,3218,3220,2025-05-01T11:25:03+00:00,3223.4478590541935,3227.28208612,3219.613631988387,3219.613631988387,win,3.6752270658066664,0.9585314074334265,0,NONE,NONE,NONE,,,,,False,False,,NONE,NONE,NONE,,,,,False,False,,sub1
T00087,SHORT,3237,3237,3238,3244,2025-05-01T13:05:03+00:00,3222.0472948426846,3232.8503088400003,3211.244280845369,3232.8503088400003,loss,-10.962513997315455,-1.0147643981614192,0,BULLISH,NONE,OPPOSED,3222.0,3227.0,3203.0,10.0,True,False,bullish|3222|3203|3227,BULLISH,NONE,OPPOSED,3222.0,3227.0,3203.0,10.0,True,False,bullish|3222|3203|3227,sub1
T00088,SHORT,3338,3338,3339,3360,2025-05-01T22:30:03+00:00,3235.7304968259514,3243.66074124,3227.800252411903,3243.66074124,loss,-8.089244414048153,-1.0200498233973698,1,NONE,NONE,NONE,,,,,False,False,,NONE,NONE,NONE,,,,,False,False,,sub1
T00089,SHORT,3363,3363,3364,3365,2025-05-02T00:35:03+00:00,3239.984493969432,3244.43077204,3235.538215898864,3235.538215898864,win,4.286778070568289,0.9641272998520816,0,NONE,NONE,NONE,,,,,False,False,,NONE,NONE,NONE,,,,,False,False,,sub1
T00090,LONG,3370,3370,3371,3383,2025-05-02T01:10:03+00:00,3235.795478399223,3227.4038986799997,3244.1870581184467,3244.1870581184467,win,8.23257971922385,0.9810524352601439,0,NONE,NONE,NONE,,,,,False,False,,NONE,NONE,NONE,,,,,False,False,,sub1
T00091,SHORT,3410,3410,3411,3416,2025-05-02T04:30:03+00:00,3254.5064555672247,3258.88635024,3250.1265608944495,3250.1265608944495,win,4.219894672775354,0.9634694411730055,0,NONE,NONE,NONE,,,,,False,False,,NONE,NONE,NONE,,,,,False,False,,sub1
T00092,SHORT,3453,3453,3454,3471,2025-05-02T08:05:03+00:00,3257.820930770557,3263.49953476,3252.1423267811138,3263.49953476,loss,-5.8381039894429705,-1.0280878892587457,0,BEARISH,NONE,ALIGNED,3446.0,3451.0,3432.0,2.0,False,True,bearish|3446|3432|3451,NONE,NONE,NONE,,,,,False,False,,sub1
T00093,SHORT,3498,3498,3499,3505,2025-05-02T11:50:03+00:00,3264.306776893005,3269.37276968,3259.24078410601,3259.24078410601,win,4.905992786995284,0.9684168519918566,0,NONE,NONE,NONE,,,,,False,False,,NONE,NONE,NONE,,,,,False,False,,sub1
T00094,LONG,3516,3516,3518,3543,2025-05-02T13:20:03+00:00,3252.4158024297203,3239.33642136,3265.495183499441,3239.33642136,loss,-13.238881069720264,-1.0121947666445015,0,NONE,NONE,NONE,,,,,False,False,,NONE,NONE,NONE,,,,,False,False,,sub1
T00095,SHORT,3617,3617,3618,3624,2025-05-04T22:50:03+00:00,3240.6524326365125,3244.3497687999998,3236.955096473025,3244.3497687999998,loss,-3.85683616348706,-1.0431391664017138,0,BEARISH,NONE,ALIGNED,3611.0,3616.0,3599.0,1.0,False,True,bearish|3611|3599|3616,BEARISH,NONE,ALIGNED,3611.0,3616.0,3599.0,1.0,False,True,bearish|3611|3599|3616,sub1
T00096,SHORT,3631,3631,3632,3643,2025-05-05T00:00:03+00:00,3246.4958733440203,3252.4300920000005,3240.56165468804,3252.4300920000005,loss,-6.093718655979956,-1.0268780119584937,0,NONE,NONE,NONE,,,,,False,False,,NONE,NONE,NONE,,,,,False,False,,sub1
T00097,SHORT,3657,3657,3658,3664,2025-05-05T02:10:03+00:00,3262.854418390421,3271.2568450400004,3254.4519917408415,3271.2568450400004,loss,-8.561926649579163,-1.0189826114111613,0,NONE,NONE,NONE,,,,,False,False,,NONE,NONE,NONE,,,,,False,False,,sub1
T00098,SHORT,3769,3769,3770,3776,2025-05-05T11:30:03+00:00,3313.7952528303676,3317.0906783200003,3310.499827340735,3317.0906783200003,loss,-3.4549254896323873,-1.048400426743538,0,BEARISH,NONE,ALIGNED,3764.0,3769.0,3751.0,0.0,False,True,bearish|3764|3751|3769,BEARISH,NONE,ALIGNED,3764.0,3769.0,3751.0,0.0,False,True,bearish|3764|3751|3769,sub1
T00099,SHORT,3787,3787,3788,3794,2025-05-05T13:00:03+00:00,3318.331495603585,3322.67990188,3313.98308932717,3313.98308932717,win,4.1889062764153095,0.9633198947244532,0,BEARISH,NONE,ALIGNED,3779.0,3784.0,3764.0,3.0,False,True,bearish|3779|3764|3784,BEARISH,NONE,ALIGNED,3779.0,3784.0,3764.0,3.0,False,True,bearish|3779|3764|3784,sub1
T00100,SHORT,3801,3801,3803,3824,2025-05-05T14:10:03+00:00,3317.377715364379,3328.9711535200004,3305.784277208758,3305.784277208758,win,11.434438155621592,0.9862853453940618,0,NONE,NONE,NONE,,,,,False,False,,NONE,NONE,NONE,,,,,False,False,,sub1
T00101,LONG,3829,3829,3830,3840,2025-05-05T16:30:03+00:00,3310.4164477212244,3305.44477692,3315.3881185224486,3315.3881185224486,win,4.812170801224511,0.9679182298312117,0,NONE,NONE,NONE,,,,,False,False,,NONE,NONE,NONE,,,,,False,False,,sub1
T00102,SHORT,3870,3870,3871,3883,2025-05-05T19:55:03+00:00,3330.2986290285126,3337.81150712,3322.785750937025,3337.81150712,loss,-7.6723780914871895,-1.0212302127170778,0,NONE,NONE,NONE,,,,,False,False,,NONE,NONE,NONE,,,,,False,False,,sub1
T00103,SHORT,3884,3884,3886,3911,2025-05-05T22:05:03+00:00,3332.096708058563,3338.1855220800003,3326.0078940371254,3326.0078940371254,win,5.928814021437574,0.973722304633295,1,NONE,NONE,NONE,,,,,False,False,,NONE,NONE,NONE,,,,,False,False,,sub1
T00104,SHORT,4044,4044,4045,4046,2025-05-06T11:25:03+00:00,3381.4426007407565,3385.1984025200004,3377.6867989615125,3377.6867989615125,win,3.596801779244288,0.9576654974502786,0,BEARISH,NONE,ALIGNED,4038.0,4043.0,4026.0,1.0,False,True,bearish|4038|4026|4043,BEARISH,NONE,ALIGNED,4038.0,4043.0,4026.0,1.0,False,True,bearish|4038|4026|4043,sub1
T00105,LONG,4050,4050,4051,4051,2025-05-06T11:55:03+00:00,3379.029989502152,3373.5960507600003,3384.463928244304,3373.5960507600003,loss,-5.5939387421517495,-1.0294445719011718,0,BEARISH,NONE,OPPOSED,4038.0,4043.0,4026.0,7.0,False,True,bearish|4038|4026|4043,BEARISH,NONE,OPPOSED,4038.0,4043.0,4026.0,7.0,False,True,bearish|4038|4026|4043,sub1
T00106,SHORT,4070,4070,4071,4077,2025-05-06T13:35:03+00:00,3390.9861434866084,3397.6959024000003,3384.2763845732165,3397.6959024000003,loss,-6.868758913391503,-1.0236968275689171,0,NONE,NONE,NONE,,,,,False,False,,NONE,NONE,NONE,,,,,False,False,,sub1
T00107,SHORT,4078,4078,4079,4080,2025-05-06T14:15:03+00:00,3393.425862595084,3398.14892052,3388.7028046701676,3388.7028046701676,win,4.563557924916495,0.966229505855027,0,NONE,NONE,NONE,,,,,False,False,,NONE,NONE,NONE,,,,,False,False,,sub1
T00108,SHORT,4097,4097,4098,4103,2025-05-06T15:50:03+00:00,3394.232774028637,3400.0309958000003,3388.4345522572735,3400.0309958000003,loss,-5.957221771363038,-1.0274222005072193,0,NONE,NONE,NONE,,,,,False,False,,NONE,NONE,NONE,,,,,False,False,,sub1
T00109,SHORT,4123,4123,4124,4143,2025-05-06T18:00:03+00:00,3412.9224736863753,3417.9757135600003,3407.8692338127503,3417.9757135600003,loss,-5.213239873624843,-1.0316628547231574,0,NONE,NONE,NONE,,,,,False,False,,NONE,NONE,NONE,,,,,False,False,,sub1
T00110,SHORT,4151,4151,4152,4153,2025-05-06T20:20:03+00:00,3420.4540452866186,3424.58597796,3416.322112613237,3424.58597796,loss,-4.291432673381223,-1.0386017906408,0,NONE,NONE,NONE,,,,,False,False,,NONE,NONE,NONE,,,,,False,False,,sub1
T00111,LONG,4173,4173,4174,4190,2025-05-06T23:10:03+00:00,3395.4625147688835,3376.7049264,3414.2201031377667,3376.7049264,loss,-20.564988368883014,-1.0963556702735853,1,NONE,NONE,NONE,,,,,False,False,,NONE,NONE,NONE,,,,,False,False,,sub1
T00112,LONG,4197,4197,4198,4201,2025-05-07T01:10:03+00:00,3378.8518955806217,3360.61257012,3397.0912210412434,3360.61257012,loss,-18.398325460621436,-1.0087174276451685,0,NONE,NONE,NONE,,,,,False,False,,NONE,NONE,NONE,,,,,False,False,,sub1
T00113,LONG,4203,4203,4204,4211,2025-05-07T01:40:03+00:00,3372.9259662735153,3359.93359728,3385.9183352670307,3385.9183352670307,win,12.832868993515604,0.9877235629561197,0,NONE,NONE,NONE,,,,,False,False,,NONE,NONE,NONE,,,,,False,False,,sub1
T00114,LONG,4323,4323,4324,4329,2025-05-07T11:40:03+00:00,3386.9352823079635,3383.5596522,3390.310912415927,3390.310912415927,win,3.216130107963636,0.9527495623340131,0,NONE,NONE,NONE,,,,,False,False,,NONE,NONE,NONE,,,,,False,False,,sub1
T00115,SHORT,4332,4332,4333,4343,2025-05-07T12:25:03+00:00,3388.073503488375,3393.94775248,3382.19925449675,3382.19925449675,win,5.714748991625129,0.9728475929047002,0,NONE,NONE,NONE,,,,,False,False,,NONE,NONE,NONE,,,,,False,False,,sub1
T00116,SHORT,4351,4351,4352,4352,2025-05-07T14:00:03+00:00,3391.7450738023235,3398.24992456,3385.240223044647,3385.240223044647,win,6.345850757676999,0.9755567028479465,0,NONE,NONE,NONE,,,,,False,False,,NONE,NONE,NONE,,,,,False,False,,sub1
T00117,LONG,4358,4358,4359,4413,2025-05-07T14:35:03+00:00,3387.1951834644874,3375.5269735199995,3398.8633934089753,3375.5269735199995,loss,-11.827709944487651,-1.013669620340959,0,NONE,NONE,NONE,,,,,False,False,,NONE,NONE,NONE,,,,,False,False,,sub1
T00118,LONG,4435,4435,4436,4436,2025-05-07T22:00:03+00:00,3369.04430547496,3366.81932184,3371.2692891099196,3371.2692891099196,win,2.065983634960048,0.9285388002404203,0,BULLISH,NONE,ALIGNED,4427.0,4432.0,4415.0,3.0,True,False,bullish|4427|4415|4432,BULLISH,NONE,ALIGNED,4427.0,4432.0,4415.0,3.0,True,False,bullish|4427|4415|4432,sub1
T00119,SHORT,4436,4436,4437,4452,2025-05-07T22:05:03+00:00,3369.021643094197,3373.9949544,3364.0483317883936,3373.9949544,loss,-5.1328113058029885,-1.032071187623754,0,BULLISH,NONE,OPPOSED,4427.0,4432.0,4415.0,4.0,True,False,bullish|4427|4415|4432,BULLISH,NONE,OPPOSED,4427.0,4432.0,4415.0,4.0,True,False,bullish|4427|4415|4432,sub1
T00120,SHORT,4470,4470,4471,4471,2025-05-08T00:55:03+00:00,3381.5088738815075,3387.0624770800005,3375.9552706830145,3387.0624770800005,loss,-5.712603198492616,-1.0286300612983652,0,NONE,NONE,NONE,,,,,False,False,,NONE,NONE,NONE,,,,,False,False,,sub1
T00121,SHORT,4492,4492,4493,4503,2025-05-08T02:45:03+00:00,3405.446638944465,3414.98759404,3395.90568384893,3395.90568384893,win,9.38145509553533,0.9832825960920417,0,NONE,NONE,NONE,,,,,False,False,,NONE,NONE,NONE,,,,,False,False,,sub1
T00122,LONG,4545,4545,4546,4608,2025-05-08T07:10:03+00:00,3337.27830289736,3320.1321894,3354.42441639472,3354.42441639472,win,16.986613497360395,0.9906976003614866,0,NONE,NONE,NONE,,,,,False,False,,NONE,NONE,NONE,,,,,False,False,,sub1
T00123,SHORT,4625,4625,4626,4627,2025-05-08T13:50:03+00:00,3360.7975299242976,3369.7337839600004,3351.8612758885947,3351.8612758885947,win,8.777254035703209,0.9822073097559223,0,BEARISH,NONE,ALIGNED,4618.0,4623.0,4610.0,2.0,False,True,bearish|4618|4610|4623,BEARISH,NONE,ALIGNED,4618.0,4623.0,4610.0,2.0,False,True,bearish|4618|4610|4623,sub1
T00124,LONG,4628,4628,4630,4644,2025-05-08T14:05:03+00:00,3359.544615534474,3341.1423489599997,3377.946882108948,3341.1423489599997,loss,-18.561266574473848,-1.0086402400137058,0,BEARISH,NONE,OPPOSED,4618.0,4623.0,4610.0,5.0,False,True,bearish|4618|4610|4623,BEARISH,NONE,OPPOSED,4618.0,4623.0,4610.0,5.0,False,True,bearish|4618|4610|4623,sub1
T00125,LONG,4674,4674,4684,4691,2025-05-08T17:55:03+00:00,3305.8210856614605,3297.67408776,3313.968083562921,3297.67408776,loss,-8.30599790146016,-1.0195163914269754,0,BULLISH,NONE,ALIGNED,4664.0,4669.0,4654.0,5.0,True,False,bullish|4664|4654|4669,BULLISH,NONE,ALIGNED,4664.0,4669.0,4654.0,5.0,True,False,bullish|4664|4654|4669,sub1
T00126,SHORT,4725,4725,4727,4738,2025-05-08T23:10:03+00:00,3317.719329271048,3324.13296,3311.3056985420963,3311.3056985420963,win,6.254130728952077,0.9751310908375576,1,NONE,NONE,NONE,,,,,False,False,,NONE,NONE,NONE,,,,,False,False,,sub1
T00127,LONG,4765,4765,4766,4769,2025-05-09T02:30:03+00:00,3288.385882081346,3274.53301344,3302.238750722692,3302.238750722692,win,13.693868641346398,0.9885222328951355,0,NONE,NONE,NONE,,,,,False,False,,NONE,NONE,NONE,,,,,False,False,,sub1
T00128,SHORT,4801,4801,4806,4821,2025-05-09T05:30:03+00:00,3320.3033638743373,3330.4532128,3310.1535149486745,3330.4532128,loss,-10.309848925662664,-1.015763781428836,0,NONE,NONE,NONE,,,,,False,False,,NONE,NONE,NONE,,,,,False,False,,sub1
T00129,SHORT,4824,4824,4825,4872,2025-05-09T07:25:03+00:00,3324.7336272904563,3332.3972905600003,3317.0699640209123,3332.3972905600003,loss,-7.823163269543784,-1.0208125010702933,0,NONE,NONE,NONE,,,,,False,False,,NONE,NONE,NONE,,,,,False,False,,sub1
T00130,SHORT,4873,4873,4874,4896,2025-05-09T11:30:03+00:00,3328.288765229335,3338.5285358,3318.0489946586695,3338.5285358,loss,-10.398770570664965,-1.0155276916511344,0,NONE,NONE,NONE,,,,,False,False,,NONE,NONE,NONE,,,,,False,False,,sub1
T00131,LONG,5003,5003,5004,5024,2025-05-11T23:25:03+00:00,3279.8779826736095,3265.71636612,3294.039599227219,3265.71636612,loss,-14.870416553609045,-1.0500507832080164,1,NONE,NONE,NONE,,,,,False,False,,NONE,NONE,NONE,,,,,False,False,,sub1
T00132,LONG,5030,5030,5031,5052,2025-05-12T01:40:03+00:00,3270.930536061708,3258.6206499600003,3283.240422163416,3283.240422163416,win,12.150886101708238,0.9870835523021134,0,BULLISH,NONE,ALIGNED,5024.0,5029.0,4989.0,1.0,True,False,bullish|5024|4989|5029,BULLISH,NONE,ALIGNED,5024.0,5029.0,4989.0,1.0,True,False,bullish|5024|4989|5029,sub1
T00133,LONG,5113,5113,5118,5129,2025-05-12T08:35:03+00:00,3229.194694550806,3215.9823555599996,3242.4070335416127,3215.9823555599996,loss,-13.37133899080618,-1.0120342053068943,0,NONE,NONE,NONE,,,,,False,False,,NONE,NONE,NONE,,,,,False,False,,sub1
T00134,SHORT,5149,5149,5150,5152,2025-05-12T11:35:03+00:00,3218.229091477907,3223.6489408,3212.8092421558135,3223.6489408,loss,-5.579349322093094,-1.0294288624131247,0,BULLISH,NONE,OPPOSED,5141.0,5146.0,5129.0,3.0,True,False,bullish|5141|5129|5146,BULLISH,NONE,OPPOSED,5141.0,5146.0,5129.0,3.0,True,False,bullish|5141|5129|5146,sub1
T00135,SHORT,5156,5156,5157,5158,2025-05-12T12:10:03+00:00,3221.327347196343,3229.4691736000004,3213.1855207926856,3229.4691736000004,loss,-8.300826403657084,-1.0195287877825823,0,NONE,NONE,NONE,,,,,False,False,,NONE,NONE,NONE,,,,,False,False,,sub1
T00136,SHORT,5172,5172,5173,5175,2025-05-12T13:30:03+00:00,3235.2614709650884,3247.5638973600003,3222.9590445701765,3247.5638973600003,loss,-12.461426394911541,-1.0129242797230156,0,NONE,NONE,NONE,,,,,False,False,,NONE,NONE,NONE,,,,,False,False,,sub1
T00137,SHORT,5178,5178,5179,5206,2025-05-12T14:00:03+00:00,3238.168182597319,3248.73894436,3227.5974208346383,3227.5974208346383,win,10.410761762680977,0.9848639101332582,0,NONE,NONE,NONE,,,,,False,False,,NONE,NONE,NONE,,,,,False,False,,sub1
T00138,SHORT,5263,5263,5264,5287,2025-05-12T22:05:03+00:00,3235.22308099998,3241.93667228,3228.50948971996,3241.93667228,loss,-6.8730912800197075,-1.023757776329702,1,NONE,NONE,NONE,,,,,False,False,,NONE,NONE,NONE,,,,,False,False,,sub1
T00139,SHORT,5290,5290,5292,5303,2025-05-13T00:20:03+00:00,3238.4534415667295,3243.4157314400004,3233.4911516934585,3233.4911516934585,win,4.802789873271195,0.9678575810617415,0,BEARISH,NONE,ALIGNED,5281.0,5286.0,5262.0,4.0,False,True,bearish|5281|5262|5286,NONE,NONE,NONE,,,,,False,False,,sub1
T00140,LONG,5312,5312,5313,5319,2025-05-13T02:10:03+00:00,3227.998230567267,3215.7413651999996,3240.2550959345344,3240.2550959345344,win,12.097865367267786,0.987027678347168,0,BEARISH,NONE,OPPOSED,5298.0,5303.0,5287.0,9.0,False,True,bearish|5298|5287|5303,BEARISH,NONE,OPPOSED,5298.0,5303.0,5287.0,9.0,False,True,bearish|5298|5287|5303,sub1
T00141,SHORT,5355,5355,5356,5367,2025-05-13T05:45:03+00:00,3252.983556376218,3260.8524288800004,3245.1146838724358,3260.8524288800004,loss,-8.028372503782066,-1.0202697400323981,0,NONE,NONE,NONE,,,,,False,False,,NONE,NONE,NONE,,,,,False,False,,sub1
T00142,SHORT,5374,5374,5375,5393,2025-05-13T07:20:03+00:00,3258.599701287422,3265.78962636,3251.4097762148435,3251.4097762148435,win,7.03042507257851,0.9778161805040123,0,BEARISH,NONE,ALIGNED,5367.0,5372.0,5348.0,2.0,False,True,bearish|5367|5348|5372,BEARISH,NONE,ALIGNED,5367.0,5372.0,5348.0,2.0,False,True,bearish|5367|5348|5372,sub1
T00143,SHORT,5426,5426,5427,5428,2025-05-13T11:40:03+00:00,3255.2628323569143,3258.7063430400003,3251.819321673828,3251.819321673828,win,3.2845106830864097,0.9538261923273154,0,NONE,NONE,NONE,,,,,False,False,,NONE,NONE,NONE,,,,,False,False,,sub1
T00144,LONG,5438,5438,5439,5445,2025-05-13T12:40:03+00:00,3245.068658082004,3237.17250792,3252.9648082440076,3237.17250792,loss,-8.05565016200353,-1.0201997171694208,0,NONE,NONE,NONE,,,,,False,False,,NONE,NONE,NONE,,,,,False,False,,sub1
T00145,LONG,5447,5447,5448,5450,2025-05-13T13:25:03+00:00,3243.631466961797,3236.14354908,3251.1193848435937,3236.14354908,loss,-7.646917881796526,-1.021234207226842,0,NONE,NONE,NONE,,,,,False,False,,NONE,NONE,NONE,,,,,False,False,,sub1
T00146,LONG,5457,5457,5459,5462,2025-05-13T14:15:03+00:00,3235.916916828043,3225.34698096,3246.4868526960863,3246.4868526960863,win,10.41043586804335,0.9849100314333996,0,NONE,NONE,NONE,,,,,False,False,,NONE,NONE,NONE,,,,,False,False,,sub1
T00147,SHORT,5539,5539,5540,5546,2025-05-13T22:05:03+00:00,3251.349517939222,3253.27412576,3249.424910118444,3253.27412576,loss,-2.084607820777819,-1.083133819925547,0,NONE,NONE,NONE,,,,,False,False,,NONE,NONE,NONE,,,,,False,False,,sub1
T00148,SHORT,5557,5557,5558,5562,2025-05-13T23:35:03+00:00,3253.851172384892,3257.24928476,3250.4530600097837,3250.4530600097837,win,3.2386123751084597,0.9530621761751851,1,BEARISH,NONE,ALIGNED,5551.0,5556.0,5532.0,1.0,False,True,bearish|5551|5532|5556,BEARISH,NONE,ALIGNED,5551.0,5556.0,5532.0,1.0,False,True,bearish|5551|5532|5556,sub1
T00149,LONG,5616,5616,5618,5622,2025-05-14T04:30:03+00:00,3227.8881270347547,3222.4360974,3233.3401566695093,3222.4360974,loss,-5.611029634754232,-1.029163451164331,0,NONE,NONE,NONE,,,,,False,False,,NONE,NONE,NONE,,,,,False,False,,sub1
T00150,LONG,5623,5623,5624,5631,2025-05-14T05:05:03+00:00,3226.2610604168694,3221.4411372,3231.080983633739,3231.080983633739,win,4.660423216869731,0.9669081865367667,0,NONE,NONE,NONE,,,,,False,False,,NONE,NONE,NONE,,,,,False,False,,sub1
T00151,LONG,5727,5727,5728,5762,2025-05-14T13:45:03+00:00,3190.8662480789753,3174.773004,3206.9594921579505,3174.773004,loss,-16.252244078974854,-1.0098799222344097,0,NONE,NONE,NONE,,,,,False,False,,NONE,NONE,NONE,,,,,False,False,,sub1
T00152,LONG,5763,5763,5772,5788,2025-05-14T16:45:03+00:00,3182.5183882977944,3173.5580526,3191.478723995589,3173.5580526,loss,-9.119335697794213,-1.017744870880093,0,BULLISH,NONE,ALIGNED,5751.0,5756.0,5734.0,7.0,True,False,bullish|5751|5734|5756,NONE,NONE,NONE,,,,,False,False,,sub1
T00153,LONG,5794,5794,5795,5801,2025-05-14T19:20:03+00:00,3174.277623600584,3167.8342815599995,3180.7209656411683,3180.7209656411683,win,6.283342040584557,0.9751681659933511,0,NONE,NONE,NONE,,,,,False,False,,NONE,NONE,NONE,,,,,False,False,,sub1
T00154,SHORT,5824,5824,5825,5827,2025-05-14T22:50:03+00:00,3181.858255722725,3184.0673576000004,3179.6491538454497,3184.0673576000004,loss,-2.3691018772751704,-1.0724276239343007,0,BEARISH,NONE,ALIGNED,5819.0,5824.0,5808.0,0.0,False,True,bearish|5819|5808|5824,BEARISH,NONE,ALIGNED,5819.0,5824.0,5808.0,0.0,False,True,bearish|5819|5808|5824,sub1
T00155,SHORT,5829,5829,5830,5834,2025-05-14T23:15:03+00:00,3182.7736430754167,3186.01843564,3179.5288505108333,3186.01843564,loss,-3.404792564583204,-1.0493097776869442,0,BEARISH,NONE,ALIGNED,5819.0,5824.0,5808.0,5.0,False,True,bearish|5819|5808|5824,BEARISH,NONE,ALIGNED,5819.0,5824.0,5808.0,5.0,False,True,bearish|5819|5808|5824,sub1
T00156,SHORT,5853,5853,5854,5858,2025-05-15T01:15:03+00:00,3185.534290120409,3192.84070852,3178.227871720818,3178.227871720818,win,7.1474183995915155,0.9782383116728509,0,NONE,NONE,NONE,,,,,False,False,,NONE,NONE,NONE,,,,,False,False,,sub1
T00157,SHORT,5991,5991,5992,5992,2025-05-15T12:45:03+00:00,3181.2583403152444,3187.36648956,3175.1501910704887,3187.36648956,loss,-6.268149244755477,-1.026194513851676,0,NONE,NONE,NONE,,,,,False,False,,NONE,NONE,NONE,,,,,False,False,,sub1
T00158,SHORT,6002,6002,6003,6007,2025-05-15T13:40:03+00:00,3191.2869140411626,3199.8929906,3182.6808374823254,3199.8929906,loss,-8.765076558836881,-1.0184753178655355,0,BEARISH,NONE,ALIGNED,5988.0,5993.0,5967.0,9.0,False,True,bearish|5988|5967|5993,BEARISH,NONE,ALIGNED,5988.0,5993.0,5967.0,9.0,False,True,bearish|5988|5967|5993,sub1
T00159,SHORT,6048,6048,6055,6071,2025-05-15T17:30:03+00:00,3222.813064388756,3229.2891664,3216.3369623775125,3229.2891664,loss,-6.6356020112434635,-1.0246290129035693,0,NONE,NONE,NONE,,,,,False,False,,NONE,NONE,NONE,,,,,False,False,,sub1
T00160,SHORT,6102,6102,6103,6109,2025-05-15T23:00:03+00:00,3246.494653687701,3252.26208528,3240.727222095402,3240.727222095402,win,5.607931592299337,0.9723447088279775,0,NONE,NONE,NONE,,,,,False,False,,NONE,NONE,NONE,,,,,False,False,,sub1
T00161,LONG,6124,6124,6126,6126,2025-05-16T00:50:03+00:00,3237.9858627375593,3231.88371948,3244.0880059951187,3244.0880059951187,win,5.943143257559768,0.9739435812486573,0,NONE,NONE,NONE,,,,,False,False,,NONE,NONE,NONE,,,,,False,False,,sub1
T00162,LONG,6141,6141,6142,6148,2025-05-16T02:15:03+00:00,3224.408653013351,3214.77840372,3234.038902306702,3214.77840372,loss,-9.789249293350622,-1.0165104760174204,0,NONE,NONE,NONE,,,,,False,False,,NONE,NONE,NONE,,,,,False,False,,sub1
T00163,LONG,6162,6162,6164,6166,2025-05-16T04:00:03+00:00,3212.3900013231896,3206.3767398,3218.403262846379,3218.403262846379,win,5.854261523189962,0.9735584425545968,0,BULLISH,NONE,ALIGNED,6152.0,6157.0,6135.0,5.0,True,False,bullish|6152|6135|6157,BULLISH,NONE,ALIGNED,6152.0,6157.0,6135.0,5.0,True,False,bullish|6152|6135|6157,sub1
T00164,LONG,6206,6206,6207,6211,2025-05-16T07:40:03+00:00,3212.946549360409,3205.2367853999995,3220.6563133208183,3205.2367853999995,loss,-7.868763960409069,-1.020623199467083,0,NONE,NONE,NONE,,,,,False,False,,NONE,NONE,NONE,,,,,False,False,,sub1
T00165,LONG,6217,6217,6220,6243,2025-05-16T08:35:03+00:00,3206.0751858422936,3195.3901792799998,3216.7601924045875,3195.3901792799998,loss,-10.844006562293544,-1.0148806647027007,0,NONE,NONE,NONE,,,,,False,False,,NONE,NONE,NONE,,,,,False,False,,sub1
T00166,SHORT,6272,6272,6273,6278,2025-05-16T13:10:03+00:00,3177.0007652441327,3185.90443108,3168.0970994082654,3185.90443108,loss,-9.062665835866937,-1.0178578130548364,0,NONE,NONE,NONE,,,,,False,False,,NONE,NONE,NONE,,,,,False,False,,sub1
T00167,SHORT,6285,6285,6286,6289,2025-05-16T14:15:03+00:00,3180.581465598146,3188.7085432400004,3172.454387956292,3172.454387956292,win,7.967577641854405,0.9803742492654022,0,NONE,NONE,NONE,,,,,False,False,,NONE,NONE,NONE,,,,,False,False,,sub1
T00168,SHORT,6321,6321,6322,6343,2025-05-16T17:15:03+00:00,3186.1839717991834,3192.28168616,3180.086257438367,3192.28168616,loss,-6.257714360816408,-1.0262393399448164,0,NONE,NONE,NONE,,,,,False,False,,NONE,NONE,NONE,,,,,False,False,,sub1
T00169,SHORT,6353,6353,6354,6354,2025-05-16T19:55:03+00:00,3192.6854455891375,3195.8908305200002,3189.480060658275,3195.8908305200002,loss,-3.364384930862343,-1.0496040267952647,0,NONE,NONE,NONE,,,,,False,False,,NONE,NONE,NONE,,,,,False,False,,sub1
T00170,SHORT,6359,6359,6360,6366,2025-05-16T20:25:03+00:00,3196.2866049398963,3203.0821181600004,3189.491091719792,3203.0821181600004,loss,-6.955013220103865,-1.0234713692452075,2,NONE,NONE,NONE,,,,,False,False,,NONE,NONE,NONE,,,,,False,False,,sub1
T00171,LONG,6389,6389,6402,6434,2025-05-19T00:00:03+00:00,3235.818510186921,3211.51553424,3260.1214861338417,3211.51553424,loss,-24.461975946920575,-1.0065424086476864,0,BEARISH,NONE,OPPOSED,6379.0,6384.0,6370.0,5.0,False,True,bearish|6379|6370|6384,BEARISH,NONE,OPPOSED,6379.0,6384.0,6370.0,5.0,False,True,bearish|6379|6370|6384,sub1
T00172,LONG,6442,6442,6443,6460,2025-05-19T04:25:03+00:00,3215.2914926372914,3206.4817356,3224.101249674583,3224.101249674583,win,8.650257037291794,0.9818950739135492,0,NONE,NONE,NONE,,,,,False,False,,NONE,NONE,NONE,,,,,False,False,,sub1
T00173,SHORT,6526,6526,6527,6527,2025-05-19T11:25:03+00:00,3241.794623531988,3244.5007748400003,3239.0884722239753,3244.5007748400003,loss,-2.866151308012377,-1.0591245580120068,0,NONE,NONE,NONE,,,,,False,False,,NONE,NONE,NONE,,,,,False,False,,sub1
T00174,SHORT,6533,6533,6534,6537,2025-05-19T12:00:03+00:00,3243.387500525829,3248.68294212,3238.0920589316584,3238.0920589316584,win,5.135941594171072,0.9698797546600592,0,NONE,NONE,NONE,,,,,False,False,,NONE,NONE,NONE,,,,,False,False,,sub1
T00175,LONG,6540,6540,6541,6542,2025-05-19T12:35:03+00:00,3241.854360227086,3237.6484888799996,3246.0602315741726,3237.6484888799996,loss,-4.3653713470862385,-1.0379231761594996,0,NONE,NONE,NONE,,,,,False,False,,NONE,NONE,NONE,,,,,False,False,,sub1
T00176,LONG,6547,6547,6548,6551,2025-05-19T13:10:03+00:00,3236.509033163394,3227.4568965599997,3245.5611697667887,3227.4568965599997,loss,-9.211136603394152,-1.0175649138944751,0,NONE,NONE,NONE,,,,,False,False,,NONE,NONE,NONE,,,,,False,False,,sub1
T00177,LONG,6561,6561,6562,6579,2025-05-19T14:20:03+00:00,3227.6519201274323,3217.0873113599996,3238.216528894865,3238.216528894865,win,10.405108767432921,0.984902422464385,0,NONE,NONE,NONE,,,,,False,False,,NONE,NONE,NONE,,,,,False,False,,sub1
T00178,LONG,6665,6665,6666,6668,2025-05-20T00:00:03+00:00,3223.2383788842935,3218.9682361200003,3227.508521648587,3218.9682361200003,loss,-4.430142764293123,-1.0374694732311451,0,NONE,NONE,NONE,,,,,False,False,,NONE,NONE,NONE,,,,,False,False,,sub1
T00179,LONG,6673,6673,6675,6677,2025-05-20T00:40:03+00:00,3219.6767941993658,3213.9354374399995,3225.418150958732,3225.418150958732,win,5.581856759366474,0.9722191101015365,0,NONE,NONE,NONE,,,,,False,False,,NONE,NONE,NONE,,,,,False,False,,sub1
T00180,SHORT,6681,6681,6682,6684,2025-05-20T01:20:03+00:00,3224.2615161139233,3230.6312200800003,3217.8918121478464,3230.6312200800003,loss,-6.528703966076591,-1.0249619135907155,0,BULLISH,NONE,OPPOSED,6672.0,6677.0,6655.0,4.0,True,False,bullish|6672|6655|6677,BULLISH,NONE,OPPOSED,6672.0,6677.0,6655.0,4.0,True,False,bullish|6672|6655|6677,sub1
T00181,LONG,6704,6704,6706,6726,2025-05-20T03:15:03+00:00,3211.893980402304,3204.3928191600003,3219.3951416446075,3219.3951416446075,win,7.341661242303871,0.9787366255906839,0,NONE,NONE,NONE,,,,,False,False,,NONE,NONE,NONE,,,,,False,False,,sub1
T00182,SHORT,6786,6786,6787,6800,2025-05-20T10:05:03+00:00,3234.494808661736,3239.49557464,3229.494042683472,3239.49557464,loss,-5.160765978263953,-1.0319950984899706,0,NONE,NONE,NONE,,,,,False,False,,NONE,NONE,NONE,,,,,False,False,,sub1
T00183,SHORT,6846,6846,6847,6876,2025-05-20T15:05:03+00:00,3276.393692391156,3286.01743544,3266.769949342312,3286.01743544,loss,-9.783243048843815,-1.0165735929554884,0,NONE,NONE,NONE,,,,,False,False,,NONE,NONE,NONE,,,,,False,False,,sub1
T00184,SHORT,6884,6884,6885,6886,2025-05-20T18:15:03+00:00,3284.8869028890463,3287.9695135200004,3281.804292258092,3287.9695135200004,loss,-3.2426106309540046,-1.051904057681891,0,BEARISH,NONE,ALIGNED,6876.0,6881.0,6837.0,3.0,False,True,bearish|6876|6837|6881,BEARISH,NONE,ALIGNED,6876.0,6881.0,6837.0,3.0,False,True,bearish|6876|6837|6881,sub1
T00185,SHORT,6923,6923,6924,6949,2025-05-20T22:30:03+00:00,3295.373476921908,3304.21416328,3286.5327905638164,3304.21416328,loss,-9.00068635809157,-1.0180981423295725,1,NONE,NONE,NONE,,,,,False,False,,NONE,NONE,NONE,,,,,False,False,,sub1
T00186,SHORT,6955,6955,6973,7010,2025-05-21T01:10:03+00:00,3299.9219153402964,3314.8125872,3285.031243480593,3314.8125872,loss,-15.050171859703369,-1.0107114038575642,0,NONE,NONE,NONE,,,,,False,False,,NONE,NONE,NONE,,,,,False,False,,sub1
T00187,LONG,7078,7078,7079,7079,2025-05-21T11:25:03+00:00,3312.1558845386417,3310.04459292,3314.2671761572833,3310.04459292,loss,-2.270291618641295,-1.0753093502554363,0,NONE,NONE,NONE,,,,,False,False,,NONE,NONE,NONE,,,,,False,False,,sub1
T00188,LONG,7083,7083,7084,7089,2025-05-21T11:50:03+00:00,3310.5489888170064,3306.40673844,3314.6912391940127,3306.40673844,loss,-4.301750377006101,-1.038505639563735,0,NONE,NONE,NONE,,,,,False,False,,NONE,NONE,NONE,,,,,False,False,,sub1
T00189,LONG,7095,7095,7096,7124,2025-05-21T12:50:03+00:00,3302.6358082569222,3290.56137228,3314.7102442338446,3314.7102442338446,win,11.915435976922709,0.9868316830447779,0,NONE,NONE,NONE,,,,,False,False,,NONE,NONE,NONE,,,,,False,False,,sub1
T00190,SHORT,7167,7167,7168,7169,2025-05-21T18:50:03+00:00,3314.1122922096797,3316.5776578000005,3311.646926619359,3316.5776578000005,loss,-2.6248655903204963,-1.0646962870845462,0,NONE,NONE,NONE,,,,,False,False,,NONE,NONE,NONE,,,,,False,False,,sub1
T00191,SHORT,7199,7199,7200,7205,2025-05-21T22:30:03+00:00,3318.079292536432,3321.21084312,3314.9477419528644,3321.21084312,loss,-3.2915505835676413,-1.051092899740922,0,NONE,NONE,NONE,,,,,False,False,,NONE,NONE,NONE,,,,,False,False,,sub1
T00192,SHORT,7215,7215,7217,7218,2025-05-21T23:50:03+00:00,3321.1216975210764,3324.3459685200005,3317.8974265221523,3324.3459685200005,loss,-3.3842709989239665,-1.0496236203635625,0,NONE,NONE,NONE,,,,,False,False,,NONE,NONE,NONE,,,,,False,False,,sub1
T00193,SHORT,7221,7221,7223,7229,2025-05-22T00:20:03+00:00,3322.0026670067396,3326.4350520800003,3317.570281933479,3326.4350520800003,loss,-4.591885073260528,-1.035985140587619,0,NONE,NONE,NONE,,,,,False,False,,NONE,NONE,NONE,,,,,False,False,,sub1
T00194,SHORT,7246,7246,7247,7249,2025-05-22T02:25:03+00:00,3337.4978560355476,3343.0757176800003,3331.919994391095,3343.0757176800003,loss,-5.7378616444525505,-1.0286848276631204,0,NONE,NONE,NONE,,,,,False,False,,NONE,NONE,NONE,,,,,False,False,,sub1
T00195,SHORT,7368,7368,7369,7375,2025-05-22T12:35:03+00:00,3306.6564625929486,3314.85358884,3298.459336345897,3314.85358884,loss,-8.35612624705118,-1.01939704174458,0,NONE,NONE,NONE,,,,,False,False,,NONE,NONE,NONE,,,,,False,False,,sub1
T00196,SHORT,7380,7380,7381,7382,2025-05-22T13:35:03+00:00,3309.781382627567,3315.907631,3303.655134255134,3303.655134255134,win,5.96724837243346,0.9740461061430159,0,BEARISH,NONE,ALIGNED,7375.0,7380.0,7360.0,0.0,False,True,bearish|7375|7360|7380,BEARISH,NONE,ALIGNED,7375.0,7380.0,7360.0,0.0,False,True,bearish|7375|7360|7380,sub1
T00197,LONG,7390,7390,7391,7550,2025-05-22T14:25:03+00:00,3297.044041102624,3279.12082992,3314.967252285248,3314.967252285248,win,17.21441118262432,0.9604535151219493,1,BEARISH,NONE,OPPOSED,7375.0,7380.0,7360.0,10.0,False,True,bearish|7375|7360|7380,BEARISH,NONE,OPPOSED,7375.0,7380.0,7360.0,10.0,False,True,bearish|7375|7360|7380,sub1
T00198,SHORT,7631,7631,7633,7633,2025-05-23T11:30:03+00:00,3329.06119038034,3333.77734576,3324.34503500068,3333.77734576,loss,-4.875155379659645,-1.0337139019391497,0,NONE,NONE,NONE,,,,,False,False,,NONE,NONE,NONE,,,,,False,False,,sub1
T00199,SHORT,7652,7652,7653,7655,2025-05-23T13:15:03+00:00,3353.6310939298814,3364.70758292,3342.554604939763,3342.554604939763,win,10.917488990118727,0.9856452707946084,0,BEARISH,NONE,ALIGNED,7644.0,7649.0,7634.0,3.0,False,True,bearish|7644|7634|7649,BEARISH,NONE,ALIGNED,7644.0,7649.0,7634.0,3.0,False,True,bearish|7644|7634|7649,sub1
T00200,LONG,7662,7662,7663,7881,2025-05-23T14:05:03+00:00,3346.3815894960912,3324.3720198,3368.3911591921824,3324.3720198,loss,-23.8164696960908,-1.0820961075091147,3,NONE,NONE,NONE,,,,,False,False,,NONE,NONE,NONE,,,,,False,False,,sub1
T00201,LONG,7889,7889,7894,7929,2025-05-26T10:05:03+00:00,3330.3981417223754,3323.3520606,3337.4442228447506,3337.4442228447506,win,6.886081122375344,0.9772923420521279,0,BULLISH,NONE,ALIGNED,7881.0,7886.0,7855.0,3.0,True,False,bullish|7881|7855|7886,BULLISH,NONE,ALIGNED,7881.0,7886.0,7855.0,3.0,True,False,bullish|7881|7855|7886,sub1
T00202,SHORT,7941,7941,7942,7968,2025-05-26T14:25:03+00:00,3337.6159561836284,3341.76166512,3333.470247247257,3341.76166512,loss,-4.3052089363714,-1.0384735162182774,0,NONE,NONE,NONE,,,,,False,False,,NONE,NONE,NONE,,,,,False,False,,sub1
T00203,SHORT,7976,7976,7977,7987,2025-05-26T17:20:03+00:00,3341.18767194265,3343.79974664,3338.5755972453,3343.79974664,loss,-2.7720746973500354,-1.0612539909988663,0,NONE,NONE,NONE,,,,,False,False,,NONE,NONE,NONE,,,,,False,False,,sub1
T00204,SHORT,8006,8006,8007,8009,2025-05-26T23:40:03+00:00,3346.8940998666853,3348.9959544800004,3344.7922452533703,3344.7922452533703,win,1.942354613315274,0.9241146371450542,0,NONE,NONE,NONE,,,,,False,False,,NONE,NONE,NONE,,,,,False,False,,sub1
T00205,LONG,8011,8011,8013,8018,2025-05-27T00:05:03+00:00,3346.5039300811745,3342.69528684,3350.312573322349,3342.69528684,loss,-3.9681432411744026,-1.0418784301652155,0,NONE,NONE,NONE,,,,,False,False,,NONE,NONE,NONE,,,,,False,False,,sub1
T00206,LONG,8106,8106,8108,8133,2025-05-27T08:00:03+00:00,3305.6608039761586,3292.4032985999997,3318.9183093523175,3292.4032985999997,loss,-13.416505376158511,-1.0119932065262882,0,NONE,NONE,NONE,,,,,False,False,,NONE,NONE,NONE,,,,,False,False,,sub1
T00207,LONG,8134,8134,8135,8145,2025-05-27T10:20:03+00:00,3298.1555175922695,3290.54037312,3305.770662064539,3290.54037312,loss,-7.774644472269301,-1.0209451049261862,0,BULLISH,NONE,ALIGNED,8125.0,8130.0,8112.0,4.0,True,False,bullish|8125|8112|8130,BULLISH,NONE,ALIGNED,8125.0,8130.0,8112.0,4.0,True,False,bullish|8125|8112|8130,sub1
T00208,SHORT,8164,8164,8165,8166,2025-05-27T12:50:03+00:00,3293.86937646443,3298.09091836,3289.6478345688597,3298.09091836,loss,-4.380541895569877,-1.0376639635310723,0,NONE,NONE,NONE,,,,,False,False,,NONE,NONE,NONE,,,,,False,False,,sub1
T00209,LONG,8180,8180,8181,8246,2025-05-27T14:10:03+00:00,3296.403888091313,3284.9575964399996,3307.8501797426266,3307.8501797426266,win,11.286791651313706,0.9860653559372262,0,NONE,NONE,NONE,,,,,False,False,,NONE,NONE,NONE,,,,,False,False,,sub1
T00210,SHORT,8264,8264,8265,8266,2025-05-27T22:10:03+00:00,3303.342143692844,3305.4132112400002,3301.2710761456874,3305.4132112400002,loss,-2.2310675471562718,-1.0772548438700298,0,NONE,NONE,NONE,,,,,False,False,,NONE,NONE,NONE,,,,,False,False,,sub1
T00211,SHORT,8272,8272,8273,8275,2025-05-27T22:50:03+00:00,3304.233601488118,3305.87522972,3302.591973256236,3305.87522972,loss,-1.8011282318816484,-1.097159635112335,0,BEARISH,NONE,ALIGNED,8266.0,8271.0,8254.0,1.0,False,True,bearish|8266|8254|8271,BEARISH,NONE,ALIGNED,8266.0,8271.0,8254.0,1.0,False,True,bearish|8266|8254|8271,sub1
T00212,LONG,8311,8311,8312,8326,2025-05-28T02:05:03+00:00,3305.0145767575104,3297.48909516,3312.540058355021,3297.48909516,loss,-7.684981597510159,-1.0211946568379782,0,NONE,NONE,NONE,,,,,False,False,,NONE,NONE,NONE,,,,,False,False,,sub1
T00213,LONG,8341,8341,8342,8347,2025-05-28T04:35:03+00:00,3296.7806298757546,3291.5353333199996,3302.0259264315096,3302.0259264315096,win,5.085796555755223,0.9695918050954137,0,NONE,NONE,NONE,,,,,False,False,,NONE,NONE,NONE,,,,,False,False,,sub1
T00214,SHORT,8388,8388,8389,8403,2025-05-28T08:30:03+00:00,3318.0653367890823,3323.9819539600003,3312.1487196181643,3323.9819539600003,loss,-6.076117170917769,-1.0269579719951705,0,NONE,NONE,NONE,,,,,False,False,,NONE,NONE,NONE,,,,,False,False,,sub1
T00215,LONG,8435,8435,8441,8442,2025-05-28T12:25:03+00:00,3310.6811273736794,3305.18678724,3316.175467507359,3316.175467507359,win,5.334840133679791,0.9709701263265375,0,BULLISH,NONE,ALIGNED,8427.0,8432.0,8420.0,3.0,True,False,bullish|8427|8420|8432,BULLISH,NONE,ALIGNED,8427.0,8432.0,8420.0,3.0,True,False,bullish|8427|8420|8432,sub1
T00216,LONG,8454,8454,8455,8466,2025-05-28T14:00:03+00:00,3306.7965926797724,3297.28210344,3316.311081919545,3297.28210344,loss,-9.673489239772152,-1.01671135422961,0,NONE,NONE,NONE,,,,,False,False,,NONE,NONE,NONE,,,,,False,False,,sub1
T00217,LONG,8480,8480,8484,8485,2025-05-28T16:10:03+00:00,3296.8526178756615,3292.4392971599996,3301.2659385913234,3292.4392971599996,loss,-4.57232071566159,-1.036027293333882,0,NONE,NONE,NONE,,,,,False,False,,NONE,NONE,NONE,,,,,False,False,,sub1
T00218,LONG,8569,8569,8573,8575,2025-05-29T00:35:03+00:00,3262.3529704060993,3250.1249898,3274.5809510121985,3250.1249898,loss,-12.38698060609886,-1.0130029646857914,0,NONE,NONE,NONE,,,,,False,False,,NONE,NONE,NONE,,,,,False,False,,sub1
T00219,SHORT,8705,8705,8706,8709,2025-05-29T11:55:03+00:00,3299.856280726191,3305.68122196,3294.031339492382,3305.68122196,loss,-5.984441233808866,-1.0273822504979078,0,BEARISH,NONE,ALIGNED,8699.0,8704.0,8688.0,1.0,False,True,bearish|8699|8688|8704,BEARISH,NONE,ALIGNED,8699.0,8704.0,8688.0,1.0,False,True,bearish|8699|8688|8704,sub1
T00220,SHORT,8726,8726,8727,8738,2025-05-29T13:40:03+00:00,3313.8269280911672,3322.13087992,3305.5229762623344,3305.5229762623344,win,8.143951828832996,0.9807320654914802,0,NONE,NONE,NONE,,,,,False,False,,NONE,NONE,NONE,,,,,False,False,,sub1
T00221,SHORT,8764,8764,8775,8797,2025-05-29T16:50:03+00:00,3323.9572635975346,3331.38625012,3316.528277075069,3316.528277075069,win,7.269486522465741,0.9785300458524969,0,NONE,NONE,NONE,,,,,False,False,,NONE,NONE,NONE,,,,,False,False,,sub1
T00222,SHORT,8815,8815,8816,8834,2025-05-29T22:05:03+00:00,3317.180594883646,3321.23084392,3313.1303458472917,3313.1303458472917,win,3.890749036354464,0.960619705463019,0,NONE,NONE,NONE,,,,,False,False,,NONE,NONE,NONE,,,,,False,False,,sub1
T00223,LONG,8836,8836,8837,8838,2025-05-29T23:50:03+00:00,3314.91350566889,3312.72148584,3317.1055254977805,3317.1055254977805,win,1.4827198288904975,0.6764171607156868,1,NONE,NONE,NONE,,,,,False,False,,NONE,NONE,NONE,,,,,False,False,,sub1
T00224,SHORT,8856,8856,8857,8862,2025-05-30T01:30:03+00:00,3315.4582763205035,3322.9099110800003,3308.0066415610067,3308.0066415610067,win,7.291634759496901,0.9785282015069321,0,NONE,NONE,NONE,,,,,False,False,,NONE,NONE,NONE,,,,,False,False,,sub1
T00225,LONG,8875,8875,8876,8882,2025-05-30T03:05:03+00:00,3301.2924284496967,3294.8632002,3307.7216566993934,3294.8632002,loss,-6.588228249696385,-1.0247308065329848,0,NONE,NONE,NONE,,,,,False,False,,NONE,NONE,NONE,,,,,False,False,,sub1
T00226,LONG,8895,8895,8896,8899,2025-05-30T04:45:03+00:00,3294.3399430692175,3291.1183499999997,3297.5615361384353,3291.1183499999997,loss,-3.3805930692174115,-1.0493544642614525,0,BULLISH,NONE,ALIGNED,8883.0,8888.0,8872.0,7.0,True,False,bullish|8883|8872|8888,BULLISH,NONE,ALIGNED,8883.0,8888.0,8872.0,7.0,True,False,bullish|8883|8872|8888,sub1
T00227,LONG,8926,8926,8927,8984,2025-05-30T07:20:03+00:00,3296.053942753031,3287.2045065599996,3304.9033789460627,3287.2045065599996,loss,-9.00843619303123,-1.0179672463342755,0,NONE,NONE,NONE,,,,,False,False,,NONE,NONE,NONE,,,,,False,False,,sub1
T00228,LONG,9017,9017,9018,9026,2025-05-30T14:55:03+00:00,3282.0194012834845,3271.3951389599997,3292.6436636069693,3292.6436636069693,win,10.465262323485149,0.9850342550702854,0,NONE,NONE,NONE,,,,,False,False,,NONE,NONE,NONE,,,,,False,False,,sub1
T00229,SHORT,9111,9111,9112,9121,2025-06-01T23:50:03+00:00,3310.9781879669154,3316.8746696800004,3305.0817062538304,3305.0817062538304,win,5.7369817130852425,0.9729499712267735,1,NONE,NONE,NONE,,,,,False,False,,NONE,NONE,NONE,,,,,False,False,,sub1
T00230,SHORT,9215,9215,9216,9227,2025-06-02T08:30:03+00:00,3352.603140111111,3359.1433603600003,3346.0629198622214,3346.0629198622214,win,6.380720248889702,0.9756124420998152,0,BEARISH,NONE,ALIGNED,9201.0,9206.0,9193.0,9.0,False,True,bearish|9201|9193|9206,BEARISH,NONE,ALIGNED,9201.0,9206.0,9193.0,9.0,False,True,bearish|9201|9193|9206,sub1
T00231,SHORT,9295,9295,9296,9298,2025-06-02T15:10:03+00:00,3374.8836509696957,3379.19916256,3370.5681393793916,3370.5681393793916,win,4.155511590304286,0.9629244420616703,0,NONE,NONE,NONE,,,,,False,False,,NONE,NONE,NONE,,,,,False,False,,sub1
T00232,SHORT,9307,9307,9311,9313,2025-06-02T16:10:03+00:00,3374.78174097203,3379.39317032,3370.17031162406,3370.17031162406,win,4.4519293479702355,0.9654120256510128,0,NONE,NONE,NONE,,,,,False,False,,NONE,NONE,NONE,,,,,False,False,,sub1
T00233,SHORT,9358,9358,9360,9362,2025-06-02T20:25:03+00:00,3380.439754900388,3382.47929376,3378.400216040776,3382.47929376,loss,-2.1995388596119483,-1.0784491059073449,0,NONE,NONE,NONE,,,,,False,False,,NONE,NONE,NONE,,,,,False,False,,sub1
T00234,SHORT,9382,9382,9383,9383,2025-06-02T23:25:03+00:00,3388.161979665252,3392.37368952,3383.9502698105043,3383.9502698105043,win,4.052709854748173,0.9622481116973404,0,NONE,NONE,NONE,,,,,False,False,,NONE,NONE,NONE,,,,,False,False,,sub1
T00235,LONG,9388,9388,9389,9390,2025-06-02T23:55:03+00:00,3386.885077664717,3382.81768188,3390.952473449434,3382.81768188,loss,-4.226895784716817,-1.0392142806950486,0,NONE,NONE,NONE,,,,,False,False,,NONE,NONE,NONE,,,,,False,False,,sub1
T00236,LONG,9409,9409,9410,9433,2025-06-03T01:40:03+00:00,3371.820572375154,3363.1184698800002,3380.5226748703076,3363.1184698800002,loss,-8.86160249515342,-1.0183289038584158,0,NONE,NONE,NONE,,,,,False,False,,NONE,NONE,NONE,,,,,False,False,,sub1
T00237,LONG,9446,9446,9447,9454,2025-06-03T04:45:03+00:00,3362.970530474272,3359.0496326400003,3366.8914283085437,3359.0496326400003,loss,-4.080897834271582,-1.0408069801261661,0,NONE,NONE,NONE,,,,,False,False,,NONE,NONE,NONE,,,,,False,False,,sub1
T00238,LONG,9476,9476,9477,9486,2025-06-03T07:15:03+00:00,3357.6446866836227,3351.01495404,3364.2744193272456,3364.2744193272456,win,6.470732643623251,0.9760171324325436,0,NONE,NONE,NONE,,,,,False,False,,NONE,NONE,NONE,,,,,False,False,,sub1
T00239,SHORT,9550,9550,9551,9551,2025-06-03T13:25:03+00:00,3359.465329234618,3363.26352516,3355.667133309236,3355.667133309236,win,3.6391959253824098,0.9581380204909632,0,NONE,NONE,NONE,,,,,False,False,,NONE,NONE,NONE,,,,,False,False,,sub1
T00240,LONG,9562,9562,9563,9645,2025-06-03T14:25:03+00:00,3345.430217021876,3332.94467688,3357.9157571637525,3357.9157571637525,win,12.326040141876547,0.9872252222821508,0,NONE,NONE,NONE,,,,,False,False,,NONE,NONE,NONE,,,,,False,False,,sub1
T00241,SHORT,9660,9660,9661,9666,2025-06-03T23:35:03+00:00,3358.174179160443,3361.7664652800004,3354.581893040886,3354.581893040886,win,3.432286119557375,0.9554601179653319,1,NONE,NONE,NONE,,,,,False,False,,NONE,NONE,NONE,,,,,False,False,,sub1
T00242,LONG,9668,9668,9669,9673,2025-06-04T00:15:03+00:00,3357.263870140806,3351.65392848,3362.8738118016117,3351.65392848,loss,-5.768941660805467,-1.0283425407273865,0,NONE,NONE,NONE,,,,,False,False,,NONE,NONE,NONE,,,,,False,False,,sub1
T00243,LONG,9677,9677,9678,9681,2025-06-04T01:00:03+00:00,3354.261085445923,3346.33014144,3362.1920294518463,3362.1920294518463,win,7.770944005923411,0.9798258568109474,0,NONE,NONE,NONE,,,,,False,False,,NONE,NONE,NONE,,,,,False,False,,sub1
T00244,LONG,9699,9699,9700,9802,2025-06-04T02:50:03+00:00,3367.0298076891277,3346.33014144,3387.7294739382555,3346.33014144,loss,-20.85916624912761,-1.0077054382462072,0,NONE,NONE,NONE,,,,,False,False,,NONE,NONE,NONE,,,,,False,False,,sub1
T00245,LONG,9810,9810,9811,9812,2025-06-04T12:05:03+00:00,3348.848403864965,3343.5862512,3354.11055652993,3354.11055652993,win,5.1021526649651605,0.969594192683705,0,NONE,NONE,NONE,,,,,False,False,,NONE,NONE,NONE,,,,,False,False,,sub1
T00246,SHORT,9814,9814,9815,9816,2025-06-04T12:25:03+00:00,3349.8979900209006,3355.79222632,3344.0037537218013,3355.79222632,loss,-6.0537362990990005,-1.0270603335031083,0,NONE,NONE,NONE,,,,,False,False,,NONE,NONE,NONE,,,,,False,False,,sub1
T00247,SHORT,9827,9827,9833,9834,2025-06-04T13:30:03+00:00,3356.8463724362277,3362.9615130800003,3350.731231792455,3362.9615130800003,loss,-6.2751406437723745,-1.026164565840819,0,NONE,NONE,NONE,,,,,False,False,,NONE,NONE,NONE,,,,,False,False,,sub1
T00248,SHORT,9847,9847,9848,10008,2025-06-04T15:10:03+00:00,3373.6356823494116,3384.77838572,3362.492978978823,3362.492978978823,win,10.982703370588752,0.9856408274833756,1,NONE,NONE,NONE,,,,,False,False,,NONE,NONE,NONE,,,,,False,False,,sub1
T00249,LONG,10013,10013,10014,10019,2025-06-05T06:00:03+00:00,3365.1625203052135,3361.00355448,3369.3214861304273,3369.3214861304273,win,3.9994658252139743,0.961649119828592,0,NONE,NONE,NONE,,,,,False,False,,NONE,NONE,NONE,,,,,False,False,,sub1
T00250,LONG,10086,10086,10087,10089,2025-06-05T12:05:03+00:00,3395.067318048963,3391.46333604,3398.671300057926,3391.46333604,loss,-3.7629820089628083,-1.0441178672935145,0,NONE,NONE,NONE,,,,,False,False,,NONE,NONE,NONE,,,,,False,False,,sub1
T00251,LONG,10091,10091,10092,10094,2025-06-05T12:30:03+00:00,3395.5538206405818,3389.4264175199996,3401.681223761164,3389.4264175199996,loss,-6.286403120581781,-1.025949002680363,0,NONE,NONE,NONE,,,,,False,False,,NONE,NONE,NONE,,,,,False,False,,sub1
T00252,LONG,10103,10103,10104,10110,2025-06-05T13:30:03+00:00,3383.592106551274,3370.9981546799995,3396.1860584225483,3370.9981546799995,loss,-12.752951871274036,-1.012625107799746,0,NONE,NONE,NONE,,,,,False,False,,NONE,NONE,NONE,,,,,False,False,,sub1
T00253,LONG,10112,10112,10113,10118,2025-06-05T14:15:03+00:00,3379.502262545776,3367.41829788,3391.586227211552,3367.41829788,loss,-12.242964665775617,-1.013157933211272,0,NONE,NONE,NONE,,,,,False,False,,NONE,NONE,NONE,,,,,False,False,,sub1
T00254,LONG,10142,10142,10146,10198,2025-06-05T16:45:03+00:00,3350.842219801186,3339.2364251999998,3362.448014402372,3362.448014402372,win,11.44629460118631,0.9862568651711747,0,NONE,NONE,NONE,,,,,False,False,,NONE,NONE,NONE,,,,,False,False,,sub1
T00255,SHORT,10211,10211,10212,10217,2025-06-05T23:30:03+00:00,3359.051396831684,3363.68354196,3354.419251703368,3363.68354196,loss,-4.792145128315951,-1.0345412321003895,1,BEARISH,NONE,ALIGNED,10198.0,10203.0,10173.0,8.0,False,True,bearish|10198|10173|10203,BEARISH,NONE,ALIGNED,10198.0,10203.0,10173.0,8.0,False,True,bearish|10198|10173|10203,sub1
T00256,SHORT,10236,10236,10237,10260,2025-06-06T01:35:03+00:00,3362.9781303753016,3368.6897422,3357.266518550603,3368.6897422,loss,-5.871111824698346,-1.0279255672295569,0,NONE,NONE,NONE,,,,,False,False,,NONE,NONE,NONE,,,,,False,False,,sub1
T00257,LONG,10312,10312,10315,10321,2025-06-06T07:55:03+00:00,3359.1104604225943,3352.6988866799998,3365.522034165189,3365.522034165189,win,6.251573742594701,0.9750451283220978,0,BULLISH,NONE,ALIGNED,10297.0,10302.0,10287.0,10.0,True,False,bullish|10297|10287|10302,BULLISH,NONE,ALIGNED,10297.0,10302.0,10287.0,10.0,True,False,bullish|10297|10287|10302,sub1
T00258,LONG,10341,10341,10342,10350,2025-06-06T10:20:03+00:00,3357.999824726286,3352.5688918799997,3363.4307575725725,3363.4307575725725,win,5.2709328462865415,0.9705391312085068,0,BULLISH,NONE,ALIGNED,10330.0,10335.0,10311.0,6.0,True,False,bullish|10330|10311|10335,NONE,NONE,NONE,,,,,False,False,,sub1
T00259,LONG,10366,10366,10367,10367,2025-06-06T12:25:03+00:00,3358.8126566435635,3353.78184336,3363.843469927127,3353.78184336,loss,-5.189813283563126,-1.0316052278304844,0,NONE,NONE,NONE,,,,,False,False,,NONE,NONE,NONE,,,,,False,False,,sub1
T00260,LONG,10370,10370,10371,10384,2025-06-06T12:45:03+00:00,3357.0141247126644,3343.3942588799996,3370.633990545329,3343.3942588799996,loss,-13.77886583266445,-1.0116741238095253,0,NONE,NONE,NONE,,,,,False,False,,NONE,NONE,NONE,,,,,False,False,,sub1
T00261,LONG,10402,10402,10403,10435,2025-06-06T15:25:03+00:00,3329.3004994411676,3316.1363492399996,3342.4646496423356,3316.1363492399996,loss,-13.323650201167766,-1.0121162397543595,0,NONE,NONE,NONE,,,,,False,False,,NONE,NONE,NONE,,,,,False,False,,sub1
T00262,LONG,10441,10441,10442,10451,2025-06-06T18:40:03+00:00,3319.4755189899324,3313.53945312,3325.411584859865,3313.53945312,loss,-6.095565869932216,-1.0268696479275368,0,NONE,NONE,NONE,,,,,False,False,,NONE,NONE,NONE,,,,,False,False,,sub1
T00263,LONG,10463,10463,10464,10469,2025-06-06T20:30:03+00:00,3311.7030733884612,3306.9207178799998,3316.4854288969227,3316.4854288969227,win,3.5237555084616234,0.7368242495203464,2,NONE,NONE,NONE,,,,,False,False,,NONE,NONE,NONE,,,,,False,False,,sub1
T00264,SHORT,10476,10476,10480,10495,2025-06-08T22:40:03+00:00,3315.208246670181,3321.34684856,3309.0696447803616,3309.0696447803616,win,5.979601889819605,0.9740983365832293,1,NONE,NONE,NONE,,,,,False,False,,NONE,NONE,NONE,,,,,False,False,,sub1
T00265,LONG,10507,10507,10508,10515,2025-06-09T01:15:03+00:00,3307.415810316034,3298.12106988,3316.710550752068,3298.12106988,loss,-9.453740436033513,-1.0171064486516739,0,NONE,NONE,NONE,,,,,False,False,,NONE,NONE,NONE,,,,,False,False,,sub1
T00266,LONG,10520,10520,10521,10537,2025-06-09T02:20:03+00:00,3302.091061140749,3293.2962628799996,3310.8858594014982,3310.8858594014982,win,8.63529826074955,0.9818642798537413,0,BULLISH,NONE,ALIGNED,10515.0,10520.0,10501.0,0.0,True,False,bullish|10515|10501|10520,BULLISH,NONE,ALIGNED,10515.0,10520.0,10501.0,0.0,True,False,bullish|10515|10501|10520,sub1
T00267,SHORT,10583,10583,10584,10604,2025-06-09T07:35:03+00:00,3323.0428211479248,3328.7851460800002,3317.3004962158493,3317.3004962158493,win,5.5828249320757095,0.9722237940404909,0,NONE,NONE,NONE,,,,,False,False,,NONE,NONE,NONE,,,,,False,False,,sub1
T00268,SHORT,10634,10634,10635,10638,2025-06-09T11:50:03+00:00,3317.5370274162956,3321.4438524400002,3313.630202392591,3313.630202392591,win,3.7473250237048887,0.9591740098335638,0,NONE,NONE,NONE,,,,,False,False,,NONE,NONE,NONE,,,,,False,False,,sub1
T00269,SHORT,10645,10645,10646,10651,2025-06-09T12:45:03+00:00,3318.0563518669046,3322.56489728,3313.5478064538092,3313.5478064538092,win,4.3490454130956095,0.9646227362961733,0,NONE,NONE,NONE,,,,,False,False,,NONE,NONE,NONE,,,,,False,False,,sub1
T00270,LONG,10654,10654,10655,10659,2025-06-09T13:30:03+00:00,3315.9521203935524,3310.5655720799996,3321.338668707105,3321.338668707105,win,5.227048313553041,0.9703892008917021,0,BEARISH,NONE,OPPOSED,10642.0,10647.0,10632.0,7.0,False,True,bearish|10642|10632|10647,BEARISH,NONE,OPPOSED,10642.0,10647.0,10632.0,7.0,False,True,bearish|10642|10632|10647,sub1
T00271,SHORT,10666,10666,10669,10676,2025-06-09T14:30:03+00:00,3320.4518438180044,3326.95207276,3313.9516148760085,3326.95207276,loss,-6.660228941995683,-1.0246145176466244,0,NONE,NONE,NONE,,,,,False,False,,NONE,NONE,NONE,,,,,False,False,,sub1
T00272,SHORT,10699,10699,10700,10726,2025-06-09T17:15:03+00:00,3334.409815502494,3338.3435284,3330.476102604988,3330.476102604988,win,3.773712897506357,0.9593259589175186,0,NONE,NONE,NONE,,,,,False,False,,NONE,NONE,NONE,,,,,False,False,,sub1
T00273,LONG,10756,10756,10757,10766,2025-06-09T23:00:03+00:00,3324.4158032063506,3321.4531365599996,3327.3784698527015,3327.3784698527015,win,2.802666646351099,0.9459945990896672,0,BULLISH,NONE,ALIGNED,10745.0,10750.0,10737.0,6.0,True,False,bullish|10745|10737|10750,BULLISH,NONE,ALIGNED,10745.0,10750.0,10737.0,6.0,True,False,bullish|10745|10737|10750,sub1
T00274,LONG,10801,10801,10802,10830,2025-06-10T02:45:03+00:00,3306.5757029264287,3301.79892276,3311.3524830928573,3311.3524830928573,win,4.617280166428827,0.966609307013807,0,NONE,NONE,NONE,,,,,False,False,,NONE,NONE,NONE,,,,,False,False,,sub1
T00275,SHORT,10856,10856,10857,10858,2025-06-10T07:20:03+00:00,3325.754194166282,3331.4552528800004,3320.0531354525638,3331.4552528800004,loss,-5.860558713718092,-1.0279772596651129,0,NONE,NONE,NONE,,,,,False,False,,NONE,NONE,NONE,,,,,False,False,,sub1
T00276,SHORT,10869,10869,10870,10893,2025-06-10T08:25:03+00:00,3329.8817498597764,3334.96739336,3324.7961063595526,3334.96739336,loss,-5.24564350022365,-1.0314611120486157,0,NONE,NONE,NONE,,,,,False,False,,NONE,NONE,NONE,,,,,False,False,,sub1
T00277,LONG,10958,10958,10959,10962,2025-06-10T15:50:03+00:00,3327.3324181156972,3323.0630721599996,3331.601764071395,3323.0630721599996,loss,-4.428845955697398,-1.0373593523820417,0,NONE,NONE,NONE,,,,,False,False,,NONE,NONE,NONE,,,,,False,False,,sub1
T00278,LONG,10973,10973,10974,10995,2025-06-10T17:05:03+00:00,3323.1902067696465,3319.8112022399996,3326.5692112992933,3319.8112022399996,loss,-3.538004529646514,-1.0470552787380454,0,BULLISH,NONE,ALIGNED,10964.0,10969.0,10948.0,4.0,True,False,bullish|10964|10948|10969,BULLISH,NONE,ALIGNED,10964.0,10969.0,10948.0,4.0,True,False,bullish|10964|10948|10969,sub1
T00279,LONG,10996,10996,10997,10998,2025-06-10T19:00:03+00:00,3322.6563414511347,3319.22522568,3326.087457222269,3326.087457222269,win,3.271115771134646,0.9533679389818577,0,NONE,NONE,NONE,,,,,False,False,,NONE,NONE,NONE,,,,,False,False,,sub1
T00280,SHORT,11032,11032,11033,11036,2025-06-10T23:00:03+00:00,3324.182363556177,3327.63109992,3320.7336271923537,3320.7336271923537,win,3.289736363823522,0.9538961569612738,0,NONE,NONE,NONE,,,,,False,False,,NONE,NONE,NONE,,,,,False,False,,sub1
T00281,SHORT,11056,11056,11057,11059,2025-06-11T01:00:03+00:00,3331.0712064168833,3335.32440764,3326.8180051937666,3335.32440764,loss,-4.41320122311663,-1.0376187233113334,0,NONE,NONE,NONE,,,,,False,False,,NONE,NONE,NONE,,,,,False,False,,sub1
T00282,SHORT,11092,11092,11093,11094,2025-06-11T04:00:03+00:00,3338.8861305559776,3341.69966264,3336.072598471955,3341.69966264,loss,-2.9730320840221793,-1.0566903078537921,0,BEARISH,NONE,ALIGNED,11086.0,11091.0,11078.0,1.0,False,True,bearish|11086|11078|11091,BEARISH,NONE,ALIGNED,11086.0,11091.0,11078.0,1.0,False,True,bearish|11086|11078|11091,sub1
T00283,SHORT,11098,11098,11099,11104,2025-06-11T04:30:03+00:00,3340.1345981002937,3343.10971904,3337.1594771605874,3343.10971904,loss,-3.135120939706212,-1.0537793263677027,0,BEARISH,NONE,ALIGNED,11086.0,11091.0,11078.0,7.0,False,True,bearish|11086|11078|11091,BEARISH,NONE,ALIGNED,11086.0,11091.0,11078.0,7.0,False,True,bearish|11086|11078|11091,sub1
T00284,LONG,11181,11181,11182,11183,2025-06-11T11:25:03+00:00,3331.0215562455305,3329.4868152,3332.556297291061,3332.556297291061,win,1.3752410455308564,0.8960736728425684,0,NONE,NONE,NONE,,,,,False,False,,NONE,NONE,NONE,,,,,False,False,,sub1
T00285,SHORT,11188,11188,11189,11191,2025-06-11T12:00:03+00:00,3331.958593205426,3336.8684694000003,3327.0487170108518,3336.8684694000003,loss,-5.068876194573932,-1.0323837086106886,0,NONE,NONE,NONE,,,,,False,False,,NONE,NONE,NONE,,,,,False,False,,sub1
T00286,SHORT,11198,11198,11203,11249,2025-06-11T12:50:03+00:00,3344.078052982648,3360.89843056,3327.2576754052957,3327.2576754052957,win,16.660877577352494,0.9905174542446353,0,NONE,NONE,NONE,,,,,False,False,,NONE,NONE,NONE,,,,,False,False,,sub1
T00287,SHORT,11313,11313,11314,11318,2025-06-11T23:25:03+00:00,3365.8677084560095,3373.63894016,3358.096476752019,3358.096476752019,win,7.6112317039905975,0.9794112431472484,0,NONE,NONE,NONE,,,,,False,False,,NONE,NONE,NONE,,,,,False,False,,sub1
T00288,SHORT,11340,11340,11341,11350,2025-06-12T01:40:03+00:00,3370.1523371219996,3377.0310758400005,3363.2735984039987,3377.0310758400005,loss,-7.038738718000786,-1.0232600781275718,0,BEARISH,NONE,ALIGNED,11329.0,11334.0,11303.0,6.0,False,True,bearish|11329|11303|11334,BEARISH,NONE,ALIGNED,11329.0,11334.0,11303.0,6.0,False,True,bearish|11329|11303|11334,sub1
T00289,SHORT,11356,11356,11357,11370,2025-06-12T03:00:03+00:00,3374.085811001638,3377.92111144,3370.250510563276,3370.250510563276,win,3.6753004383622283,0.958282277341437,0,NONE,NONE,NONE,,,,,False,False,,NONE,NONE,NONE,,,,,False,False,,sub1
T00290,SHORT,11457,11457,11458,11459,2025-06-12T11:25:03+00:00,3381.374235815033,3384.6763816400003,3378.0720899900657,3378.0720899900657,win,3.142145824967429,0.9515466583001556,0,NONE,NONE,NONE,,,,,False,False,,NONE,NONE,NONE,,,,,False,False,,sub1
T00291,LONG,11463,11463,11464,11470,2025-06-12T11:55:03+00:00,3379.2800761514936,3373.0770715199997,3385.4830807829876,3385.4830807829876,win,6.043004631494114,0.9742060485998187,0,NONE,NONE,NONE,,,,,False,False,,NONE,NONE,NONE,,,,,False,False,,sub1
T00292,SHORT,11478,11478,11482,11484,2025-06-12T13:10:03+00:00,3386.306420296537,3393.95875292,3378.654087673074,3393.95875292,loss,-7.81233262346268,-1.0209086572516828,0,NONE,NONE,NONE,,,,,False,False,,NONE,NONE,NONE,,,,,False,False,,sub1
T00293,SHORT,11490,11490,11492,11502,2025-06-12T14:10:03+00:00,3389.358685547437,3399.1809618,3379.5364092948735,3379.5364092948735,win,9.662276252563515,0.9837104968455659,0,NONE,NONE,NONE,,,,,False,False,,NONE,NONE,NONE,,,,,False,False,,sub1
T00294,LONG,11581,11581,11583,11592,2025-06-12T22:45:03+00:00,3383.1341725174198,3379.4978146799995,3386.77053035484,3386.77053035484,win,3.476357837420437,0.9559999298327136,0,NONE,NONE,NONE,,,,,False,False,,NONE,NONE,NONE,,,,,False,False,,sub1
T00295,SHORT,11762,11762,11763,11766,2025-06-13T13:50:03+00:00,3438.2640050542796,3446.8928702000003,3429.635139908559,3429.635139908559,win,8.468865145720883,0.9814575848274553,0,NONE,NONE,NONE,,,,,False,False,,NONE,NONE,NONE,,,,,False,False,,sub1
T00296,LONG,11769,11769,11770,11944,2025-06-13T14:25:03+00:00,3434.5690086430823,3417.263304,3451.8747132861645,3417.263304,loss,-19.113604643082063,-1.1044684418974262,3,NONE,NONE,NONE,,,,,False,False,,NONE,NONE,NONE,,,,,False,False,,sub1
T00297,LONG,11951,11951,11952,11957,2025-06-16T06:40:03+00:00,3419.085132019502,3412.8274814399997,3425.3427825990043,3412.8274814399997,loss,-6.417650579502151,-1.0255687015385542,0,BULLISH,NONE,ALIGNED,11944.0,11949.0,11931.0,2.0,True,False,bullish|11944|11931|11949,BULLISH,NONE,ALIGNED,11944.0,11949.0,11931.0,2.0,True,False,bullish|11944|11931|11949,sub1
T00298,LONG,11962,11962,11963,12002,2025-06-16T07:35:03+00:00,3415.137987572579,3409.32262164,3420.953353505158,3420.953353505158,win,5.655365932579116,0.9724866840960946,0,NONE,NONE,NONE,,,,,False,False,,NONE,NONE,NONE,,,,,False,False,,sub1
T00299,SHORT,12009,12009,12010,12011,2025-06-16T11:30:03+00:00,3419.0614304881656,3422.8199073200003,3415.302953656331,3415.302953656331,win,3.598476831834887,0.9574295633154805,0,NONE,NONE,NONE,,,,,False,False,,NONE,NONE,NONE,,,,,False,False,,sub1
T00300,LONG,12016,12016,12017,12030,2025-06-16T12:05:03+00:00,3416.6262033952053,3410.6175698399998,3422.6348369504108,3410.6175698399998,loss,-6.168633555205361,-1.026628350444377,0,NONE,NONE,NONE,,,,,False,False,,NONE,NONE,NONE,,,,,False,False,,sub1
T00301,LONG,12032,12032,12033,12035,2025-06-16T13:25:03+00:00,3415.267464228063,3405.7897629599997,3424.7451654961264,3405.7897629599997,loss,-9.63770126806321,-1.0168817306511866,0,BULLISH,NONE,ALIGNED,12021.0,12026.0,12012.0,6.0,True,False,bullish|12021|12012|12026,NONE,NONE,NONE,,,,,False,False,,sub1
T00302,LONG,12048,12048,12049,12185,2025-06-16T14:45:03+00:00,3396.8050196076642,3382.5896909999997,3411.020348215329,3382.5896909999997,loss,-14.924628607664415,-1.0498968416120482,1,NONE,NONE,NONE,,,,,False,False,,NONE,NONE,NONE,,,,,False,False,,sub1
T00303,LONG,12194,12194,12226,12322,2025-06-17T03:55:03+00:00,3386.7427193438716,3373.32806148,3400.157377207743,3373.32806148,loss,-13.57465786387138,-1.0119272516394748,0,NONE,NONE,NONE,,,,,False,False,,NONE,NONE,NONE,,,,,False,False,,sub1
T00304,LONG,12325,12325,12332,12480,2025-06-17T14:50:03+00:00,3382.5385048168596,3365.94435684,3399.132652793719,3399.132652793719,win,14.78624797685955,0.891051953826073,1,NONE,NONE,NONE,,,,,False,False,,NONE,NONE,NONE,,,,,False,False,,sub1
T00305,SHORT,12484,12484,12485,12489,2025-06-18T05:05:03+00:00,3394.061081172385,3400.1319998400004,3387.9901625047696,3387.9901625047696,win,5.910918667615533,0.9736448454081001,0,NONE,NONE,NONE,,,,,False,False,,NONE,NONE,NONE,,,,,False,False,,sub1
T00306,SHORT,12563,12563,12564,12571,2025-06-18T11:40:03+00:00,3382.5548198302395,3387.16148104,3377.948158620479,3387.16148104,loss,-4.766661209760514,-1.0347323132121902,0,BULLISH,NONE,OPPOSED,12548.0,12553.0,12541.0,10.0,True,False,bullish|12548|12541|12553,BULLISH,NONE,OPPOSED,12548.0,12553.0,12541.0,10.0,True,False,bullish|12548|12541|12553,sub1
T00307,SHORT,12577,12577,12578,12580,2025-06-18T12:50:03+00:00,3386.2411811598317,3390.0535967200003,3382.428765599663,3390.0535967200003,loss,-3.972415560168429,-1.0419681426315393,0,NONE,NONE,NONE,,,,,False,False,,NONE,NONE,NONE,,,,,False,False,,sub1
T00308,LONG,12597,12597,12598,12652,2025-06-18T14:30:03+00:00,3386.218683606928,3373.69804668,3398.7393205338562,3373.69804668,loss,-12.680636926927946,-1.012778902617625,0,NONE,NONE,NONE,,,,,False,False,,NONE,NONE,NONE,,,,,False,False,,sub1
T00309,SHORT,12690,12690,12695,12703,2025-06-18T23:15:03+00:00,3374.474867922776,3380.0251956,3368.9245402455517,3380.0251956,loss,-5.710327677224086,-1.0288271268480984,1,NONE,NONE,NONE,,,,,False,False,,NONE,NONE,NONE,,,,,False,False,,sub1
T00310,SHORT,12714,12714,12716,12740,2025-06-19T01:15:03+00:00,3379.783746952996,3388.10351872,3371.463975185992,3371.463975185992,win,8.159771767004258,0.9807687032191906,0,NONE,NONE,NONE,,,,,False,False,,NONE,NONE,NONE,,,,,False,False,,sub1
T00311,LONG,12745,12745,12746,12767,2025-06-19T03:50:03+00:00,3374.5526657733144,3369.54921264,3379.556118906629,3369.54921264,loss,-5.163453133314306,-1.0319779151991106,0,NONE,NONE,NONE,,,,,False,False,,NONE,NONE,NONE,,,,,False,False,,sub1
T00312,LONG,12780,12780,12781,12790,2025-06-19T06:45:03+00:00,3356.2769181100703,3347.34010104,3365.2137351801407,3365.2137351801407,win,8.776817070070592,0.9820965340629275,0,NONE,NONE,NONE,,,,,False,False,,NONE,NONE,NONE,,,,,False,False,,sub1
T00313,LONG,12836,12836,12837,12839,2025-06-19T11:25:03+00:00,3373.8979340387723,3372.0451127999995,3375.750755277545,3372.0451127999995,loss,-2.0128212387726307,-1.0863547959466566,0,NONE,NONE,NONE,,,,,False,False,,NONE,NONE,NONE,,,,,False,False,,sub1
T00314,LONG,12849,12849,12850,12860,2025-06-19T12:30:03+00:00,3369.0570284717587,3363.63944904,3374.4746079035176,3363.63944904,loss,-5.57757943175875,-1.0295334848367712,0,NONE,NONE,NONE,,,,,False,False,,NONE,NONE,NONE,,,,,False,False,,sub1
T00315,SHORT,12924,12924,12925,12943,2025-06-19T23:30:03+00:00,3366.8331212286616,3370.54581644,3363.120426017323,3363.120426017323,win,3.552695211338687,0.9569046229512146,1,NONE,NONE,NONE,,,,,False,False,,NONE,NONE,NONE,,,,,False,False,,sub1
T00316,LONG,12951,12951,12952,12953,2025-06-20T01:45:03+00:00,3362.8625625282007,3357.31670196,3368.4084230964013,3357.31670196,loss,-5.705860568200478,-1.0288503466742884,0,NONE,NONE,NONE,,,,,False,False,,NONE,NONE,NONE,,,,,False,False,,sub1
T00317,LONG,12971,12971,12972,13001,2025-06-20T03:25:03+00:00,3352.023553865002,3344.491215,3359.5558927300044,3344.491215,loss,-7.692338865002057,-1.0212417421557158,0,NONE,NONE,NONE,,,,,False,False,,NONE,NONE,NONE,,,,,False,False,,sub1
T00318,LONG,13012,13012,13013,13015,2025-06-20T06:50:03+00:00,3345.320944813592,3340.21538604,3350.4265035871845,3350.4265035871845,win,4.945558773592438,0.9686616084359992,0,BULLISH,NONE,ALIGNED,13001.0,13006.0,12968.0,6.0,True,False,bullish|13001|12968|13006,BULLISH,NONE,ALIGNED,13001.0,13006.0,12968.0,6.0,True,False,bullish|13001|12968|13006,sub1
T00319,LONG,13069,13069,13070,13071,2025-06-20T11:35:03+00:00,3354.1502797169974,3350.9639560799997,3357.336603353995,3350.9639560799997,loss,-3.3463236369975675,-1.0502146103873533,0,NONE,NONE,NONE,,,,,False,False,,NONE,NONE,NONE,,,,,False,False,,sub1
T00320,LONG,13078,13078,13079,13080,2025-06-20T12:20:03+00:00,3349.868622686332,3345.5841712799997,3354.153074092664,3345.5841712799997,loss,-4.444451406332064,-1.0373443376585816,0,NONE,NONE,NONE,,,,,False,False,,NONE,NONE,NONE,,,,,False,False,,sub1
T00321,SHORT,13105,13105,13106,13182,2025-06-20T14:35:03+00:00,3366.0969012670394,3374.61197908,3357.581823454079,3374.61197908,loss,-8.675077812960353,-1.0187901982241812,2,NONE,NONE,NONE,,,,,False,False,,NONE,NONE,NONE,,,,,False,False,,sub1
T00322,SHORT,13193,13193,13200,13209,2025-06-22T23:00:03+00:00,3377.432204299387,3389.0665572400003,3365.797851358774,3365.797851358774,win,11.474352940613244,0.9862476236696132,1,NONE,NONE,NONE,,,,,False,False,,NONE,NONE,NONE,,,,,False,False,,sub1
T00323,LONG,13217,13217,13218,13221,2025-06-23T01:00:03+00:00,3366.3650243860775,3358.18266732,3374.547381452155,3358.18266732,loss,-8.342357066077511,-1.0195542676404554,0,NONE,NONE,NONE,,,,,False,False,,NONE,NONE,NONE,,,,,False,False,,sub1
T00324,LONG,13274,13274,13275,13313,2025-06-23T05:45:03+00:00,3355.726309004551,3346.86212016,3364.5904978491017,3364.5904978491017,win,8.704188844551027,0.9819498430363189,0,NONE,NONE,NONE,,,,,False,False,,NONE,NONE,NONE,,,,,False,False,,sub1
T00325,LONG,13362,13362,13363,13367,2025-06-23T13:05:03+00:00,3363.7101593160974,3355.72776552,3371.6925531121947,3371.6925531121947,win,7.822393796097458,0.979955887408351,0,NONE,NONE,NONE,,,,,False,False,,NONE,NONE,NONE,,,,,False,False,,sub1
T00326,SHORT,13374,13374,13375,13385,2025-06-23T14:05:03+00:00,3374.985240190738,3387.8945103600004,3362.0759700214753,3387.8945103600004,loss,-13.069270169262381,-1.0123941940870385,0,NONE,NONE,NONE,,,,,False,False,,NONE,NONE,NONE,,,,,False,False,,sub1
T00327,SHORT,13404,13404,13405,13405,2025-06-23T16:35:03+00:00,3389.121722242398,3393.6707413999998,3384.572703084796,3384.572703084796,win,4.389019157601979,0.9648275827257224,0,BEARISH,NONE,ALIGNED,13390.0,13395.0,13371.0,9.0,False,True,bearish|13390|13371|13395,BEARISH,NONE,ALIGNED,13390.0,13395.0,13371.0,9.0,False,True,bearish|13390|13371|13395,sub1
T00328,LONG,13484,13484,13485,13549,2025-06-24T00:15:03+00:00,3346.3158323454745,3333.0096742799997,3359.6219904109494,3333.0096742799997,loss,-13.466158065474701,-1.0120245076912924,0,BULLISH,NONE,ALIGNED,13475.0,13480.0,13457.0,4.0,True,False,bullish|13475|13457|13480,BULLISH,NONE,ALIGNED,13475.0,13480.0,13457.0,4.0,True,False,bullish|13475|13457|13480,sub1
T00329,LONG,13571,13571,13574,13576,2025-06-24T07:30:03+00:00,3323.215001378602,3315.88835916,3330.5416435972043,3330.5416435972043,win,7.166642218602192,0.9781618925524136,0,BULLISH,NONE,ALIGNED,13559.0,13564.0,13551.0,7.0,True,False,bullish|13559|13551|13564,BULLISH,NONE,ALIGNED,13559.0,13564.0,13551.0,7.0,True,False,bullish|13559|13551|13564,sub1
T00330,LONG,13635,13635,13636,13644,2025-06-24T12:50:03+00:00,3315.077748481426,3304.3828194,3325.7726775628526,3304.3828194,loss,-10.854929081426235,-1.014960361006762,0,NONE,NONE,NONE,,,,,False,False,,NONE,NONE,NONE,,,,,False,False,,sub1
T00331,LONG,13650,13650,13651,13668,2025-06-24T14:05:03+00:00,3305.8080778637677,3295.24618488,3316.3699708475356,3316.3699708475356,win,10.401892983767993,0.9848512004196831,0,NONE,NONE,NONE,,,,,False,False,,NONE,NONE,NONE,,,,,False,False,,sub1
T00332,SHORT,13734,13734,13735,13736,2025-06-24T22:05:03+00:00,3322.853030594112,3324.5769777600003,3321.129083428224,3321.129083428224,win,1.563947165888294,0.9071897311206605,0,NONE,NONE,NONE,,,,,False,False,,NONE,NONE,NONE,,,,,False,False,,sub1
T00333,LONG,13742,13742,13743,13743,2025-06-24T22:45:03+00:00,3322.2571530865125,3320.9541565199997,3323.5601496530253,3320.9541565199997,loss,-1.4629965665126292,-1.1227938769079526,0,NONE,NONE,NONE,,,,,False,False,,NONE,NONE,NONE,,,,,False,False,,sub1
T00334,SHORT,13765,13765,13766,13771,2025-06-25T00:40:03+00:00,3326.2579933820634,3330.21420324,3322.3017835241267,3330.21420324,loss,-4.11620985793661,-1.0404427484247,0,NONE,NONE,NONE,,,,,False,False,,NONE,NONE,NONE,,,,,False,False,,sub1
T00335,SHORT,13783,13783,13784,13791,2025-06-25T02:10:03+00:00,3332.0204215133454,3335.3674093600002,3328.6734336666905,3328.6734336666905,win,3.186987846655029,0.9521958228322326,0,BEARISH,NONE,ALIGNED,13772.0,13777.0,13763.0,6.0,False,True,bearish|13772|13763|13777,BEARISH,NONE,ALIGNED,13772.0,13777.0,13763.0,6.0,False,True,bearish|13772|13763|13777,sub1
T00336,SHORT,13851,13851,13853,13856,2025-06-25T07:50:03+00:00,3332.1551813868464,3337.25048468,3327.0598780936925,3327.0598780936925,win,4.935303293153993,0.9685985326496984,0,NONE,NONE,NONE,,,,,False,False,,NONE,NONE,NONE,,,,,False,False,,sub1
T00337,SHORT,13894,13894,13895,13898,2025-06-25T11:25:03+00:00,3326.5887589751574,3329.01415524,3324.1633627103147,3324.1633627103147,win,2.2653962648428205,0.9340313983660592,0,NONE,NONE,NONE,,,,,False,False,,NONE,NONE,NONE,,,,,False,False,,sub1
T00338,LONG,13902,13902,13903,13905,2025-06-25T12:05:03+00:00,3324.7870201781157,3321.517134,3328.056906356231,3328.056906356231,win,3.10988617811563,0.9510686331925883,0,NONE,NONE,NONE,,,,,False,False,,NONE,NONE,NONE,,,,,False,False,,sub1
T00339,SHORT,13907,13907,13908,13909,2025-06-25T12:30:03+00:00,3325.909311672199,3329.62717976,3322.1914435843973,3322.1914435843973,win,3.5578680878015803,0.9569645839440014,0,NONE,NONE,NONE,,,,,False,False,,NONE,NONE,NONE,,,,,False,False,,sub1
T00340,SHORT,13995,13995,13996,14022,2025-06-25T19:50:03+00:00,3333.098095960169,3336.20144272,3329.9947492003375,3336.20144272,loss,-3.2633467598311654,-1.0515572420300694,0,NONE,NONE,NONE,,,,,False,False,,NONE,NONE,NONE,,,,,False,False,,sub1
T00341,LONG,14059,14059,14060,14061,2025-06-26T02:10:03+00:00,3331.8418445079005,3329.04783276,3334.635856255801,3334.635856255801,win,2.634011747900786,0.9427346717063466,0,NONE,NONE,NONE,,,,,False,False,,NONE,NONE,NONE,,,,,False,False,,sub1
T00342,SHORT,14074,14074,14075,14087,2025-06-26T03:25:03+00:00,3339.2480692467575,3343.35672892,3335.139409573515,3335.139409573515,win,3.9486596732426733,0.9610578600506029,0,NONE,NONE,NONE,,,,,False,False,,NONE,NONE,NONE,,,,,False,False,,sub1
T00343,LONG,14198,14198,14200,14241,2025-06-26T13:45:03+00:00,3322.3335696675117,3309.78360336,3334.8835359750233,3334.8835359750233,win,12.389966307511713,0.9872509617891094,0,NONE,NONE,NONE,,,,,False,False,,NONE,NONE,NONE,,,,,False,False,,sub1
T00344,LONG,14298,14298,14299,14303,2025-06-26T23:05:03+00:00,3322.9368863152877,3318.66524808,3327.2085245505755,3318.66524808,loss,-4.431638235287664,-1.0374563554277845,0,NONE,NONE,NONE,,,,,False,False,,NONE,NONE,NONE,,,,,False,False,,sub1
T00345,LONG,14364,14364,14365,14371,2025-06-27T04:35:03+00:00,3296.2340050773755,3290.9073584400003,3301.5606517147507,3290.9073584400003,loss,-5.486646637375088,-1.0300376598810197,0,NONE,NONE,NONE,,,,,False,False,,NONE,NONE,NONE,,,,,False,False,,sub1
T00346,LONG,14372,14372,14373,14388,2025-06-27T05:15:03+00:00,3295.317115076995,3289.1304295200002,3301.5038006339896,3289.1304295200002,loss,-6.346685556994544,-1.0258619899986605,0,NONE,NONE,NONE,,,,,False,False,,NONE,NONE,NONE,,,,,False,False,,sub1
T00347,LONG,14392,14392,14393,14396,2025-06-27T06:55:03+00:00,3292.932565135295,3286.7005267199997,3299.1646035505905,3286.7005267199997,loss,-6.3920384152952465,-1.0256737826915772,0,BULLISH,NONE,ALIGNED,14382.0,14387.0,14359.0,5.0,True,False,bullish|14382|14359|14387,BULLISH,NONE,ALIGNED,14382.0,14387.0,14359.0,5.0,True,False,bullish|14382|14359|14387,sub1
T00348,LONG,14441,14441,14442,14448,2025-06-27T11:00:03+00:00,3285.994026715397,3279.56081232,3292.427241110794,3279.56081232,loss,-6.593214395396899,-1.0248709261289868,0,NONE,NONE,NONE,,,,,False,False,,NONE,NONE,NONE,,,,,False,False,,sub1
T00349,LONG,14457,14457,14458,14460,2025-06-27T12:20:03+00:00,3279.126452998359,3272.26010436,3285.9928016367185,3272.26010436,loss,-7.026348638359195,-1.0233020501036028,0,NONE,NONE,NONE,,,,,False,False,,NONE,NONE,NONE,,,,,False,False,,sub1
T00350,LONG,14473,14473,14474,14475,2025-06-27T13:40:03+00:00,3264.634496222201,3255.7057665599996,3273.5632258844025,3273.5632258844025,win,8.768729662201622,0.982080317575613,0,NONE,NONE,NONE,,,,,False,False,,NONE,NONE,NONE,,,,,False,False,,sub1
T00351,LONG,14568,14568,14569,14608,2025-06-29T22:40:03+00:00,3263.768077752333,3247.7910831599997,3279.745072344666,3279.745072344666,win,15.26769459233323,0.9556049170636742,1,NONE,NONE,NONE,,,,,False,False,,NONE,NONE,NONE,,,,,False,False,,sub1
T00352,SHORT,14623,14623,14624,14642,2025-06-30T03:15:03+00:00,3279.522178378199,3283.4283318800003,3275.6160248763977,3283.4283318800003,loss,-4.066153501801182,-1.0409610118819115,0,NONE,NONE,NONE,,,,,False,False,,NONE,NONE,NONE,,,,,False,False,,sub1
T00353,SHORT,14676,14676,14677,14679,2025-06-30T07:40:03+00:00,3294.2057772179546,3296.981874,3291.429680435909,3291.429680435909,win,2.616096782045588,0.942365121765688,0,NONE,NONE,NONE,,,,,False,False,,NONE,NONE,NONE,,,,,False,False,,sub1
T00354,SHORT,14738,14738,14741,14743,2025-06-30T12:50:03+00:00,3284.5616088992933,3289.1125592400003,3280.0106585585863,3280.0106585585863,win,4.39095034070715,0.9648425080430568,0,NONE,NONE,NONE,,,,,False,False,,NONE,NONE,NONE,,,,,False,False,,sub1
T00355,SHORT,14766,14766,14767,14768,2025-06-30T15:10:03+00:00,3286.28554178956,3290.38261004,3282.1884735391195,3290.38261004,loss,-4.25706825044017,-1.0390523150261555,0,BEARISH,NONE,ALIGNED,14758.0,14763.0,14752.0,3.0,False,True,bearish|14758|14752|14763,BEARISH,NONE,ALIGNED,14758.0,14763.0,14752.0,3.0,False,True,bearish|14758|14752|14763,sub1
T00356,SHORT,14773,14773,14774,14776,2025-06-30T15:45:03+00:00,3287.2724626758077,3290.89263044,3283.652294911615,3290.89263044,loss,-3.780167764192356,-1.0441968467821943,0,BEARISH,NONE,ALIGNED,14767.0,14772.0,14758.0,1.0,False,True,bearish|14767|14758|14772,BEARISH,NONE,ALIGNED,14767.0,14772.0,14758.0,1.0,False,True,bearish|14767|14758|14772,sub1
T00357,SHORT,14794,14794,14795,14803,2025-06-30T17:30:03+00:00,3295.135495870611,3298.7169434,3291.554048341222,3298.7169434,loss,-3.7414475293890064,-1.0446746737700061,0,NONE,NONE,NONE,,,,,False,False,,NONE,NONE,NONE,,,,,False,False,,sub1
T00358,SHORT,14853,14853,14854,14871,2025-06-30T23:25:03+00:00,3309.505823591551,3314.7095830800004,3304.302064103101,3314.7095830800004,loss,-5.363759488449432,-1.0307470013468139,1,BEARISH,NONE,ALIGNED,14846.0,14851.0,14815.0,2.0,False,True,bearish|14846|14815|14851,BEARISH,NONE,ALIGNED,14846.0,14851.0,14815.0,2.0,False,True,bearish|14846|14815|14851,sub1
T00359,SHORT,14882,14882,14883,14901,2025-07-01T01:50:03+00:00,3317.6678627830306,3321.10083872,3314.2348868460613,3321.10083872,loss,-3.5929759369691965,-1.04660679332961,0,NONE,NONE,NONE,,,,,False,False,,NONE,NONE,NONE,,,,,False,False,,sub1
T00360,SHORT,14909,14909,14910,14911,2025-07-01T04:05:03+00:00,3319.760731338296,3322.77190556,3316.749557116592,3322.77190556,loss,-3.17117422170395,-1.0531354176874252,0,NONE,NONE,NONE,,,,,False,False,,NONE,NONE,NONE,,,,,False,False,,sub1
T00361,SHORT,14934,14934,14935,14940,2025-07-01T06:10:03+00:00,3328.249281171283,3332.5012947200003,3323.997267622566,3332.5012947200003,loss,-4.412013548716914,-1.0376292309906046,0,NONE,NONE,NONE,,,,,False,False,,NONE,NONE,NONE,,,,,False,False,,sub1
T00362,SHORT,14964,14964,14965,14972,2025-07-01T08:40:03+00:00,3338.9416037021183,3342.5656972799998,3335.317510124237,3342.5656972799998,loss,-3.784093577881322,-1.044148970373272,0,BEARISH,NONE,ALIGNED,14956.0,14961.0,14947.0,3.0,False,True,bearish|14956|14947|14961,BEARISH,NONE,ALIGNED,14956.0,14961.0,14947.0,3.0,False,True,bearish|14956|14947|14961,sub1
T00363,SHORT,14987,14987,14988,14989,2025-07-01T10:35:03+00:00,3345.93274199611,3348.8239476000003,3343.0415363922198,3348.8239476000003,loss,-3.051205603890139,-1.0553402358464459,0,NONE,NONE,NONE,,,,,False,False,,NONE,NONE,NONE,,,,,False,False,,sub1
T00364,SHORT,14999,14999,15001,15008,2025-07-01T11:35:03+00:00,3349.4356051733985,3353.21612328,3345.655087066797,3353.21612328,loss,-3.940518106601303,-1.0423222414198907,0,NONE,NONE,NONE,,,,,False,False,,NONE,NONE,NONE,,,,,False,False,,sub1
T00365,LONG,15026,15026,15027,15029,2025-07-01T13:50:03+00:00,3349.188977278388,3344.3462208,3354.031733756776,3354.031733756776,win,4.682756478388001,0.9669609651623204,0,NONE,NONE,NONE,,,,,False,False,,NONE,NONE,NONE,,,,,False,False,,sub1
T00366,LONG,15058,15058,15062,15087,2025-07-01T16:30:03+00:00,3340.80035756685,3336.84752076,3344.7531943737,3336.84752076,loss,-4.1128368068498276,-1.040477259198403,0,NONE,NONE,NONE,,,,,False,False,,NONE,NONE,NONE,,,,,False,False,,sub1
T00367,LONG,15104,15104,15105,15107,2025-07-01T20:20:03+00:00,3337.9831086084764,3336.63752916,3339.3286880569526,3339.3286880569526,win,1.1855794484763464,0.8810921196953133,0,NONE,NONE,NONE,,,,,False,False,,NONE,NONE,NONE,,,,,False,False,,sub1
T00368,SHORT,15113,15113,15114,15116,2025-07-01T22:05:03+00:00,3338.857388398128,3340.84662852,3336.868148276256,3340.84662852,loss,-2.149240121872026,-1.0804327231492148,0,BULLISH,NONE,OPPOSED,15101.0,15106.0,15085.0,7.0,True,False,bullish|15101|15085|15106,NONE,NONE,NONE,,,,,False,False,,sub1
T00369,SHORT,15141,15141,15148,15152,2025-07-02T00:25:03+00:00,3340.0524411515926,3345.12079948,3334.984082823185,3334.984082823185,win,4.908358328407758,0.9684315927105881,0,BULLISH,NONE,OPPOSED,15136.0,15141.0,15124.0,0.0,True,False,bullish|15136|15124|15141,BULLISH,NONE,OPPOSED,15136.0,15141.0,15124.0,0.0,True,False,bullish|15136|15124|15141,sub1
T00370,LONG,15167,15167,15168,15170,2025-07-02T02:35:03+00:00,3332.1638550808448,3328.40085864,3335.9268515216895,3335.9268515216895,win,3.6029964408448905,0.957480693241385,0,NONE,NONE,NONE,,,,,False,False,,NONE,NONE,NONE,,,,,False,False,,sub1
T00371,SHORT,15271,15271,15272,15282,2025-07-02T11:15:03+00:00,3343.646393455953,3347.84490844,3339.447878471906,3339.447878471906,win,4.038514984047197,0.961891287608166,0,NONE,NONE,NONE,,,,,False,False,,NONE,NONE,NONE,,,,,False,False,,sub1
T00372,SHORT,15292,15292,15293,15299,2025-07-02T13:00:03+00:00,3346.146505599632,3351.25104468,3341.0419665192635,3341.0419665192635,win,4.944539080368486,0.9686553482144544,0,BEARISH,NONE,ALIGNED,15284.0,15289.0,15268.0,3.0,False,True,bearish|15284|15268|15289,BEARISH,NONE,ALIGNED,15284.0,15289.0,15268.0,3.0,False,True,bearish|15284|15268|15289,sub1
T00373,LONG,15311,15311,15312,15315,2025-07-02T14:35:03+00:00,3338.470116618041,3333.6846472800003,3343.255585956082,3343.255585956082,win,4.625469338041057,0.9665654528955031,0,NONE,NONE,NONE,,,,,False,False,,NONE,NONE,NONE,,,,,False,False,,sub1
T00374,SHORT,15384,15384,15388,15390,2025-07-02T20:40:03+00:00,3357.575825799394,3360.25540484,3354.8962467587876,3360.25540484,loss,-2.839579040606168,-1.0597108715866246,0,NONE,NONE,NONE,,,,,False,False,,NONE,NONE,NONE,,,,,False,False,,sub1
T00375,LONG,15426,15426,15427,15445,2025-07-03T01:10:03+00:00,3345.5273441362306,3341.7463248,3349.308363472461,3349.308363472461,win,3.621019336230802,0.9576833690146213,0,BULLISH,NONE,ALIGNED,15421.0,15426.0,15413.0,0.0,True,False,bullish|15421|15413|15426,BULLISH,NONE,ALIGNED,15421.0,15426.0,15413.0,0.0,True,False,bullish|15421|15413|15426,sub1
T00376,LONG,15572,15572,15580,15926,2025-07-03T13:20:03+00:00,3329.8618840469358,3311.4025386,3348.3212294938717,3311.4025386,loss,-20.816545446935766,-1.1276968355555168,4,NONE,NONE,NONE,,,,,False,False,,NONE,NONE,NONE,,,,,False,False,,sub1
T00377,LONG,15933,15933,15934,15945,2025-07-07T01:45:03+00:00,3317.2375757393456,3306.48573528,3327.9894161986913,3306.48573528,loss,-10.911840459345512,-1.0148811731912168,0,NONE,NONE,NONE,,,,,False,False,,NONE,NONE,NONE,,,,,False,False,,sub1
T00378,LONG,15949,15949,15954,15965,2025-07-07T03:05:03+00:00,3311.0891024305265,3305.92175784,3316.256447021053,3305.92175784,loss,-5.327344590526536,-1.0309636791579921,0,NONE,NONE,NONE,,,,,False,False,,NONE,NONE,NONE,,,,,False,False,,sub1
T00379,LONG,15973,15973,15976,15979,2025-07-07T05:05:03+00:00,3308.7904383668583,3305.08679124,3312.4940854937167,3312.4940854937167,win,3.543647126858559,0.956799340077635,0,NONE,NONE,NONE,,,,,False,False,,NONE,NONE,NONE,,,,,False,False,,sub1
T00380,LONG,16045,16045,16046,16078,2025-07-07T11:05:03+00:00,3304.853973340225,3296.1641481599995,3313.5437985204503,3313.5437985204503,win,8.529825180225544,0.9815876618135022,0,NONE,NONE,NONE,,,,,False,False,,NONE,NONE,NONE,,,,,False,False,,sub1
T00381,SHORT,16128,16128,16134,16140,2025-07-07T18:00:03+00:00,3331.5129205244302,3335.9514327200004,3327.07440832886,3335.9514327200004,loss,-4.598512195570038,-1.0360481154382184,0,NONE,NONE,NONE,,,,,False,False,,NONE,NONE,NONE,,,,,False,False,,sub1
T00382,SHORT,16151,16151,16162,16164,2025-07-07T19:55:03+00:00,3337.559777958875,3340.57161752,3334.5479383977504,3340.57161752,loss,-3.1718395611246706,-1.0531236796491577,0,BEARISH,NONE,ALIGNED,16142.0,16147.0,16119.0,4.0,False,True,bearish|16142|16119|16147,BEARISH,NONE,ALIGNED,16142.0,16147.0,16119.0,4.0,False,True,bearish|16142|16119|16147,sub1
T00383,SHORT,16172,16172,16174,16177,2025-07-07T22:40:03+00:00,3340.6050998096443,3345.98583408,3335.2243655392886,3335.2243655392886,win,5.220734270355933,0.9702642814231979,0,NONE,NONE,NONE,,,,,False,False,,NONE,NONE,NONE,,,,,False,False,,sub1
T00384,LONG,16197,16197,16198,16201,2025-07-08T00:45:03+00:00,3334.099292299461,3330.9887551199995,3337.2098294789225,3330.9887551199995,loss,-3.270537179461371,-1.0514380606206266,0,NONE,NONE,NONE,,,,,False,False,,NONE,NONE,NONE,,,,,False,False,,sub1
T00385,LONG,16205,16205,16206,16221,2025-07-08T01:25:03+00:00,3333.2986085585917,3329.5838113199998,3337.0134057971836,3337.0134057971836,win,3.554797238592073,0.9569290085774637,0,NONE,NONE,NONE,,,,,False,False,,NONE,NONE,NONE,,,,,False,False,,sub1
T00386,LONG,16237,16237,16238,16241,2025-07-08T04:05:03+00:00,3331.819805726089,3329.4618161999997,3334.177795252178,3329.4618161999997,loss,-2.517989526088968,-1.0678544150555347,0,NONE,NONE,NONE,,,,,False,False,,NONE,NONE,NONE,,,,,False,False,,sub1
T00387,LONG,16303,16303,16304,16307,2025-07-08T09:35:03+00:00,3325.633332321158,3321.5541325199997,3329.712532122316,3321.5541325199997,loss,-4.239199801158065,-1.0392233790446905,0,BULLISH,NONE,ALIGNED,16293.0,16298.0,16287.0,5.0,True,False,bullish|16293|16287|16298,BULLISH,NONE,ALIGNED,16293.0,16298.0,16287.0,5.0,True,False,bullish|16293|16287|16298,sub1
T00388,SHORT,16325,16325,16326,16327,2025-07-08T11:25:03+00:00,3325.0338936962116,3327.23508408,3322.8327033124233,3322.8327033124233,win,2.0411903837884893,0.927312057522036,0,NONE,NONE,NONE,,,,,False,False,,NONE,NONE,NONE,,,,,False,False,,sub1
T00389,SHORT,16340,16340,16341,16345,2025-07-08T12:40:03+00:00,3326.809236574577,3329.99719456,3323.621278589154,3323.621278589154,win,3.0279579854231997,0.9498111327905027,0,BULLISH,NONE,OPPOSED,16328.0,16333.0,16307.0,7.0,True,False,bullish|16328|16307|16333,BULLISH,NONE,OPPOSED,16328.0,16333.0,16307.0,7.0,True,False,bullish|16328|16307|16333,sub1
T00390,LONG,16349,16349,16350,16353,2025-07-08T13:25:03+00:00,3325.110626335856,3318.82124184,3331.4000108317123,3318.82124184,loss,-6.449384495856066,-1.0254396912933643,0,NONE,NONE,NONE,,,,,False,False,,NONE,NONE,NONE,,,,,False,False,,sub1
T00391,LONG,16376,16376,16377,16396,2025-07-08T15:40:03+00:00,3296.981621625433,3286.9465168799998,3307.0167263708663,3307.0167263708663,win,9.875104745433418,0.9840559711075595,0,BULLISH,NONE,ALIGNED,16370.0,16375.0,16360.0,1.0,True,False,bullish|16370|16360|16375,BULLISH,NONE,ALIGNED,16370.0,16375.0,16360.0,1.0,True,False,bullish|16370|16360|16375,sub1
T00392,SHORT,16443,16443,16444,16458,2025-07-08T22:15:03+00:00,3302.2496831205526,3304.2061629600003,3300.293203281105,3300.293203281105,win,1.7964798394477839,0.918220470881506,0,NONE,NONE,NONE,,,,,False,False,,NONE,NONE,NONE,,,,,False,False,,sub1
T00393,LONG,16508,16508,16509,16564,2025-07-09T03:40:03+00:00,3292.8251165908478,3284.80160268,3300.8486305016954,3284.80160268,loss,-8.183513910847523,-1.019941387499003,0,NONE,NONE,NONE,,,,,False,False,,NONE,NONE,NONE,,,,,False,False,,sub1
T00394,LONG,16569,16569,16570,16591,2025-07-09T08:45:03+00:00,3288.2134579645394,3282.4946949600003,3293.9322209690786,3293.9322209690786,win,5.558763004539287,0.9720219215461704,0,NONE,NONE,NONE,,,,,False,False,,NONE,NONE,NONE,,,,,False,False,,sub1
T00395,LONG,16609,16609,16612,16614,2025-07-09T12:05:03+00:00,3288.208941308055,3283.03667328,3293.38120933611,3293.38120933611,win,5.012268028055132,0.9690657949023531,0,NONE,NONE,NONE,,,,,False,False,,NONE,NONE,NONE,,,,,False,False,,sub1
T00396,SHORT,16627,16627,16628,16630,2025-07-09T13:35:03+00:00,3295.3589549471744,3299.6749817200002,3291.0429281743486,3299.6749817200002,loss,-4.476026772825662,-1.0370711324144772,0,NONE,NONE,NONE,,,,,False,False,,NONE,NONE,NONE,,,,,False,False,,sub1
T00397,SHORT,16645,16645,16646,16665,2025-07-09T15:05:03+00:00,3308.506750230108,3313.0665173600005,3303.9469831002157,3313.0665173600005,loss,-4.719767129892261,-1.0350895112495866,0,NONE,NONE,NONE,,,,,False,False,,NONE,NONE,NONE,,,,,False,False,,sub1
T00398,SHORT,16668,16668,16669,16670,2025-07-09T17:00:03+00:00,3311.1899274063885,3313.4595330800003,3308.9203217327768,3313.4595330800003,loss,-2.4296056736116043,-1.0704968276472615,0,NONE,NONE,NONE,,,,,False,False,,NONE,NONE,NONE,,,,,False,False,,sub1
T00399,SHORT,16701,16701,16702,16709,2025-07-09T19:45:03+00:00,3314.6395949112725,3317.00667496,3312.272514862545,3312.272514862545,win,2.2070800487276756,0.9324061727080731,0,NONE,NONE,NONE,,,,,False,False,,NONE,NONE,NONE,,,,,False,False,,sub1
T00400,SHORT,16728,16728,16732,16748,2025-07-09T23:00:03+00:00,3318.6336285916595,3321.23684416,3316.030413023319,3321.23684416,loss,-2.7632155683404562,-1.0614624474229943,1,NONE,NONE,NONE,,,,,False,False,,NONE,NONE,NONE,,,,,False,False,,sub1
T00401,SHORT,16750,16750,16753,16754,2025-07-10T00:50:03+00:00,3319.099291519029,3322.1198794800002,3316.078703558058,3322.1198794800002,loss,-3.1805879609710246,-1.0529698198056818,0,NONE,NONE,NONE,,,,,False,False,,NONE,NONE,NONE,,,,,False,False,,sub1
T00402,SHORT,16763,16763,16764,16775,2025-07-10T01:55:03+00:00,3322.4143785595284,3326.5480566,3318.2807005190566,3318.2807005190566,win,3.9736780404718957,0.9612935505781203,0,BEARISH,NONE,ALIGNED,16748.0,16753.0,16722.0,10.0,False,True,bearish|16748|16722|16753,BEARISH,NONE,ALIGNED,16748.0,16753.0,16722.0,10.0,False,True,bearish|16748|16722|16753,sub1
T00403,SHORT,16853,16853,16854,16855,2025-07-10T09:25:03+00:00,3327.1458118621877,3330.35620892,3323.9354148043753,3323.9354148043753,win,3.050397057812461,0.9501619279115324,0,BEARISH,NONE,ALIGNED,16848.0,16853.0,16825.0,0.0,False,True,bearish|16848|16825|16853,BEARISH,NONE,ALIGNED,16848.0,16853.0,16825.0,0.0,False,True,bearish|16848|16825|16853,sub1
T00404,LONG,16891,16891,16892,16896,2025-07-10T12:35:03+00:00,3322.032094129791,3317.8332813599995,3326.2309068995824,3326.2309068995824,win,4.038812769791548,0.9618939903319854,0,NONE,NONE,NONE,,,,,False,False,,NONE,NONE,NONE,,,,,False,False,,sub1
T00405,SHORT,16901,16901,16902,16905,2025-07-10T13:25:03+00:00,3324.663488795737,3329.5641772400004,3319.7628003514737,3319.7628003514737,win,4.740688444263469,0.967351525847935,0,NONE,NONE,NONE,,,,,False,False,,NONE,NONE,NONE,,,,,False,False,,sub1
T00406,LONG,16917,16917,16918,16970,2025-07-10T14:45:03+00:00,3317.2850469044433,3309.88459932,3324.685494488887,3324.685494488887,win,7.2404475844437,0.9783796860697737,0,BULLISH,NONE,ALIGNED,16907.0,16912.0,16884.0,5.0,True,False,bullish|16907|16884|16912,BULLISH,NONE,ALIGNED,16907.0,16912.0,16884.0,5.0,True,False,bullish|16907|16884|16912,sub1
T00407,SHORT,16995,16995,16996,17002,2025-07-10T22:15:03+00:00,3324.5090963063876,3326.6090590400004,3322.409133572775,3322.409133572775,win,1.9399627336129015,0.9238081717171276,0,NONE,NONE,NONE,,,,,False,False,,NONE,NONE,NONE,,,,,False,False,,sub1
T00408,LONG,17005,17005,17006,17012,2025-07-10T23:05:03+00:00,3323.939922447446,3321.69412692,3326.1857179748918,3326.1857179748918,win,2.0857955274459528,0.9287557580178165,0,NONE,NONE,NONE,,,,,False,False,,NONE,NONE,NONE,,,,,False,False,,sub1
T00409,SHORT,17028,17028,17029,17080,2025-07-11T01:00:03+00:00,3330.1391266356763,3336.30244676,3323.975806511353,3336.30244676,loss,-6.323320124323345,-1.0259600340031692,0,BEARISH,NONE,ALIGNED,17013.0,17018.0,16993.0,10.0,False,True,bearish|17013|16993|17018,NONE,NONE,NONE,,,,,False,False,,sub1
T00410,SHORT,17084,17084,17089,17091,2025-07-11T05:40:03+00:00,3335.367142986861,3341.80966704,3328.924618933722,3341.80966704,loss,-6.60252405313895,-1.0248349868281663,0,NONE,NONE,NONE,,,,,False,False,,NONE,NONE,NONE,,,,,False,False,,sub1
T00411,SHORT,17151,17151,17152,17155,2025-07-11T11:15:03+00:00,3344.9448835875874,3348.5539368000004,3341.3358303751743,3348.5539368000004,loss,-3.7690532124129277,-1.0443329567570647,0,NONE,NONE,NONE,,,,,False,False,,NONE,NONE,NONE,,,,,False,False,,sub1
T00412,SHORT,17162,17162,17163,17166,2025-07-11T12:10:03+00:00,3346.812934798208,3350.4390122,3343.186857396416,3350.4390122,loss,-3.786077401791772,-1.0441248165085462,0,BEARISH,NONE,ALIGNED,17157.0,17162.0,17145.0,0.0,False,True,bearish|17157|17145|17162,BEARISH,NONE,ALIGNED,17157.0,17162.0,17145.0,0.0,False,True,bearish|17157|17145|17162,sub1
T00413,SHORT,17176,17176,17177,17179,2025-07-11T13:20:03+00:00,3353.6691136745208,3358.62233952,3348.7158878290415,3358.62233952,loss,-5.1132258454790644,-1.0323021814452265,0,NONE,NONE,NONE,,,,,False,False,,NONE,NONE,NONE,,,,,False,False,,sub1
T00414,SHORT,17180,17180,17181,17192,2025-07-11T13:40:03+00:00,3354.4845430240066,3359.3943704000003,3349.574715648013,3359.3943704000003,loss,-5.069827375993555,-1.0325877037514932,0,NONE,NONE,NONE,,,,,False,False,,NONE,NONE,NONE,,,,,False,False,,sub1
T00415,SHORT,17203,17203,17204,17209,2025-07-11T15:35:03+00:00,3362.5732218633707,3368.87774972,3356.2686940067415,3356.2686940067415,win,6.144527856629338,0.974621414380521,0,NONE,NONE,NONE,,,,,False,False,,NONE,NONE,NONE,,,,,False,False,,sub1
T00416,SHORT,17283,17283,17284,17304,2025-07-13T23:20:03+00:00,3369.0696789460753,3374.15196068,3363.987397212151,3363.987397212151,win,4.922281733924592,0.9685180774352103,1,NONE,NONE,NONE,,,,,False,False,,NONE,NONE,NONE,,,,,False,False,,sub1
T00417,LONG,17320,17320,17321,17322,2025-07-14T02:25:03+00:00,3358.68126861075,3354.5548124399998,3362.8077247815004,3354.5548124399998,loss,-4.286456170750171,-1.0387741910683523,0,NONE,NONE,NONE,,,,,False,False,,NONE,NONE,NONE,,,,,False,False,,sub1
T00418,LONG,17325,17325,17326,17346,2025-07-14T02:50:03+00:00,3357.4246518222267,3353.7308453999995,3361.118458244454,3361.118458244454,win,3.5338064222273715,0.9566842487908772,0,NONE,NONE,NONE,,,,,False,False,,NONE,NONE,NONE,,,,,False,False,,sub1
T00419,LONG,17358,17358,17359,17371,2025-07-14T05:35:03+00:00,3357.856221471872,3353.57185176,3362.1405911837437,3362.1405911837437,win,4.1243697118720775,0.9626549502587285,0,NONE,NONE,NONE,,,,,False,False,,NONE,NONE,NONE,,,,,False,False,,sub1
T00420,LONG,17430,17430,17431,17432,2025-07-14T11:35:03+00:00,3370.943030044371,3368.64424884,3373.241811248742,3368.64424884,loss,-2.4587812043710073,-1.069602100319775,0,NONE,NONE,NONE,,,,,False,False,,NONE,NONE,NONE,,,,,False,False,,sub1
T00421,LONG,17452,17452,17459,17463,2025-07-14T13:25:03+00:00,3354.3259124426518,3347.00511444,3361.6467104453036,3347.00511444,loss,-7.480798002651682,-1.021855540877087,0,NONE,NONE,NONE,,,,,False,False,,NONE,NONE,NONE,,,,,False,False,,sub1
T00422,LONG,17472,17472,17474,17604,2025-07-14T15:05:03+00:00,3347.0297665540074,3340.8593602799997,3353.200172828015,3353.200172828015,win,5.461106274007892,0.8850480878402265,1,BULLISH,NONE,ALIGNED,17467.0,17472.0,17444.0,0.0,True,False,bullish|17467|17444|17472,BULLISH,NONE,ALIGNED,17467.0,17472.0,17444.0,0.0,True,False,bullish|17467|17444|17472,sub1
T00423,SHORT,17692,17692,17694,17699,2025-07-15T10:25:03+00:00,3363.5415358699506,3366.4906542400004,3360.592417499901,3360.592417499901,win,2.7891183700498914,0.9457464977924384,0,NONE,NONE,NONE,,,,,False,False,,NONE,NONE,NONE,,,,,False,False,,sub1
T00424,LONG,17720,17720,17721,17725,2025-07-15T12:45:03+00:00,3353.5181438230907,3346.2941428799995,3360.742144766182,3346.2941428799995,loss,-7.384000943090996,-1.0221483913499312,0,NONE,NONE,NONE,,,,,False,False,,NONE,NONE,NONE,,,,,False,False,,sub1
T00425,LONG,17733,17733,17734,17752,2025-07-15T13:50:03+00:00,3343.300316519651,3334.2366251999997,3352.3640078393023,3334.2366251999997,loss,-9.223691319651152,-1.0176528518411647,0,NONE,NONE,NONE,,,,,False,False,,NONE,NONE,NONE,,,,,False,False,,sub1
T00426,LONG,17768,17768,17779,17861,2025-07-15T16:45:03+00:00,3327.3636386434823,3320.08519128,3334.6420860069647,3334.6420860069647,win,5.470547363482574,0.7516091125326417,1,BULLISH,NONE,ALIGNED,17762.0,17767.0,17753.0,1.0,True,False,bullish|17762|17753|17767,BULLISH,NONE,ALIGNED,17762.0,17767.0,17753.0,1.0,True,False,bullish|17762|17753|17767,sub1
T00427,SHORT,17863,17863,17865,17868,2025-07-16T01:40:03+00:00,3332.0161836704337,3335.11039908,3328.9219682608673,3328.9219682608673,win,2.9342154095666046,0.9482906072068613,0,NONE,NONE,NONE,,,,,False,False,,NONE,NONE,NONE,,,,,False,False,,sub1
T00428,SHORT,17895,17895,17896,17897,2025-07-16T04:20:03+00:00,3333.2238303663926,3335.21740336,3331.230257372785,3335.21740336,loss,-2.153572993607213,-1.0802579090471804,0,NONE,NONE,NONE,,,,,False,False,,NONE,NONE,NONE,,,,,False,False,,sub1
T00429,SHORT,17924,17924,17925,17928,2025-07-16T06:45:03+00:00,3339.8633367563793,3342.1136792,3337.6129943127585,3337.6129943127585,win,2.0903424436210116,0.9288997101514871,0,BEARISH,NONE,ALIGNED,17916.0,17921.0,17908.0,3.0,False,True,bearish|17916|17908|17921,BEARISH,NONE,ALIGNED,17916.0,17921.0,17908.0,3.0,False,True,bearish|17916|17908|17921,sub1
T00430,SHORT,17953,17953,17955,17964,2025-07-16T09:10:03+00:00,3340.8678951337333,3343.2057228800004,3338.5300673874663,3338.5300673874663,win,2.177827746267212,0.9315603982135403,0,NONE,NONE,NONE,,,,,False,False,,NONE,NONE,NONE,,,,,False,False,,sub1
T00431,LONG,17981,17981,17982,17984,2025-07-16T11:30:03+00:00,3336.2622115152494,3333.5616522,3338.962770830499,3338.962770830499,win,2.5405593152495385,0.9407530139788547,0,NONE,NONE,NONE,,,,,False,False,,NONE,NONE,NONE,,,,,False,False,,sub1
T00432,LONG,17993,17993,17994,17996,2025-07-16T12:30:03+00:00,3336.8624507827008,3332.08271136,3341.6421902054017,3332.08271136,loss,-4.939739422700768,-1.0334746281857856,0,NONE,NONE,NONE,,,,,False,False,,NONE,NONE,NONE,,,,,False,False,,sub1
T00433,LONG,17999,17999,18000,18005,2025-07-16T13:00:03+00:00,3335.297970197091,3330.8707598399997,3339.7251805541828,3330.8707598399997,loss,-4.587210357091408,-1.0361401395222987,0,NONE,NONE,NONE,,,,,False,False,,NONE,NONE,NONE,,,,,False,False,,sub1
T00434,LONG,18015,18015,18016,18017,2025-07-16T14:20:03+00:00,3327.588847881534,3321.42013788,3333.7575578830683,3321.42013788,loss,-6.328710001534091,-1.0259373515629784,0,NONE,NONE,NONE,,,,,False,False,,NONE,NONE,NONE,,,,,False,False,,sub1
T00435,LONG,18020,18020,18021,18021,2025-07-16T14:45:03+00:00,3326.2120298905957,3319.39621884,3333.0278409411912,3333.0278409411912,win,6.65581105059573,0.9765251708399585,0,NONE,NONE,NONE,,,,,False,False,,NONE,NONE,NONE,,,,,False,False,,sub1
T00436,SHORT,18034,18034,18037,18195,2025-07-16T15:55:03+00:00,3354.439548637165,3377.6581009200004,3331.2209963543296,3331.2209963543296,win,23.058552282835535,0.9931089588166039,1,NONE,NONE,NONE,,,,,False,False,,NONE,NONE,NONE,,,,,False,False,,sub1
T00437,LONG,18201,18201,18204,18207,2025-07-17T06:50:03+00:00,3333.2099522284925,3328.1068703999995,3338.3130340569855,3328.1068703999995,loss,-5.263081828492886,-1.031353602661532,0,NONE,NONE,NONE,,,,,False,False,,NONE,NONE,NONE,,,,,False,False,,sub1
T00438,LONG,18217,18217,18226,18231,2025-07-17T08:10:03+00:00,3328.747485820838,3325.07499168,3332.419979961676,3332.419979961676,win,3.5124941408380437,0.9564328780757838,0,BULLISH,NONE,ALIGNED,18212.0,18217.0,18197.0,0.0,True,False,bullish|18212|18197|18217,BULLISH,NONE,ALIGNED,18212.0,18217.0,18197.0,0.0,True,False,bullish|18212|18197|18217,sub1
T00439,LONG,18265,18265,18266,18268,2025-07-17T12:10:03+00:00,3324.9895613648127,3321.9771156,3328.0020071296253,3328.0020071296253,win,2.852445764812728,0.9468870105916052,0,NONE,NONE,NONE,,,,,False,False,,NONE,NONE,NONE,,,,,False,False,,sub1
T00440,LONG,18278,18278,18279,18289,2025-07-17T13:15:03+00:00,3317.1800027032114,3309.7506046799995,3324.6094007264232,3324.6094007264232,win,7.269398023212034,0.9784639348302565,0,NONE,NONE,NONE,,,,,False,False,,NONE,NONE,NONE,,,,,False,False,,sub1
T00441,SHORT,18318,18318,18319,18321,2025-07-17T16:35:03+00:00,3337.0405145590016,3339.58657812,3334.4944509980032,3339.58657812,loss,-2.7060635609982455,-1.0628421074991206,0,NONE,NONE,NONE,,,,,False,False,,NONE,NONE,NONE,,,,,False,False,,sub1
T00442,SHORT,18374,18374,18375,18378,2025-07-17T22:15:03+00:00,3339.38772389169,3341.97267356,3336.8027742233794,3341.97267356,loss,-2.744949668310255,-1.0618967564286987,0,NONE,NONE,NONE,,,,,False,False,,NONE,NONE,NONE,,,,,False,False,,sub1
T00443,SHORT,18386,18386,18388,18393,2025-07-17T23:15:03+00:00,3341.9497867505142,3344.15276076,3339.7468127410284,3339.7468127410284,win,2.042974009485988,0.9273709089118136,0,NONE,NONE,NONE,,,,,False,False,,NONE,NONE,NONE,,,,,False,False,,sub1
T00444,LONG,18406,18406,18407,18407,2025-07-18T00:55:03+00:00,3339.5810542238823,3337.8454808399997,3341.316627607765,3341.316627607765,win,1.5755733838827837,0.9078114463579064,0,NONE,NONE,NONE,,,,,False,False,,NONE,NONE,NONE,,,,,False,False,,sub1
T00445,LONG,18417,18417,18418,18420,2025-07-18T01:50:03+00:00,3337.7783667567924,3335.21858592,3340.338147593585,3340.338147593585,win,2.3997808367926154,0.9374946488776975,0,NONE,NONE,NONE,,,,,False,False,,NONE,NONE,NONE,,,,,False,False,,sub1
T00446,SHORT,18425,18425,18426,18430,2025-07-18T02:30:03+00:00,3340.8526206170836,3344.35776896,3337.347472274167,3337.347472274167,win,3.345148342916673,0.9543528591812114,0,NONE,NONE,NONE,,,,,False,False,,NONE,NONE,NONE,,,,,False,False,,sub1
T00447,LONG,18444,18444,18445,18452,2025-07-18T04:05:03+00:00,3336.115378478237,3333.90463848,3338.3261184764738,3333.90463848,loss,-2.370739998236786,-1.0723739562895025,0,NONE,NONE,NONE,,,,,False,False,,NONE,NONE,NONE,,,,,False,False,,sub1
T00448,SHORT,18494,18494,18495,18504,2025-07-18T08:15:03+00:00,3347.0412353082197,3350.58001784,3343.5024527764394,3350.58001784,loss,-3.6987825317801253,-1.0452132897579787,0,NONE,NONE,NONE,,,,,False,False,,NONE,NONE,NONE,,,,,False,False,,sub1
T00449,SHORT,18551,18551,18552,18557,2025-07-18T13:00:03+00:00,3358.411041750557,3361.34644848,3355.475635021114,3355.475635021114,win,2.775406729443148,0.9454930731080613,0,NONE,NONE,NONE,,,,,False,False,,NONE,NONE,NONE,,,,,False,False,,sub1
T00450,LONG,18569,18569,18570,18603,2025-07-18T14:30:03+00:00,3355.399526005158,3350.98495524,3359.8140967703157,3350.98495524,loss,-4.5745707651576595,-1.036243614274498,0,NONE,NONE,NONE,,,,,False,False,,NONE,NONE,NONE,,,,,False,False,,sub1
T00451,LONG,18610,18610,18612,18613,2025-07-18T17:55:03+00:00,3352.113509075751,3350.38397928,3353.8430388715024,3350.38397928,loss,-1.8895297957510593,-1.0925106930177864,0,NONE,NONE,NONE,,,,,False,False,,NONE,NONE,NONE,,,,,False,False,,sub1
T00452,LONG,18615,18615,18616,18629,2025-07-18T18:20:03+00:00,3351.758972235293,3350.0469927599997,3353.4709517105866,3350.0469927599997,loss,-1.8719794752933012,-1.093459064380681,0,NONE,NONE,NONE,,,,,False,False,,NONE,NONE,NONE,,,,,False,False,,sub1
T00453,LONG,18637,18637,18639,18643,2025-07-18T20:10:03+00:00,3349.4654191472287,3347.53409328,3351.3967450144573,3351.3967450144573,win,1.7713258672288248,0.9171553580290189,0,NONE,NONE,NONE,,,,,False,False,,NONE,NONE,NONE,,,,,False,False,,sub1
T00454,SHORT,18694,18694,18698,18702,2025-07-21T02:00:03+00:00,3356.1473563838654,3358.77534564,3353.5193671277307,3353.5193671277307,win,2.4679892561348424,0.9391169504873905,0,NONE,NONE,NONE,,,,,False,False,,NONE,NONE,NONE,,,,,False,False,,sub1
T00455,SHORT,18852,18852,18853,18876,2025-07-21T15:10:03+00:00,3397.475092870135,3401.7110629999997,3393.2391227402704,3393.2391227402704,win,4.0759701298648,0.9622282511220241,0,NONE,NONE,NONE,,,,,False,False,,NONE,NONE,NONE,,,,,False,False,,sub1
T00456,SHORT,18931,18931,18932,18936,2025-07-21T22:45:03+00:00,3399.4441962308247,3401.2510446,3397.6373478616492,3401.2510446,loss,-1.9668483691752954,-1.0885519796400351,0,NONE,NONE,NONE,,,,,False,False,,NONE,NONE,NONE,,,,,False,False,,sub1
T00457,LONG,18951,18951,18952,18960,2025-07-22T00:25:03+00:00,3394.7938788339557,3390.3123820799997,3399.2753755879116,3390.3123820799997,loss,-4.641496753955835,-1.035702357668477,0,BEARISH,NONE,OPPOSED,18939.0,18944.0,18929.0,7.0,False,True,bearish|18939|18929|18944,BEARISH,NONE,OPPOSED,18939.0,18944.0,18929.0,7.0,False,True,bearish|18939|18929|18944,sub1
T00458,LONG,18974,18974,18975,18991,2025-07-22T02:20:03+00:00,3389.3378535651777,3385.01259408,3393.6631130503556,3393.6631130503556,win,4.165259485178012,0.9630079997400954,0,NONE,NONE,NONE,,,,,False,False,,NONE,NONE,NONE,,,,,False,False,,sub1
T00459,LONG,19021,19021,19022,19029,2025-07-22T06:15:03+00:00,3386.9582072446515,3384.33562116,3389.580793329303,3384.33562116,loss,-2.7825860846514843,-1.0610084835484468,0,NONE,NONE,NONE,,,,,False,False,,NONE,NONE,NONE,,,,,False,False,,sub1
T00460,LONG,19036,19036,19038,19041,2025-07-22T07:30:03+00:00,3384.968512085845,3383.1046703999996,3386.83235377169,3386.83235377169,win,1.7038416858454184,0.9141557991674101,0,BULLISH,NONE,ALIGNED,19023.0,19028.0,19016.0,8.0,True,False,bullish|19023|19016|19028,BULLISH,NONE,ALIGNED,19023.0,19028.0,19016.0,8.0,True,False,bullish|19023|19016|19028,sub1
T00461,LONG,19067,19067,19068,19088,2025-07-22T10:05:03+00:00,3386.7367066897505,3383.1046703999996,3390.3687429795013,3390.3687429795013,win,3.4720362897510313,0.9559475767212589,0,BEARISH,NONE,OPPOSED,19055.0,19060.0,19049.0,7.0,False,True,bearish|19055|19049|19060,BEARISH,NONE,OPPOSED,19055.0,19060.0,19049.0,7.0,False,True,bearish|19055|19049|19060,sub1
T00462,LONG,19116,19116,19378,19414,2025-07-22T14:10:03+00:00,3412.912363069954,3386.5175338799995,3439.307192259909,3386.5175338799995,loss,-26.55482918995449,-1.006061793347795,0,BEARISH,NONE,OPPOSED,19111.0,19116.0,19103.0,0.0,False,True,bearish|19111|19103|19116,BEARISH,NONE,OPPOSED,19111.0,19116.0,19103.0,0.0,False,True,bearish|19111|19103|19116,sub1
T00463,LONG,19428,19428,19429,19524,2025-07-23T17:10:03+00:00,3389.433169677196,3381.239745,3397.626594354392,3381.239745,loss,-8.902724677196018,-1.0865694173004323,1,BULLISH,NONE,ALIGNED,19420.0,19425.0,19414.0,3.0,True,False,bullish|19420|19414|19425,BULLISH,NONE,ALIGNED,19420.0,19425.0,19414.0,3.0,True,False,bullish|19420|19414|19425,sub1
T00464,LONG,19526,19526,19527,19534,2025-07-24T02:20:03+00:00,3387.5889205392573,3380.6987666399996,3394.479074438515,3380.6987666399996,loss,-7.050153899257566,-1.0232215422673057,0,NONE,NONE,NONE,,,,,False,False,,NONE,NONE,NONE,,,,,False,False,,sub1
T00465,LONG,19540,19540,19541,19566,2025-07-24T03:30:03+00:00,3381.8429820131596,3374.64700872,3389.038955306319,3374.64700872,loss,-7.355973293159423,-1.0222346572842271,0,NONE,NONE,NONE,,,,,False,False,,NONE,NONE,NONE,,,,,False,False,,sub1
T00466,LONG,19580,19580,19581,19592,2025-07-24T06:50:03+00:00,3376.1426892069517,3369.7912029599997,3382.4941754539036,3369.7912029599997,loss,-6.51148624695179,-1.0251909543339779,0,NONE,NONE,NONE,,,,,False,False,,NONE,NONE,NONE,,,,,False,False,,sub1
T00467,LONG,19598,19598,19603,19609,2025-07-24T08:20:03+00:00,3370.9267937993945,3365.6853672,3376.168220398789,3365.6853672,loss,-5.401426599394199,-1.0305260403757905,0,NONE,NONE,NONE,,,,,False,False,,NONE,NONE,NONE,,,,,False,False,,sub1
T00468,LONG,19622,19622,19623,19627,2025-07-24T10:20:03+00:00,3364.0775103777937,3361.8455208,3366.3094999555874,3366.3094999555874,win,2.071989577793829,0.928315077457479,0,NONE,NONE,NONE,,,,,False,False,,NONE,NONE,NONE,,,,,False,False,,sub1
T00469,LONG,19637,19637,19638,19642,2025-07-24T11:35:03+00:00,3364.3663282920706,3361.11854988,3367.6141067041412,3361.11854988,loss,-3.4077784120704564,-1.0492644447063268,0,NONE,NONE,NONE,,,,,False,False,,NONE,NONE,NONE,,,,,False,False,,sub1
T00470,LONG,19643,19643,19644,19651,2025-07-24T12:05:03+00:00,3363.2899933561553,3357.91867788,3368.6613088323106,3357.91867788,loss,-5.531315476155214,-1.0297878612250826,0,BULLISH,NONE,ALIGNED,19638.0,19643.0,19611.0,0.0,True,False,bullish|19638|19611|19643,BULLISH,NONE,ALIGNED,19638.0,19643.0,19611.0,0.0,True,False,bullish|19638|19611|19643,sub1
T00471,LONG,19659,19659,19660,19662,2025-07-24T13:25:03+00:00,3358.111272858795,3351.1809473999997,3365.0415983175903,3365.0415983175903,win,6.770325458795469,0.9769130611612479,0,NONE,NONE,NONE,,,,,False,False,,NONE,NONE,NONE,,,,,False,False,,sub1
T00472,SHORT,19678,19678,19679,19700,2025-07-24T15:00:03+00:00,3372.7494296555446,3377.5650972,3367.9337621110894,3367.9337621110894,win,4.655667544455355,0.9667751150753586,0,NONE,NONE,NONE,,,,,False,False,,NONE,NONE,NONE,,,,,False,False,,sub1
T00473,SHORT,19767,19767,19768,19777,2025-07-24T23:25:03+00:00,3368.840647556947,3371.59185828,3366.0894368338936,3371.59185828,loss,-2.9112107230530455,-1.058156214156614,1,BULLISH,NONE,OPPOSED,19756.0,19761.0,19747.0,6.0,True,False,bullish|19756|19747|19761,BULLISH,NONE,OPPOSED,19756.0,19761.0,19747.0,6.0,True,False,bullish|19756|19747|19761,sub1
T00474,SHORT,19787,19787,19788,19789,2025-07-25T01:05:03+00:00,3371.08398831208,3373.6889421600004,3368.479034464159,3368.479034464159,win,2.444953847920715,0.9385785663237082,0,NONE,NONE,NONE,,,,,False,False,,NONE,NONE,NONE,,,,,False,False,,sub1
T00475,LONG,19822,19822,19825,19830,2025-07-25T04:00:03+00:00,3361.566245794095,3358.47865548,3364.65383610819,3358.47865548,loss,-3.2475903140948503,-1.0518203465237752,0,NONE,NONE,NONE,,,,,False,False,,NONE,NONE,NONE,,,,,False,False,,sub1
T00476,LONG,19833,19833,19834,19841,2025-07-25T04:55:03+00:00,3360.8662752978885,3357.7086862799997,3364.0238643157772,3357.7086862799997,loss,-3.317589017888622,-1.0506715722322957,0,BULLISH,NONE,ALIGNED,19821.0,19826.0,19812.0,7.0,True,False,bullish|19821|19812|19826,BULLISH,NONE,ALIGNED,19821.0,19826.0,19812.0,7.0,True,False,bullish|19821|19812|19826,sub1
T00477,LONG,19845,19845,19846,19848,2025-07-25T05:55:03+00:00,3358.438412072575,3355.1557884,3361.72103574515,3355.1557884,loss,-3.442623672574882,-1.048741499470862,0,BULLISH,NONE,ALIGNED,19830.0,19835.0,19821.0,10.0,True,False,bullish|19830|19821|19835,BULLISH,NONE,ALIGNED,19830.0,19835.0,19821.0,10.0,True,False,bullish|19830|19821|19835,sub1
T00478,LONG,19854,19854,19855,19865,2025-07-25T06:40:03+00:00,3357.358444362687,3354.52981344,3360.187075285374,3354.52981344,loss,-2.9886309226867525,-1.056564466829724,0,NONE,NONE,NONE,,,,,False,False,,NONE,NONE,NONE,,,,,False,False,,sub1
T00479,LONG,19886,19886,19887,19900,2025-07-25T09:20:03+00:00,3347.3935239953876,3342.9032785199997,3351.8837694707754,3342.9032785199997,loss,-4.650245475387692,-1.0356327957740517,0,NONE,NONE,NONE,,,,,False,False,,NONE,NONE,NONE,,,,,False,False,,sub1
T00480,LONG,19906,19906,19907,19911,2025-07-25T11:00:03+00:00,3344.501108948058,3340.88735916,3348.1148587361163,3340.88735916,loss,-3.773749788058012,-1.0442753398501976,0,NONE,NONE,NONE,,,,,False,False,,NONE,NONE,NONE,,,,,False,False,,sub1
T00481,LONG,19915,19915,19916,19924,2025-07-25T11:45:03+00:00,3342.0208642651523,3338.48745516,3345.5542733703046,3338.48745516,loss,-3.6934091051521136,-1.0452820478009608,0,NONE,NONE,NONE,,,,,False,False,,NONE,NONE,NONE,,,,,False,False,,sub1
T00482,LONG,19929,19929,19930,19936,2025-07-25T12:55:03+00:00,3340.235468351043,3336.1695478799998,3344.301388822086,3344.301388822086,win,3.9059204710433733,0.96064851707274,0,NONE,NONE,NONE,,,,,False,False,,NONE,NONE,NONE,,,,,False,False,,sub1
T00483,SHORT,19938,19938,19939,19945,2025-07-25T13:40:03+00:00,3341.347647645182,3347.6318999200003,3335.0633953703637,3335.0633953703637,win,6.124252274818446,0.9745395326280912,0,BULLISH,NONE,OPPOSED,19925.0,19930.0,19911.0,8.0,True,False,bullish|19925|19911|19930,BULLISH,NONE,OPPOSED,19925.0,19930.0,19911.0,8.0,True,False,bullish|19925|19911|19930,sub1
T00484,LONG,19969,19969,19970,19982,2025-07-25T16:15:03+00:00,3329.8776489542947,3324.7950028799996,3334.96029502859,3334.96029502859,win,4.922646074295244,0.9685203341603823,0,NONE,NONE,NONE,,,,,False,False,,NONE,NONE,NONE,,,,,False,False,,sub1
T00485,LONG,20037,20037,20043,20094,2025-07-27T23:00:03+00:00,3331.442754717484,3323.68404732,3339.2014621149683,3339.2014621149683,win,7.049407397484305,0.9085801327899217,1,NONE,NONE,NONE,,,,,False,False,,NONE,NONE,NONE,,,,,False,False,,sub1
T00486,SHORT,20102,20102,20103,20119,2025-07-28T04:25:03+00:00,3340.5655763541836,3344.12575968,3337.005393028367,3344.12575968,loss,-3.720183325816379,-1.044941505916176,0,NONE,NONE,NONE,,,,,False,False,,NONE,NONE,NONE,,,,,False,False,,sub1
T00487,LONG,20208,20208,20209,20211,2025-07-28T13:15:03+00:00,3329.9772131203586,3325.38797916,3334.566447080717,3325.38797916,loss,-4.749233960358197,-1.034864206397392,0,NONE,NONE,NONE,,,,,False,False,,NONE,NONE,NONE,,,,,False,False,,sub1
T00488,LONG,20225,20225,20226,20422,2025-07-28T14:40:03+00:00,3312.520133267978,3301.64492892,3323.395337615956,3323.395337615956,win,10.165904347978215,0.934778237051543,1,NONE,NONE,NONE,,,,,False,False,,NONE,NONE,NONE,,,,,False,False,,sub1
T00489,SHORT,20433,20433,20435,20457,2025-07-29T09:00:03+00:00,3325.0577959400175,3330.10919904,3320.006392840035,3320.006392840035,win,4.891403099982654,0.968325632139631,0,NONE,NONE,NONE,,,,,False,False,,NONE,NONE,NONE,,,,,False,False,,sub1
T00490,LONG,20470,20470,20473,20473,2025-07-29T12:05:03+00:00,3318.6183178325878,3314.7514046399997,3322.485231025176,3322.485231025176,win,3.7069131925882175,0.9586233276954509,0,NONE,NONE,NONE,,,,,False,False,,NONE,NONE,NONE,,,,,False,False,,sub1
T00491,SHORT,20482,20482,20483,20487,2025-07-29T13:05:03+00:00,3321.506454522374,3324.6629812000006,3318.3499278447475,3318.3499278447475,win,2.9965266776266617,0.9493113740701336,0,NONE,NONE,NONE,,,,,False,False,,NONE,NONE,NONE,,,,,False,False,,sub1
T00492,LONG,20489,20489,20490,20494,2025-07-29T13:40:03+00:00,3320.074184865329,3312.7124861999996,3327.435883530658,3312.7124861999996,loss,-7.5216986653290405,-1.0217341142681369,0,NONE,NONE,NONE,,,,,False,False,,NONE,NONE,NONE,,,,,False,False,,sub1
T00493,SHORT,20584,20584,20585,20601,2025-07-29T22:35:03+00:00,3327.319057172722,3329.30416684,3325.3339475054436,3329.30416684,loss,-2.1451096672781205,-1.080600081011759,1,NONE,NONE,NONE,,,,,False,False,,NONE,NONE,NONE,,,,,False,False,,sub1
T00494,SHORT,20613,20613,20614,20620,2025-07-30T01:00:03+00:00,3329.3048467518997,3333.80634692,3324.8033465837993,3324.8033465837993,win,4.341500168100538,0.9644562936743434,0,NONE,NONE,NONE,,,,,False,False,,NONE,NONE,NONE,,,,,False,False,,sub1
T00495,LONG,20625,20625,20626,20628,2025-07-30T02:00:03+00:00,3326.136175677813,3321.72912552,3330.543225835626,3330.543225835626,win,4.247050157813192,0.9636945361930591,0,BEARISH,NONE,OPPOSED,20616.0,20621.0,20610.0,4.0,False,True,bearish|20616|20610|20621,BEARISH,NONE,OPPOSED,20616.0,20621.0,20610.0,4.0,False,True,bearish|20616|20610|20621,sub1
T00496,SHORT,20722,20722,20723,20723,2025-07-30T10:05:03+00:00,3331.148216998184,3334.1853620800002,3328.111071916368,3328.111071916368,win,2.877145081816252,0.9473189473371552,0,NONE,NONE,NONE,,,,,False,False,,NONE,NONE,NONE,,,,,False,False,,sub1
T00497,SHORT,20738,20738,20739,20741,2025-07-30T11:25:03+00:00,3328.4983174765175,3330.5132152,3326.483419753035,3326.483419753035,win,1.8548977234827362,0.920591502915936,0,NONE,NONE,NONE,,,,,False,False,,NONE,NONE,NONE,,,,,False,False,,sub1
T00498,SHORT,20748,20748,20749,20751,2025-07-30T12:15:03+00:00,3328.4629327252824,3332.03727616,3324.8885892905646,3324.8885892905646,win,3.414343434717921,0.9552365342273027,0,BULLISH,NONE,OPPOSED,20741.0,20746.0,20734.0,2.0,True,False,bullish|20741|20734|20746,NONE,NONE,NONE,,,,,False,False,,sub1
T00499,LONG,20795,20795,20796,20808,2025-07-30T16:10:03+00:00,3294.121619293684,3288.443457,3299.799781587368,3299.799781587368,win,5.518162293684327,0.9718218691674554,0,BULLISH,NONE,ALIGNED,20787.0,20792.0,20759.0,3.0,True,False,bullish|20787|20759|20792,BULLISH,NONE,ALIGNED,20787.0,20792.0,20759.0,3.0,True,False,bullish|20787|20759|20792,sub1
T00500,LONG,20842,20842,20843,20873,2025-07-30T20:05:03+00:00,3274.845093946017,3267.90327864,3281.7869092520345,3281.7869092520345,win,6.781815306017506,0.9769512738460268,0,NONE,NONE,NONE,,,,,False,False,,NONE,NONE,NONE,,,,,False,False,,sub1
T00501,SHORT,20894,20894,20895,20899,2025-07-31T01:25:03+00:00,3287.4917165833467,3291.50265484,3283.4807783266933,3291.50265484,loss,-4.170938256653244,-1.0398909157313616,0,BEARISH,NONE,ALIGNED,20883.0,20888.0,20877.0,6.0,False,True,bearish|20883|20877|20888,NONE,NONE,NONE,,,,,False,False,,sub1
T00502,SHORT,20907,20907,20908,20912,2025-07-31T02:30:03+00:00,3292.313495565018,3295.94883268,3288.678158450036,3295.94883268,loss,-3.795337114981976,-1.0440124244160067,0,NONE,NONE,NONE,,,,,False,False,,NONE,NONE,NONE,,,,,False,False,,sub1
T00503,SHORT,20920,20920,20921,20937,2025-07-31T03:35:03+00:00,3295.0064216835603,3298.681942,3291.3309013671205,3298.681942,loss,-3.83552031643967,-1.0435312516935926,0,BEARISH,NONE,ALIGNED,20912.0,20917.0,20901.0,3.0,False,True,bearish|20912|20901|20917,BEARISH,NONE,ALIGNED,20912.0,20917.0,20901.0,3.0,False,True,bearish|20912|20901|20917,sub1
T00504,SHORT,20939,20939,20940,20948,2025-07-31T05:10:03+00:00,3296.6534982238304,3299.27096556,3294.0360308876607,3299.27096556,loss,-2.777467336169593,-1.0611277924231863,0,NONE,NONE,NONE,,,,,False,False,,NONE,NONE,NONE,,,,,False,False,,sub1
T00505,SHORT,20957,20957,20958,20970,2025-07-31T06:40:03+00:00,3300.9711637379937,3304.9811939600004,3296.961133515987,3304.9811939600004,loss,-4.170030222006517,-1.0398999486641747,0,NONE,NONE,NONE,,,,,False,False,,NONE,NONE,NONE,,,,,False,False,,sub1
T00506,SHORT,20988,20988,20990,20992,2025-07-31T09:15:03+00:00,3310.31802528925,3314.94459248,3305.6914580984994,3305.6914580984994,win,4.466567190750538,0.9654171238840468,0,NONE,NONE,NONE,,,,,False,False,,NONE,NONE,NONE,,,,,False,False,,sub1
T00507,SHORT,21033,21033,21035,21041,2025-07-31T13:00:03+00:00,3307.2022115988207,3311.2964465600003,3303.107976637641,3303.107976637641,win,3.9342349611797545,0.9609206600214864,0,NONE,NONE,NONE,,,,,False,False,,NONE,NONE,NONE,,,,,False,False,,sub1
T00508,LONG,21060,21060,21061,21069,2025-07-31T15:15:03+00:00,3296.8746422272543,3291.168348,3302.5809364545084,3291.168348,loss,-5.866294227254002,-1.0280392131263876,0,NONE,NONE,NONE,,,,,False,False,,NONE,NONE,NONE,,,,,False,False,,sub1
T00509,SHORT,21130,21130,21131,21132,2025-07-31T22:05:03+00:00,3291.4714907600205,3292.7167034000004,3290.2262781200407,3292.7167034000004,loss,-1.405212639979709,-1.1284921103936458,0,BULLISH,NONE,OPPOSED,21116.0,21121.0,21110.0,9.0,True,False,bullish|21116|21110|21121,NONE,NONE,NONE,,,,,False,False,,sub1
T00510,LONG,21146,21146,21147,21152,2025-07-31T23:25:03+00:00,3292.019962075073,3288.1644681599996,3295.8754559901467,3288.1644681599996,loss,-4.015493915073421,-1.0414992225443058,0,NONE,NONE,NONE,,,,,False,False,,NONE,NONE,NONE,,,,,False,False,,sub1
T00511,LONG,21177,21177,21185,21190,2025-08-01T02:00:03+00:00,3287.6280970490525,3281.4587364,3293.797457698105,3293.797457698105,win,6.009360649052724,0.9740653839025564,0,NONE,NONE,NONE,,,,,False,False,,NONE,NONE,NONE,,,,,False,False,,sub1
T00512,SHORT,21196,21196,21197,21223,2025-08-01T03:35:03+00:00,3292.259557360634,3297.2378842400003,3287.281230481268,3297.2378842400003,loss,-5.1383268793661045,-1.0321393118364743,0,NONE,NONE,NONE,,,,,False,False,,NONE,NONE,NONE,,,,,False,False,,sub1
T00513,SHORT,21227,21227,21228,21237,2025-08-01T06:10:03+00:00,3295.2823799378475,3300.5770178000002,3289.9877420756948,3289.9877420756948,win,5.134637862152886,0.9697807472077419,0,NONE,NONE,NONE,,,,,False,False,,NONE,NONE,NONE,,,,,False,False,,sub1
T00514,SHORT,21294,21294,21296,21300,2025-08-01T11:45:03+00:00,3298.901697762806,3301.4580530400003,3296.345342485612,3301.4580530400003,loss,-2.7163552771939976,-1.0625891093570807,0,NONE,NONE,NONE,,,,,False,False,,NONE,NONE,NONE,,,,,False,False,,sub1
T00515,SHORT,21318,21318,21319,21325,2025-08-01T13:45:03+00:00,3342.9960729592176,3354.76518524,3331.2269606784353,3354.76518524,loss,-11.929112280782192,-1.0135949081105393,0,BEARISH,NONE,ALIGNED,21312.0,21317.0,21306.0,1.0,False,True,bearish|21312|21306|21317,BEARISH,NONE,ALIGNED,21312.0,21317.0,21306.0,1.0,False,True,bearish|21312|21306|21317,sub1
T00516,SHORT,21326,21326,21330,21387,2025-08-01T14:25:03+00:00,3346.8208632026963,3355.24820456,3338.3935218453926,3355.24820456,loss,-8.587341357303558,-1.0189858216507615,0,BEARISH,NONE,ALIGNED,21312.0,21317.0,21306.0,9.0,False,True,bearish|21312|21306|21317,BEARISH,NONE,ALIGNED,21312.0,21317.0,21306.0,9.0,False,True,bearish|21312|21306|21317,sub1
T00517,SHORT,21406,21406,21408,21410,2025-08-03T22:10:03+00:00,3361.325113376836,3364.6555808400003,3357.9946459136713,3357.9946459136713,win,3.1704674631646412,0.9519586959580059,0,NONE,NONE,NONE,,,,,False,False,,NONE,NONE,NONE,,,,,False,False,,sub1
T00518,LONG,21423,21423,21424,21426,2025-08-03T23:35:03+00:00,3357.8773901760383,3354.44681676,3361.3079635920767,3361.3079635920767,win,3.2705734160385873,0.9533605667053121,0,NONE,NONE,NONE,,,,,False,False,,NONE,NONE,NONE,,,,,False,False,,sub1
T00519,SHORT,21574,21574,21575,21578,2025-08-04T12:10:03+00:00,3367.135703719738,3371.68686208,3362.584545359476,3362.584545359476,win,4.391158360262125,0.9648441149846861,0,NONE,NONE,NONE,,,,,False,False,,NONE,NONE,NONE,,,,,False,False,,sub1
T00520,LONG,21581,21581,21583,21584,2025-08-04T12:45:03+00:00,3365.61185697249,3360.9025585199997,3370.32115542498,3370.32115542498,win,4.549298452490348,0.9660246634155776,0,BEARISH,NONE,OPPOSED,21571.0,21576.0,21564.0,5.0,False,True,bearish|21571|21564|21576,BEARISH,NONE,OPPOSED,21571.0,21576.0,21564.0,5.0,False,True,bearish|21571|21564|21576,sub1
T00521,SHORT,21598,21598,21599,21614,2025-08-04T14:10:03+00:00,3378.086731924096,3385.4904142,3370.683049648192,3370.683049648192,win,7.243682275904121,0.9783891320511429,0,NONE,NONE,NONE,,,,,False,False,,NONE,NONE,NONE,,,,,False,False,,sub1
T00522,SHORT,21682,21682,21684,21692,2025-08-04T22:10:03+00:00,3374.9840568539603,3376.5570568800003,3373.41105682792,3376.5570568800003,loss,-1.7330000260399174,-1.101716463668882,0,NONE,NONE,NONE,,,,,False,False,,NONE,NONE,NONE,,,,,False,False,,sub1
T00523,SHORT,21703,21703,21704,21712,2025-08-04T23:55:03+00:00,3377.4762886085878,3379.8381881200003,3375.1143890971753,3379.8381881200003,loss,-2.5218995114123572,-1.067742086073835,0,NONE,NONE,NONE,,,,,False,False,,NONE,NONE,NONE,,,,,False,False,,sub1
T00524,SHORT,21720,21720,21721,21732,2025-08-05T01:20:03+00:00,3379.5462795947205,3382.5332959200005,3376.5592632694406,3376.5592632694406,win,2.8270163252800558,0.9464348424728275,0,NONE,NONE,NONE,,,,,False,False,,NONE,NONE,NONE,,,,,False,False,,sub1
T00525,LONG,21750,21750,21751,21752,2025-08-05T03:50:03+00:00,3374.214091460306,3371.9201178,3376.508065120612,3371.9201178,loss,-2.453973660306019,-1.0697479673670274,0,NONE,NONE,NONE,,,,,False,False,,NONE,NONE,NONE,,,,,False,False,,sub1
T00526,LONG,21771,21771,21772,21775,2025-08-05T05:35:03+00:00,3370.6588290905474,3367.56729192,3373.7503662610948,3373.7503662610948,win,2.9315371705474718,0.9482458106846802,0,NONE,NONE,NONE,,,,,False,False,,NONE,NONE,NONE,,,,,False,False,,sub1
T00527,LONG,21846,21846,21847,21852,2025-08-05T11:50:03+00:00,3352.957690980201,3349.6690078799998,3356.246374080402,3356.246374080402,win,3.128683100201215,0.9513483071719279,0,NONE,NONE,NONE,,,,,False,False,,NONE,NONE,NONE,,,,,False,False,,sub1
T00528,SHORT,21874,21874,21875,21876,2025-08-05T14:10:03+00:00,3373.0502736613316,3380.87622964,3365.2243176826632,3380.87622964,loss,-7.985955978668244,-1.0204447866095816,0,NONE,NONE,NONE,,,,,False,False,,NONE,NONE,NONE,,,,,False,False,,sub1
T00529,SHORT,21890,21890,21891,21893,2025-08-05T15:30:03+00:00,3383.979444936876,3388.08651804,3379.872371833752,3388.08651804,loss,-4.267073103123948,-1.038957183371815,0,BEARISH,NONE,ALIGNED,21876.0,21881.0,21867.0,9.0,False,True,bearish|21876|21867|21881,BEARISH,NONE,ALIGNED,21876.0,21881.0,21867.0,9.0,False,True,bearish|21876|21867|21881,sub1
T00530,SHORT,21898,21898,21899,21899,2025-08-05T16:10:03+00:00,3387.2431377866906,3390.5876180800005,3383.8986574933806,3383.8986574933806,win,3.1844802933101164,0.9521599812323889,0,BEARISH,NONE,ALIGNED,21887.0,21892.0,21876.0,6.0,False,True,bearish|21887|21876|21892,BEARISH,NONE,ALIGNED,21887.0,21892.0,21876.0,6.0,False,True,bearish|21887|21876|21892,sub1
T00531,LONG,21964,21964,21968,21969,2025-08-05T22:40:03+00:00,3379.5209401415177,3378.02887344,3381.0130068430353,3381.0130068430353,win,1.3320667015177605,0.8927661881086718,0,NONE,NONE,NONE,,,,,False,False,,NONE,NONE,NONE,,,,,False,False,,sub1
T00532,LONG,21999,21999,22000,22002,2025-08-06T01:35:03+00:00,3380.226575401526,3375.73096536,3384.7221854430522,3375.73096536,loss,-4.655610041525961,-1.0355902755181008,0,NONE,NONE,NONE,,,,,False,False,,NONE,NONE,NONE,,,,,False,False,,sub1
T00533,LONG,22010,22010,22011,22038,2025-08-06T02:30:03+00:00,3376.6169047323747,3372.9110781599998,3380.3227313047496,3372.9110781599998,loss,-3.865826572374772,-1.0431752530441047,0,BULLISH,NONE,ALIGNED,22002.0,22007.0,21995.0,3.0,True,False,bullish|22002|21995|22007,BULLISH,NONE,ALIGNED,22002.0,22007.0,21995.0,3.0,True,False,bullish|22002|21995|22007,sub1
T00534,LONG,22046,22046,22047,22052,2025-08-06T05:30:03+00:00,3372.785801853056,3370.5101741999997,3375.0614295061123,3375.0614295061123,win,2.1156276530564355,0.9296897276736087,0,NONE,NONE,NONE,,,,,False,False,,NONE,NONE,NONE,,,,,False,False,,sub1
T00535,LONG,22102,22102,22103,22117,2025-08-06T10:10:03+00:00,3362.317346016177,3357.9566763599996,3366.6780156723544,3366.6780156723544,win,4.200669656177524,0.9633083877901192,0,NONE,NONE,NONE,,,,,False,False,,NONE,NONE,NONE,,,,,False,False,,sub1
T00536,SHORT,22122,22122,22123,22126,2025-08-06T11:50:03+00:00,3364.639454148014,3367.1496806,3362.129227696028,3362.129227696028,win,2.3502264519861455,0.9362607306311873,0,NONE,NONE,NONE,,,,,False,False,,NONE,NONE,NONE,,,,,False,False,,sub1
T00537,LONG,22128,22128,22130,22134,2025-08-06T12:20:03+00:00,3363.7276242042944,3360.00659436,3367.448654048589,3367.448654048589,win,3.561029844294808,0.9570011511073534,0,NONE,NONE,NONE,,,,,False,False,,NONE,NONE,NONE,,,,,False,False,,sub1
T00538,SHORT,22142,22142,22143,22146,2025-08-06T13:30:03+00:00,3367.686417199912,3371.62085944,3363.7519749598237,3371.62085944,loss,-4.0944422400880285,-1.0406665011801695,0,NONE,NONE,NONE,,,,,False,False,,NONE,NONE,NONE,,,,,False,False,,sub1
T00539,SHORT,22164,22164,22165,22167,2025-08-06T15:20:03+00:00,3376.8095459920996,3380.110199,3373.508892984199,3373.508892984199,win,3.14065300790071,0.9515247438561786,0,NONE,NONE,NONE,,,,,False,False,,NONE,NONE,NONE,,,,,False,False,,sub1
T00540,SHORT,22238,22238,22239,22256,2025-08-06T22:30:03+00:00,3370.792759653068,3374.93099184,3366.654527466136,3366.654527466136,win,3.9782321869320185,0.9613361472309073,1,NONE,NONE,NONE,,,,,False,False,,NONE,NONE,NONE,,,,,False,False,,sub1
T00541,LONG,22258,22258,22259,22262,2025-08-07T00:10:03+00:00,3369.352386208564,3365.05739232,3373.647380097128,3373.647380097128,win,4.134993888564168,0.9627473276677121,0,NONE,NONE,NONE,,,,,False,False,,NONE,NONE,NONE,,,,,False,False,,sub1
T00542,SHORT,22285,22285,22286,22322,2025-08-07T02:25:03+00:00,3379.7093484498937,3384.2813658400005,3375.137331059787,3375.137331059787,win,4.412017390106939,0.9650045075624445,0,NONE,NONE,NONE,,,,,False,False,,NONE,NONE,NONE,,,,,False,False,,sub1
T00543,SHORT,22395,22395,22396,22406,2025-08-07T11:35:03+00:00,3378.373432550483,3383.44333232,3373.3035327809657,3383.44333232,loss,-5.229899769517033,-1.0315588093006998,0,BULLISH,NONE,OPPOSED,22387.0,22392.0,22370.0,3.0,True,False,bullish|22387|22370|22392,BULLISH,NONE,OPPOSED,22387.0,22392.0,22370.0,3.0,True,False,bullish|22387|22370|22392,sub1
T00544,SHORT,22409,22409,22410,22419,2025-08-07T12:45:03+00:00,3381.4813307576806,3389.93359192,3373.0290695953613,3389.93359192,loss,-8.6122611623191,-1.0189298457450824,0,NONE,NONE,NONE,,,,,False,False,,NONE,NONE,NONE,,,,,False,False,,sub1
T00545,SHORT,22423,22423,22425,22425,2025-08-07T13:55:03+00:00,3386.2240098194875,3393.9687533200004,3378.4792663189746,3378.4792663189746,win,7.584743500513014,0.9793408264600036,0,NONE,NONE,NONE,,,,,False,False,,NONE,NONE,NONE,,,,,False,False,,sub1
T00546,SHORT,22476,22476,22480,22481,2025-08-07T18:20:03+00:00,3390.967932073784,3394.13475996,3387.8011041875684,3387.8011041875684,win,3.0068278862158877,0.9494762564469365,0,NONE,NONE,NONE,,,,,False,False,,NONE,NONE,NONE,,,,,False,False,,sub1
T00547,SHORT,22510,22510,22515,22543,2025-08-07T22:10:03+00:00,3398.4173860840565,3409.15536076,3387.679411408113,3387.679411408113,win,10.577974675943551,0.9850996109761455,1,BEARISH,NONE,ALIGNED,22501.0,22506.0,22492.0,4.0,False,True,bearish|22501|22492|22506,BEARISH,NONE,ALIGNED,22501.0,22506.0,22492.0,4.0,False,True,bearish|22501|22492|22506,sub1
T00548,LONG,22558,22558,22569,22574,2025-08-08T02:10:03+00:00,3385.5129160021356,3380.94675672,3390.0790752842713,3390.0790752842713,win,4.406159282135832,0.9649596104485827,0,NONE,NONE,NONE,,,,,False,False,,NONE,NONE,NONE,,,,,False,False,,sub1
T00549,LONG,22670,22670,22671,22680,2025-08-08T11:30:03+00:00,3386.40556430908,3380.2257855599996,3392.5853430581606,3392.5853430581606,win,6.019778749080615,0.9741091054394687,0,NONE,NONE,NONE,,,,,False,False,,NONE,NONE,NONE,,,,,False,False,,sub1
T00550,SHORT,22687,22687,22688,22701,2025-08-08T12:55:03+00:00,3393.519436006923,3402.08007776,3384.958794253846,3384.958794253846,win,8.400641753077252,0.9813098124398977,0,NONE,NONE,NONE,,,,,False,False,,NONE,NONE,NONE,,,,,False,False,,sub1
T00551,LONG,22748,22748,22749,22820,2025-08-08T18:00:03+00:00,3395.2309509598736,3376.41793788,3414.043964039747,3376.41793788,loss,-20.620913079873453,-1.0960983757532157,3,NONE,NONE,NONE,,,,,False,False,,NONE,NONE,NONE,,,,,False,False,,sub1
T00552,LONG,22829,22829,22830,22884,2025-08-11T01:50:03+00:00,3377.0987037657083,3367.6122901199997,3386.585117411417,3367.6122901199997,loss,-9.646413645708435,-1.016866226371252,0,NONE,NONE,NONE,,,,,False,False,,NONE,NONE,NONE,,,,,False,False,,sub1
T00553,LONG,22907,22907,22913,22917,2025-08-11T08:20:03+00:00,3361.9261128093576,3356.9687158799998,3366.8835097387155,3356.9687158799998,loss,-5.11739692935771,-1.0322750028452088,0,BULLISH,NONE,ALIGNED,22898.0,22903.0,22892.0,4.0,True,False,bullish|22898|22892|22903,BULLISH,NONE,ALIGNED,22898.0,22903.0,22892.0,4.0,True,False,bullish|22898|22892|22903,sub1
T00554,LONG,22919,22919,22921,22925,2025-08-11T09:20:03+00:00,3360.0229502192888,3354.17682756,3365.8690728785773,3354.17682756,loss,-6.006122659288394,-1.027368567052838,0,NONE,NONE,NONE,,,,,False,False,,NONE,NONE,NONE,,,,,False,False,,sub1
T00555,LONG,22950,22950,22953,22956,2025-08-11T11:55:03+00:00,3354.276981832708,3349.7180059199995,3358.835957745416,3349.7180059199995,loss,-4.718975912708174,-1.035095601087483,0,NONE,NONE,NONE,,,,,False,False,,NONE,NONE,NONE,,,,,False,False,,sub1
T00556,LONG,22958,22958,22959,22974,2025-08-11T12:35:03+00:00,3353.419829921691,3344.21322612,3362.626433723382,3362.626433723382,win,9.046603801691163,0.9826211702549352,0,NONE,NONE,NONE,,,,,False,False,,NONE,NONE,NONE,,,,,False,False,,sub1
T00557,SHORT,22976,22976,22977,22981,2025-08-11T14:05:03+00:00,3356.329731440441,3363.03651608,3349.6229468008814,3349.6229468008814,win,6.546784639559519,0.97614356079721,0,NONE,NONE,NONE,,,,,False,False,,NONE,NONE,NONE,,,,,False,False,,sub1
T00558,LONG,22992,22992,22995,23017,2025-08-11T15:25:03+00:00,3348.6478393305815,3341.29934268,3355.996335981163,3341.29934268,loss,-7.508496650581492,-1.021773160907298,0,NONE,NONE,NONE,,,,,False,False,,NONE,NONE,NONE,,,,,False,False,,sub1
T00559,LONG,23069,23069,23070,23070,2025-08-11T22:50:03+00:00,3344.7525532201917,3342.3633001199996,3347.1418063203837,3347.1418063203837,win,2.2292531001921816,0.9330334655683843,0,NONE,NONE,NONE,,,,,False,False,,NONE,NONE,NONE,,,,,False,False,,sub1
T00560,LONG,23163,23163,23164,23174,2025-08-12T06:40:03+00:00,3348.4435630404314,3342.11231016,3354.7748159208627,3354.7748159208627,win,6.171252880431439,0.9747285406188111,0,NONE,NONE,NONE,,,,,False,False,,BEARISH,NONE,OPPOSED,23154.0,23159.0,23141.0,4.0,False,True,bearish|23154|23141|23159,sub1
T00561,SHORT,23182,23182,23183,23186,2025-08-12T08:15:03+00:00,3352.7247010944693,3358.31032704,3347.1390751489384,3347.1390751489384,win,5.42562594553101,0.9713550456904705,0,NONE,NONE,NONE,,,,,False,False,,NONE,NONE,NONE,,,,,False,False,,sub1
T00562,LONG,23223,23223,23229,23233,2025-08-12T11:40:03+00:00,3344.1865351326855,3335.9345572800003,3352.438512985371,3352.438512985371,win,8.091977852685432,0.9806107089892651,0,NONE,NONE,NONE,,,,,False,False,,NONE,NONE,NONE,,,,,False,False,,sub1
T00563,SHORT,23240,23240,23241,23253,2025-08-12T13:05:03+00:00,3348.7830725273298,3358.1263196800005,3339.439825374659,3339.439825374659,win,9.183247152670901,0.9828753325920402,0,BULLISH,NONE,OPPOSED,23231.0,23236.0,23221.0,4.0,True,False,bullish|23231|23221|23236,BULLISH,NONE,OPPOSED,23231.0,23236.0,23221.0,4.0,True,False,bullish|23231|23221|23236,sub1
T00564,SHORT,23277,23277,23279,23447,2025-08-12T16:10:03+00:00,3348.439725776703,3359.36236912,3337.5170824334064,3359.36236912,loss,-11.082643343296695,-1.01464846877913,1,NONE,NONE,NONE,,,,,False,False,,NONE,NONE,NONE,,,,,False,False,,sub1
T00565,SHORT,23451,23451,23453,23455,2025-08-13T07:40:03+00:00,3357.7160285125365,3361.13844016,3354.293616865073,3354.293616865073,win,3.262411647463523,0.9532493409673721,0,NONE,NONE,NONE,,,,,False,False,,NONE,NONE,NONE,,,,,False,False,,sub1
T00566,SHORT,23483,23483,23484,23489,2025-08-13T10:20:03+00:00,3363.7118002220423,3366.86166908,3360.5619313640846,3366.86166908,loss,-3.3098688579575537,-1.0507957655429485,0,NONE,NONE,NONE,,,,,False,False,,NONE,NONE,NONE,,,,,False,False,,sub1
T00567,LONG,23502,23502,23503,23504,2025-08-13T11:55:03+00:00,3361.373410186651,3358.66164816,3364.0851722133025,3358.66164816,loss,-2.8717620266511403,-1.0590022274917081,0,NONE,NONE,NONE,,,,,False,False,,NONE,NONE,NONE,,,,,False,False,,sub1
T00568,LONG,23507,23507,23508,23509,2025-08-13T12:20:03+00:00,3360.1753708795222,3356.2357451999997,3364.114996559045,3356.2357451999997,loss,-4.099625679522433,-1.0406129955014518,0,NONE,NONE,NONE,,,,,False,False,,NONE,NONE,NONE,,,,,False,False,,sub1
T00569,LONG,23512,23512,23513,23515,2025-08-13T12:45:03+00:00,3359.594286963443,3355.3357811999995,3363.852792726887,3355.3357811999995,loss,-4.418505763443591,-1.037571864143837,0,NONE,NONE,NONE,,,,,False,False,,NONE,NONE,NONE,,,,,False,False,,sub1
T00570,LONG,23582,23582,23583,23591,2025-08-13T18:35:03+00:00,3353.0428711665472,3349.766004,3356.3197383330944,3356.3197383330944,win,3.1168671665473084,0.9511728758390757,0,NONE,NONE,NONE,,,,,False,False,,NONE,NONE,NONE,,,,,False,False,,sub1
T00571,SHORT,23647,23647,23648,23670,2025-08-14T01:00:03+00:00,3369.215618320496,3374.9799938,3363.451242840992,3363.451242840992,win,5.604375479504142,0.9722433070904636,0,NONE,NONE,NONE,,,,,False,False,,NONE,NONE,NONE,,,,,False,False,,sub1
T00572,LONG,23682,23682,23684,23719,2025-08-14T03:55:03+00:00,3359.3166669981347,3355.26978384,3363.3635501562694,3363.3635501562694,win,3.8868831581348786,0.9604634001655732,0,NONE,NONE,NONE,,,,,False,False,,NONE,NONE,NONE,,,,,False,False,,sub1
T00573,SHORT,23774,23774,23776,23779,2025-08-14T11:35:03+00:00,3355.017036605205,3357.0442764,3352.9897968104096,3357.0442764,loss,-2.187239794795005,-1.0789250489313833,0,NONE,NONE,NONE,,,,,False,False,,NONE,NONE,NONE,,,,,False,False,,sub1
T00574,SHORT,23781,23781,23783,23785,2025-08-14T12:10:03+00:00,3355.4450089789198,3358.5273357200003,3352.362682237839,3352.362682237839,win,2.922326741080724,0.9480911618267429,0,NONE,NONE,NONE,,,,,False,False,,NONE,NONE,NONE,,,,,False,False,,sub1
T00575,LONG,23791,23791,23794,23803,2025-08-14T13:00:03+00:00,3352.6061837513544,3341.8673199600003,3363.3450475427085,3341.8673199600003,loss,-10.89886379135396,-1.0148991553583788,0,NONE,NONE,NONE,,,,,False,False,,BEARISH,NONE,OPPOSED,23780.0,23785.0,23753.0,6.0,False,True,bearish|23780|23753|23785,sub1
T00576,LONG,23807,23807,23808,23829,2025-08-14T14:20:03+00:00,3344.7725714734943,3334.0666319999996,3355.478510946989,3334.0666319999996,loss,-10.865939473494564,-1.0149449752070778,0,BULLISH,NONE,ALIGNED,23796.0,23801.0,23785.0,6.0,True,False,bullish|23796|23785|23801,NONE,NONE,NONE,,,,,False,False,,sub1
T00577,LONG,23903,23903,23904,23906,2025-08-14T23:20:03+00:00,3333.8604381568234,3332.05471248,3335.666163833647,3335.666163833647,win,1.645725676823531,0.9113929640291072,0,BULLISH,NONE,ALIGNED,23897.0,23902.0,23885.0,1.0,True,False,bullish|23897|23885|23902,BULLISH,NONE,ALIGNED,23897.0,23902.0,23885.0,1.0,True,False,bullish|23897|23885|23902,sub1
T00578,SHORT,23924,23924,23925,23927,2025-08-15T01:05:03+00:00,3336.291850996517,3338.92555168,3333.658150313034,3333.658150313034,win,2.4737006834830026,0.9392489810997553,0,BULLISH,NONE,OPPOSED,23911.0,23916.0,23897.0,8.0,True,False,bullish|23911|23897|23916,BULLISH,NONE,OPPOSED,23911.0,23916.0,23897.0,8.0,True,False,bullish|23911|23897|23916,sub1
T00579,SHORT,23939,23939,23941,23946,2025-08-15T02:20:03+00:00,3338.154557228254,3340.4436124,3335.865502056508,3340.4436124,loss,-2.44905517174584,-1.0698978346938723,0,NONE,NONE,NONE,,,,,False,False,,NONE,NONE,NONE,,,,,False,False,,sub1
T00580,SHORT,23969,23969,23970,23971,2025-08-15T04:50:03+00:00,3344.4785557685163,3346.7588650000002,3342.1982465370324,3346.7588650000002,loss,-2.4403092314837522,-1.0701659221436979,0,BEARISH,NONE,ALIGNED,23964.0,23969.0,23953.0,0.0,False,True,bearish|23964|23953|23969,BEARISH,NONE,ALIGNED,23964.0,23969.0,23953.0,0.0,False,True,bearish|23964|23953|23969,sub1
T00581,SHORT,23974,23974,23979,23984,2025-08-15T05:15:03+00:00,3345.3382588604554,3348.88094988,3341.7955678409107,3341.7955678409107,win,3.3826910195448363,0.9548365919813075,0,BEARISH,NONE,ALIGNED,23964.0,23969.0,23953.0,5.0,False,True,bearish|23964|23953|23969,BEARISH,NONE,ALIGNED,23964.0,23969.0,23953.0,5.0,False,True,bearish|23964|23953|23969,sub1
T00582,LONG,24062,24062,24070,24077,2025-08-15T12:35:03+00:00,3339.772904297478,3333.48765516,3346.058153434956,3333.48765516,loss,-6.445249137477731,-1.0254564292520725,0,NONE,NONE,NONE,,,,,False,False,,NONE,NONE,NONE,,,,,False,False,,sub1
T00583,SHORT,24213,24213,24214,24228,2025-08-18T02:15:03+00:00,3344.166945079434,3347.6769017200004,3340.6569884388673,3347.6769017200004,loss,-3.6699566405663973,-1.045584608695915,0,NONE,NONE,NONE,,,,,False,False,,NONE,NONE,NONE,,,,,False,False,,sub1
T00584,SHORT,24233,24233,24234,24238,2025-08-18T03:55:03+00:00,3347.2268590514163,3351.97507364,3342.4786444628326,3351.97507364,loss,-4.908214588583633,-1.0336968763763428,0,NONE,NONE,NONE,,,,,False,False,,NONE,NONE,NONE,,,,,False,False,,sub1
T00585,SHORT,24249,24249,24250,24252,2025-08-18T05:15:03+00:00,3354.3301963436547,3358.5523367200003,3350.108055967309,3350.108055967309,win,4.062140376345724,0.9621045285712787,0,NONE,NONE,NONE,,,,,False,False,,NONE,NONE,NONE,,,,,False,False,,sub1
T00586,LONG,24323,24323,24324,24324,2025-08-18T11:25:03+00:00,3348.3701079372527,3347.3081023199998,3349.4321135545056,3347.3081023199998,loss,-1.222005617252762,-1.1506583368303898,0,NONE,NONE,NONE,,,,,False,False,,NONE,NONE,NONE,,,,,False,False,,sub1
T00587,SHORT,24324,24324,24325,24325,2025-08-18T11:30:03+00:00,3348.2240913315213,3348.8259476800004,3347.6222349830423,3347.6222349830423,win,0.44185634847917754,0.7341558323606705,0,NONE,NONE,NONE,,,,,False,False,,NONE,NONE,NONE,,,,,False,False,,sub1
T00588,LONG,24332,24332,24333,24340,2025-08-18T12:10:03+00:00,3347.009474712808,3344.3412209999997,3349.677728425616,3344.3412209999997,loss,-2.828253712807964,-1.0599643127007845,0,NONE,NONE,NONE,,,,,False,False,,NONE,NONE,NONE,,,,,False,False,,sub1
T00589,LONG,24360,24360,24361,24367,2025-08-18T14:30:03+00:00,3337.7306892487395,3332.2767035999996,3343.1846748974795,3332.2767035999996,loss,-5.613985648739799,-1.029336344153531,0,NONE,NONE,NONE,,,,,False,False,,NONE,NONE,NONE,,,,,False,False,,sub1
T00590,LONG,24373,24373,24374,24379,2025-08-18T15:35:03+00:00,3334.797475889593,3332.06571204,3337.529239739186,3332.06571204,loss,-2.891763849592735,-1.058570216464245,0,BULLISH,NONE,ALIGNED,24364.0,24369.0,24356.0,4.0,True,False,bullish|24364|24356|24369,BULLISH,NONE,ALIGNED,24364.0,24369.0,24356.0,4.0,True,False,bullish|24364|24356|24369,sub1
T00591,LONG,24385,24385,24386,24410,2025-08-18T16:35:03+00:00,3333.509859261003,3331.58373132,3335.435987202006,3331.58373132,loss,-2.0861279410028146,-1.0830682098493105,0,NONE,NONE,NONE,,,,,False,False,,NONE,NONE,NONE,,,,,False,False,,sub1
T00592,LONG,24418,24418,24419,24425,2025-08-18T19:20:03+00:00,3331.800216152814,3330.04579284,3333.5546394656276,3333.5546394656276,win,1.5944233128138876,0.9088019414520623,0,NONE,NONE,NONE,,,,,False,False,,NONE,NONE,NONE,,,,,False,False,,sub1
T00593,SHORT,24440,24440,24441,24443,2025-08-18T22:10:03+00:00,3333.1091799598444,3334.4283718,3331.7899881196886,3334.4283718,loss,-1.4791918401556359,-1.121286377863708,0,NONE,NONE,NONE,,,,,False,False,,NONE,NONE,NONE,,,,,False,False,,sub1
T00594,SHORT,24446,24446,24448,24455,2025-08-18T22:40:03+00:00,3333.522799112797,3334.78538608,3332.2602121455943,3332.2602121455943,win,1.102586967203024,0.8732760561006607,0,NONE,NONE,NONE,,,,,False,False,,NONE,NONE,NONE,,,,,False,False,,sub1
T00595,SHORT,24471,24471,24473,24475,2025-08-19T00:45:03+00:00,3335.0380205648607,3339.33056788,3330.7454732497213,3330.7454732497213,win,4.132547315139618,0.9627260951939779,0,NONE,NONE,NONE,,,,,False,False,,NONE,NONE,NONE,,,,,False,False,,sub1
T00596,SHORT,24597,24597,24598,24602,2025-08-19T11:15:03+00:00,3342.9036938776035,3345.46181312,3340.345574635207,3340.345574635207,win,2.3981192423966604,0.9374540493077398,0,NONE,NONE,NONE,,,,,False,False,,NONE,NONE,NONE,,,,,False,False,,sub1
T00597,LONG,24624,24624,24629,24638,2025-08-19T13:30:03+00:00,3333.7584406319675,3325.5519725999998,3341.964908663935,3325.5519725999998,loss,-8.366468031967543,-1.0194968163376237,0,NONE,NONE,NONE,,,,,False,False,,NONE,NONE,NONE,,,,,False,False,,sub1
T00598,LONG,24674,24674,24675,24736,2025-08-19T17:40:03+00:00,3318.0378278927574,3314.72040588,3321.355249905515,3314.72040588,loss,-3.4774220127574154,-1.0482302219568551,0,BULLISH,NONE,ALIGNED,24664.0,24669.0,24640.0,5.0,True,False,bullish|24664|24640|24669,BULLISH,NONE,ALIGNED,24664.0,24669.0,24640.0,5.0,True,False,bullish|24664|24640|24669,sub1
T00599,LONG,24753,24753,24754,24755,2025-08-20T01:15:03+00:00,3314.4384427723908,3311.9145181199997,3316.962367424782,3311.9145181199997,loss,-2.6839246523909424,-1.0633933346022337,0,BULLISH,NONE,ALIGNED,24744.0,24749.0,24736.0,4.0,True,False,bullish|24744|24736|24749,NONE,NONE,NONE,,,,,False,False,,sub1
T00600,SHORT,24762,24762,24763,24778,2025-08-20T02:00:03+00:00,3315.050525969763,3317.90171076,3312.199341179526,3317.90171076,loss,-3.0111847902367117,-1.0561170221403162,0,BULLISH,NONE,OPPOSED,24755.0,24760.0,24744.0,2.0,True,False,bullish|24755|24744|24760,BULLISH,NONE,OPPOSED,24755.0,24760.0,24744.0,2.0,True,False,bullish|24755|24744|24760,sub1
T00601,SHORT,24797,24797,24798,24805,2025-08-20T04:55:03+00:00,3319.027533102798,3321.12883984,3316.9262263655955,3321.12883984,loss,-2.261306737202176,-1.0761430957066642,0,NONE,NONE,NONE,,,,,False,False,,NONE,NONE,NONE,,,,,False,False,,sub1
T00602,SHORT,24819,24819,24821,24825,2025-08-20T06:45:03+00:00,3323.3618328270427,3326.1180394000003,3320.605626254085,3326.1180394000003,loss,-2.916206572957435,-1.0580508012605763,0,NONE,NONE,NONE,,,,,False,False,,NONE,NONE,NONE,,,,,False,False,,sub1
T00603,SHORT,24828,24828,24829,24841,2025-08-20T07:30:03+00:00,3324.5048535365177,3327.73010388,3321.279603193035,3321.279603193035,win,3.065250343482603,0.9503914478070887,0,NONE,NONE,NONE,,,,,False,False,,NONE,NONE,NONE,,,,,False,False,,sub1
T00604,SHORT,24868,24868,24869,24871,2025-08-20T10:50:03+00:00,3326.3957878449146,3328.04611652,3324.7454591698292,3328.04611652,loss,-1.8103286750852021,-1.0969503847417423,0,NONE,NONE,NONE,,,,,False,False,,NONE,NONE,NONE,,,,,False,False,,sub1
T00605,SHORT,24898,24898,24899,24902,2025-08-20T13:20:03+00:00,3340.2715079964896,3345.03479604,3335.5082199529793,3345.03479604,loss,-4.923288043510183,-1.0335902423994374,0,NONE,NONE,NONE,,,,,False,False,,NONE,NONE,NONE,,,,,False,False,,sub1
T00606,SHORT,24903,24903,24904,24915,2025-08-20T13:45:03+00:00,3341.693148716358,3348.5109350800003,3334.8753623527155,3348.5109350800003,loss,-6.977786363642281,-1.0234680278122377,0,NONE,NONE,NONE,,,,,False,False,,NONE,NONE,NONE,,,,,False,False,,sub1
T00607,SHORT,24994,24994,24995,25010,2025-08-20T22:20:03+00:00,3349.4568795979376,3352.22608368,3346.687675515875,3346.687675515875,win,2.6092040820626607,0.9422216654105587,0,NONE,NONE,NONE,,,,,False,False,,NONE,NONE,NONE,,,,,False,False,,sub1
T00608,LONG,25028,25028,25029,25033,2025-08-21T01:10:03+00:00,3343.3847569734353,3340.67936748,3346.0901464668705,3346.0901464668705,win,2.545389493435323,0.9408587930173803,0,NONE,NONE,NONE,,,,,False,False,,NONE,NONE,NONE,,,,,False,False,,sub1
T00609,LONG,25077,25077,25078,25089,2025-08-21T05:15:03+00:00,3338.8443499010914,3336.9035185199996,3340.785181282183,3336.9035185199996,loss,-2.100831381091666,-1.0824388978654327,0,NONE,NONE,NONE,,,,,False,False,,NONE,NONE,NONE,,,,,False,False,,sub1
T00610,LONG,25093,25093,25094,25107,2025-08-21T06:35:03+00:00,3337.473740406213,3334.1496286799998,3340.797852132426,3340.797852132426,win,3.1641117262133776,0.9518668404740644,0,NONE,NONE,NONE,,,,,False,False,,NONE,NONE,NONE,,,,,False,False,,sub1
T00611,SHORT,25190,25190,25192,25196,2025-08-21T14:40:03+00:00,3343.896764374771,3348.24592448,3339.547604269542,3339.547604269542,win,4.189160105229348,0.9632112876673639,0,BEARISH,NONE,ALIGNED,25176.0,25181.0,25164.0,9.0,False,True,bearish|25176|25164|25181,BEARISH,NONE,ALIGNED,25176.0,25181.0,25164.0,9.0,False,True,bearish|25176|25164|25181,sub1
T00612,SHORT,25267,25267,25268,25271,2025-08-21T22:05:03+00:00,3338.8589344995758,3340.1245996400003,3337.5932693591512,3340.1245996400003,loss,-1.4256651404243712,-1.12641574369836,0,NONE,NONE,NONE,,,,,False,False,,NONE,NONE,NONE,,,,,False,False,,sub1
T00613,SHORT,25276,25276,25277,25279,2025-08-21T22:50:03+00:00,3339.676358145025,3340.7736256,3338.57909069005,3338.57909069005,win,0.9372674549749718,0.8541832264554632,0,NONE,NONE,NONE,,,,,False,False,,NONE,NONE,NONE,,,,,False,False,,sub1
T00614,LONG,25285,25285,25286,25290,2025-08-21T23:35:03+00:00,3338.6702697671717,3337.22250576,3340.1180337743435,3337.22250576,loss,-2.1570640071716816,-1.4899279140012989,1,NONE,NONE,NONE,,,,,False,False,,NONE,NONE,NONE,,,,,False,False,,sub1
T00615,LONG,25294,25294,25295,25312,2025-08-22T00:20:03+00:00,3337.687945413148,3334.9235977199996,3340.4522931062966,3334.9235977199996,loss,-2.92434769314832,-1.057879839209959,0,NONE,NONE,NONE,,,,,False,False,,NONE,NONE,NONE,,,,,False,False,,sub1
T00616,LONG,25332,25332,25335,25339,2025-08-22T03:30:03+00:00,3333.838708209636,3331.47973548,3336.1976809392722,3331.47973548,loss,-2.5189727296360616,-1.0678261338038144,0,BULLISH,NONE,ALIGNED,25326.0,25331.0,25314.0,1.0,True,False,bullish|25326|25314|25331,BULLISH,NONE,ALIGNED,25326.0,25331.0,25314.0,1.0,True,False,bullish|25326|25314|25331,sub1
T00617,LONG,25355,25355,25357,25359,2025-08-22T05:25:03+00:00,3329.009980415089,3327.07491168,3330.9450491501784,3330.9450491501784,win,1.7750687350894623,0.9173155986149146,0,NONE,NONE,NONE,,,,,False,False,,NONE,NONE,NONE,,,,,False,False,,sub1
T00618,LONG,25391,25391,25394,25436,2025-08-22T08:25:03+00:00,3328.566714379378,3325.1989867199995,3331.9344420387565,3325.1989867199995,loss,-3.5277276593783427,-1.0475097799414643,0,NONE,NONE,NONE,,,,,False,False,,NONE,NONE,NONE,,,,,False,False,,sub1
T00619,LONG,25437,25437,25438,25440,2025-08-22T12:15:03+00:00,3328.661927269086,3324.90099864,3332.4228558981717,3324.90099864,loss,-3.9209286290856653,-1.0425426844749102,0,NONE,NONE,NONE,,,,,False,False,,NONE,NONE,NONE,,,,,False,False,,sub1
T00620,LONG,25447,25447,25448,25452,2025-08-22T13:05:03+00:00,3325.7862495164673,3321.24514488,3330.3273541529343,3330.3273541529343,win,4.381104636467171,0.9647662820374175,0,NONE,NONE,NONE,,,,,False,False,,NONE,NONE,NONE,,,,,False,False,,sub1
T00621,LONG,25554,25554,25555,25563,2025-08-24T23:05:03+00:00,3367.8611157161927,3365.71336608,3370.0088653523853,3370.0088653523853,win,1.9877496361928024,0.9255034212071904,0,NONE,NONE,NONE,,,,,False,False,,NONE,NONE,NONE,,,,,False,False,,sub1
T00622,LONG,25577,25577,25578,25584,2025-08-25T01:00:03+00:00,3365.342865664282,3363.07747152,3367.6082598085636,3363.07747152,loss,-2.425394144281654,-1.0706278862791796,0,NONE,NONE,NONE,,,,,False,False,,NONE,NONE,NONE,,,,,False,False,,sub1
T00623,SHORT,25710,25710,25711,25715,2025-08-25T12:05:03+00:00,3369.120986726173,3371.6488605600002,3366.593112892346,3366.593112892346,win,2.3678738338271614,0.9367057018990437,0,NONE,NONE,NONE,,,,,False,False,,NONE,NONE,NONE,,,,,False,False,,sub1
T00624,SHORT,25751,25751,25754,25780,2025-08-25T15:30:03+00:00,3373.8069711390067,3376.4410522400003,3371.172890038013,3371.172890038013,win,2.4740811009937715,0.9392577548430459,0,NONE,NONE,NONE,,,,,False,False,,NONE,NONE,NONE,,,,,False,False,,sub1
T00625,SHORT,25818,25818,25819,25824,2025-08-25T22:05:03+00:00,3365.6431493611644,3367.2666852800003,3364.0196134423286,3364.0196134423286,win,1.463535918835987,0.9014496703500205,0,NONE,NONE,NONE,,,,,False,False,,NONE,NONE,NONE,,,,,False,False,,sub1
T00626,LONG,25826,25826,25827,25829,2025-08-25T22:45:03+00:00,3364.8515044673118,3363.5554524,3366.1475565346236,3363.5554524,loss,-1.4560520673117026,-1.1234518303973016,0,NONE,NONE,NONE,,,,,False,False,,NONE,NONE,NONE,,,,,False,False,,sub1
T00627,LONG,25841,25841,25842,25843,2025-08-26T00:00:03+00:00,3356.4419042151894,3351.1039504799996,3361.779857950379,3361.779857950379,win,5.177953735189931,0.9700259672643705,0,NONE,NONE,NONE,,,,,False,False,,NONE,NONE,NONE,,,,,False,False,,sub1
T00628,SHORT,25854,25854,25855,26032,2025-08-26T01:05:03+00:00,3376.926665192662,3386.62445956,3367.2288708253236,3386.62445956,loss,-9.857794367338101,-1.016498596891137,0,NONE,NONE,NONE,,,,,False,False,,NONE,NONE,NONE,,,,,False,False,,sub1
T00629,SHORT,26036,26036,26037,26078,2025-08-26T16:15:03+00:00,3384.021006850744,3389.59257828,3378.449435421488,3389.59257828,loss,-5.731571429255837,-1.0287172123756152,0,NONE,NONE,NONE,,,,,False,False,,NONE,NONE,NONE,,,,,False,False,,sub1
T00630,SHORT,26093,26093,26094,26095,2025-08-26T22:00:03+00:00,3391.021885661618,3392.37668964,3389.6670816832357,3389.6670816832357,win,1.1948039783824242,0.8819017344554121,0,NONE,NONE,NONE,,,,,False,False,,NONE,NONE,NONE,,,,,False,False,,sub1
T00631,LONG,26099,26099,26101,26109,2025-08-26T22:30:03+00:00,3390.496496013946,3388.5844512,3392.408540827892,3392.408540827892,win,1.7520448139462133,0.9163199529462663,0,BEARISH,NONE,OPPOSED,26092.0,26097.0,26079.0,2.0,False,True,bearish|26092|26079|26097,BEARISH,NONE,OPPOSED,26092.0,26097.0,26079.0,2.0,False,True,bearish|26092|26079|26097,sub1
T00632,SHORT,26112,26112,26114,26120,2025-08-26T23:35:03+00:00,3391.229474063199,3393.07271748,3389.3862306463984,3393.07271748,loss,-2.003243416800615,-1.0868035108881928,1,NONE,NONE,NONE,,,,,False,False,,NONE,NONE,NONE,,,,,False,False,,sub1
T00633,SHORT,26122,26122,26123,26124,2025-08-27T00:25:03+00:00,3391.634417799172,3393.68974216,3389.5790934383435,3389.5790934383435,win,1.8953243608284538,0.9221534065137176,0,NONE,NONE,NONE,,,,,False,False,,NONE,NONE,NONE,,,,,False,False,,sub1
T00634,LONG,26139,26139,26140,26148,2025-08-27T01:50:03+00:00,3386.5896211005647,3383.2366651199995,3389.94257708113,3383.2366651199995,loss,-3.5129559805650388,-1.0477190875535696,0,NONE,NONE,NONE,,,,,False,False,,NONE,NONE,NONE,,,,,False,False,,sub1
T00635,LONG,26181,26181,26182,26187,2025-08-27T05:20:03+00:00,3376.2710919488395,3373.7040464399997,3378.8381374576793,3378.8381374576793,win,2.4070455088399285,0.9376715373962462,0,NONE,NONE,NONE,,,,,False,False,,NONE,NONE,NONE,,,,,False,False,,sub1
T00636,LONG,26258,26258,26261,26265,2025-08-27T11:45:03+00:00,3375.9201170488986,3373.5630520799996,3378.2771820177977,3378.2771820177977,win,2.1970649688992125,0.932118969094608,0,NONE,NONE,NONE,,,,,False,False,,NONE,NONE,NONE,,,,,False,False,,sub1
T00637,SHORT,26279,26279,26280,26281,2025-08-27T13:30:03+00:00,3381.3855366055204,3384.93239188,3377.838681331041,3377.838681331041,win,3.3868552744797853,0.9548896169654602,0,BEARISH,NONE,ALIGNED,26274.0,26279.0,26267.0,0.0,False,True,bearish|26274|26267|26279,BEARISH,NONE,ALIGNED,26274.0,26279.0,26267.0,0.0,False,True,bearish|26274|26267|26279,sub1
T00638,SHORT,26306,26306,26307,26313,2025-08-27T15:45:03+00:00,3387.0039180533454,3390.5556168000003,3383.4522193066905,3390.5556168000003,loss,-3.711698746654747,-1.045048865743624,0,NONE,NONE,NONE,,,,,False,False,,NONE,NONE,NONE,,,,,False,False,,sub1
T00639,SHORT,26331,26331,26332,26382,2025-08-27T17:50:03+00:00,3395.559044915922,3398.95895292,3392.1591369118446,3398.95895292,loss,-3.5599080040774425,-1.0470600968637866,0,NONE,NONE,NONE,,,,,False,False,,NONE,NONE,NONE,,,,,False,False,,sub1
T00640,LONG,26397,26397,26398,26403,2025-08-28T00:20:03+00:00,3396.4988074468356,3394.44521676,3398.552398133671,3394.44521676,loss,-2.213590686835232,-1.0779123128214112,0,NONE,NONE,NONE,,,,,False,False,,NONE,NONE,NONE,,,,,False,False,,sub1
T00641,LONG,26424,26424,26425,26426,2025-08-28T02:35:03+00:00,3386.979633797466,3384.50161452,3389.4576530749314,3389.4576530749314,win,2.318019277465737,0.9354323021395154,0,NONE,NONE,NONE,,,,,False,False,,NONE,NONE,NONE,,,,,False,False,,sub1
T00642,LONG,26443,26443,26444,26473,2025-08-28T04:10:03+00:00,3389.8942399998136,3384.50161452,3395.286865479627,3395.286865479627,win,5.232625479813578,0.9703298512758224,0,NONE,NONE,NONE,,,,,False,False,,NONE,NONE,NONE,,,,,False,False,,sub1
T00643,SHORT,26506,26506,26508,26513,2025-08-28T09:25:03+00:00,3399.598538061662,3401.7350639600004,3397.462012163324,3397.462012163324,win,1.9765258983384228,0.9251120708977609,0,NONE,NONE,NONE,,,,,False,False,,NONE,NONE,NONE,,,,,False,False,,sub1
T00644,SHORT,26602,26602,26603,26607,2025-08-28T17:25:03+00:00,3415.1626086170318,3417.9067108,3412.4185064340636,3417.9067108,loss,-2.9041021829680176,-1.0583068666294309,0,NONE,NONE,NONE,,,,,False,False,,NONE,NONE,NONE,,,,,False,False,,sub1
T00645,SHORT,26618,26618,26619,26619,2025-08-28T18:45:03+00:00,3417.9410204322103,3419.23076376,3416.6512771044204,3419.23076376,loss,-1.4497433277897471,-1.1240556912002257,0,BEARISH,NONE,ALIGNED,26607.0,26612.0,26591.0,6.0,False,True,bearish|26607|26591|26612,BEARISH,NONE,ALIGNED,26607.0,26612.0,26591.0,6.0,False,True,bearish|26607|26591|26612,sub1
T00646,SHORT,26623,26623,26624,26631,2025-08-28T19:10:03+00:00,3418.7428424926616,3420.49781444,3416.987870545323,3420.49781444,loss,-1.914971947338472,-1.0911695484605846,0,NONE,NONE,NONE,,,,,False,False,,NONE,NONE,NONE,,,,,False,False,,sub1
T00647,SHORT,26633,26633,26634,26647,2025-08-28T20:00:03+00:00,3419.8313150956615,3423.3489284800003,3416.3137017113227,3416.3137017113227,win,3.357613384338947,0.9545146147350331,0,BEARISH,NONE,ALIGNED,26619.0,26624.0,26607.0,9.0,False,True,bearish|26619|26607|26624,BEARISH,NONE,ALIGNED,26619.0,26624.0,26607.0,9.0,False,True,bearish|26619|26607|26624,sub1
T00648,LONG,26649,26649,26650,26651,2025-08-28T22:20:03+00:00,3417.40407380349,3415.97135568,3418.83679192698,3415.97135568,loss,-1.5927181234897034,-1.1116758400529776,0,NONE,NONE,NONE,,,,,False,False,,NONE,NONE,NONE,,,,,False,False,,sub1
T00649,LONG,26656,26656,26657,26663,2025-08-28T22:55:03+00:00,3416.7837805399486,3415.38637908,3418.181181999897,3415.38637908,loss,-1.5574014599483235,-1.1144982344628112,0,NONE,NONE,NONE,,,,,False,False,,NONE,NONE,NONE,,,,,False,False,,sub1
T00650,LONG,26669,26669,26670,26670,2025-08-29T00:00:03+00:00,3415.7950565254323,3414.4634159999996,3417.126697050865,3417.126697050865,win,1.1716405254328492,0.8798474536152585,0,NONE,NONE,NONE,,,,,False,False,,NONE,NONE,NONE,,,,,False,False,,sub1
T00651,LONG,26796,26796,26797,26799,2025-08-29T10:35:03+00:00,3407.2780574095787,3405.2637839999998,3409.2923308191575,3405.2637839999998,loss,-2.1742734095787455,-1.0794331093480027,0,NONE,NONE,NONE,,,,,False,False,,NONE,NONE,NONE,,,,,False,False,,sub1
T00652,LONG,26804,26804,26805,26807,2025-08-29T11:15:03+00:00,3406.1927771231517,3404.17282764,3408.2127266063035,3408.2127266063035,win,1.8599494831519223,0.920790098299784,0,NONE,NONE,NONE,,,,,False,False,,NONE,NONE,NONE,,,,,False,False,,sub1
T00653,SHORT,26815,26815,26816,26819,2025-08-29T12:10:03+00:00,3408.779032109219,3411.45045256,3406.1076116584377,3411.45045256,loss,-2.8314204507810246,-1.0598932301925994,0,NONE,NONE,NONE,,,,,False,False,,NONE,NONE,NONE,,,,,False,False,,sub1
T00654,SHORT,26863,26863,26864,26872,2025-08-29T16:10:03+00:00,3444.5514435044734,3448.56693716,3440.5359498489465,3448.56693716,loss,-4.1754936555266795,-1.0398456612625038,0,BEARISH,NONE,ALIGNED,26857.0,26862.0,26839.0,1.0,False,True,bearish|26857|26839|26862,BEARISH,NONE,ALIGNED,26857.0,26862.0,26839.0,1.0,False,True,bearish|26857|26839|26862,sub1
T00655,SHORT,26909,26909,26910,26957,2025-08-29T20:00:03+00:00,3447.8606274303165,3454.0621569600003,3441.659097900633,3441.659097900633,win,6.041529529683885,0.9741999132255984,3,NONE,NONE,NONE,,,,,False,False,,NONE,NONE,NONE,,,,,False,False,,sub1
T00656,LONG,26962,26962,26963,26964,2025-09-01T01:30:03+00:00,3441.522219410817,3436.9205176799996,3446.123921141634,3446.123921141634,win,4.441701730817385,0.9652302540757157,0,NONE,NONE,NONE,,,,,False,False,,NONE,NONE,NONE,,,,,False,False,,sub1
T00657,SHORT,26985,26985,26986,27020,2025-09-01T03:25:03+00:00,3471.9152286437743,3486.24644428,3457.5840130075485,3486.24644428,loss,-14.491215636225661,-1.0111644402025055,0,BEARISH,NONE,ALIGNED,26979.0,26984.0,26969.0,1.0,False,True,bearish|26979|26969|26984,BEARISH,NONE,ALIGNED,26979.0,26984.0,26969.0,1.0,False,True,bearish|26979|26969|26984,sub1
T00658,SHORT,27084,27084,27085,27085,2025-09-01T11:40:03+00:00,3471.0172754118084,3473.58993804,3468.444612783617,3468.444612783617,win,2.4126626281918107,0.9378076245806396,0,NONE,NONE,NONE,,,,,False,False,,NONE,NONE,NONE,,,,,False,False,,sub1
T00659,LONG,27088,27088,27089,27089,2025-09-01T12:00:03+00:00,3470.518457382595,3467.4862949999997,3473.5506197651903,3467.4862949999997,loss,-3.192162382595143,-1.0527676225119933,0,NONE,NONE,NONE,,,,,False,False,,NONE,NONE,NONE,,,,,False,False,,sub1
T00660,LONG,27093,27093,27094,27101,2025-09-01T12:25:03+00:00,3469.688277516474,3466.97331552,3472.403239512948,3472.403239512948,win,2.5549619964740486,0.9410673150461565,0,NONE,NONE,NONE,,,,,False,False,,NONE,NONE,NONE,,,,,False,False,,sub1
T00661,SHORT,27111,27111,27112,27115,2025-09-01T13:55:03+00:00,3475.776621256825,3479.22316336,3472.33007915365,3479.22316336,loss,-3.6065421031748883,-1.046423341195356,0,NONE,NONE,NONE,,,,,False,False,,NONE,NONE,NONE,,,,,False,False,,sub1
T00662,SHORT,27118,27118,27119,27136,2025-09-01T14:30:03+00:00,3477.064723431567,3481.43725192,3472.692194943134,3472.692194943134,win,4.212528488433236,0.9634078999317873,0,NONE,NONE,NONE,,,,,False,False,,NONE,NONE,NONE,,,,,False,False,,sub1
T00663,LONG,27164,27164,27165,27169,2025-09-01T22:05:03+00:00,3477.1645376478323,3475.2209856,3479.1080896956646,3479.1080896956646,win,1.7835520478324725,0.9176765036067314,0,NONE,NONE,NONE,,,,,False,False,,NONE,NONE,NONE,,,,,False,False,,sub1
T00664,SHORT,27171,27171,27172,27175,2025-09-01T22:40:03+00:00,3477.7930018333213,3480.54021604,3475.045787626643,3475.045787626643,win,2.587214206678709,0.941759182953084,0,NONE,NONE,NONE,,,,,False,False,,NONE,NONE,NONE,,,,,False,False,,sub1
T00665,LONG,27175,27175,27176,27179,2025-09-01T23:00:03+00:00,3477.135822689739,3474.38801892,3479.8836264594784,3479.8836264594784,win,2.5878037697393665,0.9417716789816329,0,NONE,NONE,NONE,,,,,False,False,,NONE,NONE,NONE,,,,,False,False,,sub1
T00666,SHORT,27195,27195,27199,27199,2025-09-02T00:40:03+00:00,3481.2670428952333,3485.2594048,3477.2746809904665,3477.2746809904665,win,3.8323619047669126,0.9599234729174179,0,NONE,NONE,NONE,,,,,False,False,,NONE,NONE,NONE,,,,,False,False,,sub1
T00667,SHORT,27213,27213,27214,27275,2025-09-02T02:10:03+00:00,3494.517862035025,3508.8533485200005,3480.182375550049,3480.182375550049,win,14.175486484975863,0.9888388859235756,0,NONE,NONE,NONE,,,,,False,False,,NONE,NONE,NONE,,,,,False,False,,sub1
T00668,LONG,27290,27290,27293,27319,2025-09-02T08:35:03+00:00,3478.0899875237196,3470.0791912799996,3486.1007837674397,3486.1007837674397,win,7.850796243720197,0.9800269542337587,0,NONE,NONE,NONE,,,,,False,False,,NONE,NONE,NONE,,,,,False,False,,sub1
T00669,SHORT,27334,27334,27335,27338,2025-09-02T12:15:03+00:00,3486.866902998636,3494.21176288,3479.5220431172716,3479.5220431172716,win,7.184859881364446,0.9782160582251795,0,NONE,NONE,NONE,,,,,False,False,,NONE,NONE,NONE,,,,,False,False,,sub1
T00670,LONG,27341,27341,27342,27352,2025-09-02T12:50:03+00:00,3482.3004820321544,3474.0510323999997,3490.549931664309,3490.549931664309,win,8.08944963215481,0.9806047667257453,0,NONE,NONE,NONE,,,,,False,False,,NONE,NONE,NONE,,,,,False,False,,sub1
T00671,SHORT,27391,27391,27392,27397,2025-09-02T17:00:03+00:00,3524.5667567103446,3528.89315008,3520.2403633406893,3528.89315008,loss,-4.486393369655161,-1.0369823051972276,0,NONE,NONE,NONE,,,,,False,False,,NONE,NONE,NONE,,,,,False,False,,sub1
T00672,SHORT,27398,27398,27399,27408,2025-09-02T17:35:03+00:00,3526.0724915976875,3530.5212152000004,3521.6237679953747,3530.5212152000004,loss,-4.608723602312693,-1.0359653721612807,0,NONE,NONE,NONE,,,,,False,False,,NONE,NONE,NONE,,,,,False,False,,sub1
T00673,SHORT,27425,27425,27426,27446,2025-09-02T19:50:03+00:00,3535.6421548294043,3540.26360488,3531.0207047788085,3531.0207047788085,win,4.461450050595886,0.9653788316982396,0,NONE,NONE,NONE,,,,,False,False,,NONE,NONE,NONE,,,,,False,False,,sub1
T00674,LONG,27460,27460,27461,27461,2025-09-02T23:45:03+00:00,3528.7560078570577,3526.15194828,3531.3600674341155,3531.3600674341155,win,2.444059577057942,0.9385574733352948,0,NONE,NONE,NONE,,,,,False,False,,NONE,NONE,NONE,,,,,False,False,,sub1
T00675,SHORT,27463,27463,27464,27467,2025-09-03T00:00:03+00:00,3529.2883798169064,3535.17440132,3523.402358313813,3535.17440132,loss,-6.0460215030934705,-1.0271830471424137,0,NONE,NONE,NONE,,,,,False,False,,NONE,NONE,NONE,,,,,False,False,,sub1
T00676,SHORT,27474,27474,27475,27534,2025-09-03T00:55:03+00:00,3537.192795693213,3547.091878,3527.293713386426,3527.293713386426,win,9.739082306787168,0.9838368855777515,0,NONE,NONE,NONE,,,,,False,False,,NONE,NONE,NONE,,,,,False,False,,sub1
T00677,LONG,27612,27612,27613,27618,2025-09-03T12:25:03+00:00,3545.795165499383,3541.2133458,3550.3769851987663,3550.3769851987663,win,4.421819699383377,0.9650793766456169,0,NONE,NONE,NONE,,,,,False,False,,NONE,NONE,NONE,,,,,False,False,,sub1
T00678,SHORT,27626,27626,27627,27635,2025-09-03T13:35:03+00:00,3553.9686603485,3561.51945508,3546.417865617,3561.51945508,loss,-7.7107947314998455,-1.021189822487476,0,NONE,NONE,NONE,,,,,False,False,,NONE,NONE,NONE,,,,,False,False,,sub1
T00679,SHORT,27641,27641,27642,27649,2025-09-03T14:50:03+00:00,3558.5929540862094,3565.71462288,3551.4712852924185,3565.71462288,loss,-7.281668793790686,-1.0224666443543897,0,BEARISH,NONE,ALIGNED,27635.0,27640.0,27624.0,1.0,False,True,bearish|27635|27624|27640,BEARISH,NONE,ALIGNED,27635.0,27640.0,27624.0,1.0,False,True,bearish|27635|27624|27640,sub1
T00680,LONG,27738,27738,27739,27740,2025-09-03T23:55:03+00:00,3558.9746019387176,3554.2428246,3563.706379277435,3554.2428246,loss,-4.891777338717475,-1.0338139325979394,0,NONE,NONE,NONE,,,,,False,False,,NONE,NONE,NONE,,,,,False,False,,sub1
T00681,LONG,27743,27743,27746,27756,2025-09-04T00:20:03+00:00,3557.9507322271966,3551.9029182,3563.998546254393,3551.9029182,loss,-6.207814027196491,-1.026455839958098,0,NONE,NONE,NONE,,,,,False,False,,NONE,NONE,NONE,,,,,False,False,,sub1
T00682,LONG,27787,27787,27791,27881,2025-09-04T04:00:03+00:00,3530.0255763097593,3511.03155312,3549.019599499519,3549.019599499519,win,18.83402318975959,0.9915762975331041,0,NONE,NONE,NONE,,,,,False,False,,NONE,NONE,NONE,,,,,False,False,,sub1
T00683,SHORT,27889,27889,27890,27900,2025-09-04T12:30:03+00:00,3545.5254826560977,3553.94615216,3537.104813152195,3553.94615216,loss,-8.5806695039023,-1.0190008644711332,0,NONE,NONE,NONE,,,,,False,False,,NONE,NONE,NONE,,,,,False,False,,sub1
T00684,LONG,27914,27914,27916,27928,2025-09-04T14:35:03+00:00,3543.1856972089136,3534.91759764,3551.453796777827,3551.453796777827,win,8.10809956891353,0.9806485155789093,0,NONE,NONE,NONE,,,,,False,False,,NONE,NONE,NONE,,,,,False,False,,sub1
T00685,LONG,28006,28006,28007,28009,2025-09-04T23:15:03+00:00,3542.314565136576,3539.76740364,3544.8617266331526,3544.8617266331526,win,2.387161496576482,0.937184980137729,0,NONE,NONE,NONE,,,,,False,False,,NONE,NONE,NONE,,,,,False,False,,sub1
T00686,SHORT,28025,28025,28026,28045,2025-09-05T00:50:03+00:00,3551.495609724427,3556.6472602000003,3546.343959248854,3546.343959248854,win,4.991650475573351,0.9689419923268277,0,NONE,NONE,NONE,,,,,False,False,,NONE,NONE,NONE,,,,,False,False,,sub1
T00687,SHORT,28069,28069,28070,28071,2025-09-05T04:30:03+00:00,3557.117155886697,3559.2163629600004,3555.017948813394,3559.2163629600004,loss,-2.2592070733030596,-1.0762192553724996,0,NONE,NONE,NONE,,,,,False,False,,NONE,NONE,NONE,,,,,False,False,,sub1
T00688,SHORT,28077,28077,28078,28088,2025-09-05T05:10:03+00:00,3558.072637600121,3561.2924460000004,3554.852829200242,3554.852829200242,win,3.05980839987933,0.9503076021523957,0,NONE,NONE,NONE,,,,,False,False,,NONE,NONE,NONE,,,,,False,False,,sub1
T00689,LONG,28154,28154,28155,28157,2025-09-05T11:35:03+00:00,3550.90232558822,3548.41705764,3553.3875935364395,3548.41705764,loss,-2.645267948219498,-1.0643793761209823,0,BEARISH,NONE,OPPOSED,28147.0,28152.0,28133.0,2.0,False,True,bearish|28147|28133|28152,BEARISH,NONE,OPPOSED,28147.0,28152.0,28133.0,2.0,False,True,bearish|28147|28133|28152,sub1
T00690,LONG,28158,28158,28159,28160,2025-09-05T11:55:03+00:00,3551.083425333046,3547.7530841999996,3554.413766466092,3554.413766466092,win,3.1703411330463496,0.9519568736030638,0,BEARISH,NONE,OPPOSED,28147.0,28152.0,28133.0,6.0,False,True,bearish|28147|28133|28152,BEARISH,NONE,OPPOSED,28147.0,28152.0,28133.0,6.0,False,True,bearish|28147|28133|28152,sub1
T00691,SHORT,28214,28214,28216,28220,2025-09-05T16:35:03+00:00,3595.624795458926,3600.29200592,3590.9575849978523,3590.9575849978523,win,4.50721046107401,0.9657182804730343,0,NONE,NONE,NONE,,,,,False,False,,NONE,NONE,NONE,,,,,False,False,,sub1
T00692,SHORT,28273,28273,28274,28302,2025-09-07T22:35:03+00:00,3591.55193730285,3596.85986864,3586.2440059657,3596.85986864,loss,-5.467931337149821,-1.0301435700345296,1,NONE,NONE,NONE,,,,,False,False,,NONE,NONE,NONE,,,,,False,False,,sub1
T00693,SHORT,28303,28303,28313,28332,2025-09-08T01:05:03+00:00,3590.7505627261044,3597.3038864,3584.1972390522087,3584.1972390522087,win,6.393323673895793,0.9755849080616612,0,NONE,NONE,NONE,,,,,False,False,,BULLISH,NONE,OPPOSED,28296.0,28301.0,28290.0,2.0,True,False,bullish|28296|28290|28301,sub1
T00694,LONG,28350,28350,28351,28357,2025-09-08T05:00:03+00:00,3582.7404515737444,3579.4768151999997,3586.004087947489,3586.004087947489,win,3.1036363737448482,0.9509749305140051,0,NONE,NONE,NONE,,,,,False,False,,NONE,NONE,NONE,,,,,False,False,,sub1
T00695,SHORT,28396,28396,28397,28412,2025-09-08T08:50:03+00:00,3611.329355786952,3617.4896938,3605.1690177739038,3617.4896938,loss,-6.320338013048058,-1.025972600799008,0,BEARISH,NONE,ALIGNED,28390.0,28395.0,28381.0,1.0,False,True,bearish|28390|28381|28395,BEARISH,NONE,ALIGNED,28390.0,28395.0,28381.0,1.0,False,True,bearish|28390|28381|28395,sub1
T00696,SHORT,28419,28419,28421,28444,2025-09-08T10:45:03+00:00,3616.6537083014523,3622.6649008,3610.6425158029047,3622.6649008,loss,-6.171192498547498,-1.0266170148499674,0,NONE,NONE,NONE,,,,,False,False,,NONE,NONE,NONE,,,,,False,False,,sub1
T00697,SHORT,28453,28453,28454,28455,2025-09-08T13:35:03+00:00,3624.2744643006436,3632.27428516,3616.274643441287,3632.27428516,loss,-8.159820859356387,-1.0200004478616194,0,NONE,NONE,NONE,,,,,False,False,,NONE,NONE,NONE,,,,,False,False,,sub1
T00698,SHORT,28462,28462,28463,28467,2025-09-08T14:20:03+00:00,3631.4502903756525,3637.81650684,3625.084073911305,3637.81650684,loss,-6.5262164643472715,-1.0251326672437073,0,NONE,NONE,NONE,,,,,False,False,,NONE,NONE,NONE,,,,,False,False,,sub1
T00699,SHORT,28475,28475,28479,28507,2025-09-08T15:25:03+00:00,3639.2788808664245,3646.46185264,3632.095909092849,3632.095909092849,win,7.022971773575591,0.9777250969315432,0,NONE,NONE,NONE,,,,,False,False,,NONE,NONE,NONE,,,,,False,False,,sub1
T00700,LONG,28559,28559,28560,28564,2025-09-08T23:25:03+00:00,3631.0114956506904,3628.05587196,3633.967119341381,3633.967119341381,win,2.795623690690718,0.9458659096204257,0,NONE,NONE,NONE,,,,,False,False,,NONE,NONE,NONE,,,,,False,False,,sub1
T00701,SHORT,28579,28579,28580,28581,2025-09-09T01:05:03+00:00,3637.8116920343246,3642.0366756400003,3633.5867084286488,3642.0366756400003,loss,-4.384983605675643,-1.0378699694325233,0,NONE,NONE,NONE,,,,,False,False,,NONE,NONE,NONE,,,,,False,False,,sub1
T00702,SHORT,28600,28600,28602,28604,2025-09-09T02:50:03+00:00,3650.0783484238023,3654.7431838800003,3645.413512967604,3645.413512967604,win,4.50483545619818,0.9657008266417485,0,NONE,NONE,NONE,,,,,False,False,,NONE,NONE,NONE,,,,,False,False,,sub1
T00703,SHORT,28629,28629,28630,28633,2025-09-09T05:15:03+00:00,3653.598380259099,3657.2962860000002,3649.900474518198,3657.2962860000002,loss,-3.85790574090106,-1.043267733471449,0,NONE,NONE,NONE,,,,,False,False,,NONE,NONE,NONE,,,,,False,False,,sub1
T00704,SHORT,28637,28637,28638,28638,2025-09-09T05:55:03+00:00,3655.856518709786,3659.44537196,3652.267665459572,3652.267665459572,win,3.4288532502141607,0.9554175139397764,0,BEARISH,NONE,ALIGNED,28627.0,28632.0,28591.0,5.0,False,True,bearish|28627|28591|28632,BEARISH,NONE,ALIGNED,28627.0,28632.0,28591.0,5.0,False,True,bearish|28627|28591|28632,sub1
T00705,LONG,28703,28703,28704,28704,2025-09-09T11:25:03+00:00,3652.3635151079684,3651.2689434,3653.458086815937,3653.458086815937,win,0.9345717079686438,0.8538241041358441,0,NONE,NONE,NONE,,,,,False,False,,NONE,NONE,NONE,,,,,False,False,,sub1
T00706,SHORT,28704,28704,28705,28707,2025-09-09T11:30:03+00:00,3652.3409743221273,3654.35516836,3650.3267802842547,3650.3267802842547,win,1.8541940378727304,0.92056376049606,0,NONE,NONE,NONE,,,,,False,False,,NONE,NONE,NONE,,,,,False,False,,sub1
T00707,LONG,28711,28711,28713,28717,2025-09-09T12:05:03+00:00,3651.6074437064053,3646.7091258,3656.5057616128106,3646.7091258,loss,-5.0583179064051365,-1.0326642743605168,0,NONE,NONE,NONE,,,,,False,False,,NONE,NONE,NONE,,,,,False,False,,sub1
T00708,LONG,28722,28722,28723,28724,2025-09-09T13:00:03+00:00,3649.2510285371172,3643.6932464399997,3654.8088106342348,3654.8088106342348,win,5.39778209711767,0.9712115377674061,0,NONE,NONE,NONE,,,,,False,False,,NONE,NONE,NONE,,,,,False,False,,sub1
T00709,SHORT,28734,28734,28735,28735,2025-09-09T14:00:03+00:00,3660.5682068821316,3674.69098176,3646.4454320042632,3646.4454320042632,win,13.962774877868469,0.9886707816712005,0,NONE,NONE,NONE,,,,,False,False,,NONE,NONE,NONE,,,,,False,False,,sub1
T00710,LONG,28754,28754,28778,28815,2025-09-09T15:40:03+00:00,3641.4555183731045,3626.6999261999995,3656.2111105462095,3626.6999261999995,loss,-14.91559217310487,-1.0108433465849975,0,NONE,NONE,NONE,,,,,False,False,,NONE,NONE,NONE,,,,,False,False,,sub1
T00711,LONG,28819,28819,28820,28823,2025-09-09T22:05:03+00:00,3629.4860789997633,3624.9449964,3634.0271615995266,3624.9449964,loss,-4.70108259976314,-1.0352338889427368,0,NONE,NONE,NONE,,,,,False,False,,NONE,NONE,NONE,,,,,False,False,,sub1
T00712,LONG,28825,28825,28826,28828,2025-09-09T22:35:03+00:00,3627.7084938892135,3622.9750751999995,3632.4419125784275,3632.4419125784275,win,4.573418689214122,0.9661977926515468,0,BULLISH,NONE,ALIGNED,28817.0,28822.0,28803.0,3.0,True,False,bullish|28817|28803|28822,BULLISH,NONE,ALIGNED,28817.0,28822.0,28803.0,3.0,True,False,bullish|28817|28803|28822,sub1
T00713,LONG,28856,28856,28857,28859,2025-09-10T01:10:03+00:00,3626.627458150728,3621.27714312,3631.9777731814565,3621.27714312,loss,-5.510315030728179,-1.0299047811354902,0,NONE,NONE,NONE,,,,,False,False,,NONE,NONE,NONE,,,,,False,False,,sub1
T00714,SHORT,28908,28908,28912,28916,2025-09-10T05:30:03+00:00,3642.636324912944,3645.53181544,3639.740834385888,3645.53181544,loss,-3.0554905270560084,-1.0552583399962032,0,NONE,NONE,NONE,,,,,False,False,,NONE,NONE,NONE,,,,,False,False,,sub1
T00715,SHORT,28919,28919,28920,28927,2025-09-10T06:25:03+00:00,3643.9916546918553,3647.7309034,3640.2524059837106,3647.7309034,loss,-3.899248708144569,-1.0427893441940215,0,NONE,NONE,NONE,,,,,False,False,,NONE,NONE,NONE,,,,,False,False,,sub1
T00716,SHORT,28931,28931,28933,28935,2025-09-10T07:25:03+00:00,3645.0712949029694,3648.0019142400006,3642.140675565938,3648.0019142400006,loss,-3.0906193370310575,-1.0545959681552974,0,BEARISH,NONE,ALIGNED,28917.0,28922.0,28903.0,9.0,False,True,bearish|28917|28903|28922,BEARISH,NONE,ALIGNED,28917.0,28922.0,28903.0,9.0,False,True,bearish|28917|28903|28922,sub1
T00717,SHORT,28937,28937,28939,28957,2025-09-10T07:55:03+00:00,3645.0467807480263,3648.6129386800003,3641.4806228160523,3648.6129386800003,loss,-3.7261579319738303,-1.0448662126164698,0,BEARISH,NONE,ALIGNED,28928.0,28933.0,28917.0,4.0,False,True,bearish|28928|28917|28933,BEARISH,NONE,ALIGNED,28928.0,28933.0,28917.0,4.0,False,True,bearish|28928|28917|28933,sub1
T00718,SHORT,28974,28974,28975,28982,2025-09-10T11:00:03+00:00,3654.21202613075,3657.7233030800003,3650.7007491814998,3650.7007491814998,win,3.351276949250405,0.9544325320069047,0,BEARISH,NONE,ALIGNED,28969.0,28974.0,28960.0,0.0,False,True,bearish|28969|28960|28974,BEARISH,NONE,ALIGNED,28969.0,28974.0,28960.0,0.0,False,True,bearish|28969|28960|28974,sub1
T00719,LONG,28992,28992,28993,28993,2025-09-10T12:30:03+00:00,3650.3241840894652,3647.01711348,3653.6312546989307,3647.01711348,loss,-3.4670706094652814,-1.0483811865225696,0,NONE,NONE,NONE,,,,,False,False,,NONE,NONE,NONE,,,,,False,False,,sub1
T00720,SHORT,28993,28993,28994,28996,2025-09-10T12:35:03+00:00,3650.2984634603167,3657.56329668,3643.0336302406336,3643.0336302406336,win,7.104833219683314,0.9779760945418052,0,NONE,NONE,NONE,,,,,False,False,,NONE,NONE,NONE,,,,,False,False,,sub1
T00721,LONG,29004,29004,29007,29026,2025-09-10T13:30:03+00:00,3647.9216819016733,3640.2113857199997,3655.631978083347,3640.2113857199997,loss,-7.870296181673439,-1.0207514726062217,0,NONE,NONE,NONE,,,,,False,False,,BEARISH,NONE,OPPOSED,28992.0,28997.0,28969.0,7.0,False,True,bearish|28992|28969|28997,sub1
T00722,LONG,29029,29029,29030,29076,2025-09-10T15:35:03+00:00,3646.5024159091968,3638.29246248,3654.7123693383937,3638.29246248,loss,-8.369953429196812,-1.019488539293152,0,NONE,NONE,NONE,,,,,False,False,,NONE,NONE,NONE,,,,,False,False,,sub1
T00723,LONG,29080,29080,29081,29121,2025-09-10T19:50:03+00:00,3641.0069891046173,3634.9185974399998,3647.095380769235,3647.095380769235,win,5.379091664617721,0.8834996105585782,1,NONE,NONE,NONE,,,,,False,False,,NONE,NONE,NONE,,,,,False,False,,sub1
T00724,SHORT,29124,29124,29125,29132,2025-09-11T00:30:03+00:00,3644.6015861465835,3647.3108866000002,3641.8922856931667,3647.3108866000002,loss,-2.8693004534165993,-1.0590558347997454,0,NONE,NONE,NONE,,,,,False,False,,NONE,NONE,NONE,,,,,False,False,,sub1
T00725,LONG,29167,29167,29168,29184,2025-09-11T04:05:03+00:00,3633.4591500644633,3629.71380564,3637.2044944889267,3629.71380564,loss,-3.9053444244632374,-1.04271970261394,0,BULLISH,NONE,ALIGNED,29162.0,29167.0,29155.0,0.0,True,False,bullish|29162|29155|29167,BULLISH,NONE,ALIGNED,29162.0,29167.0,29155.0,0.0,True,False,bullish|29162|29155|29167,sub1
T00726,LONG,29185,29185,29186,29189,2025-09-11T05:35:03+00:00,3631.244788222868,3625.17898704,3637.310589405736,3625.17898704,loss,-6.225801182868054,-1.0263773894290744,0,BULLISH,NONE,ALIGNED,29175.0,29180.0,29162.0,5.0,True,False,bullish|29175|29162|29180,BULLISH,NONE,ALIGNED,29175.0,29180.0,29162.0,5.0,True,False,bullish|29175|29162|29180,sub1
T00727,LONG,29235,29235,29236,29268,2025-09-11T09:45:03+00:00,3621.386429711658,3613.99143456,3628.781424863316,3613.99143456,loss,-7.554995151657749,-1.0216362548884137,0,NONE,NONE,NONE,,,,,False,False,,NONE,NONE,NONE,,,,,False,False,,sub1
T00728,SHORT,29277,29277,29282,29412,2025-09-11T13:15:03+00:00,3629.9484229445534,3644.0527562800003,3615.8440896091065,3644.0527562800003,loss,-14.264333335446736,-1.0113440313834432,1,NONE,NONE,NONE,,,,,False,False,,NONE,NONE,NONE,,,,,False,False,,sub1
T00729,SHORT,29459,29459,29460,29460,2025-09-12T05:25:03+00:00,3654.6193570879987,3656.7662648,3652.4724493759973,3652.4724493759973,win,1.986907712001539,0.9254742068765037,0,NONE,NONE,NONE,,,,,False,False,,NONE,NONE,NONE,,,,,False,False,,sub1
T00730,SHORT,29723,29723,29727,29731,2025-09-15T04:30:03+00:00,3645.0476006286544,3647.03787568,3643.057325577309,3643.057325577309,win,1.8302750513457795,0.9196091013190977,0,NONE,NONE,NONE,,,,,False,False,,NONE,NONE,NONE,,,,,False,False,,sub1
T00731,SHORT,29840,29840,29841,29849,2025-09-15T14:15:03+00:00,3657.042041872012,3664.51757484,3649.5665089040235,3664.51757484,loss,-7.635532967988183,-1.0214031562277908,0,NONE,NONE,NONE,,,,,False,False,,NONE,NONE,NONE,,,,,False,False,,sub1
T00732,SHORT,29868,29868,29869,29956,2025-09-15T16:35:03+00:00,3678.653348919193,3685.77042492,3671.5362729183857,3685.77042492,loss,-7.277076000807028,-1.0224811425340559,1,NONE,NONE,NONE,,,,,False,False,,NONE,NONE,NONE,,,,,False,False,,sub1
T00733,SHORT,29957,29957,29970,29978,2025-09-16T01:00:03+00:00,3682.413252333981,3689.6015781600004,3675.2249265079613,3675.2249265079613,win,7.028325826019682,0.9777416878599599,0,BULLISH,NONE,OPPOSED,29943.0,29948.0,29922.0,9.0,True,False,bullish|29943|29922|29948,BULLISH,NONE,OPPOSED,29943.0,29948.0,29922.0,9.0,True,False,bullish|29943|29922|29948,sub1
T00734,SHORT,30069,30069,30070,30073,2025-09-16T10:20:03+00:00,3696.4843347103824,3699.0129546,3693.955714820765,3693.955714820765,win,2.3686198896175483,0.9367243765435763,0,BEARISH,NONE,ALIGNED,30064.0,30069.0,30057.0,0.0,False,True,bearish|30064|30057|30069,BEARISH,NONE,ALIGNED,30064.0,30069.0,30057.0,0.0,False,True,bearish|30064|30057|30069,sub1
T00735,SHORT,30091,30091,30092,30095,2025-09-16T12:10:03+00:00,3695.377813404998,3699.622979,3691.132647809996,3691.132647809996,win,4.085165595002309,0.9623100686135253,0,NONE,NONE,NONE,,,,,False,False,,NONE,NONE,NONE,,,,,False,False,,sub1
T00736,LONG,30134,30134,30135,30143,2025-09-16T15:45:03+00:00,3684.3945441034757,3678.7208452799996,3690.068242926952,3690.068242926952,win,5.513698823476261,0.9717997015742498,0,BULLISH,NONE,ALIGNED,30126.0,30131.0,30102.0,3.0,True,False,bullish|30126|30102|30131,BULLISH,NONE,ALIGNED,30126.0,30131.0,30102.0,3.0,True,False,bullish|30126|30102|30131,sub1
T00737,LONG,30200,30200,30201,30209,2025-09-16T22:15:03+00:00,3691.40356015585,3689.6624076,3693.1447127117,3693.1447127117,win,1.5811525558501671,0.9081068459726418,0,NONE,NONE,NONE,,,,,False,False,,NONE,NONE,NONE,,,,,False,False,,sub1
T00738,SHORT,30217,30217,30218,30220,2025-09-16T23:40:03+00:00,3693.603263792552,3695.12079892,3692.0857286651035,3695.12079892,loss,-1.677535127448209,-1.1054341326970698,0,BEARISH,NONE,ALIGNED,30210.0,30215.0,30190.0,2.0,False,True,bearish|30210|30190|30215,BEARISH,NONE,ALIGNED,30210.0,30215.0,30190.0,2.0,False,True,bearish|30210|30190|30215,sub1
T00739,SHORT,30221,30221,30222,30230,2025-09-17T00:00:03+00:00,3693.706676138327,3695.49981408,3691.9135381966544,3691.9135381966544,win,1.633137941672885,0.9107709472420189,0,BEARISH,NONE,ALIGNED,30210.0,30215.0,30190.0,6.0,False,True,bearish|30210|30190|30215,BEARISH,NONE,ALIGNED,30210.0,30215.0,30190.0,6.0,False,True,bearish|30210|30190|30215,sub1
T00740,LONG,30303,30303,30304,30308,2025-09-17T06:50:03+00:00,3675.702464173661,3670.2231851999995,3681.181743147323,3670.2231851999995,loss,-5.639278973661476,-1.0292009223784662,0,NONE,NONE,NONE,,,,,False,False,,NONE,NONE,NONE,,,,,False,False,,sub1
T00741,LONG,30344,30344,30345,30351,2025-09-17T10:15:03+00:00,3667.1107493353065,3660.4575758399997,3673.7639228306134,3660.4575758399997,loss,-6.813173495306728,-1.0240486739317287,0,NONE,NONE,NONE,,,,,False,False,,NONE,NONE,NONE,,,,,False,False,,sub1
T00742,SHORT,30363,30363,30365,30366,2025-09-17T11:50:03+00:00,3666.225263828858,3670.0247951200004,3662.4257325377152,3670.0247951200004,loss,-3.9595312911424116,-1.0421104572484625,0,NONE,NONE,NONE,,,,,False,False,,NONE,NONE,NONE,,,,,False,False,,sub1
T00743,SHORT,30387,30387,30388,30391,2025-09-17T13:50:03+00:00,3677.456315412268,3682.70130216,3672.211328664536,3682.70130216,loss,-5.404986747731982,-1.030505320164829,0,NONE,NONE,NONE,,,,,False,False,,NONE,NONE,NONE,,,,,False,False,,sub1
T00744,SHORT,30399,30399,30400,30403,2025-09-17T14:50:03+00:00,3682.738023693082,3686.3084464400004,3679.167600946164,3686.3084464400004,loss,-3.730422746918066,-1.0448126206169726,0,BEARISH,NONE,ALIGNED,30391.0,30396.0,30376.0,3.0,False,True,bearish|30391|30376|30396,BEARISH,NONE,ALIGNED,30391.0,30396.0,30376.0,3.0,False,True,bearish|30391|30376|30396,sub1
T00745,SHORT,30410,30410,30411,30417,2025-09-17T15:45:03+00:00,3684.696914221242,3687.347488,3682.046340442484,3687.347488,loss,-2.810573778757771,-1.0603642883975228,0,BEARISH,NONE,ALIGNED,30405.0,30410.0,30397.0,0.0,False,True,bearish|30405|30397|30410,BEARISH,NONE,ALIGNED,30405.0,30410.0,30397.0,0.0,False,True,bearish|30405|30397|30410,sub1
T00746,SHORT,30421,30421,30422,30424,2025-09-17T16:40:03+00:00,3686.3282358017873,3688.7025422,3683.9539294035744,3683.9539294035744,win,2.2143063982130116,0.9326118987337582,0,NONE,NONE,NONE,,,,,False,False,,NONE,NONE,NONE,,,,,False,False,,sub1
T00747,SHORT,30439,30439,30440,30444,2025-09-17T18:10:03+00:00,3688.782221648152,3707.6032982,3669.9611450963034,3669.9611450963034,win,18.66107655184851,0.9914988922361011,0,NONE,NONE,NONE,,,,,False,False,,NONE,NONE,NONE,,,,,False,False,,sub1
T00748,LONG,30454,30454,30455,30569,2025-09-17T19:25:03+00:00,3662.2536819949946,3645.92215728,3678.585206709989,3645.92215728,loss,-17.040824714994283,-1.0434313398398514,1,NONE,NONE,NONE,,,,,False,False,,NONE,NONE,NONE,,,,,False,False,,sub1
T00749,SHORT,30618,30618,30619,30620,2025-09-18T10:05:03+00:00,3669.530784376548,3673.16392068,3665.897648073096,3665.897648073096,win,3.4731363034520655,0.9559609145828536,0,NONE,NONE,NONE,,,,,False,False,,NONE,NONE,NONE,,,,,False,False,,sub1
T00750,LONG,30636,30636,30637,30645,2025-09-18T11:35:03+00:00,3667.458582072359,3664.28942256,3670.6277415847185,3670.6277415847185,win,3.0091595123594743,0.9495134279685594,0,NONE,NONE,NONE,,,,,False,False,,NONE,NONE,NONE,,,,,False,False,,sub1
T00751,SHORT,30647,30647,30648,30652,2025-09-18T12:30:03+00:00,3668.0867069118417,3672.5988980800003,3663.574515743683,3663.574515743683,win,4.352191168158697,0.9645405094693381,0,NONE,NONE,NONE,,,,,False,False,,NONE,NONE,NONE,,,,,False,False,,sub1
T00752,LONG,30672,30672,30673,30813,2025-09-18T14:35:03+00:00,3641.15868100657,3627.6268891199998,3654.6904728931404,3654.6904728931404,win,12.822491886570463,0.9475826996198632,1,NONE,NONE,NONE,,,,,False,False,,NONE,NONE,NONE,,,,,False,False,,sub1
T00753,SHORT,30835,30835,30836,30840,2025-09-19T05:10:03+00:00,3658.3660275970938,3661.3684488800004,3655.363606314187,3655.363606314187,win,2.8424212829067983,0.9467096769827857,0,NONE,NONE,NONE,,,,,False,False,,NONE,NONE,NONE,,,,,False,False,,sub1
T00754,LONG,30919,30919,30920,30927,2025-09-19T12:10:03+00:00,3650.2579377958878,3645.5301729599996,3654.985702631776,3645.5301729599996,loss,-4.887764835887992,-1.0338426308316575,0,NONE,NONE,NONE,,,,,False,False,,NONE,NONE,NONE,,,,,False,False,,sub1
T00755,SHORT,30944,30944,30945,30947,2025-09-19T14:15:03+00:00,3657.989026758283,3664.48957372,3651.4884797965665,3664.48957372,loss,-6.660546961716591,-1.0246133134553341,0,BULLISH,NONE,OPPOSED,30930.0,30935.0,30913.0,9.0,True,False,bullish|30930|30913|30935,BULLISH,NONE,OPPOSED,30930.0,30935.0,30913.0,9.0,True,False,bullish|30930|30913|30935,sub1
T00756,SHORT,30962,30962,30963,30986,2025-09-19T15:45:03+00:00,3668.9940558534017,3676.17904128,3661.8090704268034,3676.17904128,loss,-7.344985426598214,-1.0222686603382025,0,NONE,NONE,NONE,,,,,False,False,,NONE,NONE,NONE,,,,,False,False,,sub1
T00757,SHORT,31007,31007,31008,31011,2025-09-19T19:30:03+00:00,3682.571746564802,3684.59437788,3680.5491152496043,3684.59437788,loss,-2.1826313151977956,-1.0791048763052482,0,BEARISH,NONE,ALIGNED,31000.0,31005.0,30993.0,2.0,False,True,bearish|31000|30993|31005,BEARISH,NONE,ALIGNED,31000.0,31005.0,30993.0,2.0,False,True,bearish|31000|30993|31005,sub1
T00758,SHORT,31013,31013,31014,31016,2025-09-19T20:00:03+00:00,3683.275433936186,3685.3444078800003,3681.2064599923715,3681.2064599923715,win,1.9089739438145443,0.922666981632028,0,BEARISH,NONE,ALIGNED,31000.0,31005.0,30993.0,8.0,False,True,bearish|31000|30993|31005,BEARISH,NONE,ALIGNED,31000.0,31005.0,30993.0,8.0,False,True,bearish|31000|30993|31005,sub1
T00759,SHORT,31035,31035,31036,31060,2025-09-21T22:55:03+00:00,3688.4345397924712,3692.4696928800004,3684.399386704942,3692.4696928800004,loss,-4.195153087528979,-1.039651531560065,1,NONE,NONE,NONE,,,,,False,False,,NONE,NONE,NONE,,,,,False,False,,sub1
T00760,SHORT,31065,31065,31066,31093,2025-09-22T01:25:03+00:00,3691.0020492239364,3697.1178787999997,3684.886219647873,3697.1178787999997,loss,-6.275829576063188,-1.0261616184705467,0,BEARISH,NONE,ALIGNED,31050.0,31055.0,31040.0,10.0,False,True,bearish|31050|31040|31055,BEARISH,NONE,ALIGNED,31050.0,31055.0,31040.0,10.0,False,True,bearish|31050|31040|31055,sub1
T00761,SHORT,31097,31097,31109,31112,2025-09-22T04:05:03+00:00,3693.2917023286027,3697.67990128,3688.903503377205,3697.67990128,loss,-4.548198951397353,-1.0364614279735196,0,NONE,NONE,NONE,,,,,False,False,,NONE,NONE,NONE,,,,,False,False,,sub1
T00762,SHORT,31136,31136,31137,31151,2025-09-22T07:20:03+00:00,3710.5274277702706,3720.00579428,3701.0490612605413,3720.00579428,loss,-9.638366509729167,-1.016880545802446,0,NONE,NONE,NONE,,,,,False,False,,NONE,NONE,NONE,,,,,False,False,,sub1
T00763,SHORT,31163,31163,31164,31172,2025-09-22T09:35:03+00:00,3721.654648395928,3726.8520681200002,3716.4572286718553,3726.8520681200002,loss,-5.357419724072315,-1.0307845062539005,0,NONE,NONE,NONE,,,,,False,False,,NONE,NONE,NONE,,,,,False,False,,sub1
T00764,SHORT,31175,31175,31176,31177,2025-09-22T10:35:03+00:00,3723.875909860646,3727.42709112,3720.324728601292,3727.42709112,loss,-3.711181259353907,-1.0450554303806385,0,BEARISH,NONE,ALIGNED,31161.0,31166.0,31152.0,9.0,False,True,bearish|31161|31152|31166,BEARISH,NONE,ALIGNED,31161.0,31166.0,31152.0,9.0,False,True,bearish|31161|31152|31166,sub1
T00765,SHORT,31185,31185,31186,31188,2025-09-22T11:25:03+00:00,3726.4531829823645,3728.40713032,3724.499235644729,3724.499235644729,win,1.7939473376354726,0.9181144768243923,0,BEARISH,NONE,ALIGNED,31178.0,31183.0,31172.0,2.0,False,True,bearish|31178|31172|31183,BEARISH,NONE,ALIGNED,31178.0,31183.0,31172.0,2.0,False,True,bearish|31178|31172|31183,sub1
T00766,LONG,31201,31201,31210,31226,2025-09-22T12:45:03+00:00,3718.9484554376595,3711.90551784,3725.991393035319,3725.991393035319,win,6.8829375976597476,0.9772822067807297,0,NONE,NONE,NONE,,,,,False,False,,NONE,NONE,NONE,,,,,False,False,,sub1
T00767,SHORT,31280,31280,31281,31281,2025-09-22T19:20:03+00:00,3746.7228938008584,3748.94295172,3744.5028358817167,3744.5028358817167,win,2.0600579191418547,0.9279298082179263,0,NONE,NONE,NONE,,,,,False,False,,NONE,NONE,NONE,,,,,False,False,,sub1
T00768,LONG,31301,31301,31302,31302,2025-09-22T22:05:03+00:00,3747.132079732074,3745.62216912,3748.6419903441483,3745.62216912,loss,-1.6699106120740907,-1.10596653783369,0,NONE,NONE,NONE,,,,,False,False,,NONE,NONE,NONE,,,,,False,False,,sub1
T00769,SHORT,31327,31327,31328,31331,2025-09-23T00:15:03+00:00,3746.5319798964083,3749.40397016,3743.6599896328166,3749.40397016,loss,-3.031990263591524,-1.0557104952715823,0,NONE,NONE,NONE,,,,,False,False,,NONE,NONE,NONE,,,,,False,False,,sub1
T00770,SHORT,31334,31334,31335,31337,2025-09-23T00:50:03+00:00,3747.6621782893108,3750.89902996,3744.4253266186215,3750.89902996,loss,-3.3968516706891023,-1.0494307482325207,0,NONE,NONE,NONE,,,,,False,False,,NONE,NONE,NONE,,,,,False,False,,sub1
T00771,SHORT,31341,31341,31342,31344,2025-09-23T01:25:03+00:00,3750.925858483385,3758.24232368,3743.6093932867702,3758.24232368,loss,-7.476465196614754,-1.0218684837144967,0,NONE,NONE,NONE,,,,,False,False,,NONE,NONE,NONE,,,,,False,False,,sub1
T00772,LONG,31364,31364,31365,31387,2025-09-23T03:20:03+00:00,3742.2723607240364,3736.57253112,3747.972190328073,3747.972190328073,win,5.53982960403664,0.9719289854057135,0,NONE,NONE,NONE,,,,,False,False,,NONE,NONE,NONE,,,,,False,False,,sub1
T00773,SHORT,31440,31440,31441,31496,2025-09-23T09:40:03+00:00,3779.661860327943,3791.23464332,3768.089077335886,3768.089077335886,win,11.412782992057146,0.9861744577678792,0,NONE,NONE,NONE,,,,,False,False,,NONE,NONE,NONE,,,,,False,False,,sub1
T00774,LONG,31505,31505,31518,31523,2025-09-23T15:05:03+00:00,3775.017700192016,3767.46629532,3782.569105064032,3767.46629532,loss,-7.711404872015919,-1.0211881103862914,0,NONE,NONE,NONE,,,,,False,False,,NONE,NONE,NONE,,,,,False,False,,sub1
T00775,LONG,31525,31525,31539,31551,2025-09-23T16:45:03+00:00,3776.015823062075,3764.8843985999997,3787.1472475241503,3764.8843985999997,loss,-11.291424462075156,-1.0143737219387305,0,NONE,NONE,NONE,,,,,False,False,,NONE,NONE,NONE,,,,,False,False,,sub1
T00776,LONG,31559,31559,31573,31630,2025-09-23T19:35:03+00:00,3763.206787325016,3751.70592576,3774.7076488900325,3751.70592576,loss,-13.308761565016148,-1.1571969186638318,1,NONE,NONE,NONE,,,,,False,False,,NONE,NONE,NONE,,,,,False,False,,sub1
T00777,LONG,31632,31632,31633,31639,2025-09-24T02:40:03+00:00,3754.9728085376796,3750.4469761200003,3759.498640955359,3759.498640955359,win,4.365832417679485,0.9646473874342223,0,NONE,NONE,NONE,,,,,False,False,,NONE,NONE,NONE,,,,,False,False,,sub1
T00778,SHORT,31674,31674,31675,31677,2025-09-24T06:10:03+00:00,3773.5061825252415,3777.1290791200004,3769.8832859304825,3769.8832859304825,win,3.4628965947590586,0.9558364430739427,0,NONE,NONE,NONE,,,,,False,False,,NONE,NONE,NONE,,,,,False,False,,sub1
T00779,SHORT,31696,31696,31697,31698,2025-09-24T08:00:03+00:00,3776.0441739283265,3779.40016996,3772.688177896653,3772.688177896653,win,3.1959960316735305,0.9523241390961734,0,BEARISH,NONE,ALIGNED,31691.0,31696.0,31667.0,0.0,False,True,bearish|31691|31667|31696,BEARISH,NONE,ALIGNED,31691.0,31696.0,31667.0,0.0,False,True,bearish|31691|31667|31696,sub1
T00780,SHORT,31746,31746,31747,31748,2025-09-24T12:10:03+00:00,3767.0041670572205,3771.1238389200003,3762.8844951944407,3771.1238389200003,loss,-4.279671862779651,-1.0388380447106516,0,NONE,NONE,NONE,,,,,False,False,,NONE,NONE,NONE,,,,,False,False,,sub1
T00781,SHORT,31748,31748,31749,31758,2025-09-24T12:20:03+00:00,3767.33452197588,3771.625859,3763.0431849517595,3771.625859,loss,-4.451337024120221,-1.0372844172108926,0,NONE,NONE,NONE,,,,,False,False,,NONE,NONE,NONE,,,,,False,False,,sub1
T00782,LONG,31784,31784,31785,31786,2025-09-24T15:20:03+00:00,3755.9313022646693,3749.2090256399997,3762.653578889339,3749.2090256399997,loss,-6.88227662466943,-1.0238014602690824,0,NONE,NONE,NONE,,,,,False,False,,NONE,NONE,NONE,,,,,False,False,,sub1
T00783,SHORT,31865,31865,31866,31876,2025-09-24T23:05:03+00:00,3740.173626808411,3745.46881276,3734.8784408568217,3745.46881276,loss,-5.455185951589101,-1.030216124884497,1,NONE,NONE,NONE,,,,,False,False,,NONE,NONE,NONE,,,,,False,False,,sub1
T00784,SHORT,31883,31883,31884,31890,2025-09-25T00:35:03+00:00,3746.856033363873,3751.6890615600005,3742.0230051677454,3742.0230051677454,win,4.673028196127689,0.9668944617107647,0,NONE,NONE,NONE,,,,,False,False,,NONE,NONE,NONE,,,,,False,False,,sub1
T00785,LONG,31906,31906,31911,31950,2025-09-25T02:30:03+00:00,3736.6794775872672,3729.27282312,3744.0861320545346,3744.0861320545346,win,7.24665446726749,0.9783978042033753,0,NONE,NONE,NONE,,,,,False,False,,NONE,NONE,NONE,,,,,False,False,,sub1
T00786,SHORT,31978,31978,31979,32009,2025-09-25T08:30:03+00:00,3754.3951546136045,3761.7514640400004,3747.0388451872086,3747.0388451872086,win,7.196309426396056,0.9782499633001105,0,NONE,NONE,NONE,,,,,False,False,,NONE,NONE,NONE,,,,,False,False,,sub1
T00787,LONG,32014,32014,32015,32026,2025-09-25T11:30:03+00:00,3751.0677238163726,3744.00123396,3758.1342136727453,3744.00123396,loss,-7.226489856372609,-1.0226420759460317,0,BEARISH,NONE,OPPOSED,32005.0,32010.0,31993.0,4.0,False,True,bearish|32005|31993|32010,BEARISH,NONE,OPPOSED,32005.0,32010.0,31993.0,4.0,False,True,bearish|32005|31993|32010,sub1
T00788,LONG,32035,32035,32037,32040,2025-09-25T13:15:03+00:00,3741.2935624457796,3730.3927783199997,3752.1943465715594,3730.3927783199997,loss,-11.060784125779719,-1.0146778431857448,0,NONE,NONE,NONE,,,,,False,False,,NONE,NONE,NONE,,,,,False,False,,sub1
T00789,LONG,32047,32047,32048,32070,2025-09-25T14:15:03+00:00,3731.8961353449063,3721.78812252,3742.0041481698127,3742.0041481698127,win,9.948012824906527,0.9841709737837282,0,BULLISH,NONE,ALIGNED,32041.0,32046.0,32030.0,1.0,True,False,bullish|32041|32030|32046,BULLISH,NONE,ALIGNED,32041.0,32046.0,32030.0,1.0,True,False,bullish|32041|32030|32046,sub1
T00790,SHORT,32108,32108,32109,32111,2025-09-25T19:20:03+00:00,3752.484630181666,3758.44633184,3746.522928523332,3746.522928523332,win,5.801701658333968,0.9731620250107297,0,NONE,NONE,NONE,,,,,False,False,,NONE,NONE,NONE,,,,,False,False,,sub1
T00791,LONG,32133,32133,32134,32138,2025-09-25T22:25:03+00:00,3748.714115283823,3746.15314788,3751.2750826876463,3751.2750826876463,win,2.4009674038234152,0.937523609335679,0,NONE,NONE,NONE,,,,,False,False,,NONE,NONE,NONE,,,,,False,False,,sub1
T00792,SHORT,32139,32139,32140,32142,2025-09-25T22:55:03+00:00,3749.2060417050525,3751.7440637600002,3746.6680196501047,3746.6680196501047,win,2.3780220549479054,0.9369587826520492,0,NONE,NONE,NONE,,,,,False,False,,NONE,NONE,NONE,,,,,False,False,,sub1
T00793,LONG,32149,32149,32150,32164,2025-09-25T23:45:03+00:00,3743.9574210931505,3737.9014779599997,3750.0133642263013,3750.0133642263013,win,5.3466431331509225,0.8828753863098413,1,NONE,NONE,NONE,,,,,False,False,,NONE,NONE,NONE,,,,,False,False,,sub1
T00794,LONG,32181,32181,32182,32188,2025-09-26T02:25:03+00:00,3740.519881630217,3737.55849168,3743.4812715804337,3737.55849168,loss,-3.1213899502167806,-1.0540286833850214,0,NONE,NONE,NONE,,,,,False,False,,NONE,NONE,NONE,,,,,False,False,,sub1
T00795,SHORT,32295,32295,32296,32300,2025-09-26T11:55:03+00:00,3749.899330161881,3753.0481159200003,3746.750544403762,3753.0481159200003,loss,-3.308785758119029,-1.0508132379560258,0,NONE,NONE,NONE,,,,,False,False,,NONE,NONE,NONE,,,,,False,False,,sub1
T00796,SHORT,32312,32312,32313,32320,2025-09-26T13:20:03+00:00,3756.1746310840317,3766.51165444,3745.8376077280636,3766.51165444,loss,-10.49702335596794,-1.0154783436672297,0,NONE,NONE,NONE,,,,,False,False,,NONE,NONE,NONE,,,,,False,False,,sub1
T00797,SHORT,32333,32333,32334,32390,2025-09-26T15:05:03+00:00,3775.3772522105382,3784.001354,3766.7531504210765,3766.7531504210765,win,8.464101789461893,0.9814473432821297,0,NONE,NONE,NONE,,,,,False,False,,NONE,NONE,NONE,,,,,False,False,,sub1
T00798,SHORT,32415,32415,32416,32424,2025-09-28T23:00:03+00:00,3768.12152209165,3771.14483976,3765.0982044233,3771.14483976,loss,-3.1833176683499005,-1.0529219941638397,0,BULLISH,NONE,OPPOSED,32403.0,32408.0,32391.0,7.0,True,False,bullish|32403|32391|32408,BULLISH,NONE,OPPOSED,32403.0,32408.0,32391.0,7.0,True,False,bullish|32403|32391|32408,sub1
T00799,SHORT,32425,32425,32427,32427,2025-09-28T23:50:03+00:00,3768.943186807832,3772.6418996400002,3765.2444739756634,3765.2444739756634,win,3.538712832168585,0.9567417079238207,0,NONE,NONE,NONE,,,,,False,False,,NONE,NONE,NONE,,,,,False,False,,sub1
T00800,SHORT,32440,32440,32443,32443,2025-09-29T01:05:03+00:00,3780.0184014816405,3788.95955232,3771.077250643281,3771.077250643281,win,8.781150838359736,0.982105211857805,0,NONE,NONE,NONE,,,,,False,False,,NONE,NONE,NONE,,,,,False,False,,sub1
T00801,SHORT,32473,32473,32474,32480,2025-09-29T03:50:03+00:00,3794.716163028551,3799.59097756,3789.841348497102,3799.59097756,loss,-5.034814531448774,-1.0328217615188529,0,BEARISH,NONE,ALIGNED,32464.0,32469.0,32457.0,4.0,False,True,bearish|32464|32457|32469,BEARISH,NONE,ALIGNED,32464.0,32469.0,32457.0,4.0,False,True,bearish|32464|32457|32469,sub1
T00802,SHORT,32493,32493,32494,32498,2025-09-29T05:30:03+00:00,3804.470236439982,3812.2154825200005,3796.724990359963,3812.2154825200005,loss,-7.9052460800185145,-1.020657832991598,0,NONE,NONE,NONE,,,,,False,False,,NONE,NONE,NONE,,,,,False,False,,sub1
T00803,SHORT,32515,32515,32517,32517,2025-09-29T07:20:03+00:00,3815.35993354693,3820.0267949599997,3810.69307213386,3810.69307213386,win,4.506861413070055,0.9657157164445119,0,BEARISH,NONE,ALIGNED,32507.0,32512.0,32501.0,3.0,False,True,bearish|32507|32501|32512,BEARISH,NONE,ALIGNED,32507.0,32512.0,32501.0,3.0,False,True,bearish|32507|32501|32512,sub1
T00804,SHORT,32573,32573,32574,32576,2025-09-29T12:10:03+00:00,3824.6776101434752,3831.51625452,3817.8389657669504,3817.8389657669504,win,6.6786443765249714,0.976603550178879,0,NONE,NONE,NONE,,,,,False,False,,NONE,NONE,NONE,,,,,False,False,,sub1
T00805,LONG,32585,32585,32586,32589,2025-09-29T13:10:03+00:00,3816.6440372106745,3809.0366324399997,3824.251441981349,3824.251441981349,win,7.447404770674893,0.9789678602857275,0,NONE,NONE,NONE,,,,,False,False,,NONE,NONE,NONE,,,,,False,False,,sub1
T00806,SHORT,32609,32609,32610,32616,2025-09-29T15:10:03+00:00,3826.0165769136793,3832.82530688,3819.2078469473586,3832.82530688,loss,-6.968729966320552,-1.0234992429999856,0,NONE,NONE,NONE,,,,,False,False,,NONE,NONE,NONE,,,,,False,False,,sub1
T00807,SHORT,32619,32619,32620,32622,2025-09-29T16:00:03+00:00,3829.0235066094497,3833.3733288,3824.6736844188995,3833.3733288,loss,-4.5098221905500395,-1.036783112732159,0,NONE,NONE,NONE,,,,,False,False,,NONE,NONE,NONE,,,,,False,False,,sub1
T00808,SHORT,32626,32626,32627,32634,2025-09-29T16:35:03+00:00,3830.192848624294,3833.7383434000003,3826.647353848588,3826.647353848588,win,3.38549477570632,0.9548723069355006,0,BEARISH,NONE,ALIGNED,32616.0,32621.0,32607.0,5.0,False,True,bearish|32616|32607|32621,BEARISH,NONE,ALIGNED,32616.0,32621.0,32607.0,5.0,False,True,bearish|32616|32607|32621,sub1
T00809,SHORT,32680,32680,32681,32683,2025-09-29T22:05:03+00:00,3830.6494783713247,3833.2523239600005,3828.046632782649,3828.046632782649,win,2.4428455886759366,0.9385288160404263,0,NONE,NONE,NONE,,,,,False,False,,NONE,NONE,NONE,,,,,False,False,,sub1
T00810,LONG,32689,32689,32694,32701,2025-09-29T22:50:03+00:00,3829.11979947555,3825.50297376,3832.7366251911,3832.7366251911,win,3.456825715550167,0.9557623140888549,0,NONE,NONE,NONE,,,,,False,False,,NONE,NONE,NONE,,,,,False,False,,sub1
T00811,SHORT,32731,32731,32732,32741,2025-09-30T02:20:03+00:00,3846.1175190868717,3852.16708052,3840.067957653743,3852.16708052,loss,-6.209561433128329,-1.0264481982319686,0,NONE,NONE,NONE,,,,,False,False,,NONE,NONE,NONE,,,,,False,False,,sub1
T00812,SHORT,32764,32764,32765,32774,2025-09-30T05:05:03+00:00,3864.728701954982,3870.1548000000003,3859.302603909964,3870.1548000000003,loss,-5.586098045017934,-1.0294871192286614,0,NONE,NONE,NONE,,,,,False,False,,NONE,NONE,NONE,,,,,False,False,,sub1
T00813,LONG,32824,32824,32825,32841,2025-09-30T10:05:03+00:00,3804.039456135346,3792.9332765999998,3815.145635670692,3815.145635670692,win,10.946179535346346,0.9855936058398261,0,BULLISH,NONE,ALIGNED,32813.0,32818.0,32806.0,6.0,True,False,bullish|32813|32806|32818,BULLISH,NONE,ALIGNED,32813.0,32818.0,32806.0,6.0,True,False,bullish|32813|32806|32818,sub1
T00814,SHORT,32851,32851,32852,32855,2025-09-30T12:20:03+00:00,3813.7429570052836,3817.96871264,3809.5172013705674,3809.5172013705674,win,4.0657556347164245,0.9621369492628986,0,NONE,NONE,NONE,,,,,False,False,,NONE,NONE,NONE,,,,,False,False,,sub1
T00815,SHORT,32859,32859,32860,32866,2025-09-30T13:00:03+00:00,3815.9289123611825,3821.7628644,3810.094960322365,3821.7628644,loss,-5.993952038817497,-1.0274256625586318,0,NONE,NONE,NONE,,,,,False,False,,NONE,NONE,NONE,,,,,False,False,,sub1
T00816,SHORT,32944,32944,32946,32956,2025-09-30T20:05:03+00:00,3853.956545826543,3860.96243232,3846.9506593330857,3860.96243232,loss,-7.165886493457037,-1.0228379378040564,0,NONE,NONE,NONE,,,,,False,False,,NONE,NONE,NONE,,,,,False,False,,sub1
T00817,SHORT,32960,32960,32961,32968,2025-09-30T22:25:03+00:00,3857.745102647368,3861.55745612,3853.9327491747363,3861.55745612,loss,-3.9723534726317666,-1.0419688261197344,0,BEARISH,NONE,ALIGNED,32953.0,32958.0,32941.0,2.0,False,True,bearish|32953|32941|32958,BEARISH,NONE,ALIGNED,32953.0,32958.0,32941.0,2.0,False,True,bearish|32953|32941|32958,sub1
T00818,SHORT,33007,33007,33008,33013,2025-10-01T02:20:03+00:00,3867.186205777025,3875.7540239600003,3858.6183875940496,3858.6183875940496,win,8.407818182975461,0.9813254673963807,0,NONE,NONE,NONE,,,,,False,False,,NONE,NONE,NONE,,,,,False,False,,sub1
T00819,LONG,33056,33056,33057,33066,2025-10-01T06:25:03+00:00,3860.9111608370117,3853.19986584,3868.6224558340236,3868.6224558340236,win,7.551294997012064,0.9792512152547849,0,NONE,NONE,NONE,,,,,False,False,,NONE,NONE,NONE,,,,,False,False,,sub1
T00820,LONG,33122,33122,33123,33126,2025-10-01T11:55:03+00:00,3883.5038850104856,3877.9038776400002,3889.103892380971,3889.103892380971,win,5.440007370485546,0.9714286090330653,0,NONE,NONE,NONE,,,,,False,False,,NONE,NONE,NONE,,,,,False,False,,sub1
T00821,LONG,33141,33141,33142,33156,2025-10-01T13:30:03+00:00,3871.9159439040873,3863.53845228,3880.2934355281745,3863.53845228,loss,-8.537491624087124,-1.019098795579791,0,NONE,NONE,NONE,,,,,False,False,,NONE,NONE,NONE,,,,,False,False,,sub1
T00822,LONG,33158,33158,33159,33196,2025-10-01T14:55:03+00:00,3872.694918246327,3855.9557556,3889.4340808926536,3855.9557556,loss,-16.89916264632666,-1.0095584231649104,0,NONE,NONE,NONE,,,,,False,False,,NONE,NONE,NONE,,,,,False,False,,sub1
T00823,LONG,33198,33198,33199,33267,2025-10-01T18:15:03+00:00,3863.201086793052,3854.74180416,3871.6603694261044,3854.74180416,loss,-9.16858263305208,-1.0838487175293645,1,NONE,NONE,NONE,,,,,False,False,,NONE,NONE,NONE,,,,,False,False,,sub1
T00824,LONG,33269,33269,33270,33272,2025-10-02T01:10:03+00:00,3858.699514055824,3852.6778867199996,3864.721141391648,3864.721141391648,win,5.861627335824323,0.9734291095950136,0,NONE,NONE,NONE,,,,,False,False,,NONE,NONE,NONE,,,,,False,False,,sub1
T00825,SHORT,33284,33284,33285,33320,2025-10-02T02:25:03+00:00,3864.3511057294645,3870.17580084,3858.526410618929,3870.17580084,loss,-5.98469511053554,-1.0274692489415365,0,NONE,NONE,NONE,,,,,False,False,,NONE,NONE,NONE,,,,,False,False,,sub1
T00826,SHORT,33322,33322,33323,33329,2025-10-02T05:35:03+00:00,3867.116145701165,3871.4748528000005,3862.7574386023293,3871.4748528000005,loss,-4.518707098835421,-1.0367081330247216,0,NONE,NONE,NONE,,,,,False,False,,NONE,NONE,NONE,,,,,False,False,,sub1
T00827,SHORT,33343,33343,33344,33344,2025-10-02T07:20:03+00:00,3870.4067349214647,3875.0169944800004,3865.796475362929,3865.796475362929,win,4.45025955853589,0.9652947956685823,0,NONE,NONE,NONE,,,,,False,False,,NONE,NONE,NONE,,,,,False,False,,sub1
T00828,SHORT,33377,33377,33378,33379,2025-10-02T10:10:03+00:00,3877.263356155018,3880.49121344,3874.0354988700356,3880.49121344,loss,-3.3878572849821467,-1.049568486421088,0,NONE,NONE,NONE,,,,,False,False,,NONE,NONE,NONE,,,,,False,False,,sub1
T00829,SHORT,33402,33402,33405,33415,2025-10-02T12:15:03+00:00,3885.219654103923,3892.15868012,3878.280628087846,3892.15868012,loss,-7.099026016077005,-1.0230579910824873,0,NONE,NONE,NONE,,,,,False,False,,NONE,NONE,NONE,,,,,False,False,,sub1
T00830,LONG,33447,33447,33448,33480,2025-10-02T16:00:03+00:00,3833.9149976474537,3819.1672272,3848.6627680949073,3848.6627680949073,win,14.58777044745375,0.9891509024655669,0,BULLISH,NONE,ALIGNED,33442.0,33447.0,33433.0,0.0,True,False,bullish|33442|33433|33447,BULLISH,NONE,ALIGNED,33442.0,33447.0,33433.0,0.0,True,False,bullish|33442|33433|33447,sub1
T00831,SHORT,33531,33531,33532,33537,2025-10-03T00:00:03+00:00,3860.2897984210385,3863.91755052,3856.662046322077,3856.662046322077,win,3.4677520989616823,0.9558955530490478,0,NONE,NONE,NONE,,,,,False,False,,NONE,NONE,NONE,,,,,False,False,,sub2
T00832,LONG,33551,33551,33552,33569,2025-10-03T01:40:03+00:00,3855.0682893295184,3847.1711069999997,3862.965471659037,3847.1711069999997,loss,-8.057182329518582,-1.0202603907727688,0,NONE,NONE,NONE,,,,,False,False,,NONE,NONE,NONE,,,,,False,False,,sub2
T00833,LONG,33579,33579,33581,33593,2025-10-03T04:00:03+00:00,3843.422151634781,3837.8414801999998,3849.0028230695625,3849.0028230695625,win,5.420671434781525,0.9713296147480286,0,NONE,NONE,NONE,,,,,False,False,,NONE,NONE,NONE,,,,,False,False,,sub2
T00834,SHORT,33629,33629,33630,33642,2025-10-03T08:10:03+00:00,3862.4508536179137,3865.8596282,3859.0420790358276,3859.0420790358276,win,3.2487745820862983,0.9530623113535611,0,BEARISH,NONE,ALIGNED,33623.0,33628.0,33606.0,1.0,False,True,bearish|33623|33606|33628,BEARISH,NONE,ALIGNED,33623.0,33628.0,33606.0,1.0,False,True,bearish|33623|33606|33628,sub2
T00835,SHORT,33655,33655,33656,33659,2025-10-03T10:20:03+00:00,3862.997535610576,3866.4396514,3859.555419821152,3866.4396514,loss,-3.602115789423806,-1.0464830382787997,0,NONE,NONE,NONE,,,,,False,False,,NONE,NONE,NONE,,,,,False,False,,sub2
T00836,SHORT,33663,33663,33664,33666,2025-10-03T11:00:03+00:00,3864.4242032106586,3867.81270632,3861.035700101317,3861.035700101317,win,3.2285031093415455,0.9527815100541689,0,NONE,NONE,NONE,,,,,False,False,,NONE,NONE,NONE,,,,,False,False,,sub2
T00837,LONG,33672,33672,33674,33681,2025-10-03T11:45:03+00:00,3861.3146210580903,3854.5348124399998,3868.094429676181,3868.094429676181,win,6.619808618090701,0.9764005137884089,0,BEARISH,NONE,OPPOSED,33661.0,33666.0,33653.0,6.0,False,True,bearish|33661|33653|33666,BEARISH,NONE,OPPOSED,33661.0,33666.0,33653.0,6.0,False,True,bearish|33661|33653|33666,sub2
T00838,SHORT,33699,33699,33700,33701,2025-10-03T14:00:03+00:00,3880.477885740136,3890.77362472,3870.182146760272,3870.182146760272,win,10.135738979864072,0.9844595904856585,0,NONE,NONE,NONE,,,,,False,False,,NONE,NONE,NONE,,,,,False,False,,sub2
T00839,SHORT,33726,33726,33738,33745,2025-10-03T16:15:03+00:00,3885.217497615631,3891.7676644800003,3878.667330751262,3878.667330751262,win,6.390166864369348,0.9755731413698477,0,NONE,NONE,NONE,,,,,False,False,,NONE,NONE,NONE,,,,,False,False,,sub2
T00840,SHORT,33806,33806,33820,33830,2025-10-06T00:00:03+00:00,3907.407976549231,3921.11783844,3893.698114658462,3921.11783844,loss,-13.869861890768789,-1.0116704312030733,0,NONE,NONE,NONE,,,,,False,False,,NONE,NONE,NONE,,,,,False,False,,sub2
T00841,SHORT,33869,33869,33870,33874,2025-10-06T05:15:03+00:00,3936.5439778133837,3945.3628082,3927.7251474267673,3927.7251474267673,win,8.6588303866165,0.981857004502244,0,NONE,NONE,NONE,,,,,False,False,,NONE,NONE,NONE,,,,,False,False,,sub2
T00842,SHORT,33908,33908,33912,33927,2025-10-06T08:30:03+00:00,3941.7745742020397,3949.7559839200003,3933.793164484079,3933.793164484079,win,7.821409717960705,0.979953416043809,0,NONE,NONE,NONE,,,,,False,False,,NONE,NONE,NONE,,,,,False,False,,sub2
T00843,LONG,33949,33949,33950,33955,2025-10-06T11:55:03+00:00,3937.6777982126073,3930.8397601199995,3944.515836305215,3930.8397601199995,loss,-6.998038092607658,-1.02339852423063,0,NONE,NONE,NONE,,,,,False,False,,NONE,NONE,NONE,,,,,False,False,,sub2
T00844,LONG,33959,33959,33960,33970,2025-10-06T12:45:03+00:00,3934.1266228142604,3926.32094088,3941.932304748521,3941.932304748521,win,7.645681934260665,0.9795021112380219,0,NONE,NONE,NONE,,,,,False,False,,NONE,NONE,NONE,,,,,False,False,,sub2
T00845,SHORT,33987,33987,33988,33996,2025-10-06T15:05:03+00:00,3952.1468523134236,3959.0293548400005,3945.2643497868467,3959.0293548400005,loss,-7.0425025265767545,-1.0232473579750987,0,NONE,NONE,NONE,,,,,False,False,,NONE,NONE,NONE,,,,,False,False,,sub2
T00846,SHORT,34000,34000,34011,34060,2025-10-06T16:10:03+00:00,3956.4108721582434,3970.1688004000002,3942.6529439164865,3970.1688004000002,loss,-13.917928241756726,-1.0116296579825323,0,NONE,NONE,NONE,,,,,False,False,,NONE,NONE,NONE,,,,,False,False,,sub2
T00847,SHORT,34066,34066,34068,34086,2025-10-06T22:40:03+00:00,3966.846011621015,3976.3570479200002,3957.3349753220295,3976.3570479200002,loss,-9.6710362989852,-1.0168225622287788,1,NONE,NONE,NONE,,,,,False,False,,NONE,NONE,NONE,,,,,False,False,,sub2
T00848,SHORT,34089,34089,34090,34090,2025-10-07T00:35:03+00:00,3971.660771299257,3977.634099,3965.6874435985137,3965.6874435985137,win,5.81332770074323,0.9732142604565374,0,NONE,NONE,NONE,,,,,False,False,,NONE,NONE,NONE,,,,,False,False,,sub2
T00849,LONG,34172,34172,34173,34177,2025-10-07T07:30:03+00:00,3954.2723967683305,3943.72524468,3964.819548856661,3943.72524468,loss,-10.707152088330531,-1.015169971823662,0,NONE,NONE,NONE,,,,,False,False,,NONE,NONE,NONE,,,,,False,False,,sub2
T00850,LONG,34181,34181,34182,34192,2025-10-07T08:15:03+00:00,3948.8936789620334,3940.6623672,3957.1249907240667,3957.1249907240667,win,8.071311762033474,0.9805620289176934,0,NONE,NONE,NONE,,,,,False,False,,NONE,NONE,NONE,,,,,False,False,,sub2
T00851,SHORT,34231,34231,34232,34234,2025-10-07T12:25:03+00:00,3966.462164340169,3972.41089008,3960.5134386003374,3972.41089008,loss,-6.108725739831243,-1.026896516497395,0,NONE,NONE,NONE,,,,,False,False,,NONE,NONE,NONE,,,,,False,False,,sub2
T00852,SHORT,34244,34244,34247,34251,2025-10-07T13:30:03+00:00,3977.9573001937083,3985.80142568,3970.1131747074164,3970.1131747074164,win,7.684125486292032,0.9796025700660367,0,NONE,NONE,NONE,,,,,False,False,,NONE,NONE,NONE,,,,,False,False,,sub2
T00853,SHORT,34263,34263,34264,34264,2025-10-07T15:05:03+00:00,3981.5126103281345,3987.48049284,3975.544727816269,3987.48049284,loss,-6.127882511865209,-1.0268101792690694,0,NONE,NONE,NONE,,,,,False,False,,NONE,NONE,NONE,,,,,False,False,,sub2
T00854,SHORT,34343,34343,34344,34346,2025-10-07T22:45:03+00:00,3987.9295666402168,3990.84862756,3985.0105057204337,3990.84862756,loss,-3.0790609197829326,-1.0548121482890274,0,NONE,NONE,NONE,,,,,False,False,,NONE,NONE,NONE,,,,,False,False,,sub2
T00855,SHORT,34351,34351,34352,34355,2025-10-07T23:25:03+00:00,3989.6020135942235,3992.4516916800003,3986.752335508447,3992.4516916800003,loss,-3.0096780857766134,-1.056146692778543,0,NONE,NONE,NONE,,,,,False,False,,NONE,NONE,NONE,,,,,False,False,,sub2
T00856,SHORT,34364,34364,34366,34370,2025-10-08T00:30:03+00:00,3995.216742695536,3999.40796992,3991.025515471072,3991.025515471072,win,4.031227224464146,0.9618250236909271,0,BEARISH,NONE,ALIGNED,34349.0,34354.0,34339.0,10.0,False,True,bearish|34349|34339|34354,BEARISH,NONE,ALIGNED,34349.0,34354.0,34339.0,10.0,False,True,bearish|34349|34339|34354,sub2
T00857,SHORT,34428,34428,34429,34433,2025-10-08T05:50:03+00:00,4030.2170492586447,4037.1794807200004,4023.254617797289,4023.254617797289,win,6.802431461355809,0.9770195224343795,0,NONE,NONE,NONE,,,,,False,False,,NONE,NONE,NONE,,,,,False,False,,sub2
T00858,SHORT,34452,34452,34454,34455,2025-10-08T07:50:03+00:00,4034.6442961823627,4039.20856188,4030.0800304847253,4039.20856188,loss,-4.724265697637293,-1.0350549268160865,0,BEARISH,NONE,ALIGNED,34444.0,34449.0,34422.0,3.0,False,True,bearish|34444|34422|34449,BEARISH,NONE,ALIGNED,34444.0,34449.0,34422.0,3.0,False,True,bearish|34444|34422|34449,sub2
T00859,SHORT,34465,34465,34466,34466,2025-10-08T08:55:03+00:00,4037.615075805069,4040.6196183200004,4034.6105332901375,4034.6105332901375,win,2.844542514931618,0.946747300394415,0,BEARISH,NONE,ALIGNED,34455.0,34460.0,34444.0,5.0,False,True,bearish|34455|34444|34460,BEARISH,NONE,ALIGNED,34455.0,34460.0,34444.0,5.0,False,True,bearish|34455|34444|34460,sub2
T00860,SHORT,34506,34506,34507,34509,2025-10-08T12:20:03+00:00,4039.881174514053,4046.58085676,4033.1814922681056,4033.1814922681056,win,6.539682245947461,0.9761182703707121,0,BULLISH,NONE,OPPOSED,34496.0,34501.0,34485.0,5.0,True,False,bullish|34496|34485|34501,BULLISH,NONE,OPPOSED,34496.0,34501.0,34485.0,5.0,True,False,bullish|34496|34485|34501,sub2
T00861,SHORT,34518,34518,34519,34520,2025-10-08T13:20:03+00:00,4041.180225469892,4049.57397648,4032.7864744597837,4032.7864744597837,win,8.233751010108335,0.9809382003579599,0,BULLISH,NONE,OPPOSED,34509.0,34514.0,34496.0,4.0,True,False,bullish|34509|34496|34514,BULLISH,NONE,OPPOSED,34509.0,34514.0,34496.0,4.0,True,False,bullish|34509|34496|34514,sub2
T00862,LONG,34524,34524,34525,34537,2025-10-08T13:50:03+00:00,4036.4396195079744,4026.1809463199997,4046.698292695949,4046.698292695949,win,10.098673187974782,0.9844034411596805,0,BULLISH,NONE,ALIGNED,34509.0,34514.0,34496.0,10.0,True,False,bullish|34509|34496|34514,BEARISH,MOST_RECENT,OPPOSED,34516.0,34521.0,34503.0,3.0,True,True,bearish|34516|34503|34521,sub2
T00863,SHORT,34540,34540,34542,34552,2025-10-08T15:10:03+00:00,4043.4387396347583,4050.8810287600004,4035.9964505095163,4050.8810287600004,loss,-7.602289125241896,-1.0214987616454165,0,NONE,NONE,NONE,,,,,False,False,,NONE,NONE,NONE,,,,,False,False,,sub2
T00864,SHORT,34565,34565,34566,34567,2025-10-08T17:15:03+00:00,4054.4907173592405,4059.48337284,4049.498061878481,4049.498061878481,win,4.832655480759513,0.9679529259296059,0,NONE,NONE,NONE,,,,,False,False,,NONE,NONE,NONE,,,,,False,False,,sub2
T00865,LONG,34635,34635,34636,34639,2025-10-09T00:05:03+00:00,4014.3055273634063,4001.0699508,4027.541103926813,4027.541103926813,win,13.075576563406685,0.9879113690866917,0,BULLISH,NONE,ALIGNED,34622.0,34627.0,34611.0,8.0,True,False,bullish|34622|34611|34627,BULLISH,NONE,ALIGNED,34622.0,34627.0,34611.0,8.0,True,False,bullish|34622|34611|34627,sub2
T00866,SHORT,34643,34643,34644,34661,2025-10-09T00:45:03+00:00,4021.6291057169474,4038.4525316400004,4004.8056797938943,4004.8056797938943,win,16.663425923053182,0.9904894519860781,0,BULLISH,NONE,OPPOSED,34631.0,34636.0,34622.0,7.0,True,False,bullish|34631|34622|34636,BULLISH,NONE,OPPOSED,34631.0,34636.0,34622.0,7.0,True,False,bullish|34631|34622|34636,sub2
T00867,SHORT,34701,34701,34702,34711,2025-10-09T05:35:03+00:00,4038.0015897212306,4043.90574976,4032.097429682461,4032.097429682461,win,5.744160038769678,0.972900463580049,0,NONE,NONE,NONE,,,,,False,False,,NONE,NONE,NONE,,,,,False,False,,sub2
T00868,SHORT,34767,34767,34768,34787,2025-10-09T11:05:03+00:00,4039.929015340131,4046.92287044,4032.935160240262,4046.92287044,loss,-7.153855099868906,-1.022877225466517,0,NONE,NONE,NONE,,,,,False,False,,NONE,NONE,NONE,,,,,False,False,,sub2
T00869,LONG,34811,34811,34815,34832,2025-10-09T14:45:03+00:00,4019.2277648201534,4003.7688428399997,4034.686686800307,4003.7688428399997,loss,-15.618921980153573,-1.0103500101886318,0,NONE,NONE,NONE,,,,,False,False,,NONE,NONE,NONE,,,,,False,False,,sub2
T00870,LONG,34852,34852,34856,34867,2025-10-09T18:10:03+00:00,3960.021388545475,3944.4382161599997,3975.6045609309504,3975.6045609309504,win,15.423172385475482,0.9897325142761697,0,NONE,NONE,NONE,,,,,False,False,,NONE,NONE,NONE,,,,,False,False,,sub2
T00871,LONG,34890,34890,34891,34913,2025-10-09T22:20:03+00:00,3975.5876467017256,3958.35565944,3992.819633963451,3992.819633963451,win,16.522687261725554,0.9588381775574252,1,NONE,NONE,NONE,,,,,False,False,,NONE,NONE,NONE,,,,,False,False,,sub2
T00872,SHORT,34922,34922,34923,34923,2025-10-10T01:00:03+00:00,3990.2500977865393,3994.56177608,3985.9384194930785,3985.9384194930785,win,4.151678293460918,0.962891480043278,0,NONE,NONE,NONE,,,,,False,False,,NONE,NONE,NONE,,,,,False,False,,sub2
T00873,SHORT,35029,35029,35030,35051,2025-10-10T09:55:03+00:00,3996.59064911913,4006.9202704000004,3986.2610278382595,3986.2610278382595,win,10.169621280870615,0.9845105647487619,0,NONE,NONE,NONE,,,,,False,False,,NONE,NONE,NONE,,,,,False,False,,sub2
T00874,LONG,35057,35057,35058,35063,2025-10-10T12:15:03+00:00,3991.69176714438,3983.0056734,4000.3778608887596,3983.0056734,loss,-8.846093744379687,-1.0184202478937532,0,NONE,NONE,NONE,,,,,False,False,,NONE,NONE,NONE,,,,,False,False,,sub2
T00875,LONG,35067,35067,35068,35071,2025-10-10T13:05:03+00:00,3986.924605318506,3979.2348242399994,3994.614386397013,3994.614386397013,win,7.529781078506858,0.9791931657915384,0,NONE,NONE,NONE,,,,,False,False,,NONE,NONE,NONE,,,,,False,False,,sub2
T00876,LONG,35081,35081,35083,35090,2025-10-10T14:15:03+00:00,3983.980579999213,3970.50517344,3997.4559865584265,3997.4559865584265,win,13.315406559213443,0.9881265177939689,0,NONE,NONE,NONE,,,,,False,False,,NONE,NONE,NONE,,,,,False,False,,sub2
T00877,SHORT,35099,35099,35100,35103,2025-10-10T15:45:03+00:00,4004.9544480672757,4022.985913,3986.9229831345515,3986.9229831345515,win,17.871464932724393,0.9911266222352528,0,NONE,NONE,NONE,,,,,False,False,,NONE,NONE,NONE,,,,,False,False,,sub2
T00878,SHORT,35179,35179,35180,35186,2025-10-12T23:30:03+00:00,4043.836987243999,4060.3554077200006,4027.3185667679973,4027.3185667679973,win,16.35842047600181,0.9903138438549675,1,NONE,NONE,NONE,,,,,False,False,,NONE,NONE,NONE,,,,,False,False,,sub2
T00879,LONG,35190,35190,35197,35246,2025-10-13T00:25:03+00:00,4035.7976177478236,4008.4846542,4063.110581295647,4063.110581295647,win,27.152963547823674,0.9941419758526129,0,NONE,NONE,NONE,,,,,False,False,,NONE,NONE,NONE,,,,,False,False,,sub2
T00880,SHORT,35256,35256,35261,35291,2025-10-13T05:55:03+00:00,4068.4689836277475,4078.3691282400005,4058.5688390154946,4078.3691282400005,loss,-10.06014461225277,-1.016161380087502,0,NONE,NONE,NONE,,,,,False,False,,NONE,NONE,NONE,,,,,False,False,,sub2
T00881,SHORT,35337,35337,35340,35342,2025-10-13T12:40:03+00:00,4079.0542546769375,4086.0234344000005,4072.0850749538745,4086.0234344000005,loss,-7.129179723062862,-1.0229582255527676,0,NONE,NONE,NONE,,,,,False,False,,NONE,NONE,NONE,,,,,False,False,,sub2
T00882,SHORT,35366,35366,35367,35376,2025-10-13T15:05:03+00:00,4096.346243854942,4104.12015824,4088.5723294698846,4104.12015824,loss,-7.933914385057506,-1.0205816519290967,0,NONE,NONE,NONE,,,,,False,False,,NONE,NONE,NONE,,,,,False,False,,sub2
T00883,SHORT,35384,35384,35385,35414,2025-10-13T16:35:03+00:00,4107.803688107267,4117.18068064,4098.426695574533,4098.426695574533,win,9.216992532733457,0.9829369598577236,0,NONE,NONE,NONE,,,,,False,False,,NONE,NONE,NONE,,,,,False,False,,sub2
T00884,SHORT,35461,35461,35462,35475,2025-10-14T00:00:03+00:00,4122.787542043048,4132.2342827600005,4113.340801326096,4132.2342827600005,loss,-9.606740716952118,-1.0169370584833277,0,NONE,NONE,NONE,,,,,False,False,,NONE,NONE,NONE,,,,,False,False,,sub2
T00885,SHORT,35482,35482,35484,35498,2025-10-14T01:45:03+00:00,4137.869884949788,4150.09299708,4125.646772819576,4150.09299708,loss,-12.383112130211885,-1.0130899560026436,0,NONE,NONE,NONE,,,,,False,False,,NONE,NONE,NONE,,,,,False,False,,sub2
T00886,SHORT,35513,35513,35514,35520,2025-10-14T04:20:03+00:00,4161.795454251245,4169.42877048,4154.162138022491,4169.42877048,loss,-7.79331622875452,-1.0209607456582417,0,NONE,NONE,NONE,,,,,False,False,,NONE,NONE,NONE,,,,,False,False,,sub2
T00887,LONG,35547,35547,35548,35558,2025-10-14T07:10:03+00:00,4111.1752916615615,4090.4393758799997,4131.911207443123,4131.911207443123,win,20.57591578156189,0.9922839192787364,0,BULLISH,NONE,ALIGNED,35537.0,35542.0,35530.0,5.0,True,False,bullish|35537|35530|35542,BULLISH,NONE,ALIGNED,35537.0,35542.0,35530.0,5.0,True,False,bullish|35537|35530|35542,sub2
T00888,LONG,35608,35608,35609,35609,2025-10-14T12:15:03+00:00,4130.842604731597,4125.53297208,4136.152237383194,4125.53297208,loss,-5.469632651596839,-1.0301339114207329,0,NONE,NONE,NONE,,,,,False,False,,NONE,NONE,NONE,,,,,False,False,,sub2
T00889,LONG,35619,35619,35620,35625,2025-10-14T13:10:03+00:00,4112.797959566098,4097.598089519999,4127.997829612197,4127.997829612197,win,15.039870046099168,0.9894735942139902,0,NONE,NONE,NONE,,,,,False,False,,NONE,NONE,NONE,,,,,False,False,,sub2
T00890,SHORT,35651,35651,35652,35654,2025-10-14T15:50:03+00:00,4136.033486445869,4142.88170864,4129.185264251738,4129.185264251738,win,6.688222194131413,0.9766362720916137,0,NONE,NONE,NONE,,,,,False,False,,NONE,NONE,NONE,,,,,False,False,,sub2
T00891,SHORT,35668,35668,35669,35715,2025-10-14T17:15:03+00:00,4142.789568855913,4155.4362108000005,4130.142926911825,4155.4362108000005,loss,-12.80664194408746,-1.0126515798191515,0,NONE,NONE,NONE,,,,,False,False,,NONE,NONE,NONE,,,,,False,False,,sub2
T00892,SHORT,35736,35736,35737,35739,2025-10-14T23:55:03+00:00,4162.133175936207,4167.3106857600005,4156.955666112414,4167.3106857600005,loss,-5.337509823792971,-1.030902886801794,0,NONE,NONE,NONE,,,,,False,False,,NONE,NONE,NONE,,,,,False,False,,sub2
T00893,SHORT,35766,35766,35767,35767,2025-10-15T02:25:03+00:00,4180.046865642209,4186.928470440001,4173.165260844417,4173.165260844417,win,6.72160479779177,0.9767496093278707,0,NONE,NONE,NONE,,,,,False,False,,NONE,NONE,NONE,,,,,False,False,,sub2
T00894,SHORT,35804,35804,35805,35817,2025-10-15T05:35:03+00:00,4185.904809280652,4193.91074972,4177.898868841305,4193.91074972,loss,-8.16594043934765,-1.0199851599211858,0,NONE,NONE,NONE,,,,,False,False,,NONE,NONE,NONE,,,,,False,False,,sub2
T00895,SHORT,35844,35844,35846,35847,2025-10-15T08:55:03+00:00,4212.048870020018,4218.389728839999,4205.708011200036,4205.708011200036,win,6.18085881998195,0.9747668250402216,0,NONE,NONE,NONE,,,,,False,False,,NONE,NONE,NONE,,,,,False,False,,sub2
T00896,SHORT,35875,35875,35876,35877,2025-10-15T11:30:03+00:00,4200.175371508391,4203.4241302400005,4196.926612776782,4203.4241302400005,loss,-3.408758731608941,-1.049249579060187,0,NONE,NONE,NONE,,,,,False,False,,NONE,NONE,NONE,,,,,False,False,,sub2
T00897,LONG,35881,35881,35882,35883,2025-10-15T12:00:03+00:00,4199.366806204425,4193.28426192,4205.4493504888505,4193.28426192,loss,-6.242544284425094,-1.0263047817686335,0,BEARISH,NONE,OPPOSED,35876.0,35881.0,35868.0,0.0,False,True,bearish|35876|35868|35881,NONE,NONE,NONE,,,,,False,False,,sub2
T00898,LONG,35892,35892,35893,35905,2025-10-15T12:55:03+00:00,4189.06047732167,4176.01995252,4202.101002123341,4202.101002123341,win,12.880524801670617,0.9877305551399773,0,NONE,NONE,NONE,,,,,False,False,,NONE,NONE,NONE,,,,,False,False,,sub2
T00899,SHORT,35911,35911,35912,35923,2025-10-15T14:30:03+00:00,4201.561108491867,4212.52949444,4190.592722543734,4190.592722543734,win,10.808385948133036,0.9854126212592755,0,NONE,NONE,NONE,,,,,False,False,,NONE,NONE,NONE,,,,,False,False,,sub2
T00900,SHORT,35980,35980,35982,35991,2025-10-15T20:15:03+00:00,4208.6337297220625,4213.693541,4203.573918444125,4203.573918444125,win,4.8998112779372605,0.9683782672493101,0,NONE,NONE,NONE,,,,,False,False,,NONE,NONE,NONE,,,,,False,False,,sub2
T00901,LONG,35993,35993,35994,36016,2025-10-15T22:20:03+00:00,4208.502297359342,4199.44401552,4217.5605791986845,4217.5605791986845,win,8.348981839342416,0.9216959670078716,1,NONE,NONE,NONE,,,,,False,False,,NONE,NONE,NONE,,,,,False,False,,sub2
T00902,SHORT,36023,36023,36026,36030,2025-10-16T00:50:03+00:00,4218.374969851859,4227.4430909600005,4209.306848743717,4227.4430909600005,loss,-9.22812110814175,-1.0176442284009857,0,NONE,NONE,NONE,,,,,False,False,,NONE,NONE,NONE,,,,,False,False,,sub2
T00903,SHORT,36053,36053,36054,36056,2025-10-16T03:20:03+00:00,4236.618354624527,4242.350687239999,4230.886022009054,4230.886022009054,win,5.5723326154729875,0.972088151415363,0,BEARISH,NONE,ALIGNED,36039.0,36044.0,36033.0,9.0,False,True,bearish|36039|36033|36044,BEARISH,NONE,ALIGNED,36039.0,36044.0,36033.0,9.0,False,True,bearish|36039|36033|36044,sub2
T00904,SHORT,36154,36154,36155,36161,2025-10-16T11:45:03+00:00,4243.088142766787,4247.90390936,4238.272376173574,4238.272376173574,win,4.6557665932132295,0.9667757984314804,0,NONE,NONE,NONE,,,,,False,False,,NONE,NONE,NONE,,,,,False,False,,sub2
T00905,LONG,36163,36163,36164,36164,2025-10-16T12:30:03+00:00,4242.335021517882,4236.33653976,4248.333503275763,4236.33653976,loss,-6.158481757881418,-1.0266734161172744,0,BEARISH,NONE,OPPOSED,36153.0,36158.0,36144.0,5.0,False,True,bearish|36153|36144|36158,BEARISH,NONE,OPPOSED,36153.0,36158.0,36144.0,5.0,False,True,bearish|36153|36144|36158,sub2
T00906,SHORT,36180,36180,36181,36182,2025-10-16T13:55:03+00:00,4249.073776206629,4258.96335172,4239.184200693258,4258.96335172,loss,-10.049575513370655,-1.0161786519333953,0,NONE,NONE,NONE,,,,,False,False,,NONE,NONE,NONE,,,,,False,False,,sub2
T00907,SHORT,36190,36190,36191,36194,2025-10-16T14:45:03+00:00,4258.581946029885,4267.77670424,4249.387187819771,4267.77670424,loss,-9.354758210114596,-1.0174012188622694,0,NONE,NONE,NONE,,,,,False,False,,NONE,NONE,NONE,,,,,False,False,,sub2
T00908,SHORT,36211,36211,36212,36212,2025-10-16T16:30:03+00:00,4278.307995295303,4292.061675600001,4264.554314990605,4264.554314990605,win,13.593680304697955,0.9883667501021378,0,NONE,NONE,NONE,,,,,False,False,,NONE,NONE,NONE,,,,,False,False,,sub2
T00909,SHORT,36275,36275,36276,36307,2025-10-16T22:50:03+00:00,4350.033827211842,4380.24920296,4319.818451463685,4319.818451463685,win,30.05537574815753,0.9947046827637214,1,NONE,NONE,NONE,,,,,False,False,,NONE,NONE,NONE,,,,,False,False,,sub2
T00910,LONG,36313,36313,36314,36336,2025-10-17T02:00:03+00:00,4321.854043747099,4278.6218482799995,4365.086239214199,4365.086239214199,win,43.072195467099846,0.9962990544830966,0,NONE,NONE,NONE,,,,,False,False,,NONE,NONE,NONE,,,,,False,False,,sub2
T00911,LONG,36435,36435,36436,36452,2025-10-17T12:10:03+00:00,4309.103654453459,4283.344659359999,4334.862649546919,4283.344659359999,loss,-25.91899509345967,-1.0062114224339629,0,NONE,NONE,NONE,,,,,False,False,,NONE,NONE,NONE,,,,,False,False,,sub2
T00912,LONG,36464,36464,36466,36486,2025-10-17T14:35:03+00:00,4253.378861802292,4216.65432708,4290.103396524583,4216.65432708,loss,-36.88453472229139,-1.004356760438485,0,NONE,NONE,NONE,,,,,False,False,,NONE,NONE,NONE,,,,,False,False,,sub2
T00913,SHORT,36546,36546,36547,36562,2025-10-19T22:30:03+00:00,4252.228636611633,4268.495733,4235.961540223267,4235.961540223267,win,16.1070963883667,0.9901641942618427,0,NONE,NONE,NONE,,,,,False,False,,NONE,NONE,NONE,,,,,False,False,,sub2
T00914,LONG,36571,36571,36572,36575,2025-10-20T00:35:03+00:00,4234.432209781508,4218.762242759999,4250.102176803018,4250.102176803018,win,15.50996702150951,0.9897893850203877,0,NONE,NONE,NONE,,,,,False,False,,NONE,NONE,NONE,,,,,False,False,,sub2
T00915,SHORT,36596,36596,36597,36600,2025-10-20T02:40:03+00:00,4262.171955886173,4271.45685144,4252.887060332347,4252.887060332347,win,9.124895553826718,0.9827677113789488,0,NONE,NONE,NONE,,,,,False,False,,NONE,NONE,NONE,,,,,False,False,,sub2
T00916,SHORT,36726,36726,36728,36732,2025-10-20T13:30:03+00:00,4313.185753518791,4327.3330864,4299.038420637582,4299.038420637582,win,13.987332881209113,0.9886904477795689,0,NONE,NONE,NONE,,,,,False,False,,NONE,NONE,NONE,,,,,False,False,,sub2
T00917,SHORT,36756,36756,36757,36785,2025-10-20T16:00:03+00:00,4345.103899544159,4355.95523124,4334.252567848317,4355.95523124,loss,-11.011331695841363,-1.0147447340551916,0,NONE,NONE,NONE,,,,,False,False,,NONE,NONE,NONE,,,,,False,False,,sub2
T00918,SHORT,36804,36804,36805,36807,2025-10-20T20:00:03+00:00,4367.583431003434,4381.747262880001,4353.419599126868,4353.419599126868,win,14.003831876566437,0.9887036219157211,0,NONE,NONE,NONE,,,,,False,False,,NONE,NONE,NONE,,,,,False,False,,sub2
T00919,SHORT,36823,36823,36825,36855,2025-10-20T22:35:03+00:00,4365.088627770154,4375.662019480001,4354.515236060307,4354.515236060307,win,10.41339170984702,0.9848676749721805,1,NONE,NONE,NONE,,,,,False,False,,NONE,NONE,NONE,,,,,False,False,,sub2
T00920,LONG,36867,36867,36870,36902,2025-10-21T02:15:03+00:00,4349.103611989352,4332.72068424,4365.486539738705,4332.72068424,loss,-16.542927749352202,-1.00976626415301,0,NONE,NONE,NONE,,,,,False,False,,NONE,NONE,NONE,,,,,False,False,,sub2
T00921,LONG,36914,36914,36915,36921,2025-10-21T06:10:03+00:00,4327.502699196981,4316.9783139599995,4338.027084433962,4338.027084433962,win,10.364385236981434,0.9847972117708467,0,NONE,NONE,NONE,,,,,False,False,,NONE,NONE,NONE,,,,,False,False,,sub2
T00922,LONG,36953,36953,36954,36986,2025-10-21T09:25:03+00:00,4269.9393135195105,4244.530212,4295.348415039021,4244.530212,loss,-25.569101519510696,-1.006296956225587,0,NONE,NONE,NONE,,,,,False,False,,NONE,NONE,NONE,,,,,False,False,,sub2
T00923,LONG,37003,37003,37004,37005,2025-10-21T13:35:03+00:00,4210.99449301735,4189.549411319999,4232.4395747147,4189.549411319999,loss,-21.605081697350215,-1.0074609181843137,0,NONE,NONE,NONE,,,,,False,False,,NONE,NONE,NONE,,,,,False,False,,sub2
T00924,LONG,37022,37022,37023,37116,2025-10-21T15:10:03+00:00,4139.477543874601,4080.65376732,4198.301320429202,4080.65376732,loss,-60.63167655460081,-1.0307341708725848,1,NONE,NONE,NONE,,,,,False,False,,NONE,NONE,NONE,,,,,False,False,,sub2
T00925,LONG,37123,37123,37124,37179,2025-10-22T00:35:03+00:00,4073.5893922022174,4004.0248325999996,4143.153951804436,4143.153951804436,win,69.40455960221836,0.9976999782516515,0,NONE,NONE,NONE,,,,,False,False,,NONE,NONE,NONE,,,,,False,False,,sub2
T00926,SHORT,37182,37182,37183,37194,2025-10-22T05:30:03+00:00,4136.291253779947,4147.20188144,4125.380626119893,4147.20188144,loss,-11.070627660053106,-1.0146646008813642,0,NONE,NONE,NONE,,,,,False,False,,NONE,NONE,NONE,,,,,False,False,,sub2
T00927,LONG,37260,37260,37261,37266,2025-10-22T12:00:03+00:00,4032.404444073475,4014.9033974399995,4049.905490706951,4049.905490706951,win,17.3410466334758,0.9908576896370409,0,NONE,NONE,NONE,,,,,False,False,,NONE,NONE,NONE,,,,,False,False,,sub2
T00928,SHORT,37285,37285,37286,37290,2025-10-22T14:05:03+00:00,4065.781450488122,4085.4354108800003,4046.127490096244,4046.127490096244,win,19.493960391878318,0.9918591471230412,0,NONE,NONE,NONE,,,,,False,False,,NONE,NONE,NONE,,,,,False,False,,sub2
T00929,LONG,37298,37298,37299,37314,2025-10-22T15:10:03+00:00,4036.6381679443025,4010.8275604799996,4062.4487754086053,4062.4487754086053,win,25.650607464302993,0.9938009982825418,0,NONE,NONE,NONE,,,,,False,False,,NONE,NONE,NONE,,,,,False,False,,sub2
T00930,SHORT,37360,37360,37363,37368,2025-10-22T20:20:03+00:00,4098.618598956134,4113.79654528,4083.4406526322673,4113.79654528,loss,-15.337946323866163,-1.0105416106096161,0,NONE,NONE,NONE,,,,,False,False,,NONE,NONE,NONE,,,,,False,False,,sub2
T00931,SHORT,37369,37369,37370,37382,2025-10-22T22:05:03+00:00,4100.96528686906,4116.6516594800005,4085.2789142581196,4085.2789142581196,win,15.526372610940598,0.9898000637898744,0,NONE,NONE,NONE,,,,,False,False,,NONE,NONE,NONE,,,,,False,False,,sub2
T00932,LONG,37392,37392,37393,37396,2025-10-23T00:00:03+00:00,4091.584546165388,4080.35377932,4102.815313010777,4080.35377932,loss,-11.390766845388043,-1.0142465783683825,0,NONE,NONE,NONE,,,,,False,False,,NONE,NONE,NONE,,,,,False,False,,sub2
T00933,LONG,37402,37402,37403,37462,2025-10-23T00:50:03+00:00,4083.4222802545482,4065.82136064,4101.023199869096,4101.023199869096,win,17.440919614547965,0.9909095658917697,0,NONE,NONE,NONE,,,,,False,False,,NONE,NONE,NONE,,,,,False,False,,sub2
T00934,SHORT,37471,37471,37472,37483,2025-10-23T06:35:03+00:00,4115.894631258982,4137.877508480001,4093.911754037964,4093.911754037964,win,21.822877221018643,0.9927216078954909,0,NONE,NONE,NONE,,,,,False,False,,NONE,NONE,NONE,,,,,False,False,,sub2
T00935,LONG,37532,37532,37533,37535,2025-10-23T11:40:03+00:00,4113.940240471283,4109.32762032,4118.552860622565,4109.32762032,loss,-4.772620151282354,-1.034687443308196,0,NONE,NONE,NONE,,,,,False,False,,NONE,NONE,NONE,,,,,False,False,,sub2
T00936,SHORT,37535,37535,37536,37536,2025-10-23T11:55:03+00:00,4113.58351846485,4117.86570804,4109.301328889701,4109.301328889701,win,4.122189575149605,0.9626359372484647,0,NONE,NONE,NONE,,,,,False,False,,NONE,NONE,NONE,,,,,False,False,,sub2
T00937,LONG,37536,37536,37537,37538,2025-10-23T12:00:03+00:00,4113.59436177795,4107.57869028,4119.610033275901,4107.57869028,loss,-6.175671497950134,-1.0265971970135621,0,NONE,NONE,NONE,,,,,False,False,,NONE,NONE,NONE,,,,,False,False,,sub2
T00938,SHORT,37562,37562,37563,37592,2025-10-23T14:10:03+00:00,4142.823183580182,4154.8511874000005,4130.795179760363,4130.795179760363,win,11.868003819819023,0.9866977095786902,0,NONE,NONE,NONE,,,,,False,False,,NONE,NONE,NONE,,,,,False,False,,sub2
T00939,SHORT,37647,37647,37648,37662,2025-10-23T22:15:03+00:00,4121.2776903284,4132.08827692,4110.467103736801,4110.467103736801,win,10.650586591599676,0.9851996930375467,0,NONE,NONE,NONE,,,,,False,False,,NONE,NONE,NONE,,,,,False,False,,sub2
T00940,LONG,37725,37725,37727,37740,2025-10-24T04:45:03+00:00,4110.9893584971405,4102.65788712,4119.320829874281,4102.65788712,loss,-8.491471377140442,-1.0192042909057881,0,NONE,NONE,NONE,,,,,False,False,,NONE,NONE,NONE,,,,,False,False,,sub2
T00941,LONG,37754,37754,37755,37762,2025-10-24T07:10:03+00:00,4094.1173080235612,4081.22874432,4107.005871727122,4081.22874432,loss,-13.048563703561285,-1.0124141063100494,0,NONE,NONE,NONE,,,,,False,False,,NONE,NONE,NONE,,,,,False,False,,sub2
T00942,LONG,37773,37773,37774,37800,2025-10-24T08:45:03+00:00,4063.310612306376,4047.29510172,4079.3261228927518,4047.29510172,loss,-16.17551058637582,-1.009990315271994,0,NONE,NONE,NONE,,,,,False,False,,NONE,NONE,NONE,,,,,False,False,,sub2
T00943,LONG,37801,37801,37802,37818,2025-10-24T11:05:03+00:00,4058.3931895561177,4043.81624088,4072.9701382322355,4072.9701382322355,win,14.416948676117954,0.9890237659777186,0,NONE,NONE,NONE,,,,,False,False,,NONE,NONE,NONE,,,,,False,False,,sub2
T00944,SHORT,37846,37846,37847,37861,2025-10-24T14:50:03+00:00,4120.95253983138,4135.3304066,4106.57467306276,4135.3304066,loss,-14.537866768620006,-1.0111282155117096,0,BEARISH,NONE,ALIGNED,37838.0,37843.0,37827.0,3.0,False,True,bearish|37838|37827|37843,BEARISH,NONE,ALIGNED,37838.0,37843.0,37827.0,3.0,False,True,bearish|37838|37827|37843,sub2
T00945,SHORT,37867,37867,37868,37868,2025-10-24T16:35:03+00:00,4130.455362129113,4138.737542880001,4122.173181378226,4122.173181378226,win,8.12218075088731,0.9806814165480854,0,NONE,NONE,NONE,,,,,False,False,,NONE,NONE,NONE,,,,,False,False,,sub2
T00946,LONG,37921,37921,37922,37928,2025-10-26T22:10:03+00:00,4104.996258151654,4073.99003388,4136.002482423308,4073.99003388,loss,-31.166224271653846,-1.0051602542314746,0,BULLISH,NONE,ALIGNED,37910.0,37915.0,37884.0,6.0,True,False,bullish|37910|37884|37915,BULLISH,NONE,ALIGNED,37910.0,37915.0,37884.0,6.0,True,False,bullish|37910|37884|37915,sub2
T00947,LONG,38000,38000,38001,38007,2025-10-27T04:45:03+00:00,4064.37448676713,4053.57085068,4075.1781228542595,4075.1781228542595,win,10.643636087129835,0.9851901712803468,0,NONE,NONE,NONE,,,,,False,False,,NONE,NONE,NONE,,,,,False,False,,sub2
T00948,LONG,38058,38058,38059,38077,2025-10-27T09:35:03+00:00,4044.841713564873,4023.19006596,4066.4933611697456,4023.19006596,loss,-21.811647604872633,-1.0073897378582795,0,NONE,NONE,NONE,,,,,False,False,,NONE,NONE,NONE,,,,,False,False,,sub2
T00949,SHORT,38102,38102,38103,38105,2025-10-27T13:15:03+00:00,4038.966762275202,4050.4370110000004,4027.496513550404,4027.496513550404,win,11.310248724798385,0.9860508691800257,0,NONE,NONE,NONE,,,,,False,False,,NONE,NONE,NONE,,,,,False,False,,sub2
T00950,LONG,38129,38129,38130,38148,2025-10-27T15:30:03+00:00,3987.6089125524554,3971.18914608,4004.028679024911,4004.028679024911,win,16.259766472455794,0.9902556470417374,0,BULLISH,NONE,ALIGNED,38124.0,38129.0,38115.0,0.0,True,False,bullish|38124|38115|38129,BULLISH,NONE,ALIGNED,38124.0,38129.0,38115.0,0.0,True,False,bullish|38124|38115|38129,sub2
T00951,SHORT,38204,38204,38205,38208,2025-10-27T22:45:03+00:00,3990.4964871388847,3996.6358590400005,3984.357115237769,3984.357115237769,win,5.979371901115883,0.97393870210554,0,NONE,NONE,NONE,,,,,False,False,,NONE,NONE,NONE,,,,,False,False,,sub2
T00952,SHORT,38244,38244,38245,38247,2025-10-28T02:05:03+00:00,4010.0030553725746,4019.92779068,4000.0783200651495,4000.0783200651495,win,9.764735307425326,0.9838786632546108,0,NONE,NONE,NONE,,,,,False,False,,NONE,NONE,NONE,,,,,False,False,,sub2
T00953,LONG,38281,38281,38282,38285,2025-10-28T05:10:03+00:00,3976.241101903082,3963.4864542,3988.995749606164,3963.4864542,loss,-12.914647703081755,-1.012544446834168,0,NONE,NONE,NONE,,,,,False,False,,NONE,NONE,NONE,,,,,False,False,,sub2
T00954,LONG,38330,38330,38331,38349,2025-10-28T09:15:03+00:00,3905.6868250405983,3886.3845383999997,3924.989111681197,3924.989111681197,win,19.14228664059874,0.9917108266508008,0,NONE,NONE,NONE,,,,,False,False,,NONE,NONE,NONE,,,,,False,False,,sub2
T00955,SHORT,38381,38381,38382,38383,2025-10-28T13:30:03+00:00,3924.8737778193677,3933.94035132,3915.8072043187353,3915.8072043187353,win,8.906573500632476,0.9823527598393489,0,NONE,NONE,NONE,,,,,False,False,,NONE,NONE,NONE,,,,,False,False,,sub2
T00956,SHORT,38411,38411,38412,38425,2025-10-28T16:00:03+00:00,3959.845866586267,3969.75078368,3949.9409494925344,3969.75078368,loss,-10.064917093732674,-1.0161535930574412,0,NONE,NONE,NONE,,,,,False,False,,NONE,NONE,NONE,,,,,False,False,,sub2
T00957,LONG,38476,38476,38477,38503,2025-10-28T22:25:03+00:00,3946.253091157716,3915.79736184,3976.708820475432,3976.708820475432,win,28.647829317715996,0.9406384269724838,1,NONE,NONE,NONE,,,,,False,False,,NONE,NONE,NONE,,,,,False,False,,sub2
T00958,SHORT,38512,38512,38513,38521,2025-10-29T01:25:03+00:00,3974.126853997625,3982.4392912000003,3965.8144167952496,3965.8144167952496,win,8.152437202375495,0.9807517342862894,0,NONE,NONE,NONE,,,,,False,False,,NONE,NONE,NONE,,,,,False,False,,sub2
T00959,SHORT,38626,38626,38627,38630,2025-10-29T10:55:03+00:00,4024.666420442948,4029.8671882400004,4019.4656526458957,4019.4656526458957,win,5.040767797052467,0.9692353117379056,0,BEARISH,NONE,ALIGNED,38619.0,38624.0,38613.0,2.0,False,True,bearish|38619|38613|38624,BEARISH,NONE,ALIGNED,38619.0,38624.0,38613.0,2.0,False,True,bearish|38619|38613|38624,sub2
T00960,SHORT,38646,38646,38647,38651,2025-10-29T12:35:03+00:00,4022.8411954199537,4030.4292107200004,4015.253180119907,4015.253180119907,win,7.428015300046809,0.9789141173715252,0,BEARISH,NONE,ALIGNED,38641.0,38646.0,38619.0,0.0,False,True,bearish|38641|38619|38646,NONE,NONE,NONE,,,,,False,False,,sub2
T00961,LONG,38663,38663,38670,38680,2025-10-29T14:00:03+00:00,4013.7426339713065,4002.3059013599996,4025.1793665826135,4002.3059013599996,loss,-11.596732611306834,-1.0139900096852548,0,NONE,NONE,NONE,,,,,False,False,,NONE,NONE,NONE,,,,,False,False,,sub2
T00962,LONG,38690,38690,38691,38704,2025-10-29T16:15:03+00:00,4000.240585759785,3989.0694308399998,4011.4117406795704,3989.0694308399998,loss,-11.331154919785149,-1.0143226014811126,0,NONE,NONE,NONE,,,,,False,False,,NONE,NONE,NONE,,,,,False,False,,sub2
T00963,LONG,38706,38706,38707,38711,2025-10-29T17:35:03+00:00,3994.0313167179943,3985.45457544,4002.6080579959885,3985.45457544,loss,-8.736741277994042,-1.018655103939112,0,NONE,NONE,NONE,,,,,False,False,,NONE,NONE,NONE,,,,,False,False,,sub2
T00964,LONG,38725,38725,38726,38729,2025-10-29T19:10:03+00:00,3968.3482036138707,3942.70028568,3993.9961215477415,3942.70028568,loss,-25.807917933870613,-1.006238323142346,0,NONE,NONE,NONE,,,,,False,False,,NONE,NONE,NONE,,,,,False,False,,sub2
T00965,LONG,38739,38739,38740,38747,2025-10-29T20:20:03+00:00,3946.2907741018635,3927.7528835999997,3964.8286646037272,3927.7528835999997,loss,-18.69789050186364,-1.0086309712522992,0,BULLISH,NONE,ALIGNED,38731.0,38736.0,38718.0,3.0,True,False,bullish|38731|38718|38736,BULLISH,NONE,ALIGNED,38731.0,38736.0,38718.0,3.0,True,False,bullish|38731|38718|38736,sub2
T00966,LONG,38749,38749,38750,38771,2025-10-29T22:10:03+00:00,3935.960382175854,3917.00631348,3954.9144508717086,3954.9144508717086,win,18.24476869585455,0.9625779556156726,1,NONE,NONE,NONE,,,,,False,False,,NONE,NONE,NONE,,,,,False,False,,sub2
T00967,SHORT,38785,38785,38787,38795,2025-10-30T01:10:03+00:00,3952.2460342879376,3966.53165492,3937.960413655875,3937.960413655875,win,14.125620632062692,0.9887999265750659,0,NONE,NONE,NONE,,,,,False,False,,NONE,NONE,NONE,,,,,False,False,,sub2
T00968,LONG,38812,38812,38816,38822,2025-10-30T03:25:03+00:00,3930.999011906934,3915.1443879599997,3946.853635853868,3946.853635853868,win,15.694623946934371,0.98990830684251,0,NONE,NONE,NONE,,,,,False,False,,NONE,NONE,NONE,,,,,False,False,,sub2
T00969,SHORT,38888,38888,38889,38897,2025-10-30T09:45:03+00:00,3995.736371170241,4012.0154742,3979.457268140482,3979.457268140482,win,16.119103029759117,0.9901714486536901,0,NONE,NONE,NONE,,,,,False,False,,NONE,NONE,NONE,,,,,False,False,,sub2
T00970,LONG,38915,38915,38917,38926,2025-10-30T12:00:03+00:00,3975.6666746753876,3963.8464398,3987.486909550775,3963.8464398,loss,-11.980234875387396,-1.0135361100423657,0,NONE,NONE,NONE,,,,,False,False,,NONE,NONE,NONE,,,,,False,False,,sub2
T00971,LONG,38927,38927,38928,38937,2025-10-30T13:00:03+00:00,3972.7703742541507,3959.9525955599997,3985.5881529483017,3985.5881529483017,win,12.657778694151148,0.9875173379243265,0,NONE,NONE,NONE,,,,,False,False,,NONE,NONE,NONE,,,,,False,False,,sub2
T00972,SHORT,38946,38946,38948,38984,2025-10-30T14:35:03+00:00,3994.338154759703,4014.99859352,3973.6777159994053,4014.99859352,loss,-20.820438760297293,-1.0077442692217806,0,NONE,NONE,NONE,,,,,False,False,,NONE,NONE,NONE,,,,,False,False,,sub2
T00973,SHORT,38986,38986,38988,38999,2025-10-30T17:55:03+00:00,4005.2053152824783,4018.04371532,3992.3669152449565,4018.04371532,loss,-12.998400037521606,-1.0124626121270748,0,NONE,NONE,NONE,,,,,False,False,,NONE,NONE,NONE,,,,,False,False,,sub2
T00974,LONG,39025,39025,39026,39032,2025-10-30T22:10:03+00:00,4021.9359488207756,4016.16734688,4027.704550761551,4027.704550761551,win,5.60860194077577,0.9722636434889211,0,BEARISH,NONE,OPPOSED,39020.0,39025.0,39001.0,0.0,False,True,bearish|39020|39001|39025,NONE,NONE,NONE,,,,,False,False,,sub2
T00975,SHORT,39037,39037,39038,39073,2025-10-30T23:10:03+00:00,4028.7265852620917,4046.57485652,4010.8783140041833,4010.8783140041833,win,17.688271257908582,0.9910355463737722,1,NONE,NONE,NONE,,,,,False,False,,NONE,NONE,NONE,,,,,False,False,,sub2
T00976,LONG,39186,39186,39187,39192,2025-10-31T11:35:03+00:00,4006.3913974590623,4001.50593336,4011.2768615581244,4011.2768615581244,win,4.725464099062265,0.9672497849220568,0,NONE,NONE,NONE,,,,,False,False,,NONE,NONE,NONE,,,,,False,False,,sub2
T00977,SHORT,39359,39359,39360,39364,2025-11-03T04:00:03+00:00,4008.9197179581006,4015.71762228,4002.1218136362013,4002.1218136362013,win,6.637904321899441,0.9764633345184901,0,NONE,NONE,NONE,,,,,False,False,,NONE,NONE,NONE,,,,,False,False,,sub2
T00978,SHORT,39397,39397,39399,39405,2025-11-03T07:10:03+00:00,4017.0362535656745,4023.8069458400005,4010.2655612913486,4023.8069458400005,loss,-6.930692274325793,-1.0236312615486256,0,NONE,NONE,NONE,,,,,False,False,,NONE,NONE,NONE,,,,,False,False,,sub2
T00979,SHORT,39409,39409,39410,39411,2025-11-03T08:10:03+00:00,4022.057597750814,4027.99711344,4016.118082061628,4016.118082061628,win,5.779515689186155,0.9730617766880952,0,NONE,NONE,NONE,,,,,False,False,,NONE,NONE,NONE,,,,,False,False,,sub2
T00980,SHORT,39460,39460,39461,39461,2025-11-03T12:25:03+00:00,4005.5117670591094,4008.80834592,4002.2151881982186,4008.80834592,loss,-3.4565788608906587,-1.0485351653188175,0,NONE,NONE,NONE,,,,,False,False,,NONE,NONE,NONE,,,,,False,False,,sub2
T00981,SHORT,39480,39480,39481,39484,2025-11-03T14:05:03+00:00,4015.2826692035887,4021.03383492,4009.5315034871774,4009.5315034871774,win,5.591165716411524,0.9721795531741882,0,NONE,NONE,NONE,,,,,False,False,,NONE,NONE,NONE,,,,,False,False,,sub2
T00982,LONG,39512,39512,39516,39540,2025-11-03T16:45:03+00:00,4005.399449106031,3995.16718692,4015.6317112920624,3995.16718692,loss,-10.392262186031076,-1.0156368158957343,0,NONE,NONE,NONE,,,,,False,False,,NONE,NONE,NONE,,,,,False,False,,sub2
T00983,LONG,39543,39543,39544,39555,2025-11-03T19:20:03+00:00,4003.7809668124855,3994.9241966399995,4012.6377369849715,4012.6377369849715,win,8.69677017248614,0.9819347237329357,0,NONE,NONE,NONE,,,,,False,False,,NONE,NONE,NONE,,,,,False,False,,sub2
T00984,LONG,39581,39581,39582,39595,2025-11-03T23:30:03+00:00,3998.127424729365,3980.73176436,4015.52308509873,3980.73176436,loss,-18.104960369364886,-1.0407745371511725,1,NONE,NONE,NONE,,,,,False,False,,NONE,NONE,NONE,,,,,False,False,,sub2
T00985,LONG,39599,39599,39600,39611,2025-11-04T01:00:03+00:00,3989.990892965914,3978.0308723999997,4001.9509135318285,3978.0308723999997,loss,-12.120020565914274,-1.013377903417311,0,NONE,NONE,NONE,,,,,False,False,,NONE,NONE,NONE,,,,,False,False,,sub2
T00986,LONG,39616,39616,39617,39625,2025-11-04T02:25:03+00:00,3982.8614878166236,3975.3079813199997,3990.4149943132475,3990.4149943132475,win,7.393506496624013,0.9788177848167114,0,NONE,NONE,NONE,,,,,False,False,,NONE,NONE,NONE,,,,,False,False,,sub2
T00987,LONG,39665,39665,39666,39670,2025-11-04T06:30:03+00:00,3976.298182575987,3966.61432908,3985.982036071974,3985.982036071974,win,9.523853495987169,0.9834776517358345,0,NONE,NONE,NONE,,,,,False,False,,NONE,NONE,NONE,,,,,False,False,,sub2
T00988,SHORT,39726,39726,39727,39728,2025-11-04T11:35:03+00:00,3993.69024950456,3995.89882956,3991.48166944912,3995.89882956,loss,-2.3685800554399066,-1.0724447364295224,0,NONE,NONE,NONE,,,,,False,False,,NONE,NONE,NONE,,,,,False,False,,sub2
T00989,LONG,39766,39766,39767,39960,2025-11-04T14:55:03+00:00,3953.8139314038935,3928.6528476,3978.9750152077872,3978.9750152077872,win,23.353183803893835,0.9281469743477393,1,NONE,NONE,NONE,,,,,False,False,,NONE,NONE,NONE,,,,,False,False,,sub2
T00990,SHORT,39971,39971,39972,39974,2025-11-05T09:00:03+00:00,3979.7037692973345,3987.25048364,3972.157054954669,3972.157054954669,win,7.3867143426655275,0.9787987205113498,0,NONE,NONE,NONE,,,,,False,False,,NONE,NONE,NONE,,,,,False,False,,sub2
T00991,SHORT,40014,40014,40016,40019,2025-11-05T12:35:03+00:00,3965.442585427635,3970.0687964,3960.8163744552703,3970.0687964,loss,-4.786210972364643,-1.0345855389984662,0,NONE,NONE,NONE,,,,,False,False,,NONE,NONE,NONE,,,,,False,False,,sub2
T00992,SHORT,40022,40022,40023,40023,2025-11-05T13:15:03+00:00,3967.9710552386623,3974.8469875200003,3961.0951229573243,3974.8469875200003,loss,-7.035932281337864,-1.0232695718126996,0,NONE,NONE,NONE,,,,,False,False,,NONE,NONE,NONE,,,,,False,False,,sub2
T00993,SHORT,40070,40070,40072,40127,2025-11-05T17:15:03+00:00,3983.42220821053,3990.7026217200005,3976.141794701059,3976.141794701059,win,7.120413509470836,0.978023226319258,0,NONE,NONE,NONE,,,,,False,False,,NONE,NONE,NONE,,,,,False,False,,sub2
T00994,LONG,40134,40134,40135,40152,2025-11-05T23:35:03+00:00,3974.261549357472,3966.55533144,3981.9677672749444,3966.55533144,loss,-8.415517917472114,-1.0920425567503955,1,NONE,NONE,NONE,,,,,False,False,,NONE,NONE,NONE,,,,,False,False,,sub2
T00995,LONG,40155,40155,40156,40163,2025-11-06T01:20:03+00:00,3971.954283594043,3964.38441828,3979.524148908086,3979.524148908086,win,7.409865314043145,0.9788635605308544,0,NONE,NONE,NONE,,,,,False,False,,NONE,NONE,NONE,,,,,False,False,,sub2
T00996,SHORT,40187,40187,40188,40204,2025-11-06T04:00:03+00:00,3985.911845563206,3990.59861756,3981.225073566412,3990.59861756,loss,-4.846771996793905,-1.034138635314306,0,NONE,NONE,NONE,,,,,False,False,,NONE,NONE,NONE,,,,,False,False,,sub2
T00997,SHORT,40205,40205,40206,40211,2025-11-06T05:30:03+00:00,3988.170096789141,3991.0846370000004,3985.255556578282,3985.255556578282,win,2.7545402108594317,0.945102833234652,0,NONE,NONE,NONE,,,,,False,False,,NONE,NONE,NONE,,,,,False,False,,sub2
T00998,SHORT,40250,40250,40251,40260,2025-11-06T09:15:03+00:00,4011.6753132038675,4016.9786727200003,4006.3719536877347,4006.3719536877347,win,5.143359516132932,0.9698304443601956,0,BEARISH,NONE,ALIGNED,40240.0,40245.0,40227.0,5.0,False,True,bearish|40240|40227|40245,BEARISH,NONE,ALIGNED,40240.0,40245.0,40227.0,5.0,False,True,bearish|40240|40227|40245,sub2
T00999,SHORT,40284,40284,40285,40290,2025-11-06T12:05:03+00:00,4013.604684692354,4019.76978436,4007.4395850247083,4007.4395850247083,win,6.005099667645936,0.9740474593071823,0,NONE,NONE,NONE,,,,,False,False,,NONE,NONE,NONE,,,,,False,False,,sub2
T01000,LONG,40296,40296,40297,40302,2025-11-06T13:05:03+00:00,4009.3879518189497,4002.73888404,4016.0370195978994,4016.0370195978994,win,6.489067778949902,0.9759364763123038,0,BEARISH,NONE,OPPOSED,40282.0,40287.0,40240.0,9.0,False,True,bearish|40282|40240|40287,BEARISH,NONE,OPPOSED,40282.0,40287.0,40240.0,9.0,False,True,bearish|40282|40240|40287,sub2
T01001,LONG,40331,40331,40332,40346,2025-11-06T16:00:03+00:00,3984.2562107199474,3975.03799212,3993.4744293198946,3975.03799212,loss,-9.378218599947104,-1.0173569327159122,0,BULLISH,NONE,ALIGNED,40319.0,40324.0,40312.0,7.0,True,False,bullish|40319|40312|40324,BULLISH,NONE,ALIGNED,40319.0,40324.0,40312.0,7.0,True,False,bullish|40319|40312|40324,sub2
T01002,SHORT,40425,40425,40426,40428,2025-11-07T00:50:03+00:00,3989.38243088926,3994.6447794,3984.12008237852,3994.6447794,loss,-5.422348510739994,-1.0304046757209835,0,NONE,NONE,NONE,,,,,False,False,,NONE,NONE,NONE,,,,,False,False,,sub2
T01003,SHORT,40504,40504,40505,40513,2025-11-07T07:25:03+00:00,4004.736247851001,4010.1764006400003,3999.2960950620013,4010.1764006400003,loss,-5.600152788999367,-1.0294109386639634,0,NONE,NONE,NONE,,,,,False,False,,NONE,NONE,NONE,,,,,False,False,,sub2
T01004,SHORT,40515,40515,40516,40523,2025-11-07T08:20:03+00:00,4006.420300796949,4010.48841312,4002.352188473898,4010.48841312,loss,-4.2281123230509365,-1.039330280802044,0,NONE,NONE,NONE,,,,,False,False,,NONE,NONE,NONE,,,,,False,False,,sub2
T01005,SHORT,40529,40529,40532,40538,2025-11-07T09:30:03+00:00,4008.838942549437,4014.3555678000002,4003.3223172988737,4003.3223172988737,win,5.356625250563411,0.970996761111602,0,NONE,NONE,NONE,,,,,False,False,,NONE,NONE,NONE,,,,,False,False,,sub2
T01006,LONG,40557,40557,40558,40568,2025-11-07T11:50:03+00:00,4002.0234963710573,3993.5552514,4010.4917413421144,3993.5552514,loss,-8.628244971057029,-1.0188941156693865,0,NONE,NONE,NONE,,,,,False,False,,NONE,NONE,NONE,,,,,False,False,,sub2
T01007,LONG,40571,40571,40572,40586,2025-11-07T13:00:03+00:00,3998.2299490336495,3991.30934124,4005.150556827299,4005.150556827299,win,6.760607793649797,0.9768806433234563,0,NONE,NONE,NONE,,,,,False,False,,NONE,NONE,NONE,,,,,False,False,,sub2
T01008,LONG,40595,40595,40596,40604,2025-11-07T15:00:03+00:00,3994.8159074090854,3984.28762212,4005.344192698171,3984.28762212,loss,-10.688285289085343,-1.0151971565745586,0,NONE,NONE,NONE,,,,,False,False,,NONE,NONE,NONE,,,,,False,False,,sub2
T01009,LONG,40605,40605,40606,40609,2025-11-07T15:50:03+00:00,3991.465287502868,3983.89863768,3999.0319373257357,3999.0319373257357,win,7.406649822868076,0.9788545784798575,0,NONE,NONE,NONE,,,,,False,False,,NONE,NONE,NONE,,,,,False,False,,sub2
T01010,SHORT,40618,40618,40619,40705,2025-11-07T16:55:03+00:00,4009.4306622484046,4027.7891051200004,3991.072219376809,4027.7891051200004,loss,-18.518442871595653,-1.008715336105515,3,BULLISH,NONE,OPPOSED,40603.0,40608.0,40590.0,10.0,True,False,bullish|40603|40590|40608,NONE,NONE,NONE,,,,,False,False,,sub2
T01011,SHORT,40716,40716,40717,40739,2025-11-10T02:05:03+00:00,4040.919784078138,4053.3821288,4028.457439356276,4053.3821288,loss,-12.622344721861737,-1.012838675511774,0,NONE,NONE,NONE,,,,,False,False,,NONE,NONE,NONE,,,,,False,False,,sub2
T01012,SHORT,40747,40747,40748,40757,2025-11-10T04:40:03+00:00,4052.7445894455195,4056.99827344,4048.490905451039,4056.99827344,loss,-4.41368399448038,-1.0376144537787637,0,NONE,NONE,NONE,,,,,False,False,,NONE,NONE,NONE,,,,,False,False,,sub2
T01013,SHORT,40782,40782,40783,40788,2025-11-10T07:35:03+00:00,4074.500764469688,4079.3281666000003,4069.6733623393757,4079.3281666000003,loss,-4.987402130312148,-1.0331441209331165,0,BEARISH,NONE,ALIGNED,40777.0,40782.0,40770.0,0.0,False,True,bearish|40777|40770|40782,BEARISH,NONE,ALIGNED,40777.0,40782.0,40770.0,0.0,False,True,bearish|40777|40770|40782,sub2
T01014,SHORT,40790,40790,40791,40794,2025-11-10T08:15:03+00:00,4076.789654634772,4083.46433204,4070.114977229544,4083.46433204,loss,-6.8346774052279216,-1.0239711959524114,0,BEARISH,NONE,ALIGNED,40777.0,40782.0,40770.0,8.0,False,True,bearish|40777|40770|40782,BEARISH,NONE,ALIGNED,40777.0,40782.0,40770.0,8.0,False,True,bearish|40777|40770|40782,sub2
T01015,SHORT,40795,40795,40796,40802,2025-11-10T08:40:03+00:00,4079.282803232446,4085.3494074400005,4073.2161990248915,4073.2161990248915,win,5.906604207554665,0.9736261020950382,0,BEARISH,NONE,ALIGNED,40788.0,40793.0,40777.0,2.0,False,True,bearish|40788|40777|40793,BEARISH,NONE,ALIGNED,40788.0,40793.0,40777.0,2.0,False,True,bearish|40788|40777|40793,sub2
T01016,SHORT,40809,40809,40810,40835,2025-11-10T09:50:03+00:00,4080.2907006136843,4086.40144952,4074.1799517073687,4086.40144952,loss,-6.270748906315475,-1.0261833700668817,0,NONE,NONE,NONE,,,,,False,False,,NONE,NONE,NONE,,,,,False,False,,sub2
T01017,LONG,40871,40871,40877,40895,2025-11-10T15:00:03+00:00,4085.6143133338287,4074.2670227999997,4096.961603867658,4096.961603867658,win,11.187290533829128,0.9858997176883013,0,NONE,NONE,NONE,,,,,False,False,,NONE,NONE,NONE,,,,,False,False,,sub2
T01018,SHORT,40916,40916,40917,40953,2025-11-10T18:45:03+00:00,4106.8091423859805,4115.99863336,4097.619651411961,4115.99863336,loss,-9.349490974019318,-1.017411192899825,0,NONE,NONE,NONE,,,,,False,False,,NONE,NONE,NONE,,,,,False,False,,sub2
T01019,SHORT,40967,40967,40969,40972,2025-11-11T00:00:03+00:00,4118.748760798552,4122.8299066,4114.6676149971045,4122.8299066,loss,-4.241145801447601,-1.0392046762806406,0,NONE,NONE,NONE,,,,,False,False,,NONE,NONE,NONE,,,,,False,False,,sub2
T01020,SHORT,40989,40989,40990,41005,2025-11-11T01:50:03+00:00,4133.657461668782,4141.29964536,4126.015277977564,4141.29964536,loss,-7.802183691217579,-1.0209364242557692,0,NONE,NONE,NONE,,,,,False,False,,NONE,NONE,NONE,,,,,False,False,,sub2
T01021,SHORT,41017,41017,41020,41027,2025-11-11T04:10:03+00:00,4144.437876847435,4149.0009534,4139.8748002948705,4139.8748002948705,win,4.403076552564926,0.9649359378137272,0,BEARISH,NONE,ALIGNED,41009.0,41014.0,40985.0,3.0,False,True,bearish|41009|40985|41014,BEARISH,NONE,ALIGNED,41009.0,41014.0,40985.0,3.0,False,True,bearish|41009|40985|41014,sub2
T01022,LONG,41104,41104,41105,41107,2025-11-11T11:25:03+00:00,4140.957942251067,4138.92043656,4142.995447942134,4142.995447942134,win,1.8775056910671992,0.9214726119778043,0,NONE,NONE,NONE,,,,,False,False,,NONE,NONE,NONE,,,,,False,False,,sub2
T01023,LONG,41118,41118,41119,41121,2025-11-11T12:35:03+00:00,4140.247903021322,4136.3895378,4144.106268242644,4136.3895378,loss,-4.018365221321801,-1.0414683397817472,0,NONE,NONE,NONE,,,,,False,False,,NONE,NONE,NONE,,,,,False,False,,sub2
T01024,LONG,41161,41161,41163,41205,2025-11-11T16:10:03+00:00,4111.505285492524,4096.94311572,4126.067455265049,4126.067455265049,win,14.402169772524758,0.9890126263806005,0,NONE,NONE,NONE,,,,,False,False,,NONE,NONE,NONE,,,,,False,False,,sub2
T01025,LONG,41263,41263,41264,41275,2025-11-12T01:40:03+00:00,4133.114409171709,4126.14694752,4140.081870823417,4126.14694752,loss,-7.127461651708472,-1.0229638867062323,0,NONE,NONE,NONE,,,,,False,False,,NONE,NONE,NONE,,,,,False,False,,sub2
T01026,LONG,41300,41300,41301,41309,2025-11-12T04:45:03+00:00,4110.720156047637,4103.4458556,4117.994456495274,4103.4458556,loss,-7.434300447636815,-1.0219952421750507,0,NONE,NONE,NONE,,,,,False,False,,NONE,NONE,NONE,,,,,False,False,,sub2
T01027,LONG,41313,41313,41314,41320,2025-11-12T05:50:03+00:00,4106.70858019072,4098.76504284,4114.652117541439,4114.652117541439,win,7.783537350719598,0.9798578400357917,0,NONE,NONE,NONE,,,,,False,False,,NONE,NONE,NONE,,,,,False,False,,sub2
T01028,LONG,41381,41381,41382,41388,2025-11-12T11:30:03+00:00,4126.550059568161,4122.869078639999,4130.231040496322,4130.231040496322,win,3.520980928161407,0.9565333254579566,0,NONE,NONE,NONE,,,,,False,False,,NONE,NONE,NONE,,,,,False,False,,sub2
T01029,LONG,41405,41405,41406,41413,2025-11-12T13:30:03+00:00,4129.450022916335,4122.64408764,4136.25595819267,4136.25595819267,win,6.645935276334967,0.9764911076136448,0,NONE,NONE,NONE,,,,,False,False,,NONE,NONE,NONE,,,,,False,False,,sub2
T01030,SHORT,41459,41459,41461,41464,2025-11-12T18:00:03+00:00,4198.000786173424,4206.72926244,4189.272309906848,4206.72926244,loss,-8.888476266575708,-1.018330805413603,0,BEARISH,NONE,ALIGNED,41447.0,41452.0,41441.0,7.0,False,True,bearish|41447|41441|41452,BEARISH,NONE,ALIGNED,41447.0,41452.0,41441.0,7.0,False,True,bearish|41447|41441|41452,sub2
T01031,LONG,41523,41523,41524,41525,2025-11-13T00:20:03+00:00,4191.727884597522,4185.64156764,4197.814201555043,4197.814201555043,win,5.9263169575215215,0.9737115235508514,0,NONE,NONE,NONE,,,,,False,False,,NONE,NONE,NONE,,,,,False,False,,sub2
T01032,SHORT,41531,41531,41532,41534,2025-11-13T01:00:03+00:00,4199.260673126197,4209.5483752,4188.972971052393,4188.972971052393,win,10.127702073803448,0.984447450086324,0,NONE,NONE,NONE,,,,,False,False,,NONE,NONE,NONE,,,,,False,False,,sub2
T01033,LONG,41542,41542,41543,41557,2025-11-13T01:55:03+00:00,4190.702497065603,4179.6968054399995,4201.7081886912065,4201.7081886912065,win,10.84569162560365,0.985462067678906,0,NONE,NONE,NONE,,,,,False,False,,NONE,NONE,NONE,,,,,False,False,,sub2
T01034,SHORT,41573,41573,41574,41614,2025-11-13T04:30:03+00:00,4209.2482306333895,4219.76578388,4198.7306773867795,4219.76578388,loss,-10.677553246609932,-1.015212663653633,0,NONE,NONE,NONE,,,,,False,False,,NONE,NONE,NONE,,,,,False,False,,sub2
T01035,SHORT,41627,41627,41628,41643,2025-11-13T09:00:03+00:00,4231.496351803066,4239.6845806,4223.3081230061325,4239.6845806,loss,-8.348228796933654,-1.0195402453897928,0,NONE,NONE,NONE,,,,,False,False,,NONE,NONE,NONE,,,,,False,False,,sub2
T01036,SHORT,41675,41675,41679,41681,2025-11-13T13:00:03+00:00,4235.326321050118,4245.5018132800005,4225.150828820236,4225.150828820236,win,10.015492229882511,0.9842759449483944,0,NONE,NONE,NONE,,,,,False,False,,NONE,NONE,NONE,,,,,False,False,,sub2
T01037,LONG,41710,41710,41719,41741,2025-11-13T15:55:03+00:00,4198.938080749722,4184.339619719999,4213.536541779445,4184.339619719999,loss,-14.758461029722639,-1.0109600593976373,0,NONE,NONE,NONE,,,,,False,False,,NONE,NONE,NONE,,,,,False,False,,sub2
T01038,LONG,41754,41754,41758,41772,2025-11-13T19:35:03+00:00,4163.25363179884,4145.22318444,4181.284079157679,4181.284079157679,win,17.870447358839556,0.9911261214535859,0,NONE,NONE,NONE,,,,,False,False,,NONE,NONE,NONE,,,,,False,False,,sub2
T01039,SHORT,41804,41804,41805,41805,2025-11-14T00:45:03+00:00,4185.827858628702,4190.152599399999,4181.503117857405,4181.503117857405,win,4.164740771297147,0.9630035628813262,0,NONE,NONE,NONE,,,,,False,False,,NONE,NONE,NONE,,,,,False,False,,sub2
T01040,LONG,41807,41807,41808,41824,2025-11-14T01:00:03+00:00,4185.1690349726005,4170.03019212,4200.307877825201,4200.307877825201,win,14.978842852600792,0.9894311605214682,0,NONE,NONE,NONE,,,,,False,False,,NONE,NONE,NONE,,,,,False,False,,sub2
T01041,SHORT,41983,41983,41984,42484,2025-11-14T15:40:03+00:00,4074.3429575350365,4157.886308800001,3990.799606270072,4048.491,timeout,25.691957535036636,0.3075284525461827,4,NONE,NONE,NONE,,,,,False,False,,NONE,NONE,NONE,,,,,False,False,,sub2
T01042,LONG,42491,42491,42492,42495,2025-11-18T12:00:03+00:00,4044.1521227642293,4036.76752284,4051.5367226884587,4036.76752284,loss,-7.54459992422926,-1.021666712027944,0,BEARISH,NONE,OPPOSED,42485.0,42490.0,42476.0,1.0,False,True,bearish|42485|42476|42490,NONE,NONE,NONE,,,,,False,False,,sub2
T01043,SHORT,42525,42525,42526,42526,2025-11-18T14:50:03+00:00,4070.27052294573,4082.20528168,4058.33576421146,4058.33576421146,win,11.774758734270108,0.9865937801037885,0,NONE,NONE,NONE,,,,,False,False,,NONE,NONE,NONE,,,,,False,False,,sub2
T01044,SHORT,42588,42588,42589,42591,2025-11-18T20:05:03+00:00,4077.187360532732,4082.4362909200004,4071.9384301454634,4071.9384301454634,win,5.088930387268647,0.9695175991687867,0,NONE,NONE,NONE,,,,,False,False,,NONE,NONE,NONE,,,,,False,False,,sub2
T01045,SHORT,42617,42617,42618,42620,2025-11-18T23:30:03+00:00,4070.0183201019026,4073.7829448,4066.253695403805,4073.7829448,loss,-3.924624698097432,-1.0425009165138583,0,NONE,NONE,NONE,,,,,False,False,,NONE,NONE,NONE,,,,,False,False,,sub2
T01046,SHORT,42626,42626,42627,42627,2025-11-19T00:15:03+00:00,4072.500246745746,4078.0411151200005,4066.9593783714918,4078.0411151200005,loss,-5.700868374254242,-1.0288763401677783,0,NONE,NONE,NONE,,,,,False,False,,NONE,NONE,NONE,,,,,False,False,,sub2
T01047,SHORT,42664,42664,42665,42686,2025-11-19T03:25:03+00:00,4072.611642996677,4080.82222636,4064.4010596333537,4080.82222636,loss,-8.370583363323021,-1.0194870440892883,0,NONE,NONE,NONE,,,,,False,False,,NONE,NONE,NONE,,,,,False,False,,sub2
T01048,SHORT,42699,42699,42700,42719,2025-11-19T06:20:03+00:00,4091.4851000606864,4098.79194512,4084.178255001373,4084.178255001373,win,7.146845059313364,0.978102724404164,0,NONE,NONE,NONE,,,,,False,False,,NONE,NONE,NONE,,,,,False,False,,sub2
T01049,SHORT,42754,42754,42755,42769,2025-11-19T10:55:03+00:00,4109.8654028866185,4119.33776692,4100.393038853237,4119.33776692,loss,-9.632364033381236,-1.0168912427178687,0,NONE,NONE,NONE,,,,,False,False,,NONE,NONE,NONE,,,,,False,False,,sub2
T01050,SHORT,42770,42770,42771,42780,2025-11-19T12:15:03+00:00,4113.976310278548,4120.04579524,4107.906825317096,4107.906825317096,win,5.909484961452108,0.973638619913216,0,BEARISH,NONE,ALIGNED,42758.0,42763.0,42742.0,7.0,False,True,bearish|42758|42742|42763,BEARISH,NONE,ALIGNED,42758.0,42763.0,42742.0,7.0,False,True,bearish|42758|42742|42763,sub2
T01051,LONG,42786,42786,42789,42802,2025-11-19T13:35:03+00:00,4109.730921774301,4100.623968479999,4118.837875068603,4118.837875068603,win,8.946953294302148,0.9824310068549531,0,BEARISH,NONE,OPPOSED,42774.0,42779.0,42758.0,7.0,False,True,bearish|42774|42758|42779,BEARISH,NONE,OPPOSED,42774.0,42779.0,42758.0,7.0,False,True,bearish|42774|42758|42779,sub2
T01052,SHORT,42808,42808,42810,42811,2025-11-19T15:25:03+00:00,4121.2171656418195,4132.85130744,4109.583023843639,4109.583023843639,win,11.474141798180426,0.9862473740843626,0,NONE,NONE,NONE,,,,,False,False,,BULLISH,NONE,OPPOSED,42796.0,42801.0,42789.0,7.0,True,False,bullish|42796|42789|42801,sub2
T01053,LONG,42835,42835,42836,42849,2025-11-19T17:40:03+00:00,4072.6302161255708,4055.40977712,4089.8506551311416,4089.8506551311416,win,17.06043900557097,0.9907087153847766,0,NONE,NONE,NONE,,,,,False,False,,NONE,NONE,NONE,,,,,False,False,,sub2
T01054,SHORT,42908,42908,42909,42915,2025-11-20T00:45:03+00:00,4103.301270685422,4110.504413600001,4096.098127770844,4096.098127770844,win,7.043142914578311,0.9777874738989232,0,NONE,NONE,NONE,,,,,False,False,,NONE,NONE,NONE,,,,,False,False,,sub2
T01055,LONG,42932,42932,42933,42999,2025-11-20T02:45:03+00:00,4065.821158625842,4039.7034053999996,4091.9389118516847,4039.7034053999996,loss,-26.27775322584239,-1.0061261012238043,0,NONE,NONE,NONE,,,,,False,False,,NONE,NONE,NONE,,,,,False,False,,sub2
T01056,LONG,43001,43001,43002,43006,2025-11-20T08:30:03+00:00,4052.65476608879,4038.52445256,4066.78507961758,4066.78507961758,win,13.97031352879003,0.9886768259123294,0,NONE,NONE,NONE,,,,,False,False,,NONE,NONE,NONE,,,,,False,False,,sub2
T01057,SHORT,43040,43040,43041,43044,2025-11-20T11:45:03+00:00,4059.472580215842,4068.5827368,4050.3624236316837,4068.5827368,loss,-9.27015658415803,-1.017562815580808,0,NONE,NONE,NONE,,,,,False,False,,NONE,NONE,NONE,,,,,False,False,,sub2
T01058,SHORT,43061,43061,43062,43062,2025-11-20T13:30:03+00:00,4082.062684926118,4094.77678452,4069.348585332236,4094.77678452,loss,-12.874099593881965,-1.0125844538827464,0,NONE,NONE,NONE,,,,,False,False,,NONE,NONE,NONE,,,,,False,False,,sub2
T01059,SHORT,43063,43063,43064,43076,2025-11-20T13:40:03+00:00,4083.226845420475,4096.6688602,4069.7848306409496,4096.6688602,loss,-13.602014779525234,-1.0119029775390191,0,NONE,NONE,NONE,,,,,False,False,,NONE,NONE,NONE,,,,,False,False,,sub2
T01060,SHORT,43080,43080,43081,43090,2025-11-20T15:05:03+00:00,4089.643371821765,4107.34628728,4071.94045636353,4071.94045636353,win,17.542915458235257,0.9909619406827465,0,NONE,NONE,NONE,,,,,False,False,,NONE,NONE,NONE,,,,,False,False,,sub2
T01061,LONG,43107,43107,43108,43131,2025-11-20T17:20:03+00:00,4058.836751537324,4043.51225304,4074.1612500346478,4074.1612500346478,win,15.164498497324075,0.9895592015603124,0,NONE,NONE,NONE,,,,,False,False,,NONE,NONE,NONE,,,,,False,False,,sub2
T01062,SHORT,43173,43173,43177,43179,2025-11-20T23:50:03+00:00,4081.160425482517,4088.98055268,4073.340298285034,4073.340298285034,win,7.660127197483234,0.9795399747396244,0,NONE,NONE,NONE,,,,,False,False,,NONE,NONE,NONE,,,,,False,False,,sub2
T01063,LONG,43183,43183,43184,43186,2025-11-21T00:40:03+00:00,4077.3078209884134,4071.58912992,4083.026512056827,4071.58912992,loss,-5.8786910684134455,-1.027978430393555,0,NONE,NONE,NONE,,,,,False,False,,NONE,NONE,NONE,,,,,False,False,,sub2
T01064,LONG,43220,43220,43221,43231,2025-11-21T03:45:03+00:00,4056.671080347719,4049.16202704,4064.180133655438,4049.16202704,loss,-7.669053307718968,-1.0213076127499825,0,NONE,NONE,NONE,,,,,False,False,,NONE,NONE,NONE,,,,,False,False,,sub2
T01065,LONG,43235,43235,43237,43244,2025-11-21T05:00:03+00:00,4053.25265641152,4047.6170888399997,4058.8882239830405,4047.6170888399997,loss,-5.795567571520223,-1.0283911066577256,0,NONE,NONE,NONE,,,,,False,False,,NONE,NONE,NONE,,,,,False,False,,sub2
T01066,LONG,43264,43264,43265,43271,2025-11-21T07:25:03+00:00,4035.9392951122013,4024.66100712,4047.217583104403,4024.66100712,loss,-11.438287992201367,-1.01418655030892,0,BULLISH,NONE,ALIGNED,43252.0,43257.0,43245.0,7.0,True,False,bullish|43252|43245|43257,BULLISH,NONE,ALIGNED,43252.0,43257.0,43245.0,7.0,True,False,bullish|43252|43245|43257,sub2
T01067,LONG,43272,43272,43273,43276,2025-11-21T08:05:03+00:00,4034.08893994393,4022.0971096799994,4046.080770207861,4046.080770207861,win,11.831830263930897,0.9866575829978927,0,BULLISH,NONE,ALIGNED,43260.0,43265.0,43252.0,7.0,True,False,bullish|43260|43252|43265,BULLISH,NONE,ALIGNED,43260.0,43265.0,43252.0,7.0,True,False,bullish|43260|43252|43265,sub2
T01068,SHORT,43312,43312,43313,43313,2025-11-21T11:25:03+00:00,4039.6763975572803,4041.86866828,4037.484126834561,4037.484126834561,win,2.032270722719659,0.9270163131123813,0,NONE,NONE,NONE,,,,,False,False,,NONE,NONE,NONE,,,,,False,False,,sub2
T01069,SHORT,43346,43346,43353,43363,2025-11-21T14:15:03+00:00,4072.184056507582,4084.13135872,4060.2367542951642,4060.2367542951642,win,11.787302212418126,0.986607855300291,0,NONE,NONE,NONE,,,,,False,False,,NONE,NONE,NONE,,,,,False,False,,sub2
T01070,SHORT,43383,43383,43384,43421,2025-11-21T17:20:03+00:00,4083.3766022548634,4101.47605248,4065.2771520297265,4065.2771520297265,win,17.93945022513708,0.9911599524842117,0,NONE,NONE,NONE,,,,,False,False,,NONE,NONE,NONE,,,,,False,False,,sub2
T01071,SHORT,43445,43445,43446,43453,2025-11-23T23:30:03+00:00,4068.940171866959,4077.8581078,4060.022235933918,4060.022235933918,win,8.757935933041153,0.9820586286780718,1,NONE,NONE,NONE,,,,,False,False,,NONE,NONE,NONE,,,,,False,False,,sub2
T01072,LONG,43462,43462,43463,43464,2025-11-24T00:55:03+00:00,4065.893804500051,4058.0576711999997,4073.729937800102,4058.0576711999997,loss,-7.996133300051042,-1.020418233569203,0,NONE,NONE,NONE,,,,,False,False,,NONE,NONE,NONE,,,,,False,False,,sub2
T01073,LONG,43487,43487,43489,43494,2025-11-24T03:00:03+00:00,4047.0879248347374,4040.4203767199997,4053.755472949475,4053.755472949475,win,6.507548114737801,0.9760031727935795,0,NONE,NONE,NONE,,,,,False,False,,NONE,NONE,NONE,,,,,False,False,,sub2
T01074,LONG,43516,43516,43517,43524,2025-11-24T05:25:03+00:00,4046.632865622399,4039.6804063199997,4053.5853249247984,4053.5853249247984,win,6.792459302399493,0.9769865607203717,0,NONE,NONE,NONE,,,,,False,False,,NONE,NONE,NONE,,,,,False,False,,sub2
T01075,SHORT,43596,43596,43598,43601,2025-11-24T12:05:03+00:00,4069.62776517116,4074.45497168,4064.8005586623194,4074.45497168,loss,-4.987206508840245,-1.0331454640912576,0,NONE,NONE,NONE,,,,,False,False,,NONE,NONE,NONE,,,,,False,False,,sub2
T01076,SHORT,43615,43615,43616,43625,2025-11-24T13:40:03+00:00,4079.169663277067,4086.2064417200004,4072.132884834133,4072.132884834133,win,6.876778442933755,0.9772623223400578,0,NONE,NONE,NONE,,,,,False,False,,NONE,NONE,NONE,,,,,False,False,,sub2
T01077,SHORT,43686,43686,43687,43697,2025-11-24T19:35:03+00:00,4114.844470805752,4125.91402996,4103.774911651504,4125.91402996,loss,-11.229559154247909,-1.0144540534785844,0,NONE,NONE,NONE,,,,,False,False,,NONE,NONE,NONE,,,,,False,False,,sub2
T01078,SHORT,43729,43729,43731,43738,2025-11-25T00:10:03+00:00,4137.175053378361,4144.774784360001,4129.57532239672,4129.57532239672,win,7.439730981640423,0.9789466231914803,0,NONE,NONE,NONE,,,,,False,False,,NONE,NONE,NONE,,,,,False,False,,sub2
T01079,SHORT,43765,43765,43766,43816,2025-11-25T03:10:03+00:00,4147.10123630929,4155.9862328,4138.216239818579,4138.216239818579,win,8.72499649071051,0.9819921144406595,0,NONE,NONE,NONE,,,,,False,False,,NONE,NONE,NONE,,,,,False,False,,sub2
T01080,LONG,43837,43837,43839,43886,2025-11-25T09:10:03+00:00,4125.847092988812,4108.99163376,4142.702552217624,4142.702552217624,win,16.69545922881207,0.9905075265035581,0,NONE,NONE,NONE,,,,,False,False,,NONE,NONE,NONE,,,,,False,False,,sub2
T01081,SHORT,43896,43896,43897,43900,2025-11-25T14:05:03+00:00,4142.944217163466,4151.09003696,4134.7983973669325,4134.7983973669325,win,7.985819796534088,0.980358023624837,0,NONE,NONE,NONE,,,,,False,False,,NONE,NONE,NONE,,,,,False,False,,sub2
T01082,LONG,43908,43908,43909,43931,2025-11-25T15:05:03+00:00,4128.287891988438,4110.86955864,4145.706225336876,4145.706225336876,win,17.2583333484381,0.9908142761537972,0,NONE,NONE,NONE,,,,,False,False,,NONE,NONE,NONE,,,,,False,False,,sub2
T01083,SHORT,43941,43941,43943,43950,2025-11-25T17:50:03+00:00,4148.08803049898,4159.66437992,4136.511681077959,4136.511681077959,win,11.41634942102064,0.9861787171256835,0,NONE,NONE,NONE,,,,,False,False,,NONE,NONE,NONE,,,,,False,False,,sub2
T01084,SHORT,43997,43997,43998,44004,2025-11-25T23:30:03+00:00,4132.727544447842,4137.17948056,4128.2756083356835,4137.17948056,loss,-4.611936112158219,-1.0359394196073233,1,NONE,NONE,NONE,,,,,False,False,,NONE,NONE,NONE,,,,,False,False,,sub2
T01085,SHORT,44012,44012,44013,44014,2025-11-26T00:45:03+00:00,4137.973314092913,4142.96871212,4132.977916065825,4142.96871212,loss,-5.155398027087358,-1.032029479759622,0,NONE,NONE,NONE,,,,,False,False,,NONE,NONE,NONE,,,,,False,False,,sub2
T01086,LONG,44160,44160,44161,44172,2025-11-26T13:05:03+00:00,4160.412349922359,4148.61704868,4172.207651164717,4148.61704868,loss,-11.955301242358473,-1.013564723504074,0,NONE,NONE,NONE,,,,,False,False,,NONE,NONE,NONE,,,,,False,False,,sub2
T01087,LONG,44177,44177,44178,44183,2025-11-26T14:30:03+00:00,4150.7355762170755,4139.71240488,4161.758747554151,4139.71240488,loss,-11.183171337075692,-1.0145148791674592,0,NONE,NONE,NONE,,,,,False,False,,NONE,NONE,NONE,,,,,False,False,,sub2
T01088,SHORT,44272,44272,44276,44280,2025-11-26T23:25:03+00:00,4165.730411808611,4169.1107577600005,4162.350065857222,4162.350065857222,win,3.2203459513893904,0.9526675664855847,1,NONE,NONE,NONE,,,,,False,False,,NONE,NONE,NONE,,,,,False,False,,sub2
T01089,LONG,44283,44283,44286,44288,2025-11-27T00:20:03+00:00,4165.3593613619,4162.17050652,4168.548216203799,4162.17050652,loss,-3.348854841899083,-1.0501747517314275,0,NONE,NONE,NONE,,,,,False,False,,NONE,NONE,NONE,,,,,False,False,,sub2
T01090,LONG,44304,44304,44305,44312,2025-11-27T02:05:03+00:00,4154.606364655258,4148.56005096,4160.652678350517,4148.56005096,loss,-6.206313695258359,-1.0264624047087278,0,NONE,NONE,NONE,,,,,False,False,,NONE,NONE,NONE,,,,,False,False,,sub2
T01091,LONG,44318,44318,44319,44328,2025-11-27T03:15:03+00:00,4149.543636014502,4143.9792342,4155.108037829004,4143.9792342,loss,-5.724401814502016,-1.02875421390002,0,NONE,NONE,NONE,,,,,False,False,,NONE,NONE,NONE,,,,,False,False,,sub2
T01092,SHORT,44421,44421,44422,44434,2025-11-27T11:50:03+00:00,4158.737644434894,4162.68450072,4154.790788149788,4154.790788149788,win,3.786856285106296,0.9594614071448129,0,NONE,NONE,NONE,,,,,False,False,,NONE,NONE,NONE,,,,,False,False,,sub2
T01093,LONG,44441,44441,44445,44450,2025-11-27T13:30:03+00:00,4154.216478240178,4148.98503396,4159.447922520356,4159.447922520356,win,5.071444280178184,0.9694157117172986,0,NONE,NONE,NONE,,,,,False,False,,NONE,NONE,NONE,,,,,False,False,,sub2
T01094,SHORT,44555,44555,44557,44569,2025-11-28T02:30:03+00:00,4188.935394039357,4193.21172176,4184.6590663187135,4184.6590663187135,win,4.116327720643312,0.9625847197754549,0,BEARISH,NONE,ALIGNED,44545.0,44550.0,44531.0,5.0,False,True,bearish|44545|44531|44550,BEARISH,NONE,ALIGNED,44545.0,44550.0,44531.0,5.0,False,True,bearish|44545|44531|44550,sub2
T01095,LONG,44590,44590,44591,44622,2025-11-28T05:25:03+00:00,4184.8289351518815,4155.70776504,4213.950105263763,4155.70776504,loss,-29.48117011188151,-1.0123621406219796,0,NONE,NONE,NONE,,,,,False,False,,NONE,NONE,NONE,,,,,False,False,,sub2
T01096,LONG,44636,44636,44643,44685,2025-11-28T09:55:03+00:00,4165.900811483321,4147.36309884,4184.438524126643,4184.438524126643,win,18.217712643321647,0.9827378918771299,0,NONE,NONE,NONE,,,,,False,False,,NONE,NONE,NONE,,,,,False,False,,sub2
T01097,SHORT,44698,44698,44702,44714,2025-11-28T15:05:03+00:00,4194.426404149443,4209.1633598,4179.689448498887,4209.1633598,loss,-14.896955650556265,-1.0108570592050206,0,NONE,NONE,NONE,,,,,False,False,,NONE,NONE,NONE,,,,,False,False,,sub2
T01098,SHORT,44726,44726,44727,44728,2025-11-28T17:25:03+00:00,4206.9750082523315,4211.688460800001,4202.261555704662,4211.688460800001,loss,-4.873452547669331,-1.033945393187201,0,NONE,NONE,NONE,,,,,False,False,,NONE,NONE,NONE,,,,,False,False,,sub2
T01099,SHORT,44747,44747,44748,44754,2025-11-28T19:10:03+00:00,4219.493345371595,4226.64805916,4212.338631583189,4212.338631583189,win,6.994713788405534,0.9776371208224788,2,NONE,NONE,NONE,,,,,False,False,,NONE,NONE,NONE,,,,,False,False,,sub2
T01100,LONG,44756,44756,44757,44770,2025-11-30T23:15:03+00:00,4217.335105935216,4205.65876692,4229.011444950433,4229.011444950433,win,10.967039015216544,0.9392532197741511,1,NONE,NONE,NONE,,,,,False,False,,NONE,NONE,NONE,,,,,False,False,,sub2
T01101,SHORT,44777,44777,44778,44779,2025-12-01T01:00:03+00:00,4226.930556119659,4233.88634868,4219.974763559318,4219.974763559318,win,6.795792560341397,0.976997588899919,0,NONE,NONE,NONE,,,,,False,False,,NONE,NONE,NONE,,,,,False,False,,sub2
T01102,SHORT,44794,44794,44801,44827,2025-12-01T02:25:03+00:00,4243.539364811701,4256.617257880001,4230.461471743401,4230.461471743401,win,12.917893068300145,0.987765613377916,0,NONE,NONE,NONE,,,,,False,False,,NONE,NONE,NONE,,,,,False,False,,sub2
T01103,SHORT,44891,44891,44892,44920,2025-12-01T10:30:03+00:00,4253.361220459356,4262.448491120001,4244.273949798712,4244.273949798712,win,8.927270660644353,0.9823929531786927,0,NONE,NONE,NONE,,,,,False,False,,NONE,NONE,NONE,,,,,False,False,,sub2
T01104,LONG,44921,44921,44924,44927,2025-12-01T13:00:03+00:00,4250.979827932884,4244.0852298,4257.874426065769,4257.874426065769,win,6.734598132884457,0.9767934262568949,0,NONE,NONE,NONE,,,,,False,False,,NONE,NONE,NONE,,,,,False,False,,sub2
T01105,LONG,44945,44945,44946,45053,2025-12-01T15:00:03+00:00,4241.287963602908,4219.50321312,4263.072714085817,4219.50321312,loss,-22.4940504829086,-1.0325594732221668,1,NONE,NONE,NONE,,,,,False,False,,NONE,NONE,NONE,,,,,False,False,,sub2
T01106,LONG,45063,45063,45066,45155,2025-12-02T01:50:03+00:00,4215.543647254313,4191.0153526799995,4240.071941828627,4191.0153526799995,loss,-24.68829457431366,-1.0065230788677582,0,NONE,NONE,NONE,,,,,False,False,,NONE,NONE,NONE,,,,,False,False,,sub2
T01107,LONG,45174,45174,45175,45178,2025-12-02T11:05:03+00:00,4187.884012740374,4180.777762199999,4194.990263280748,4194.990263280748,win,6.946250540374422,0.9774846103313116,0,BULLISH,NONE,ALIGNED,45164.0,45169.0,45156.0,5.0,True,False,bullish|45164|45156|45169,NONE,NONE,NONE,,,,,False,False,,sub2
T01108,SHORT,45198,45198,45199,45209,2025-12-02T13:05:03+00:00,4205.869425414463,4215.43961084,4196.299239988926,4215.43961084,loss,-9.730185425536547,-1.0167185893360977,0,NONE,NONE,NONE,,,,,False,False,,NONE,NONE,NONE,,,,,False,False,,sub2
T01109,SHORT,45217,45217,45218,45223,2025-12-02T14:40:03+00:00,4219.226523880404,4231.02823436,4207.424813400808,4207.424813400808,win,11.64171047959644,0.9864426431849456,0,NONE,NONE,NONE,,,,,False,False,,NONE,NONE,NONE,,,,,False,False,,sub2
T01110,LONG,45239,45239,45244,45275,2025-12-02T16:30:03+00:00,4181.159375476471,4163.399457359999,4198.919293592942,4198.919293592942,win,17.5999181164716,0.9909909494542397,0,NONE,NONE,NONE,,,,,False,False,,NONE,NONE,NONE,,,,,False,False,,sub2
T01111,LONG,45306,45306,45307,45314,2025-12-02T23:05:03+00:00,4208.009680763569,4202.59388952,4213.4254720071385,4213.4254720071385,win,5.255791243569547,0.9704567637850083,0,NONE,NONE,NONE,,,,,False,False,,NONE,NONE,NONE,,,,,False,False,,sub2
T01112,SHORT,45317,45317,45318,45326,2025-12-03T00:00:03+00:00,4210.46975798753,4216.45065128,4204.48886469506,4204.48886469506,win,5.820893292469918,0.9732481433498735,0,NONE,NONE,NONE,,,,,False,False,,NONE,NONE,NONE,,,,,False,False,,sub2
T01113,SHORT,45340,45340,45341,45342,2025-12-03T01:55:03+00:00,4215.4894219402795,4221.2798444400005,4209.6989994405585,4221.2798444400005,loss,-5.950422499720844,-1.0276318351566858,0,NONE,NONE,NONE,,,,,False,False,,NONE,NONE,NONE,,,,,False,False,,sub2
T01114,SHORT,45354,45354,45356,45365,2025-12-03T03:05:03+00:00,4224.02718885823,4229.03315456,4219.02122315646,4219.02122315646,win,4.845965701770183,0.9680381349909607,0,NONE,NONE,NONE,,,,,False,False,,NONE,NONE,NONE,,,,,False,False,,sub2
T01115,LONG,45412,45412,45413,45426,2025-12-03T07:55:03+00:00,4206.07942550439,4199.79100164,4212.36784936878,4199.79100164,loss,-6.448423864389952,-1.0254435775084911,0,BULLISH,NONE,ALIGNED,45406.0,45411.0,45387.0,1.0,True,False,bullish|45406|45387|45411,BULLISH,NONE,ALIGNED,45406.0,45411.0,45387.0,1.0,True,False,bullish|45406|45387|45411,sub2
T01116,LONG,45436,45436,45437,45439,2025-12-03T09:55:03+00:00,4202.022114705229,4196.8111208400005,4207.233108570457,4196.8111208400005,loss,-5.370993865228229,-1.0307043155562883,0,NONE,NONE,NONE,,,,,False,False,,NONE,NONE,NONE,,,,,False,False,,sub2
T01117,LONG,45442,45442,45444,45455,2025-12-03T10:25:03+00:00,4200.489212014254,4194.3122207999995,4206.6662032285085,4206.6662032285085,win,6.016991214254631,0.974097421471051,0,NONE,NONE,NONE,,,,,False,False,,NONE,NONE,NONE,,,,,False,False,,sub2
T01118,SHORT,45486,45486,45487,45492,2025-12-03T14:05:03+00:00,4225.130400153169,4240.9046294,4209.356170906338,4240.9046294,loss,-15.93422924683091,-1.010143126329421,0,NONE,NONE,NONE,,,,,False,False,,NONE,NONE,NONE,,,,,False,False,,sub2
T01119,LONG,45528,45528,45529,45543,2025-12-03T17:35:03+00:00,4211.744525008819,4195.590169679999,4227.89888033764,4195.590169679999,loss,-16.314355328820056,-1.0099044497129765,0,NONE,NONE,NONE,,,,,False,False,,NONE,NONE,NONE,,,,,False,False,,sub2
T01120,LONG,45548,45548,45549,45558,2025-12-03T19:15:03+00:00,4202.620399809121,4195.059190919999,4210.1816086982435,4210.1816086982435,win,7.401208889122245,0.9788393625482246,0,BULLISH,NONE,ALIGNED,45537.0,45542.0,45520.0,6.0,True,False,bullish|45537|45520|45542,NONE,NONE,NONE,,,,,False,False,,sub2
T01121,LONG,45582,45582,45583,45587,2025-12-03T23:05:03+00:00,4206.649466694207,4204.273822319999,4209.025111068415,4204.273822319999,loss,-2.53564437420755,-1.0673501479164853,0,NONE,NONE,NONE,,,,,False,False,,NONE,NONE,NONE,,,,,False,False,,sub2
T01122,LONG,45591,45591,45592,45595,2025-12-03T23:50:03+00:00,4206.306760847542,4202.226904200001,4210.386617495084,4210.386617495084,win,3.3705566475415645,0.8261458523481973,1,NONE,NONE,NONE,,,,,False,False,,NONE,NONE,NONE,,,,,False,False,,sub2
T01123,SHORT,45605,45605,45606,45606,2025-12-04T01:00:03+00:00,4210.907948993356,4215.9956330800005,4205.820264906711,4205.820264906711,win,4.927684086645058,0.9685515064860548,0,NONE,NONE,NONE,,,,,False,False,,NONE,NONE,NONE,,,,,False,False,,sub2
T01124,LONG,45637,45637,45638,45660,2025-12-04T03:40:03+00:00,4196.606875426238,4187.07451032,4206.139240532476,4187.07451032,loss,-9.692365106237958,-1.0167849214981441,0,NONE,NONE,NONE,,,,,False,False,,NONE,NONE,NONE,,,,,False,False,,sub2
T01125,LONG,45671,45671,45672,45690,2025-12-04T06:30:03+00:00,4184.9637943727475,4174.667006639999,4195.260582105496,4195.260582105496,win,10.136787732748417,0.9844611733141798,0,NONE,NONE,NONE,,,,,False,False,,NONE,NONE,NONE,,,,,False,False,,sub2
T01126,LONG,45731,45731,45732,45737,2025-12-04T11:30:03+00:00,4200.3424198946495,4197.04311156,4203.641728229299,4197.04311156,loss,-3.459308334648995,-1.0484950128242165,0,BEARISH,NONE,OPPOSED,45726.0,45731.0,45714.0,0.0,False,True,bearish|45726|45714|45731,BEARISH,NONE,OPPOSED,45726.0,45731.0,45714.0,0.0,False,True,bearish|45726|45714|45731,sub2
T01127,LONG,45739,45739,45740,45742,2025-12-04T12:10:03+00:00,4199.0585371691395,4193.401257240001,4204.715817098278,4193.401257240001,loss,-5.817279929138749,-1.028282143009354,0,BEARISH,NONE,OPPOSED,45726.0,45731.0,45714.0,8.0,False,True,bearish|45726|45714|45731,BEARISH,NONE,OPPOSED,45726.0,45731.0,45714.0,8.0,False,True,bearish|45726|45714|45731,sub2
T01128,LONG,45753,45753,45754,45761,2025-12-04T13:20:03+00:00,4191.885505299263,4185.307581,4198.463429598526,4198.463429598526,win,6.417924299263177,0.9756762174934455,0,NONE,NONE,NONE,,,,,False,False,,NONE,NONE,NONE,,,,,False,False,,sub2
T01129,SHORT,45769,45769,45770,45786,2025-12-04T14:40:03+00:00,4201.991958109588,4213.73054248,4190.253373739177,4213.73054248,loss,-11.8985843704113,-1.013630263663066,0,NONE,NONE,NONE,,,,,False,False,,NONE,NONE,NONE,,,,,False,False,,sub2
T01130,SHORT,45792,45792,45794,45822,2025-12-04T16:35:03+00:00,4211.541493784002,4219.58277656,4203.500211008005,4203.500211008005,win,7.8812827759975335,0.9801026770905953,0,NONE,NONE,NONE,,,,,False,False,,NONE,NONE,NONE,,,,,False,False,,sub2
T01131,SHORT,45873,45873,45874,45875,2025-12-05T00:20:03+00:00,4207.106757017176,4210.69442104,4203.519092994353,4203.519092994353,win,3.427664022823592,0.9554027358799511,0,NONE,NONE,NONE,,,,,False,False,,NONE,NONE,NONE,,,,,False,False,,sub2
T01132,LONG,45887,45887,45888,45903,2025-12-05T01:30:03+00:00,4201.1398283309445,4194.65620704,4207.623449621889,4207.623449621889,win,6.323621290945084,0.9753224328164707,0,NONE,NONE,NONE,,,,,False,False,,NONE,NONE,NONE,,,,,False,False,,sub2
T01133,SHORT,45952,45952,45953,45955,2025-12-05T06:55:03+00:00,4224.589079222037,4229.50817356,4219.669984884074,4229.50817356,loss,-5.079094337962488,-1.0325263125703994,0,NONE,NONE,NONE,,,,,False,False,,NONE,NONE,NONE,,,,,False,False,,sub2
T01134,SHORT,45959,45959,45960,45966,2025-12-05T07:30:03+00:00,4226.682035832535,4230.8592276,4222.50484406507,4222.50484406507,win,4.017191767465192,0.9616967549237149,0,BEARISH,NONE,ALIGNED,45954.0,45959.0,45942.0,0.0,False,True,bearish|45954|45942|45959,BEARISH,NONE,ALIGNED,45954.0,45959.0,45942.0,0.0,False,True,bearish|45954|45942|45959,sub2
T01135,SHORT,46006,46006,46007,46008,2025-12-05T11:25:03+00:00,4223.379443290289,4225.810025639999,4220.948860940578,4220.948860940578,win,2.2705823497108213,0.9341721542498241,0,NONE,NONE,NONE,,,,,False,False,,NONE,NONE,NONE,,,,,False,False,,sub2
T01136,SHORT,46018,46018,46019,46025,2025-12-05T12:25:03+00:00,4224.880110185712,4229.84518704,4219.915033331423,4229.84518704,loss,-5.125076854288636,-1.032225080234488,0,NONE,NONE,NONE,,,,,False,False,,NONE,NONE,NONE,,,,,False,False,,sub2
T01137,SHORT,46028,46028,46029,46030,2025-12-05T13:15:03+00:00,4225.842853096382,4233.585336640001,4218.100369552763,4233.585336640001,loss,-7.902483543618473,-1.0206652037551602,0,NONE,NONE,NONE,,,,,False,False,,NONE,NONE,NONE,,,,,False,False,,sub2
T01138,SHORT,46041,46041,46042,46046,2025-12-05T14:20:03+00:00,4233.92775086511,4239.72658228,4228.128919450221,4239.72658228,loss,-5.958831414889573,-1.0275917660908405,0,NONE,NONE,NONE,,,,,False,False,,NONE,NONE,NONE,,,,,False,False,,sub2
T01139,SHORT,46050,46050,46051,46053,2025-12-05T15:05:03+00:00,4237.693234829037,4245.85582744,4229.530642218073,4245.85582744,loss,-8.322592610963511,-1.0196016152741654,0,NONE,NONE,NONE,,,,,False,False,,NONE,NONE,NONE,,,,,False,False,,sub2
T01140,LONG,46078,46078,46079,46124,2025-12-05T17:25:03+00:00,4216.8013620667325,4198.48005408,4235.122670053465,4198.48005408,loss,-18.481307986732645,-1.0087330009470785,0,NONE,NONE,NONE,,,,,False,False,,NONE,NONE,NONE,,,,,False,False,,sub2
T01141,SHORT,46134,46134,46135,46136,2025-12-07T23:10:03+00:00,4197.9217592991245,4205.31020568,4190.533312918249,4205.31020568,loss,-7.948446380874884,-1.0757940128589174,0,NONE,NONE,NONE,,,,,False,False,,NONE,NONE,NONE,,,,,False,False,,sub2
T01142,SHORT,46153,46153,46154,46162,2025-12-08T01:00:03+00:00,4206.824436303684,4212.067475960001,4201.581396647367,4201.581396647367,win,5.0830396563169415,0.9694833511688039,0,NONE,NONE,NONE,,,,,False,False,,NONE,NONE,NONE,,,,,False,False,,sub2
T01143,SHORT,46184,46184,46186,46207,2025-12-08T03:35:03+00:00,4208.873176095694,4213.60753756,4204.138814631388,4213.60753756,loss,-4.894361464305803,-1.033795476160017,0,NONE,NONE,NONE,,,,,False,False,,NONE,NONE,NONE,,,,,False,False,,sub2
T01144,SHORT,46225,46225,46226,46226,2025-12-08T07:00:03+00:00,4216.080673769322,4219.1317585199995,4213.029589018644,4213.029589018644,win,2.8910847506776918,0.9475596343351905,0,BEARISH,NONE,ALIGNED,46219.0,46224.0,46213.0,1.0,False,True,bearish|46219|46213|46224,BEARISH,NONE,ALIGNED,46219.0,46224.0,46213.0,1.0,False,True,bearish|46219|46213|46224,sub2
T01145,SHORT,46284,46284,46285,46295,2025-12-08T11:55:03+00:00,4209.1106938815055,4214.2035614,4204.017826363011,4214.2035614,loss,-5.252867518493986,-1.0314164857850383,0,NONE,NONE,NONE,,,,,False,False,,NONE,NONE,NONE,,,,,False,False,,sub2
T01146,LONG,46310,46310,46315,46318,2025-12-08T14:05:03+00:00,4204.892266858495,4197.18010608,4212.604427636989,4197.18010608,loss,-7.872160778494617,-1.0207464554481296,0,BEARISH,NONE,OPPOSED,46296.0,46301.0,46281.0,9.0,False,True,bearish|46296|46281|46301,NONE,NONE,NONE,,,,,False,False,,sub2
T01147,SHORT,46418,46418,46419,46428,2025-12-09T00:05:03+00:00,4193.326828317148,4195.8718281599995,4190.781828474297,4190.781828474297,win,2.3849998428513572,0.9371316267663877,0,NONE,NONE,NONE,,,,,False,False,,NONE,NONE,NONE,,,,,False,False,,sub2
T01148,SHORT,46465,46465,46467,46473,2025-12-09T04:00:03+00:00,4194.240384748489,4198.96695196,4189.513817536978,4189.513817536978,win,4.566567211511028,0.9661487940740169,0,NONE,NONE,NONE,,,,,False,False,,NONE,NONE,NONE,,,,,False,False,,sub2
T01149,LONG,46495,46495,46505,46516,2025-12-09T06:30:03+00:00,4179.48488104944,4169.93019612,4189.039565978881,4189.039565978881,win,9.3946849294407,0.9832542882176207,0,NONE,NONE,NONE,,,,,False,False,,NONE,NONE,NONE,,,,,False,False,,sub2
T01150,SHORT,46544,46544,46545,46586,2025-12-09T10:35:03+00:00,4203.941070100466,4213.28052448,4194.601615720932,4194.601615720932,win,9.179454379534036,0.9828683782266262,0,NONE,NONE,NONE,,,,,False,False,,NONE,NONE,NONE,,,,,False,False,,sub2
T01151,LONG,46591,46591,46592,46593,2025-12-09T14:30:03+00:00,4197.2366213870755,4189.22342436,4205.249818414151,4205.249818414151,win,7.853197027076021,0.9800329382318657,0,NONE,NONE,NONE,,,,,False,False,,NONE,NONE,NONE,,,,,False,False,,sub2
T01152,SHORT,46597,46597,46598,46599,2025-12-09T15:00:03+00:00,4201.344194090362,4210.4634118,4192.224976380724,4192.224976380724,win,8.959217709638324,0.9824546353542202,0,NONE,NONE,NONE,,,,,False,False,,NONE,NONE,NONE,,,,,False,False,,sub2
T01153,SHORT,46620,46620,46621,46625,2025-12-09T16:55:03+00:00,4213.972258412145,4221.69486104,4206.249655784289,4206.249655784289,win,7.562602627855995,0.9792815961522188,0,NONE,NONE,NONE,,,,,False,False,,NONE,NONE,NONE,,,,,False,False,,sub2
T01154,SHORT,46691,46691,46692,46705,2025-12-09T23:50:03+00:00,4210.157782750823,4213.25952364,4207.056041861645,4207.056041861645,win,2.9417408891777086,0.9484160651335776,1,NONE,NONE,NONE,,,,,False,False,,NONE,NONE,NONE,,,,,False,False,,sub2
T01155,SHORT,46713,46713,46714,46725,2025-12-10T01:40:03+00:00,4213.0540296993395,4218.3517273200005,4207.7563320786785,4218.3517273200005,loss,-5.457697620660838,-1.0302017992449881,0,NONE,NONE,NONE,,,,,False,False,,NONE,NONE,NONE,,,,,False,False,,sub2
T01156,LONG,46758,46758,46759,46760,2025-12-10T05:25:03+00:00,4205.618410812218,4201.6019292,4209.634892424436,4209.634892424436,win,3.8564816122179764,0.9601641398000811,0,NONE,NONE,NONE,,,,,False,False,,NONE,NONE,NONE,,,,,False,False,,sub2
T01157,LONG,46815,46815,46816,46819,2025-12-10T10:10:03+00:00,4195.587834654074,4191.312340799999,4199.863328508149,4191.312340799999,loss,-4.435493854074593,-1.0374225774754342,0,NONE,NONE,NONE,,,,,False,False,,NONE,NONE,NONE,,,,,False,False,,sub2
T01158,LONG,46821,46821,46822,46838,2025-12-10T10:40:03+00:00,4194.136859112015,4187.56149084,4200.7122273840305,4200.7122273840305,win,6.415368272015257,0.9756667621674032,0,NONE,NONE,NONE,,,,,False,False,,NONE,NONE,NONE,,,,,False,False,,sub2
T01159,SHORT,46842,46842,46843,46853,2025-12-10T12:25:03+00:00,4197.770483865127,4202.47209216,4193.068875570254,4193.068875570254,win,4.5416082948731855,0.9659690918585605,0,NONE,NONE,NONE,,,,,False,False,,NONE,NONE,NONE,,,,,False,False,,sub2
T01160,SHORT,46865,46865,46866,46866,2025-12-10T14:20:03+00:00,4201.340503591642,4207.2832846,4195.397722583284,4195.397722583284,win,5.782781008358143,0.9730765781584702,0,NONE,NONE,NONE,,,,,False,False,,NONE,NONE,NONE,,,,,False,False,,sub2
T01161,LONG,46870,46870,46872,46876,2025-12-10T14:45:03+00:00,4199.0102056649,4191.183345959999,4206.837065369801,4191.183345959999,loss,-7.98685970490078,-1.020442425957842,0,BEARISH,NONE,OPPOSED,46862.0,46867.0,46839.0,3.0,False,True,bearish|46862|46839|46867,BEARISH,NONE,OPPOSED,46862.0,46867.0,46839.0,3.0,False,True,bearish|46862|46839|46867,sub2
T01162,LONG,46878,46878,46879,46894,2025-12-10T15:25:03+00:00,4196.392984192996,4188.7894417200005,4203.996526665991,4203.996526665991,win,7.443542472995432,0.9789571767938287,0,NONE,NONE,NONE,,,,,False,False,,NONE,NONE,NONE,,,,,False,False,,sub2
T01163,SHORT,46926,46926,46927,46929,2025-12-10T19:25:03+00:00,4203.427142877848,4220.04279496,4186.811490795697,4186.811490795697,win,16.455652082151573,0.9903705253812021,0,NONE,NONE,NONE,,,,,False,False,,NONE,NONE,NONE,,,,,False,False,,sub2
T01164,SHORT,46946,46946,46947,46971,2025-12-10T21:05:03+00:00,4228.230941416023,4238.8545474,4217.607335432045,4238.8545474,loss,-10.783605983977395,-1.015060799529008,1,BEARISH,NONE,ALIGNED,46935.0,46940.0,46922.0,6.0,False,True,bearish|46935|46922|46940,BEARISH,NONE,ALIGNED,46935.0,46940.0,46922.0,6.0,False,True,bearish|46935|46922|46940,sub2
T01165,SHORT,46979,46979,46981,46981,2025-12-11T00:50:03+00:00,4238.712233178475,4245.314805800001,4232.109660556949,4245.314805800001,loss,-6.762572621525578,-1.0242329784421034,0,NONE,NONE,NONE,,,,,False,False,,NONE,NONE,NONE,,,,,False,False,,sub2
T01166,SHORT,46984,46984,46985,46995,2025-12-11T01:15:03+00:00,4239.989881445722,4247.95091124,4232.028851651444,4232.028851651444,win,7.801029794278293,0.9799020975760131,0,NONE,NONE,NONE,,,,,False,False,,NONE,NONE,NONE,,,,,False,False,,sub2
T01167,LONG,47014,47014,47015,47026,2025-12-11T03:45:03+00:00,4218.009682609149,4209.160626839999,4226.8587383783,4209.160626839999,loss,-9.009055769150109,-1.0180810251595034,0,NONE,NONE,NONE,,,,,False,False,,NONE,NONE,NONE,,,,,False,False,,sub2
T01168,LONG,47029,47029,47031,47036,2025-12-11T05:00:03+00:00,4214.520274365383,4208.4216564,4220.618892330765,4208.4216564,loss,-6.258617965382655,-1.0262354521808141,0,NONE,NONE,NONE,,,,,False,False,,NONE,NONE,NONE,,,,,False,False,,sub2
T01169,LONG,47043,47043,47044,47060,2025-12-11T06:10:03+00:00,4210.226638320148,4204.07583024,4216.377446400295,4216.377446400295,win,5.990808080147872,0.9739871577986202,0,NONE,NONE,NONE,,,,,False,False,,NONE,NONE,NONE,,,,,False,False,,sub2
T01170,SHORT,47148,47148,47149,47155,2025-12-11T14:55:03+00:00,4230.531330994513,4244.64077884,4216.421883149026,4244.64077884,loss,-14.269447845486866,-1.0113399193045696,0,NONE,NONE,NONE,,,,,False,False,,NONE,NONE,NONE,,,,,False,False,,sub2
T01171,SHORT,47191,47191,47192,47196,2025-12-11T18:30:03+00:00,4279.816058982316,4286.13043836,4273.501679604631,4273.501679604631,win,6.154379377684563,0.9746610093518757,0,NONE,NONE,NONE,,,,,False,False,,NONE,NONE,NONE,,,,,False,False,,sub2
T01172,SHORT,47237,47237,47238,47240,2025-12-11T23:20:03+00:00,4280.0861243604095,4283.240322760001,4276.931925960818,4276.931925960818,win,2.994198399591369,0.9492739581566619,0,NONE,NONE,NONE,,,,,False,False,,NONE,NONE,NONE,,,,,False,False,,sub2
T01173,LONG,47248,47248,47251,47255,2025-12-12T00:15:03+00:00,4276.94033432725,4272.251103119999,4281.6295655345,4272.251103119999,loss,-4.849231207250341,-1.0341207317208976,0,NONE,NONE,NONE,,,,,False,False,,NONE,NONE,NONE,,,,,False,False,,sub2
T01174,LONG,47259,47259,47260,47262,2025-12-12T01:10:03+00:00,4273.211896917922,4266.11834844,4280.305445395844,4266.11834844,loss,-7.253548477921868,-1.022555706850787,0,NONE,NONE,NONE,,,,,False,False,,NONE,NONE,NONE,,,,,False,False,,sub2
T01175,LONG,47266,47266,47267,47271,2025-12-12T01:45:03+00:00,4270.236868508939,4264.56741048,4275.906326537877,4275.906326537877,win,5.509458028938752,0.9717786075524033,0,NONE,NONE,NONE,,,,,False,False,,NONE,NONE,NONE,,,,,False,False,,sub2
T01176,SHORT,47410,47410,47411,47423,2025-12-12T13:45:03+00:00,4336.447550139707,4346.33584648,4326.559253799414,4346.33584648,loss,-10.048296340292836,-1.016180744841544,0,NONE,NONE,NONE,,,,,False,False,,NONE,NONE,NONE,,,,,False,False,,sub2
T01177,SHORT,47425,47425,47426,47428,2025-12-12T15:00:03+00:00,4342.184389909485,4353.7441428,4330.624637018969,4330.624637018969,win,11.399752890515629,0.9861588736787678,0,NONE,NONE,NONE,,,,,False,False,,NONE,NONE,NONE,,,,,False,False,,sub2
T01178,LONG,47452,47452,47454,47501,2025-12-12T17:15:03+00:00,4280.269278744788,4256.78772168,4303.750835809576,4303.750835809576,win,23.321557064788067,0.9931861418065931,0,BULLISH,NONE,ALIGNED,47444.0,47449.0,47438.0,3.0,True,False,bullish|47444|47438|47449,BULLISH,NONE,ALIGNED,47444.0,47449.0,47438.0,3.0,True,False,bullish|47444|47438|47449,sub2
T01179,SHORT,47518,47518,47519,47533,2025-12-14T23:45:03+00:00,4304.142289068157,4308.61833784,4299.666240296314,4308.61833784,loss,-4.6360487718429795,-1.0357458124688776,1,NONE,NONE,NONE,,,,,False,False,,NONE,NONE,NONE,,,,,False,False,,sub2
T01180,SHORT,47605,47605,47606,47612,2025-12-15T07:00:03+00:00,4342.8753171843355,4347.70090108,4338.049733288671,4338.049733288671,win,4.665583895664895,0.9668433906736972,0,NONE,NONE,NONE,,,,,False,False,,NONE,NONE,NONE,,,,,False,False,,sub2
T01181,SHORT,47630,47630,47631,47631,2025-12-15T09:05:03+00:00,4345.066208293163,4349.21696172,4340.915454866326,4349.21696172,loss,-4.310753426836527,-1.0385472186724887,0,NONE,NONE,NONE,,,,,False,False,,NONE,NONE,NONE,,,,,False,False,,sub2
T01182,SHORT,47633,47633,47634,47641,2025-12-15T09:20:03+00:00,4345.760398378789,4350.4540111999995,4341.066785557579,4341.066785557579,win,4.533612821210227,0.9659111209009771,0,NONE,NONE,NONE,,,,,False,False,,NONE,NONE,NONE,,,,,False,False,,sub2
T01183,LONG,47684,47684,47685,47688,2025-12-15T13:35:03+00:00,4340.524872944396,4333.55565084,4347.494095048791,4333.55565084,loss,-7.129222104395012,-1.0229580859388812,0,NONE,NONE,NONE,,,,,False,False,,NONE,NONE,NONE,,,,,False,False,,sub2
T01184,LONG,47696,47696,47697,47699,2025-12-15T14:35:03+00:00,4331.258337425432,4320.49417332,4342.022501530863,4320.49417332,loss,-10.924164105431373,-1.014864136075287,0,NONE,NONE,NONE,,,,,False,False,,NONE,NONE,NONE,,,,,False,False,,sub2
T01185,LONG,47707,47707,47708,47713,2025-12-15T15:30:03+00:00,4321.7537182675305,4311.26054268,4332.246893855061,4311.26054268,loss,-10.653175587530313,-1.0152480055885074,0,BULLISH,NONE,ALIGNED,47699.0,47704.0,47693.0,3.0,True,False,bullish|47699|47693|47704,BULLISH,NONE,ALIGNED,47699.0,47704.0,47693.0,3.0,True,False,bullish|47699|47693|47704,sub2
T01186,SHORT,47796,47796,47798,47802,2025-12-15T23:55:03+00:00,4306.099964872226,4309.89638896,4302.303540784453,4309.89638896,loss,-3.9564240877734846,-1.0421449227748643,0,BULLISH,NONE,OPPOSED,47781.0,47786.0,47774.0,10.0,True,False,bullish|47781|47774|47786,NONE,NONE,NONE,,,,,False,False,,sub2
T01187,SHORT,47820,47820,47821,47831,2025-12-16T01:55:03+00:00,4310.396848150599,4318.0607155200005,4302.7329807811975,4302.7329807811975,win,7.5038673694016325,0.979122811984108,0,NONE,NONE,NONE,,,,,False,False,,NONE,NONE,NONE,,,,,False,False,,sub2
T01188,LONG,47844,47844,47845,47862,2025-12-16T03:55:03+00:00,4290.276453495754,4280.39977716,4300.1531298315085,4280.39977716,loss,-10.036676335754237,-1.0161997816432073,0,NONE,NONE,NONE,,,,,False,False,,NONE,NONE,NONE,,,,,False,False,,sub2
T01189,LONG,47866,47866,47867,47950,2025-12-16T05:45:03+00:00,4283.141445109393,4271.474134200001,4294.808756018786,4294.808756018786,win,11.5073109093928,0.9862864715578079,0,NONE,NONE,NONE,,,,,False,False,,NONE,NONE,NONE,,,,,False,False,,sub2
T01190,SHORT,47979,47979,47980,47981,2025-12-16T15:10:03+00:00,4324.946691678413,4335.31040548,4314.582977876827,4314.582977876827,win,10.203713801586673,0.984561518866397,0,NONE,NONE,NONE,,,,,False,False,,NONE,NONE,NONE,,,,,False,False,,sub2
T01191,SHORT,48098,48098,48099,48106,2025-12-17T02:05:03+00:00,4320.9773906570645,4328.03711456,4313.917666754129,4313.917666754129,win,6.899723902935875,0.977336224164047,0,NONE,NONE,NONE,,,,,False,False,,NONE,NONE,NONE,,,,,False,False,,sub2
T01192,SHORT,48144,48144,48145,48156,2025-12-17T05:55:03+00:00,4334.101963407521,4342.7037012,4325.500225615042,4325.500225615042,win,8.441737792479216,0.9813991074989812,0,BEARISH,NONE,ALIGNED,48137.0,48142.0,48096.0,2.0,False,True,bearish|48137|48096|48142,BEARISH,NONE,ALIGNED,48137.0,48142.0,48096.0,2.0,False,True,bearish|48137|48096|48142,sub2
T01193,LONG,48210,48210,48211,48211,2025-12-17T11:25:03+00:00,4317.769409494983,4315.696365239999,4319.842453749967,4315.696365239999,loss,-2.2330442549837244,-1.0771811791355603,0,NONE,NONE,NONE,,,,,False,False,,NONE,NONE,NONE,,,,,False,False,,sub2
T01194,SHORT,48211,48211,48212,48213,2025-12-17T11:30:03+00:00,4317.64996188037,4319.70478128,4315.59514248074,4315.59514248074,win,1.8948193996302507,0.9221342761175719,0,NONE,NONE,NONE,,,,,False,False,,NONE,NONE,NONE,,,,,False,False,,sub2
T01195,LONG,48214,48214,48215,48219,2025-12-17T11:45:03+00:00,4317.418736123246,4315.02439212,4319.813080126492,4315.02439212,loss,-2.554344003246115,-1.0668241488202723,0,NONE,NONE,NONE,,,,,False,False,,NONE,NONE,NONE,,,,,False,False,,sub2
T01196,SHORT,48224,48224,48229,48230,2025-12-17T12:35:03+00:00,4318.470754790987,4323.43493048,4313.506579101973,4323.43493048,loss,-5.1241756890131,-1.032230930173154,0,NONE,NONE,NONE,,,,,False,False,,NONE,NONE,NONE,,,,,False,False,,sub2
T01197,SHORT,48243,48243,48247,48259,2025-12-17T14:10:03+00:00,4334.294095746705,4346.28184432,4322.30634717341,4346.28184432,loss,-12.147748573294848,-1.0133469599417764,0,NONE,NONE,NONE,,,,,False,False,,NONE,NONE,NONE,,,,,False,False,,sub2
T01198,LONG,48343,48343,48344,48346,2025-12-17T23:35:03+00:00,4339.187168855045,4335.4405754399995,4342.93376227009,4342.93376227009,win,3.586593415045172,0.9572945387248721,0,NONE,NONE,NONE,,,,,False,False,,NONE,NONE,NONE,,,,,False,False,,sub2
T01199,SHORT,48347,48347,48348,48357,2025-12-17T23:55:03+00:00,4339.788031553752,4343.3527271600005,4336.223335947504,4336.223335947504,win,3.404695606248424,0.9551153821607088,0,NONE,NONE,NONE,,,,,False,False,,NONE,NONE,NONE,,,,,False,False,,sub2
T01200,LONG,48459,48459,48460,48464,2025-12-18T09:15:03+00:00,4327.891061017052,4321.6261280399995,4334.155993994105,4321.6261280399995,loss,-6.4249329770527766,-1.0255389803188477,0,BULLISH,NONE,ALIGNED,48450.0,48455.0,48444.0,4.0,True,False,bullish|48450|48444|48455,BULLISH,NONE,ALIGNED,48450.0,48455.0,48444.0,4.0,True,False,bullish|48450|48444|48455,sub2
T01201,LONG,48469,48469,48470,48497,2025-12-18T10:05:03+00:00,4324.690700286734,4320.411176639999,4328.970223933468,4320.411176639999,loss,-4.439523646734415,-1.037387338687085,0,NONE,NONE,NONE,,,,,False,False,,NONE,NONE,NONE,,,,,False,False,,sub2
T01202,LONG,48499,48499,48500,48505,2025-12-18T12:35:03+00:00,4323.105072344247,4316.96431452,4329.245830168494,4316.96431452,loss,-6.30075782424683,-1.0260554160543653,0,NONE,NONE,NONE,,,,,False,False,,NONE,NONE,NONE,,,,,False,False,,sub2
T01203,LONG,48507,48507,48508,48510,2025-12-18T13:15:03+00:00,4321.048597836887,4314.39441732,4327.702778353774,4327.702778353774,win,6.494180516887354,0.9759549655147165,0,NONE,NONE,NONE,,,,,False,False,,NONE,NONE,NONE,,,,,False,False,,sub2
T01204,SHORT,48521,48521,48522,48524,2025-12-18T14:25:03+00:00,4334.157057090791,4343.25672332,4325.057390861582,4325.057390861582,win,8.939666229209251,0.9824169375041176,0,NONE,NONE,NONE,,,,,False,False,,NONE,NONE,NONE,,,,,False,False,,sub2
T01205,LONG,48527,48527,48528,48541,2025-12-18T14:55:03+00:00,4327.476805938006,4308.4726542,4346.480957676012,4346.480957676012,win,18.844151738006076,0.9915807870719179,0,NONE,NONE,NONE,,,,,False,False,,NONE,NONE,NONE,,,,,False,False,,sub2
T01206,SHORT,48550,48550,48551,48553,2025-12-18T16:50:03+00:00,4359.546627382817,4374.81598564,4344.277269125634,4344.277269125634,win,15.109358257182976,0.9895214980678976,0,NONE,NONE,NONE,,,,,False,False,,NONE,NONE,NONE,,,,,False,False,,sub2
T01207,SHORT,48618,48618,48619,48622,2025-12-18T23:30:03+00:00,4334.009886016628,4336.79446484,4331.225307193256,4336.79446484,loss,-2.9445788233715575,-1.0574593179610978,0,NONE,NONE,NONE,,,,,False,False,,NONE,NONE,NONE,,,,,False,False,,sub2
T01208,LONG,48646,48646,48655,48741,2025-12-19T01:50:03+00:00,4321.084859398618,4309.085629679999,4333.084089117237,4333.084089117237,win,11.839229718619208,0.986665810743536,0,NONE,NONE,NONE,,,,,False,False,,NONE,NONE,NONE,,,,,False,False,,sub2
T01209,LONG,48764,48764,48766,48768,2025-12-19T11:40:03+00:00,4327.195010116698,4324.90799676,4329.482023473395,4324.90799676,loss,-2.4470133566974255,-1.0699602385492375,0,NONE,NONE,NONE,,,,,False,False,,NONE,NONE,NONE,,,,,False,False,,sub2
T01210,LONG,48773,48773,48774,48781,2025-12-19T12:25:03+00:00,4325.652214945817,4320.48117384,4330.8232560516335,4330.8232560516335,win,5.01104110581673,0.9690584552074281,0,NONE,NONE,NONE,,,,,False,False,,NONE,NONE,NONE,,,,,False,False,,sub2
T01211,SHORT,48788,48788,48789,48799,2025-12-19T13:40:03+00:00,4330.29549245493,4335.57741616,4325.0135687498605,4335.57741616,loss,-5.441923705069712,-1.0302919937761081,0,NONE,NONE,NONE,,,,,False,False,,NONE,NONE,NONE,,,,,False,False,,sub2
T01212,SHORT,48801,48801,48802,48804,2025-12-19T14:45:03+00:00,4330.513651491902,4338.16951984,4322.857783143804,4338.16951984,loss,-7.815868348097865,-1.0208990009656584,0,NONE,NONE,NONE,,,,,False,False,,NONE,NONE,NONE,,,,,False,False,,sub2
T01213,SHORT,48818,48818,48819,48838,2025-12-19T16:10:03+00:00,4343.788725629645,4355.08819656,4332.4892546992905,4355.08819656,loss,-11.459470930354655,-1.0141599550090465,0,NONE,NONE,NONE,,,,,False,False,,NONE,NONE,NONE,,,,,False,False,,sub2
T01214,SHORT,48915,48915,48916,48919,2025-12-22T01:15:03+00:00,4363.251716958484,4373.05391516,4353.449518756969,4373.05391516,loss,-9.962198201515093,-1.0163228692901884,0,NONE,NONE,NONE,,,,,False,False,,NONE,NONE,NONE,,,,,False,False,,sub2
T01215,SHORT,48971,48971,48972,48981,2025-12-22T05:55:03+00:00,4401.5472540481305,4409.75038296,4393.344125136261,4409.75038296,loss,-8.363128911869353,-1.0195047526034051,0,NONE,NONE,NONE,,,,,False,False,,NONE,NONE,NONE,,,,,False,False,,sub2
T01216,SHORT,48996,48996,48997,49007,2025-12-22T08:00:03+00:00,4413.729115396002,4420.52381388,4406.934416912005,4406.934416912005,win,6.634698483997454,0.9764522295762377,0,BEARISH,NONE,ALIGNED,48983.0,48988.0,48966.0,8.0,False,True,bearish|48983|48966|48988,BEARISH,NONE,ALIGNED,48983.0,48988.0,48966.0,8.0,False,True,bearish|48983|48966|48988,sub2
T01217,LONG,49038,49038,49039,49044,2025-12-22T11:30:03+00:00,4409.9257660642215,4408.00667268,4411.8448594484435,4411.8448594484435,win,1.7590933842220693,0.916627298434086,0,NONE,NONE,NONE,,,,,False,False,,NONE,NONE,NONE,,,,,False,False,,sub2
T01218,LONG,49047,49047,49048,49054,2025-12-22T12:15:03+00:00,4409.663515591179,4406.006752679999,4413.320278502359,4413.320278502359,win,3.496762911179758,0.9562454542757761,0,NONE,NONE,NONE,,,,,False,False,,NONE,NONE,NONE,,,,,False,False,,sub2
T01219,SHORT,49060,49060,49061,49071,2025-12-22T13:20:03+00:00,4416.291464645027,4427.70810124,4404.874828050054,4427.70810124,loss,-11.576636594973024,-1.0140146354549207,0,BULLISH,NONE,OPPOSED,49046.0,49051.0,49028.0,9.0,True,False,bullish|49046|49028|49051,BULLISH,NONE,OPPOSED,49046.0,49051.0,49028.0,9.0,True,False,bullish|49046|49028|49051,sub2
T01220,SHORT,49074,49074,49075,49075,2025-12-22T14:30:03+00:00,4423.3881975379245,4429.2671636000005,4417.5092314758485,4417.5092314758485,win,5.718966062076106,0.9727843300487848,0,NONE,NONE,NONE,,,,,False,False,,NONE,NONE,NONE,,,,,False,False,,sub2
T01221,SHORT,49079,49079,49080,49082,2025-12-22T14:55:03+00:00,4422.952007701951,4429.56017532,4416.343840083901,4416.343840083901,win,6.4481676180494105,0.9757875391110181,0,BEARISH,NONE,ALIGNED,49072.0,49077.0,49058.0,2.0,False,True,bearish|49072|49058|49077,BEARISH,NONE,ALIGNED,49072.0,49077.0,49058.0,2.0,False,True,bearish|49072|49058|49077,sub2
T01222,SHORT,49109,49109,49111,49125,2025-12-22T17:25:03+00:00,4436.737551706176,4442.47569192,4430.999411492353,4430.999411492353,win,5.5781402138236444,0.9721164011269008,0,NONE,NONE,NONE,,,,,False,False,,NONE,NONE,NONE,,,,,False,False,,sub2
T01223,SHORT,49192,49192,49193,49198,2025-12-23T01:20:03+00:00,4473.563416998274,4486.8994688,4460.227365196548,4486.8994688,loss,-13.496051801726026,-1.0119975538771635,0,BEARISH,NONE,ALIGNED,49179.0,49184.0,49169.0,8.0,False,True,bearish|49179|49169|49184,BEARISH,NONE,ALIGNED,49179.0,49184.0,49169.0,8.0,False,True,bearish|49179|49169|49184,sub2
T01224,SHORT,49321,49321,49330,49334,2025-12-23T12:05:03+00:00,4487.923320763317,4494.31676548,4481.529876046634,4494.31676548,loss,-6.553444716682861,-1.0250256328301943,0,NONE,NONE,NONE,,,,,False,False,,NONE,NONE,NONE,,,,,False,False,,sub2
T01225,SHORT,49337,49337,49338,49342,2025-12-23T13:25:03+00:00,4489.950130347621,4497.511893280001,4482.388367415241,4482.388367415241,win,7.401762932379825,0.9788409129682273,0,NONE,NONE,NONE,,,,,False,False,,NONE,NONE,NONE,,,,,False,False,,sub2
T01226,SHORT,49428,49428,49429,49439,2025-12-23T21:00:03+00:00,4492.9795392801,4500.23600224,4485.7230763202,4485.7230763202,win,7.0964629599002365,0.9779506901800464,0,BEARISH,NONE,ALIGNED,49419.0,49424.0,49412.0,4.0,False,True,bearish|49419|49412|49424,BEARISH,NONE,ALIGNED,49419.0,49424.0,49412.0,4.0,False,True,bearish|49419|49412|49424,sub2
T01227,SHORT,49466,49466,49467,49468,2025-12-24T01:10:03+00:00,4513.0513533976045,4520.08379612,4506.018910675209,4520.08379612,loss,-7.192442722395754,-1.0227516961482401,0,BEARISH,NONE,ALIGNED,49460.0,49465.0,49450.0,1.0,False,True,bearish|49460|49450|49465,BEARISH,NONE,ALIGNED,49460.0,49465.0,49450.0,1.0,False,True,bearish|49460|49450|49465,sub2
T01228,SHORT,49475,49475,49476,49476,2025-12-24T01:55:03+00:00,4519.087878294067,4526.1680394800005,4512.007717108134,4512.007717108134,win,6.920161185933466,0.9774016444261554,0,BEARISH,NONE,ALIGNED,49468.0,49473.0,49460.0,2.0,False,True,bearish|49468|49460|49473,BEARISH,NONE,ALIGNED,49468.0,49473.0,49460.0,2.0,False,True,bearish|49468|49460|49473,sub2
T01229,LONG,49495,49495,49496,49630,2025-12-24T03:35:03+00:00,4494.955092202531,4468.587249359999,4521.322935045063,4468.587249359999,loss,-26.527842842531754,-1.006067997331271,0,NONE,NONE,NONE,,,,,False,False,,NONE,NONE,NONE,,,,,False,False,,sub2
T01230,SHORT,49698,49698,49699,49858,2025-12-26T01:10:03+00:00,4511.536068603746,4531.49825268,4491.573884527491,4531.49825268,loss,-20.122184076254598,-1.0080151550245535,0,NONE,NONE,NONE,,,,,False,False,,NONE,NONE,NONE,,,,,False,False,,sub2
T01231,SHORT,49878,49878,49879,49890,2025-12-26T16:10:03+00:00,4539.684324531464,4550.406008960001,4528.962640102927,4528.962640102927,win,10.561684428536864,0.9850769717140713,0,NONE,NONE,NONE,,,,,False,False,,NONE,NONE,NONE,,,,,False,False,,sub2
T01232,SHORT,49950,49950,49951,49960,2025-12-28T23:10:03+00:00,4534.030657654202,4548.68194,4519.379375308403,4519.379375308403,win,14.491282345798936,0.9890794541922309,1,NONE,NONE,NONE,,,,,False,False,,NONE,NONE,NONE,,,,,False,False,,sub2
T01233,LONG,49972,49972,49973,50043,2025-12-29T01:00:03+00:00,4504.355194279943,4472.13510744,4536.575281119886,4472.13510744,loss,-32.38008683994303,-1.0049658463304172,0,NONE,NONE,NONE,,,,,False,False,,NONE,NONE,NONE,,,,,False,False,,sub2
T01234,LONG,50057,50057,50058,50100,2025-12-29T08:05:03+00:00,4476.070307393837,4444.8002008799995,4507.340413907674,4444.8002008799995,loss,-31.430106513837018,-1.0051167078669545,0,NONE,NONE,NONE,,,,,False,False,,NONE,NONE,NONE,,,,,False,False,,sub2
T01235,LONG,50105,50105,50106,50124,2025-12-29T12:05:03+00:00,4454.407394929105,4434.0326316,4474.78215825821,4434.0326316,loss,-20.534763329104862,-1.00785285195295,0,NONE,NONE,NONE,,,,,False,False,,NONE,NONE,NONE,,,,,False,False,,sub2
T01236,LONG,50152,50152,50153,50292,2025-12-29T16:00:03+00:00,4335.831342320715,4301.964914519999,4369.69777012143,4369.69777012143,win,33.15712780071557,0.9790559546411661,1,NONE,NONE,NONE,,,,,False,False,,NONE,NONE,NONE,,,,,False,False,,sub2
T01237,SHORT,50294,50294,50295,50300,2025-12-30T04:50:03+00:00,4363.992971390584,4369.899789000001,4358.086153781167,4369.899789000001,loss,-6.06681760941683,-1.0270873439099886,0,NONE,NONE,NONE,,,,,False,False,,NONE,NONE,NONE,,,,,False,False,,sub2
T01238,SHORT,50310,50310,50311,50312,2025-12-30T06:10:03+00:00,4373.64589253565,4380.204201160001,4367.0875839113,4367.0875839113,win,6.398308624350648,0.9756034658988467,0,NONE,NONE,NONE,,,,,False,False,,NONE,NONE,NONE,,,,,False,False,,sub2
T01239,SHORT,50332,50332,50333,50337,2025-12-30T08:00:03+00:00,4371.377195094858,4383.74134264,4359.013047549715,4359.013047549715,win,12.204147545142405,0.9870593585675288,0,NONE,NONE,NONE,,,,,False,False,,NONE,NONE,NONE,,,,,False,False,,sub2
T01240,SHORT,50376,50376,50380,50381,2025-12-30T11:40:03+00:00,4385.368477136189,4389.63357832,4381.103375952377,4389.63357832,loss,-4.425101183811421,-1.0375137641768368,0,BEARISH,NONE,ALIGNED,50369.0,50374.0,50362.0,2.0,False,True,bearish|50369|50362|50374,NONE,NONE,NONE,,,,,False,False,,sub2
T01241,SHORT,50395,50395,50397,50398,2025-12-30T13:15:03+00:00,4397.116741613023,4404.3661676,4389.867315626046,4389.867315626046,win,7.089425986977403,0.9779292870515162,0,BEARISH,NONE,ALIGNED,50389.0,50394.0,50383.0,1.0,False,True,bearish|50389|50383|50394,BEARISH,NONE,ALIGNED,50389.0,50394.0,50383.0,1.0,False,True,bearish|50389|50383|50394,sub2
T01242,LONG,50409,50409,50410,50411,2025-12-30T14:25:03+00:00,4387.371792171281,4375.95195492,4398.791629422562,4375.95195492,loss,-11.579837251280878,-1.0140107075503118,0,NONE,NONE,NONE,,,,,False,False,,NONE,NONE,NONE,,,,,False,False,,sub2
T01243,LONG,50419,50419,50420,50430,2025-12-30T15:15:03+00:00,4373.368239963638,4355.605768799999,4391.130711127277,4355.605768799999,loss,-17.922471163638875,-1.0090077556509922,0,NONE,NONE,NONE,,,,,False,False,,NONE,NONE,NONE,,,,,False,False,,sub2
T01244,LONG,50431,50431,50432,50439,2025-12-30T16:15:03+00:00,4364.939636613124,4354.66480644,4375.2144667862485,4375.2144667862485,win,10.114830173124574,0.9844279664671868,0,NONE,NONE,NONE,,,,,False,False,,NONE,NONE,NONE,,,,,False,False,,sub2
T01245,LONG,50482,50482,50484,50498,2025-12-30T20:30:03+00:00,4351.495065312875,4337.395497240001,4365.59463338575,4337.395497240001,loss,-14.259568072874572,-1.0113478653511145,0,NONE,NONE,NONE,,,,,False,False,,NONE,NONE,NONE,,,,,False,False,,sub2
T01246,LONG,50502,50502,50503,50505,2025-12-30T23:10:03+00:00,4344.487686653787,4339.700405039999,4349.274968267575,4339.700405039999,loss,-4.947281613787709,-1.033421890105449,0,BULLISH,NONE,ALIGNED,50487.0,50492.0,50474.0,10.0,True,False,bullish|50487|50474|50492,BULLISH,NONE,ALIGNED,50487.0,50492.0,50474.0,10.0,True,False,bullish|50487|50474|50492,sub2
T01247,LONG,50507,50507,50508,50525,2025-12-30T23:35:03+00:00,4340.51080387532,4328.33485968,4352.68674807064,4352.68674807064,win,10.368044195320117,0.8515187018765451,1,NONE,NONE,NONE,,,,,False,False,,NONE,NONE,NONE,,,,,False,False,,sub2
T01248,SHORT,50538,50538,50539,50546,2025-12-31T02:10:03+00:00,4362.817580222775,4373.624938,4352.01022244555,4352.01022244555,win,10.647357777224897,0.9851952712866566,0,NONE,NONE,NONE,,,,,False,False,,NONE,NONE,NONE,,,,,False,False,,sub2
T01249,LONG,50589,50589,50590,50677,2025-12-31T06:25:03+00:00,4306.993310459944,4274.20802484,4339.778596079888,4339.778596079888,win,32.62528561994441,0.9951197619000604,0,NONE,NONE,NONE,,,,,False,False,,NONE,NONE,NONE,,,,,False,False,,sub2
T01250,SHORT,50687,50687,50688,50689,2025-12-31T14:35:03+00:00,4337.763727203903,4348.934950440001,4326.592503967805,4348.934950440001,loss,-11.331223236097685,-1.014322513892914,0,NONE,NONE,NONE,,,,,False,False,,NONE,NONE,NONE,,,,,False,False,,sub2
T01251,SHORT,50799,50799,50800,50821,2026-01-02T01:00:03+00:00,4348.431136148418,4356.380248240001,4340.482024056835,4356.380248240001,loss,-8.109112091582574,-1.0201280341950743,0,NONE,NONE,NONE,,,,,False,False,,NONE,NONE,NONE,,,,,False,False,,sub2
T01252,SHORT,50845,50845,50846,50849,2026-01-02T04:50:03+00:00,4373.347692268777,4378.816145639999,4367.879238897554,4378.816145639999,loss,-5.628453371222349,-1.0292587298708347,0,NONE,NONE,NONE,,,,,False,False,,NONE,NONE,NONE,,,,,False,False,,sub2
T01253,SHORT,50894,50894,50895,50917,2026-01-02T08:55:03+00:00,4387.342377359804,4397.76290348,4376.921851239608,4397.76290348,loss,-10.580526120195827,-1.0153543111119658,0,NONE,NONE,NONE,,,,,False,False,,NONE,NONE,NONE,,,,,False,False,,sub2
T01254,SHORT,50924,50924,50925,50939,2026-01-02T11:25:03+00:00,4394.668404465051,4399.53197424,4389.804834690102,4389.804834690102,win,4.703569774948846,0.9671023533323233,0,NONE,NONE,NONE,,,,,False,False,,NONE,NONE,NONE,,,,,False,False,,sub2
T01255,LONG,50975,50975,50976,50979,2026-01-02T15:40:03+00:00,4345.47384628267,4330.06579044,4360.88190212534,4330.06579044,loss,-15.56805584267022,-1.0103841783566723,0,NONE,NONE,NONE,,,,,False,False,,NONE,NONE,NONE,,,,,False,False,,sub2
T01256,LONG,50990,50990,50991,51005,2026-01-02T16:55:03+00:00,4325.98436497079,4314.655406880001,4337.3133230615795,4314.655406880001,loss,-11.48895809078931,-1.0141230992927703,0,BULLISH,NONE,ALIGNED,50982.0,50987.0,50962.0,3.0,True,False,bullish|50982|50962|50987,BULLISH,NONE,ALIGNED,50982.0,50987.0,50962.0,3.0,True,False,bullish|50982|50962|50987,sub2
T01257,LONG,51015,51015,51019,51022,2026-01-02T19:00:03+00:00,4317.377045705056,4309.4966132399995,4325.257478170112,4325.257478170112,win,7.720432465056547,0.9796965457531258,0,BULLISH,NONE,ALIGNED,51005.0,51010.0,50982.0,5.0,True,False,bullish|51005|50982|51010,BULLISH,NONE,ALIGNED,51005.0,51010.0,50982.0,5.0,True,False,bullish|51005|50982|51010,sub2
T01258,SHORT,51080,51080,51081,51139,2026-01-05T01:30:03+00:00,4395.6463238486385,4421.28884448,4370.003803217277,4421.28884448,loss,-25.802520631361404,-1.0062396362003574,0,BEARISH,NONE,ALIGNED,51074.0,51079.0,51052.0,1.0,False,True,bearish|51074|51052|51079,BEARISH,NONE,ALIGNED,51074.0,51079.0,51052.0,1.0,False,True,bearish|51074|51052|51079,sub2
T01259,SHORT,51156,51156,51157,51161,2026-01-05T07:50:03+00:00,4421.245472772798,4426.736062360001,4415.754883185596,4426.736062360001,loss,-5.650589587202376,-1.0291407684837313,0,NONE,NONE,NONE,,,,,False,False,,NONE,NONE,NONE,,,,,False,False,,sub2
T01260,SHORT,51171,51171,51172,51174,2026-01-05T09:05:03+00:00,4427.519243236249,4434.166359559999,4420.872126912499,4434.166359559999,loss,-6.807116323750051,-1.0240705882381167,0,NONE,NONE,NONE,,,,,False,False,,NONE,NONE,NONE,,,,,False,False,,sub2
T01261,SHORT,51182,51182,51183,51189,2026-01-05T10:00:03+00:00,4432.8591833402,4438.36452748,4427.353839200399,4438.36452748,loss,-5.665344139800254,-1.0290626700051588,0,NONE,NONE,NONE,,,,,False,False,,NONE,NONE,NONE,,,,,False,False,,sub2
T01262,LONG,51218,51218,51219,51222,2026-01-05T13:00:03+00:00,4414.29151004103,4405.26278244,4423.32023764206,4405.26278244,loss,-9.188727601030223,-1.0177212124531916,0,NONE,NONE,NONE,,,,,False,False,,NONE,NONE,NONE,,,,,False,False,,sub2
T01263,SHORT,51249,51249,51250,51327,2026-01-05T15:35:03+00:00,4441.553213949106,4455.8632274,4427.243200498212,4455.8632274,loss,-14.47001345089393,-1.01118098180333,0,NONE,NONE,NONE,,,,,False,False,,NONE,NONE,NONE,,,,,False,False,,sub2
T01264,SHORT,51331,51331,51332,51332,2026-01-05T23:25:03+00:00,4449.946822194555,4460.4684116,4439.425232789111,4439.425232789111,win,10.361589405444647,0.9847931720356754,0,NONE,NONE,NONE,,,,,False,False,,NONE,NONE,NONE,,,,,False,False,,sub2
T01265,LONG,51352,51352,51354,51361,2026-01-06T01:10:03+00:00,4438.074411490363,4427.497893,4448.650929980726,4448.650929980726,win,10.41651849036316,0.9848721486048891,0,NONE,NONE,NONE,,,,,False,False,,NONE,NONE,NONE,,,,,False,False,,sub2
T01266,SHORT,51369,51369,51370,51376,2026-01-06T02:35:03+00:00,4453.172395004727,4461.5064531200005,4444.838336889454,4461.5064531200005,loss,-8.49405811527322,-1.0191983302476175,0,NONE,NONE,NONE,,,,,False,False,,NONE,NONE,NONE,,,,,False,False,,sub2
T01267,SHORT,51391,51391,51392,51398,2026-01-06T04:25:03+00:00,4464.923332555112,4468.72574188,4461.120923230224,4468.72574188,loss,-3.9624093248876306,-1.0420785839527091,0,BEARISH,NONE,ALIGNED,51378.0,51383.0,51364.0,8.0,False,True,bearish|51378|51364|51383,BEARISH,NONE,ALIGNED,51378.0,51383.0,51364.0,8.0,False,True,bearish|51378|51364|51383,sub2
T01268,SHORT,51488,51488,51489,51496,2026-01-06T12:30:03+00:00,4461.438660186487,4466.49665272,4456.380667652974,4466.49665272,loss,-5.217992533513097,-1.031633103240016,0,NONE,NONE,NONE,,,,,False,False,,NONE,NONE,NONE,,,,,False,False,,sub2
T01269,SHORT,51521,51521,51522,51524,2026-01-06T15:15:03+00:00,4478.960277617284,4491.07563584,4466.844919394568,4466.844919394568,win,11.955358222716313,0.9867936220243281,0,NONE,NONE,NONE,,,,,False,False,,NONE,NONE,NONE,,,,,False,False,,sub2
T01270,SHORT,51558,51558,51559,51560,2026-01-06T18:20:03+00:00,4488.707352173,4494.30776512,4483.106939226,4483.106939226,win,5.440412947000368,0.9714306781456971,0,NONE,NONE,NONE,,,,,False,False,,NONE,NONE,NONE,,,,,False,False,,sub2
T01271,LONG,51620,51620,51621,51621,2026-01-07T00:30:03+00:00,4493.287170065127,4489.4004168,4497.173923330253,4489.4004168,loss,-4.046753265126426,-1.0411654635851046,0,BEARISH,NONE,OPPOSED,51606.0,51611.0,51597.0,9.0,False,True,bearish|51606|51597|51611,BEARISH,NONE,OPPOSED,51606.0,51611.0,51597.0,9.0,False,True,bearish|51606|51597|51611,sub2
T01272,LONG,51625,51625,51626,51626,2026-01-07T00:55:03+00:00,4491.096110969393,4482.34369908,4499.848522858785,4482.34369908,loss,-8.912411889392388,-1.0182806753180533,0,NONE,NONE,NONE,,,,,False,False,,NONE,NONE,NONE,,,,,False,False,,sub2
T01273,LONG,51640,51640,51641,51680,2026-01-07T02:10:03+00:00,4471.810750101122,4459.2766218,4484.344878402244,4459.2766218,loss,-12.694128301121964,-1.0127651477754165,0,NONE,NONE,NONE,,,,,False,False,,NONE,NONE,NONE,,,,,False,False,,sub2
T01274,LONG,51687,51687,51688,51695,2026-01-07T06:05:03+00:00,4457.286151851126,4442.9922731999995,4471.580030502253,4442.9922731999995,loss,-14.453878651126615,-1.0111936027935455,0,NONE,NONE,NONE,,,,,False,False,,NONE,NONE,NONE,,,,,False,False,,sub2
T01275,LONG,51700,51700,51701,51705,2026-01-07T07:10:03+00:00,4449.999307364112,4441.247343,4458.751271728223,4458.751271728223,win,8.591964364111845,0.9817183899130176,0,NONE,NONE,NONE,,,,,False,False,,NONE,NONE,NONE,,,,,False,False,,sub2
T01276,LONG,51763,51763,51764,51771,2026-01-07T12:25:03+00:00,4449.929606727383,4438.98043368,4460.8787797747655,4438.98043368,loss,-11.109173047382683,-1.0146129757295324,0,NONE,NONE,NONE,,,,,False,False,,NONE,NONE,NONE,,,,,False,False,,sub2
T01277,LONG,51776,51776,51777,51796,2026-01-07T13:30:03+00:00,4442.673221684729,4427.63988732,4457.7065560494575,4427.63988732,loss,-15.193334364728798,-1.0106430147908667,0,BULLISH,NONE,ALIGNED,51771.0,51776.0,51761.0,0.0,True,False,bullish|51771|51761|51776,BULLISH,NONE,ALIGNED,51771.0,51776.0,51761.0,0.0,True,False,bullish|51771|51761|51776,sub2
T01278,SHORT,51822,51822,51824,51829,2026-01-07T17:20:03+00:00,4460.230867353713,4468.60173692,4451.8599977874255,4451.8599977874255,win,8.210869566287329,0.9808860956758617,0,NONE,NONE,NONE,,,,,False,False,,NONE,NONE,NONE,,,,,False,False,,sub2
T01279,LONG,51903,51903,51905,51911,2026-01-08T01:05:03+00:00,4455.222467652452,4444.21022448,4466.234710824904,4444.21022448,loss,-11.172243172452,-1.0145292832254291,0,NONE,NONE,NONE,,,,,False,False,,NONE,NONE,NONE,,,,,False,False,,sub2
T01280,LONG,51927,51927,51928,51946,2026-01-08T03:05:03+00:00,4442.319328676651,4433.1566666399995,4451.481990713302,4433.1566666399995,loss,-9.322662036651309,-1.017462174132347,0,NONE,NONE,NONE,,,,,False,False,,NONE,NONE,NONE,,,,,False,False,,sub2
T01281,LONG,51961,51961,51962,51968,2026-01-08T05:55:03+00:00,4425.031019576226,4415.363378399999,4434.698660752452,4434.698660752452,win,9.50764117622657,0.9834499442952735,0,NONE,NONE,NONE,,,,,False,False,,NONE,NONE,NONE,,,,,False,False,,sub2
T01282,LONG,52039,52039,52047,52050,2026-01-08T12:25:03+00:00,4420.020510162829,4407.4036968,4432.637323525658,4432.637323525658,win,12.456813362829052,0.9873185094049787,0,NONE,NONE,NONE,,,,,False,False,,NONE,NONE,NONE,,,,,False,False,,sub2
T01283,SHORT,52056,52056,52058,52067,2026-01-08T13:50:03+00:00,4427.656323654265,4436.44545072,4418.8671965885305,4436.44545072,loss,-8.949127065734501,-1.018204310712907,0,NONE,NONE,NONE,,,,,False,False,,NONE,NONE,NONE,,,,,False,False,,sub2
T01284,SHORT,52084,52084,52085,52088,2026-01-08T16:10:03+00:00,4448.787530974156,4458.1683196,4439.406742348311,4458.1683196,loss,-9.54078862584447,-1.0170561352975214,0,NONE,NONE,NONE,,,,,False,False,,NONE,NONE,NONE,,,,,False,False,,sub2
T01285,SHORT,52103,52103,52104,52107,2026-01-08T17:45:03+00:00,4460.171384532636,4465.61461744,4454.7281516252715,4454.7281516252715,win,5.283232907364436,0.9706057038670187,0,BEARISH,NONE,ALIGNED,52089.0,52094.0,52079.0,9.0,False,True,bearish|52089|52079|52094,BEARISH,NONE,ALIGNED,52089.0,52094.0,52079.0,9.0,False,True,bearish|52089|52079|52094,sub2
T01286,SHORT,52149,52149,52150,52154,2026-01-08T21:35:03+00:00,4473.56593281331,4479.9141893999995,4467.21767622662,4479.9141893999995,loss,-6.50825658668964,-1.025203770171376,0,NONE,NONE,NONE,,,,,False,False,,NONE,NONE,NONE,,,,,False,False,,sub2
T01287,SHORT,52157,52157,52158,52171,2026-01-08T23:15:03+00:00,4475.8962703901125,4484.3893684,4467.4031723802245,4467.4031723802245,win,8.33309800988809,0.9811611734830357,1,NONE,NONE,NONE,,,,,False,False,,NONE,NONE,NONE,,,,,False,False,,sub2
T01288,LONG,52305,52305,52306,52307,2026-01-09T11:35:03+00:00,4471.511265564847,4468.9942330799995,4474.028298049695,4468.9942330799995,loss,-2.6770324848475866,-1.0635669189662975,0,NONE,NONE,NONE,,,,,False,False,,NONE,NONE,NONE,,,,,False,False,,sub2
T01289,LONG,52322,52322,52324,52328,2026-01-09T13:00:03+00:00,4468.42619708719,4460.71956408,4476.132830094381,4460.71956408,loss,-7.866633007190103,-1.0207613363515007,0,NONE,NONE,NONE,,,,,False,False,,NONE,NONE,NONE,,,,,False,False,,sub2
T01290,SHORT,52342,52342,52343,52346,2026-01-09T14:40:03+00:00,4488.099276057055,4498.329925999999,4477.868626114111,4498.329925999999,loss,-10.390649942944037,-1.0156392800938518,0,NONE,NONE,NONE,,,,,False,False,,NONE,NONE,NONE,,,,,False,False,,sub2
T01291,SHORT,52360,52360,52362,52380,2026-01-09T16:10:03+00:00,4506.740729739792,4517.35368692,4496.127772559585,4496.127772559585,win,10.452957180207704,0.9849240888017297,0,NONE,NONE,NONE,,,,,False,False,,NONE,NONE,NONE,,,,,False,False,,sub2
T01292,SHORT,52457,52457,52458,52599,2026-01-12T01:15:03+00:00,4578.566289665151,4601.4040488,4555.728530530302,4601.4040488,loss,-22.99775913484882,-1.0070059413033963,0,NONE,NONE,NONE,,,,,False,False,,NONE,NONE,NONE,,,,,False,False,,sub2
T01293,SHORT,52639,52639,52640,52641,2026-01-12T16:25:03+00:00,4622.357037027008,4630.36820732,4614.345866734016,4614.345866734016,win,7.85117029299181,0.9800278867945391,0,NONE,NONE,NONE,,,,,False,False,,NONE,NONE,NONE,,,,,False,False,,sub2
T01294,LONG,52712,52712,52713,52736,2026-01-12T23:30:03+00:00,4589.705658419294,4577.80388052,4601.607436318588,4577.80388052,loss,-12.611077899293702,-1.0595961381569672,1,BULLISH,NONE,ALIGNED,52702.0,52707.0,52690.0,5.0,True,False,bullish|52702|52690|52707,BULLISH,NONE,ALIGNED,52702.0,52707.0,52690.0,5.0,True,False,bullish|52702|52690|52707,sub2
T01295,LONG,52742,52742,52748,52751,2026-01-13T02:00:03+00:00,4583.4291978254705,4575.2949808799995,4591.563414770942,4591.563414770942,win,7.974216945471198,0.980330005817101,0,NONE,NONE,NONE,,,,,False,False,,NONE,NONE,NONE,,,,,False,False,,sub2
T01296,LONG,52803,52803,52805,52821,2026-01-13T07:05:03+00:00,4583.562750332222,4573.091069040001,4594.034431624444,4594.034431624444,win,10.311681292221692,0.9847206961771551,0,NONE,NONE,NONE,,,,,False,False,,NONE,NONE,NONE,,,,,False,False,,sub2
T01297,LONG,52855,52855,52856,52858,2026-01-13T11:25:03+00:00,4585.6871739595435,4584.068629920001,4587.3057179990865,4587.3057179990865,win,1.458544039543085,0.901145723507754,0,NONE,NONE,NONE,,,,,False,False,,NONE,NONE,NONE,,,,,False,False,,sub2
T01298,SHORT,52860,52860,52861,52866,2026-01-13T11:50:03+00:00,4586.788511534984,4592.23268196,4581.344341109967,4581.344341109967,win,5.284170425016782,0.9706107657349162,0,NONE,NONE,NONE,,,,,False,False,,BULLISH,NONE,OPPOSED,52853.0,52858.0,52838.0,2.0,True,False,bullish|52853|52838|52858,sub2
T01299,LONG,52869,52869,52870,52871,2026-01-13T12:35:03+00:00,4583.759647291749,4577.66388612,4589.855408463499,4589.855408463499,win,5.935761171749618,0.9737522525092737,0,NONE,NONE,NONE,,,,,False,False,,NONE,NONE,NONE,,,,,False,False,,sub2
T01300,SHORT,52898,52898,52899,52901,2026-01-13T15:00:03+00:00,4621.012621002161,4634.91238908,4607.1128529243215,4607.1128529243215,win,13.739768077839472,0.9884890165717983,0,NONE,NONE,NONE,,,,,False,False,,NONE,NONE,NONE,,,,,False,False,,sub2
T01301,LONG,52967,52967,52968,52995,2026-01-13T20:45:03+00:00,4587.813857784697,4569.0512306400005,4606.576484929393,4606.576484929393,win,16.95472714469627,0.9036435576927767,1,NONE,NONE,NONE,,,,,False,False,,NONE,NONE,NONE,,,,,False,False,,sub2
T01302,SHORT,53019,53019,53020,53022,2026-01-14T02:05:03+00:00,4615.274147682919,4621.019833400001,4609.528461965837,4621.019833400001,loss,-5.905685717081724,-1.0278469808267054,0,NONE,NONE,NONE,,,,,False,False,,NONE,NONE,NONE,,,,,False,False,,sub2
T01303,SHORT,53031,53031,53032,53035,2026-01-14T03:05:03+00:00,4619.725392911635,4623.79894456,4615.65184126327,4615.65184126327,win,3.9135516483647734,0.9607222360703127,0,NONE,NONE,NONE,,,,,False,False,,NONE,NONE,NONE,,,,,False,False,,sub2
T01304,SHORT,53146,53146,53147,53149,2026-01-14T12:40:03+00:00,4634.807523387573,4639.13455796,4630.480488815147,4639.13455796,loss,-4.487034572426637,-1.0369768249644744,0,NONE,NONE,NONE,,,,,False,False,,NONE,NONE,NONE,,,,,False,False,,sub2
T01305,LONG,53157,53157,53158,53169,2026-01-14T13:35:03+00:00,4632.679259171636,4624.1270275199995,4641.231490823272,4624.1270275199995,loss,-8.712231651636102,-1.0187085671339646,0,BEARISH,NONE,OPPOSED,53149.0,53154.0,53142.0,3.0,False,True,bearish|53149|53142|53154,BULLISH,MOST_RECENT,ALIGNED,53152.0,53157.0,53132.0,0.0,True,True,bullish|53152|53132|53157,sub2
T01306,LONG,53177,53177,53179,53222,2026-01-14T15:15:03+00:00,4618.492818989535,4599.145026839999,4637.840611139071,4637.840611139071,win,19.187792149536108,0.991730322573075,0,NONE,NONE,NONE,,,,,False,False,,NONE,NONE,NONE,,,,,False,False,,sub2
T01307,SHORT,53234,53234,53235,53235,2026-01-14T20:00:03+00:00,4636.345458867342,4643.374727560001,4629.3161901746835,4629.3161901746835,win,6.869268692658807,0.9772380304416365,0,NONE,NONE,NONE,,,,,False,False,,NONE,NONE,NONE,,,,,False,False,,sub2
T01308,LONG,53267,53267,53268,53286,2026-01-14T23:45:03+00:00,4613.458954133326,4602.6558864,4624.2620218666525,4602.6558864,loss,-11.51236773332617,-1.0656572760172316,1,NONE,NONE,NONE,,,,,False,False,,NONE,NONE,NONE,,,,,False,False,,sub2
T01309,LONG,53292,53292,53293,53310,2026-01-15T01:50:03+00:00,4604.109156708418,4583.37365772,4624.844655696836,4583.37365772,loss,-20.895498988417785,-1.0077162358180638,0,NONE,NONE,NONE,,,,,False,False,,NONE,NONE,NONE,,,,,False,False,,sub2
T01310,LONG,53313,53313,53314,53346,2026-01-15T03:35:03+00:00,4595.230323654857,4580.88575724,4609.574890069714,4609.574890069714,win,14.184566414856818,0.9888459507682197,0,NONE,NONE,NONE,,,,,False,False,,NONE,NONE,NONE,,,,,False,False,,sub2
T01311,SHORT,53410,53410,53412,53417,2026-01-15T11:40:03+00:00,4618.66755268789,4623.19892056,4614.136184815779,4614.136184815779,win,4.371367872110568,0.9646905736820399,0,NONE,NONE,NONE,,,,,False,False,,NONE,NONE,NONE,,,,,False,False,,sub2
T01312,LONG,53421,53421,53422,53423,2026-01-15T12:35:03+00:00,4616.796310696294,4613.76244212,4619.830179272589,4613.76244212,loss,-3.193868576294335,-1.0527379469401,0,BEARISH,NONE,OPPOSED,53409.0,53414.0,53402.0,7.0,False,True,bearish|53409|53402|53414,BEARISH,NONE,OPPOSED,53409.0,53414.0,53402.0,7.0,False,True,bearish|53409|53402|53414,sub2
T01313,LONG,53440,53440,53441,53448,2026-01-15T14:10:03+00:00,4597.320011556098,4581.77772156,4612.862301552195,4612.862301552195,win,15.382289996097825,0.9897055067149032,0,NONE,NONE,NONE,,,,,False,False,,NONE,NONE,NONE,,,,,False,False,,sub2
T01314,SHORT,53536,53536,53537,53540,2026-01-15T23:10:03+00:00,4614.9380842549135,4621.16683928,4608.709329229827,4608.709329229827,win,6.06875502508683,0.9743126837778264,0,NONE,NONE,NONE,,,,,False,False,,NONE,NONE,NONE,,,,,False,False,,sub2
T01315,LONG,53559,53559,53560,53577,2026-01-16T01:05:03+00:00,4603.168028436703,4593.77724156,4612.558815313406,4593.77724156,loss,-9.55078687670266,-1.0170379758480934,0,NONE,NONE,NONE,,,,,False,False,,NONE,NONE,NONE,,,,,False,False,,sub2
T01316,LONG,53583,53583,53586,53613,2026-01-16T03:05:03+00:00,4597.445784341508,4591.069349879999,4603.822218803018,4603.822218803018,win,6.21643446150938,0.9749076069132867,0,NONE,NONE,NONE,,,,,False,False,,NONE,NONE,NONE,,,,,False,False,,sub2
T01317,SHORT,53690,53690,53691,53694,2026-01-16T12:00:03+00:00,4610.903010895928,4616.36164708,4605.444374711856,4605.444374711856,win,5.298636184072166,0.9706886492148488,0,NONE,NONE,NONE,,,,,False,False,,NONE,NONE,NONE,,,,,False,False,,sub2
T01318,LONG,53710,53710,53720,53721,2026-01-16T13:40:03+00:00,4596.261763396001,4582.48369332,4610.039833472001,4610.039833472001,win,13.61807007600055,0.9883873431389674,0,NONE,NONE,NONE,,,,,False,False,,NONE,NONE,NONE,,,,,False,False,,sub2
T01319,SHORT,53729,53729,53730,53730,2026-01-16T15:15:03+00:00,4608.995992968429,4620.77382356,4597.218162376858,4597.218162376858,win,11.617830591570964,0.9864151552566596,0,NONE,NONE,NONE,,,,,False,False,,NONE,NONE,NONE,,,,,False,False,,sub2
T01320,SHORT,53833,53833,53834,53845,2026-01-19T01:00:03+00:00,4672.134408833701,4690.9286296400005,4653.340188027401,4653.340188027401,win,18.63422080629971,0.9914867446940804,0,BEARISH,NONE,ALIGNED,53828.0,53833.0,53814.0,0.0,False,True,bearish|53828|53814|53833,NONE,NONE,NONE,,,,,False,False,,sub2
T01321,LONG,53846,53846,53847,53885,2026-01-19T02:05:03+00:00,4662.158931564849,4652.976873479999,4671.340989649699,4671.340989649699,win,9.02205808484996,0.9825747127145873,0,NONE,NONE,NONE,,,,,False,False,,NONE,NONE,NONE,,,,,False,False,,sub2
T01322,LONG,53958,53958,53959,53961,2026-01-19T11:25:03+00:00,4665.005401069128,4662.253502399999,4667.757299738258,4662.253502399999,loss,-2.9118986691291866,-1.058141675707295,0,NONE,NONE,NONE,,,,,False,False,,NONE,NONE,NONE,,,,,False,False,,sub2
T01323,LONG,53966,53966,53967,53968,2026-01-19T12:05:03+00:00,4663.660328435705,4659.35261844,4667.968038431411,4667.968038431411,win,4.147709995705554,0.9628572953705409,0,NONE,NONE,NONE,,,,,False,False,,NONE,NONE,NONE,,,,,False,False,,sub2
T01324,SHORT,53984,53984,53985,53985,2026-01-19T13:35:03+00:00,4670.508047799046,4673.8969484,4667.119147198092,4667.119147198092,win,3.228900600954148,0.9527870484148124,0,NONE,NONE,NONE,,,,,False,False,,NONE,NONE,NONE,,,,,False,False,,sub2
T01325,SHORT,54019,54019,54020,54034,2026-01-19T16:30:03+00:00,4671.345798731502,4676.26104296,4666.430554503005,4676.26104296,loss,-5.075244228497468,-1.032551790422174,0,NONE,NONE,NONE,,,,,False,False,,NONE,NONE,NONE,,,,,False,False,,sub2
T01326,SHORT,54047,54047,54048,54051,2026-01-19T18:50:03+00:00,4676.3785060462915,4680.6772196,4672.079792492583,4672.079792492583,win,4.13871355370884,0.9627795623037466,0,BEARISH,NONE,ALIGNED,54041.0,54046.0,54035.0,1.0,False,True,bearish|54041|54035|54046,BEARISH,NONE,ALIGNED,54041.0,54046.0,54035.0,1.0,False,True,bearish|54041|54035|54046,sub2
T01327,LONG,54069,54069,54070,54071,2026-01-20T00:10:03+00:00,4667.254061021021,4663.91243604,4670.5956860020415,4663.91243604,loss,-3.501624981020541,-1.047880896542431,0,NONE,NONE,NONE,,,,,False,False,,NONE,NONE,NONE,,,,,False,False,,sub2
T01328,SHORT,54090,54090,54091,54111,2026-01-20T01:55:03+00:00,4670.59570187649,4676.27904368,4664.912360072981,4676.27904368,loss,-5.843341803509247,-1.028152450711491,0,NONE,NONE,NONE,,,,,False,False,,NONE,NONE,NONE,,,,,False,False,,sub2
T01329,SHORT,54145,54145,54146,54153,2026-01-20T06:30:03+00:00,4709.113223449633,4717.30768476,4700.918762139266,4717.30768476,loss,-8.354461310366787,-1.0195253835413727,0,BEARISH,NONE,ALIGNED,54138.0,54143.0,54129.0,2.0,False,True,bearish|54138|54129|54143,BEARISH,NONE,ALIGNED,54138.0,54143.0,54129.0,2.0,False,True,bearish|54138|54129|54143,sub2
T01330,SHORT,54161,54161,54162,54164,2026-01-20T07:50:03+00:00,4717.114930734192,4722.963911,4711.265950468384,4722.963911,loss,-6.008980265807622,-1.0273551957313294,0,NONE,NONE,NONE,,,,,False,False,,NONE,NONE,NONE,,,,,False,False,,sub2
T01331,SHORT,54168,54168,54169,54173,2026-01-20T08:25:03+00:00,4719.719293944752,4725.78702392,4713.651563969504,4725.78702392,loss,-6.227729975247712,-1.026369004661141,0,BEARISH,NONE,ALIGNED,54160.0,54165.0,54138.0,3.0,False,True,bearish|54160|54138|54165,BEARISH,NONE,ALIGNED,54160.0,54165.0,54138.0,3.0,False,True,bearish|54160|54138|54165,sub2
T01332,SHORT,54178,54178,54179,54180,2026-01-20T09:15:03+00:00,4724.414409656307,4731.7082607600005,4717.120558552613,4731.7082607600005,loss,-7.453851103693523,-1.0219362854718586,0,NONE,NONE,NONE,,,,,False,False,,NONE,NONE,NONE,,,,,False,False,,sub2
T01333,SHORT,54189,54189,54190,54193,2026-01-20T10:10:03+00:00,4731.585312137009,4737.589496,4725.581128274019,4725.581128274019,win,5.844183862990576,0.9733519153225656,0,NONE,NONE,NONE,,,,,False,False,,NONE,NONE,NONE,,,,,False,False,,sub2
T01334,SHORT,54211,54211,54212,54223,2026-01-20T12:00:03+00:00,4729.844349194368,4735.6074167199995,4724.081281668737,4724.081281668737,win,5.603067525631559,0.97223700758524,0,NONE,NONE,NONE,,,,,False,False,,NONE,NONE,NONE,,,,,False,False,,sub2
T01335,SHORT,54241,54241,54242,54252,2026-01-20T14:30:03+00:00,4737.055317020996,4751.35604664,4722.754587401992,4722.754587401992,win,14.14072961900456,0.9888117596610435,0,NONE,NONE,NONE,,,,,False,False,,NONE,NONE,NONE,,,,,False,False,,sub2
T01336,SHORT,54332,54332,54334,54339,2026-01-20T23:05:03+00:00,4760.3978534922735,4764.4495703600005,4756.3461366245465,4764.4495703600005,loss,-4.211716867726864,-1.0394894325598851,0,NONE,NONE,NONE,,,,,False,False,,NONE,NONE,NONE,,,,,False,False,,sub2
T01337,SHORT,54371,54371,54372,54379,2026-01-21T02:20:03+00:00,4823.046900134628,4844.592775960001,4801.501024309256,4844.592775960001,loss,-21.70587582537246,-1.007426015136105,0,NONE,NONE,NONE,,,,,False,False,,NONE,NONE,NONE,,,,,False,False,,sub2
T01338,SHORT,54382,54382,54383,54394,2026-01-21T03:15:03+00:00,4833.389574638393,4850.16199872,4816.617150556786,4850.16199872,loss,-16.93242408160677,-1.009539467832519,0,NONE,NONE,NONE,,,,,False,False,,NONE,NONE,NONE,,,,,False,False,,sub2
T01339,SHORT,54481,54481,54482,54484,2026-01-21T11:30:03+00:00,4865.206267206972,4871.73886176,4858.673672653945,4858.673672653945,win,6.372594553027739,0.9755074344961909,0,NONE,NONE,NONE,,,,,False,False,,NONE,NONE,NONE,,,,,False,False,,sub2
T01340,LONG,54486,54486,54487,54506,2026-01-21T11:55:03+00:00,4864.298202573036,4855.03179096,4873.5646141860725,4873.5646141860725,win,9.106411613036471,0.9827333377059615,0,NONE,NONE,NONE,,,,,False,False,,NONE,NONE,NONE,,,,,False,False,,sub2
T01341,LONG,54518,54518,54519,54526,2026-01-21T14:35:03+00:00,4861.887439015263,4839.077429159999,4884.697448870527,4839.077429159999,loss,-22.970009855263925,-1.0070144643082182,0,NONE,NONE,NONE,,,,,False,False,,NONE,NONE,NONE,,,,,False,False,,sub2
T01342,LONG,54532,54532,54533,54553,2026-01-21T15:45:03+00:00,4843.650233993854,4812.5114918399995,4874.788976147709,4812.5114918399995,loss,-31.29874215385462,-1.0051382936153717,0,NONE,NONE,NONE,,,,,False,False,,NONE,NONE,NONE,,,,,False,False,,sub2
T01343,LONG,54557,54557,54558,54568,2026-01-21T17:50:03+00:00,4820.604733873603,4802.3508982799995,4838.858569467207,4838.858569467207,win,18.093835593604126,0.9912347189071914,0,NONE,NONE,NONE,,,,,False,False,,NONE,NONE,NONE,,,,,False,False,,sub2
T01344,LONG,54586,54586,54587,54598,2026-01-21T20:15:03+00:00,4793.0346636975555,4755.687764879999,4830.381562515112,4830.381562515112,win,37.18689881755654,0.995715842410866,0,NONE,NONE,NONE,,,,,False,False,,NONE,NONE,NONE,,,,,False,False,,sub2
T01345,LONG,54627,54627,54628,54631,2026-01-22T00:40:03+00:00,4789.582043904582,4777.414895759999,4801.749192049165,4777.414895759999,loss,-12.32714814458268,-1.013150164533099,0,NONE,NONE,NONE,,,,,False,False,,NONE,NONE,NONE,,,,,False,False,,sub2
T01346,LONG,54633,54633,54634,54635,2026-01-22T01:10:03+00:00,4789.075958637611,4772.017111679999,4806.134805595222,4806.134805595222,win,16.898846957611568,0.9906207025364945,0,NONE,NONE,NONE,,,,,False,False,,NONE,NONE,NONE,,,,,False,False,,sub2
T01347,SHORT,54763,54763,54767,54774,2026-01-22T12:00:03+00:00,4829.434144070739,4836.659458640001,4822.208829501478,4822.208829501478,win,7.065314569261318,0.9778556354237439,0,NONE,NONE,NONE,,,,,False,False,,NONE,NONE,NONE,,,,,False,False,,sub2
T01348,LONG,54777,54777,54781,54783,2026-01-22T13:10:03+00:00,4825.799463233622,4815.8223594,4835.776567067244,4815.8223594,loss,-10.13710383362195,-1.0160367179361878,0,NONE,NONE,NONE,,,,,False,False,,NONE,NONE,NONE,,,,,False,False,,sub2
T01349,LONG,54787,54787,54788,54793,2026-01-22T14:00:03+00:00,4822.568019707139,4810.50057228,4834.635467134278,4834.635467134278,win,11.907447427139232,0.9867411893885676,0,NONE,NONE,NONE,,,,,False,False,,NONE,NONE,NONE,,,,,False,False,,sub2
T01350,SHORT,54799,54799,54800,54804,2026-01-22T15:00:03+00:00,4834.983212055675,4847.97191112,4821.994512991349,4847.97191112,loss,-13.148699064325228,-1.0123184007272374,0,NONE,NONE,NONE,,,,,False,False,,NONE,NONE,NONE,,,,,False,False,,sub2
T01351,SHORT,54824,54824,54825,54827,2026-01-22T17:05:03+00:00,4876.870949163949,4885.71642084,4868.025477487899,4885.71642084,loss,-9.005471676050547,-1.0180883514027927,0,NONE,NONE,NONE,,,,,False,False,,NONE,NONE,NONE,,,,,False,False,,sub2
T01352,SHORT,54852,54852,54853,54856,2026-01-22T19:25:03+00:00,4916.3922195931955,4924.67397908,4908.110460106391,4908.110460106391,win,8.121759486804876,0.9806804338794454,0,NONE,NONE,NONE,,,,,False,False,,NONE,NONE,NONE,,,,,False,False,,sub2
T01353,SHORT,54865,54865,54866,54877,2026-01-22T20:30:03+00:00,4921.109637372203,4928.608136440001,4913.611138304405,4928.608136440001,loss,-7.658499067797493,-1.0213376035061437,0,NONE,NONE,NONE,,,,,False,False,,NONE,NONE,NONE,,,,,False,False,,sub2
T01354,SHORT,54889,54889,54892,54894,2026-01-22T23:30:03+00:00,4938.934106016878,4960.08939564,4917.778816393757,4960.08939564,loss,-21.315289623121316,-1.0075631202810376,0,NONE,NONE,NONE,,,,,False,False,,NONE,NONE,NONE,,,,,False,False,,sub2
T01355,SHORT,54901,54901,54902,54906,2026-01-23T00:30:03+00:00,4950.71670478519,4963.5785352,4937.85487437038,4963.5785352,loss,-13.02183041481021,-1.0124399090051455,0,BEARISH,NONE,ALIGNED,54895.0,54900.0,54884.0,1.0,False,True,bearish|54895|54884|54900,BEARISH,NONE,ALIGNED,54895.0,54900.0,54884.0,1.0,False,True,bearish|54895|54884|54900,sub2
T01356,SHORT,54919,54919,54920,54936,2026-01-23T02:00:03+00:00,4953.319561301507,4967.75970244,4938.8794201630135,4938.8794201630135,win,14.28014113849349,0.9889197758896318,0,BEARISH,NONE,ALIGNED,54906.0,54911.0,54895.0,8.0,False,True,bearish|54906|54895|54911,BEARISH,NONE,ALIGNED,54906.0,54911.0,54895.0,8.0,False,True,bearish|54906|54895|54911,sub2
T01357,LONG,55011,55011,55012,55020,2026-01-23T09:40:03+00:00,4914.694775263367,4899.34601832,4930.043532206733,4930.043532206733,win,15.18875694336657,0.9895757030624551,0,BULLISH,NONE,ALIGNED,55006.0,55011.0,54996.0,0.0,True,False,bullish|55006|54996|55011,NONE,NONE,NONE,,,,,False,False,,sub2
T01358,LONG,55033,55033,55038,55039,2026-01-23T11:30:03+00:00,4921.991843275432,4913.609447759999,4930.374238790865,4930.374238790865,win,8.222395515433163,0.9809123776484568,0,BEARISH,NONE,OPPOSED,55026.0,55031.0,55020.0,2.0,False,True,bearish|55026|55020|55031,NONE,NONE,NONE,,,,,False,False,,sub2
T01359,SHORT,55054,55054,55055,55055,2026-01-23T13:15:03+00:00,4937.54534502001,4948.16591872,4926.92477132002,4926.92477132002,win,10.460573699990164,0.9849349004564598,0,NONE,NONE,NONE,,,,,False,False,,NONE,NONE,NONE,,,,,False,False,,sub2
T01360,SHORT,55074,55074,55075,55083,2026-01-23T14:55:03+00:00,4944.726011370377,4956.73626152,4932.715761220754,4956.73626152,loss,-12.170250149622916,-1.013321953998175,0,BEARISH,NONE,ALIGNED,55065.0,55070.0,55049.0,4.0,False,True,bearish|55065|55049|55070,BEARISH,NONE,ALIGNED,55065.0,55070.0,55049.0,4.0,False,True,bearish|55065|55049|55070,sub2
T01361,SHORT,55136,55136,55137,55159,2026-01-23T20:05:03+00:00,4979.401667667971,4990.00359216,4968.799743175942,4990.00359216,loss,-10.761924492028811,-1.0150915996543977,2,NONE,NONE,NONE,,,,,False,False,,NONE,NONE,NONE,,,,,False,False,,sub2
T01362,SHORT,55196,55196,55197,55199,2026-01-26T02:05:03+00:00,5069.961852074932,5085.90242796,5054.021276189864,5085.90242796,loss,-16.100575885067883,-1.0100372785245313,0,NONE,NONE,NONE,,,,,False,False,,NONE,NONE,NONE,,,,,False,False,,sub2
T01363,SHORT,55206,55206,55208,55217,2026-01-26T02:55:03+00:00,5081.785004690953,5093.30772416,5070.2622852219065,5070.2622852219065,win,11.362719469047079,0.9861143890181778,0,BEARISH,NONE,ALIGNED,55200.0,55205.0,55189.0,1.0,False,True,bearish|55200|55189|55205,BEARISH,NONE,ALIGNED,55200.0,55205.0,55189.0,1.0,False,True,bearish|55200|55189|55205,sub2
T01364,SHORT,55254,55254,55256,55333,2026-01-26T06:55:03+00:00,5083.304051082161,5111.34744572,5055.260656444322,5055.260656444322,win,27.883394637839046,0.9942945566303173,0,NONE,NONE,NONE,,,,,False,False,,NONE,NONE,NONE,,,,,False,False,,sub2
T01365,LONG,55337,55337,55338,55349,2026-01-26T13:50:03+00:00,5073.803871009323,5054.36981712,5093.237924898646,5093.237924898646,win,19.274053889323113,0.9917670291072025,0,NONE,NONE,NONE,,,,,False,False,,NONE,NONE,NONE,,,,,False,False,,sub2
T01366,SHORT,55357,55357,55358,55358,2026-01-26T15:30:03+00:00,5086.8759724799775,5097.58589528,5076.166049679955,5076.166049679955,win,10.549922800022614,0.9850605832565368,0,NONE,NONE,NONE,,,,,False,False,,NONE,NONE,NONE,,,,,False,False,,sub2
T01367,LONG,55411,55411,55412,55429,2026-01-26T20:00:03+00:00,5037.967460218405,5008.0896684,5067.84525203681,5008.0896684,loss,-30.037791818404912,-1.0053551480970322,0,NONE,NONE,NONE,,,,,False,False,,NONE,NONE,NONE,,,,,False,False,,sub2
T01368,SHORT,55446,55446,55447,55456,2026-01-26T23:55:03+00:00,5044.368591965407,5061.7354613200005,5027.001722610814,5027.001722610814,win,17.206869354593437,0.9907870557016923,0,NONE,NONE,NONE,,,,,False,False,,NONE,NONE,NONE,,,,,False,False,,sub2
T01369,SHORT,55471,55471,55472,55479,2026-01-27T02:00:03+00:00,5058.744407158512,5076.11403644,5041.374777877025,5076.11403644,loss,-17.52962928148736,-1.0092114804183174,0,NONE,NONE,NONE,,,,,False,False,,NONE,NONE,NONE,,,,,False,False,,sub2
T01370,SHORT,55481,55481,55482,55509,2026-01-27T02:50:03+00:00,5068.741874326866,5080.04619372,5057.437554933733,5057.437554933733,win,11.144319393133628,0.9858461182460005,0,NONE,NONE,NONE,,,,,False,False,,NONE,NONE,NONE,,,,,False,False,,sub2
T01371,SHORT,55533,55533,55534,55537,2026-01-27T07:10:03+00:00,5085.618161769609,5094.7627823600005,5076.473541179218,5094.7627823600005,loss,-9.304620590391096,-1.0174966253020903,0,NONE,NONE,NONE,,,,,False,False,,NONE,NONE,NONE,,,,,False,False,,sub2
T01372,LONG,55586,55586,55587,55588,2026-01-27T11:35:03+00:00,5087.032783538259,5083.12766676,5090.937900316518,5083.12766676,loss,-4.0651167782589255,-1.0409718861393906,0,NONE,NONE,NONE,,,,,False,False,,NONE,NONE,NONE,,,,,False,False,,sub2
T01373,LONG,55597,55597,55605,55616,2026-01-27T12:30:03+00:00,5080.830341975104,5066.65432572,5095.006358230207,5066.65432572,loss,-14.33601625510346,-1.0112866687735529,0,NONE,NONE,NONE,,,,,False,False,,NONE,NONE,NONE,,,,,False,False,,sub2
T01374,LONG,55622,55622,55623,55638,2026-01-27T14:35:03+00:00,5067.899934753054,5046.2631414,5089.536728106109,5089.536728106109,win,21.476793353054745,0.9926051888840882,0,NONE,NONE,NONE,,,,,False,False,,NONE,NONE,NONE,,,,,False,False,,sub2
T01375,SHORT,55647,55647,55648,55687,2026-01-27T16:40:03+00:00,5089.649349252102,5103.35512604,5075.943572464204,5103.35512604,loss,-13.86577678789763,-1.0116739096569218,0,NONE,NONE,NONE,,,,,False,False,,NONE,NONE,NONE,,,,,False,False,,sub2
T01376,LONG,55718,55718,55719,55722,2026-01-27T23:45:03+00:00,5169.389349603161,5158.867637039999,5179.911062166322,5158.867637039999,loss,-12.329612563161454,-1.1718256404693697,1,BEARISH,NONE,OPPOSED,55708.0,55713.0,55700.0,5.0,False,True,bearish|55708|55700|55713,BEARISH,NONE,OPPOSED,55708.0,55713.0,55700.0,5.0,False,True,bearish|55708|55700|55713,sub2
T01377,LONG,55728,55728,55729,55731,2026-01-28T00:35:03+00:00,5166.806737244735,5156.85271764,5176.7607568494695,5176.7607568494695,win,9.794019604734785,0.9839260915335398,0,NONE,NONE,NONE,,,,,False,False,,NONE,NONE,NONE,,,,,False,False,,sub2
T01378,SHORT,55764,55764,55765,55780,2026-01-28T03:35:03+00:00,5233.226931260186,5247.9899112,5218.463951320371,5247.9899112,loss,-14.922979939814468,-1.0108379203014661,0,NONE,NONE,NONE,,,,,False,False,,NONE,NONE,NONE,,,,,False,False,,sub2
T01379,SHORT,55794,55794,55795,55803,2026-01-28T06:05:03+00:00,5257.079473044138,5266.70965996,5247.449286128275,5266.70965996,loss,-9.79018691586225,-1.016614423104946,0,NONE,NONE,NONE,,,,,False,False,,NONE,NONE,NONE,,,,,False,False,,sub2
T01380,SHORT,55825,55825,55827,55832,2026-01-28T08:40:03+00:00,5292.438095485158,5311.7824628,5273.093728170315,5273.093728170315,win,19.184367314842348,0.9917288584632544,0,NONE,NONE,NONE,,,,,False,False,,NONE,NONE,NONE,,,,,False,False,,sub2
T01381,LONG,55862,55862,55863,55876,2026-01-28T11:45:03+00:00,5261.973234442308,5246.37113676,5277.575332124617,5277.575332124617,win,15.442097682308486,0.9897449687049913,0,NONE,NONE,NONE,,,,,False,False,,NONE,NONE,NONE,,,,,False,False,,sub2
T01382,LONG,55905,55905,55906,55924,2026-01-28T15:20:03+00:00,5267.308049128608,5235.0805884,5299.535509857216,5299.535509857216,win,32.06746072860824,0.9950352898930749,0,NONE,NONE,NONE,,,,,False,False,,BULLISH,NONE,ALIGNED,55890.0,55895.0,55866.0,10.0,True,False,bullish|55890|55866|55895,sub2
T01383,SHORT,55931,55931,55932,55940,2026-01-28T17:30:03+00:00,5294.010628398225,5307.249281480001,5280.771975316449,5307.249281480001,loss,-13.398653081775592,-1.0120858216475292,0,NONE,NONE,NONE,,,,,False,False,,NONE,NONE,NONE,,,,,False,False,,sub2
T01384,SHORT,55997,55997,55998,56069,2026-01-29T00:00:03+00:00,5488.182066040889,5570.24080072,5406.123331361779,5570.24080072,loss,-82.21873467911064,-1.001949822899726,0,NONE,NONE,NONE,,,,,False,False,,NONE,NONE,NONE,,,,,False,False,,sub2
T01385,SHORT,56078,56078,56079,56080,2026-01-29T06:45:03+00:00,5576.103450628493,5595.54781296,5556.659088296987,5556.659088296987,win,19.2843623315066,0.9917713938224346,0,NONE,NONE,NONE,,,,,False,False,,NONE,NONE,NONE,,,,,False,False,,sub2
T01386,LONG,56161,56161,56162,56170,2026-01-29T13:40:03+00:00,5523.225932738201,5500.0409895600005,5546.410875916401,5546.410875916401,win,23.024943178200374,0.9930989695005897,0,NONE,NONE,NONE,,,,,False,False,,NONE,NONE,NONE,,,,,False,False,,sub2
T01387,SHORT,56171,56171,56172,56172,2026-01-29T14:30:03+00:00,5525.69252956841,5549.70097916,5501.684079976819,5501.684079976819,win,23.848449591590906,0.9933356796160675,0,NONE,NONE,NONE,,,,,False,False,,NONE,NONE,NONE,,,,,False,False,,sub2
T01388,LONG,56191,56191,56192,56254,2026-01-29T16:10:03+00:00,5254.1136101862,5094.9741928799995,5413.253027492401,5413.253027492401,win,158.97941730620096,0.9989945922719322,0,NONE,NONE,NONE,,,,,False,False,,NONE,NONE,NONE,,,,,False,False,,sub2
T01389,SHORT,56264,56264,56265,56274,2026-01-29T23:15:03+00:00,5401.7242769319555,5448.8729462,5354.575607663911,5448.8729462,loss,-47.30866926804447,-1.0033935210152007,1,NONE,NONE,NONE,,,,,False,False,,NONE,NONE,NONE,,,,,False,False,,sub2
T01390,LONG,56306,56306,56307,56375,2026-01-30T02:45:03+00:00,5233.226499469836,5111.84151816,5354.611480779672,5111.84151816,loss,-121.54498130983575,-1.0013181202342607,0,NONE,NONE,NONE,,,,,False,False,,NONE,NONE,NONE,,,,,False,False,,sub2
T01391,LONG,56393,56393,56394,56407,2026-01-30T10:00:03+00:00,5032.72842492696,4940.06938932,5125.38746053392,5125.38746053392,win,92.4990356069602,0.9982732390969561,0,NONE,NONE,NONE,,,,,False,False,,NONE,NONE,NONE,,,,,False,False,,sub2
T01392,SHORT,56414,56414,56415,56416,2026-01-30T11:45:03+00:00,5109.0138308067535,5138.0355132,5079.992148413507,5138.0355132,loss,-29.181682393246774,-1.0055131193923164,0,NONE,NONE,NONE,,,,,False,False,,NONE,NONE,NONE,,,,,False,False,,sub2
T01393,SHORT,56420,56420,56421,56426,2026-01-30T12:15:03+00:00,5120.388395452947,5146.1478376800005,5094.628953225894,5094.628953225894,win,25.59944222705326,0.993788685384196,0,BEARISH,NONE,ALIGNED,56412.0,56417.0,56404.0,3.0,False,True,bearish|56412|56404|56417,BEARISH,NONE,ALIGNED,56412.0,56417.0,56404.0,3.0,False,True,bearish|56412|56404|56417,sub2
T01394,LONG,56441,56441,56443,56447,2026-01-30T14:00:03+00:00,5041.869449708058,4991.725323,5092.013576416116,5092.013576416116,win,49.984126708058284,0.9968091975969313,0,NONE,NONE,NONE,,,,,False,False,,NONE,NONE,NONE,,,,,False,False,,sub2
T01395,LONG,56456,56456,56457,56472,2026-01-30T15:15:03+00:00,5042.381011176555,4980.19878408,5104.56323827311,4980.19878408,loss,-62.34222709655478,-1.002573082494318,0,NONE,NONE,NONE,,,,,False,False,,NONE,NONE,NONE,,,,,False,False,,sub2
T01396,LONG,56569,56569,56570,56616,2026-02-02T01:45:03+00:00,4720.7225922185535,4585.15258656,4856.292597877107,4585.15258656,loss,-135.73000565855364,-1.0011802020603497,0,BULLISH,NONE,ALIGNED,56562.0,56567.0,56539.0,2.0,True,False,bullish|56562|56539|56567,BULLISH,NONE,ALIGNED,56562.0,56567.0,56539.0,2.0,True,False,bullish|56562|56539|56567,sub2
T01397,LONG,56631,56631,56632,56640,2026-02-02T06:55:03+00:00,4495.440593127369,4401.8889174,4588.992268854738,4588.992268854738,win,93.39167572736915,0.9982897152963232,0,NONE,NONE,NONE,,,,,False,False,,NONE,NONE,NONE,,,,,False,False,,sub2
T01398,SHORT,56704,56704,56705,56705,2026-02-02T13:00:03+00:00,4774.951512406016,4812.65449848,4737.248526332032,4737.248526332032,win,37.54298607398414,0.9957563042968032,0,NONE,NONE,NONE,,,,,False,False,,NONE,NONE,NONE,,,,,False,False,,sub2
T01399,LONG,56705,56705,56706,56710,2026-02-02T13:05:03+00:00,4776.610356651245,4720.48017324,4832.740540062489,4720.48017324,loss,-56.29018341124447,-1.0028505162512582,0,BEARISH,NONE,OPPOSED,56700.0,56705.0,56689.0,0.0,False,True,bearish|56700|56689|56705,BEARISH,NONE,OPPOSED,56700.0,56705.0,56689.0,0.0,False,True,bearish|56700|56689|56705,sub2
T01400,LONG,56718,56718,56719,56723,2026-02-02T14:10:03+00:00,4721.937198101525,4669.2482226,4774.626173603049,4774.626173603049,win,52.528975501524656,0.9969633116135419,0,NONE,NONE,NONE,,,,,False,False,,NONE,NONE,NONE,,,,,False,False,,sub2
T01401,LONG,56741,56741,56742,56816,2026-02-02T16:05:03+00:00,4673.579769690204,4596.315140039999,4750.844399340408,4750.844399340408,win,77.06462965020455,0.9974114934491336,0,NONE,NONE,NONE,,,,,False,False,,NONE,NONE,NONE,,,,,False,False,,sub2
T01402,SHORT,56835,56835,56836,56839,2026-02-03T00:55:03+00:00,4795.393821939113,4831.24424204,4759.543401838226,4831.24424204,loss,-36.01042010088713,-1.0044629881476868,0,NONE,NONE,NONE,,,,,False,False,,NONE,NONE,NONE,,,,,False,False,,sub2
T01403,SHORT,56845,56845,56846,56850,2026-02-03T01:45:03+00:00,4829.483723260282,4857.11327676,4801.854169760564,4801.854169760564,win,27.46955349971813,0.9942090993254202,0,NONE,NONE,NONE,,,,,False,False,,NONE,NONE,NONE,,,,,False,False,,sub2
T01404,LONG,56962,56962,56966,56968,2026-02-03T11:30:03+00:00,4906.576616372744,4883.31765948,4929.835573265488,4929.835573265488,win,23.098956892744354,0.9931209296815126,0,NONE,NONE,NONE,,,,,False,False,,NONE,NONE,NONE,,,,,False,False,,sub2
T01405,SHORT,56990,56990,56991,56995,2026-02-03T13:50:03+00:00,4929.210915005247,4951.1430378,4907.278792210495,4907.278792210495,win,21.732122794752286,0.9908809556707536,0,NONE,NONE,NONE,,,,,False,False,,NONE,NONE,NONE,,,,,False,False,,sub2
T01406,SHORT,57026,57026,57027,57030,2026-02-03T16:50:03+00:00,4961.98566529447,4993.84374576,4930.12758482894,4930.12758482894,win,31.61808046553051,0.9924665894337402,0,NONE,NONE,NONE,,,,,False,False,,NONE,NONE,NONE,,,,,False,False,,sub2
T01407,SHORT,57089,57089,57091,57102,2026-02-03T23:05:03+00:00,4943.6806697278935,4972.2888836,4915.072455855787,4972.2888836,loss,-28.9082138721069,-1.0104864987846265,1,BEARISH,NONE,ALIGNED,57078.0,57083.0,57070.0,6.0,False,True,bearish|57078|57070|57083,BEARISH,NONE,ALIGNED,57078.0,57083.0,57070.0,6.0,False,True,bearish|57078|57070|57083,sub2
T01408,SHORT,57119,57119,57120,57124,2026-02-04T01:35:03+00:00,5022.072924067994,5053.708140240001,4990.437707895987,5053.708140240001,loss,-31.87521617200673,-1.007586482061474,0,NONE,NONE,NONE,,,,,False,False,,NONE,NONE,NONE,,,,,False,False,,sub2
T01409,SHORT,57130,57130,57131,57143,2026-02-04T02:30:03+00:00,5048.3339789522515,5065.6826192,5030.985338704503,5065.6826192,loss,-17.588640247748117,-1.013833937217698,0,BEARISH,NONE,ALIGNED,57125.0,57130.0,57114.0,0.0,False,True,bearish|57125|57114|57130,BEARISH,NONE,ALIGNED,57125.0,57130.0,57114.0,0.0,False,True,bearish|57125|57114|57130,sub2
T01410,SHORT,57152,57152,57153,57157,2026-02-04T04:20:03+00:00,5063.719293348378,5074.25996228,5053.178624416757,5074.25996228,loss,-10.780668931621221,-1.0227689534275946,0,BEARISH,NONE,ALIGNED,57143.0,57148.0,57125.0,4.0,False,True,bearish|57143|57125|57148,BEARISH,NONE,ALIGNED,57143.0,57148.0,57125.0,4.0,False,True,bearish|57143|57125|57148,sub2
T01411,SHORT,57166,57166,57167,57168,2026-02-04T05:30:03+00:00,5077.082673375308,5085.665418480001,5068.499928270616,5085.665418480001,loss,-8.82274510469233,-1.0279630814002112,0,NONE,NONE,NONE,,,,,False,False,,NONE,NONE,NONE,,,,,False,False,,sub2
T01412,SHORT,57171,57171,57172,57173,2026-02-04T05:55:03+00:00,5080.4820677948865,5090.468610600001,5070.495524989772,5070.495524989772,win,9.746542805114586,0.9759676592106659,0,NONE,NONE,NONE,,,,,False,False,,NONE,NONE,NONE,,,,,False,False,,sub2
T01413,SHORT,57191,57191,57192,57194,2026-02-04T07:35:03+00:00,5073.20971261325,5090.9236288,5055.4957964265,5090.9236288,loss,-17.953916186749666,-1.013548669727776,0,NONE,NONE,NONE,,,,,False,False,,NONE,NONE,NONE,,,,,False,False,,sub2
T01414,SHORT,57198,57198,57199,57211,2026-02-04T08:10:03+00:00,5079.617904442989,5092.07567488,5067.160134005978,5067.160134005978,win,12.217770437011495,0.9807349155121083,0,BEARISH,NONE,ALIGNED,57189.0,57194.0,57169.0,4.0,False,True,bearish|57189|57169|57194,NONE,NONE,NONE,,,,,False,False,,sub2
T01415,LONG,57241,57241,57242,57250,2026-02-04T11:45:03+00:00,5038.861939572085,5019.436214519999,5058.287664624171,5058.287664624171,win,19.185725052086127,0.9876452487947671,0,NONE,NONE,NONE,,,,,False,False,,NONE,NONE,NONE,,,,,False,False,,sub2
T01416,SHORT,57268,57268,57269,57273,2026-02-04T14:00:03+00:00,5048.370708438614,5063.74654176,5032.994875117229,5032.994875117229,win,15.13583332138569,0.984391089901711,0,NONE,NONE,NONE,,,,,False,False,,NONE,NONE,NONE,,,,,False,False,,sub2
T01417,LONG,57304,57304,57305,57364,2026-02-04T17:00:03+00:00,4911.503712798776,4851.82791912,4971.179506477552,4971.179506477552,win,59.34579367877632,0.9944701196304777,0,NONE,NONE,NONE,,,,,False,False,,NONE,NONE,NONE,,,,,False,False,,sub2
T01418,SHORT,57377,57377,57378,57388,2026-02-05T00:05:03+00:00,5008.504439079685,5023.98195124,4993.0269269193695,4993.0269269193695,win,15.237512160315418,0.984493631953645,0,NONE,NONE,NONE,,,,,False,False,,NONE,NONE,NONE,,,,,False,False,,sub2
T01419,LONG,57396,57396,57397,57401,2026-02-05T01:40:03+00:00,4979.66993348091,4935.8625576,5023.47730936182,4935.8625576,loss,-44.00737588090942,-1.0045654412294294,0,NONE,NONE,NONE,,,,,False,False,,NONE,NONE,NONE,,,,,False,False,,sub2
T01420,LONG,57422,57422,57424,57634,2026-02-05T03:50:03+00:00,4868.0764184592335,4788.431455079999,4947.721381838468,4788.431455079999,loss,-79.80496337923432,-1.00200891548205,0,NONE,NONE,NONE,,,,,False,False,,NONE,NONE,NONE,,,,,False,False,,sub2
T01421,LONG,57657,57657,57658,57674,2026-02-06T00:25:03+00:00,4712.540115247799,4654.87479756,4770.205432935598,4770.205432935598,win,57.505317687799106,0.9972253686199025,0,NONE,NONE,NONE,,,,,False,False,,NONE,NONE,NONE,,,,,False,False,,sub2
T01422,SHORT,57692,57692,57693,57717,2026-02-06T03:20:03+00:00,4813.644609805925,4846.72686132,4780.56235829185,4846.72686132,loss,-33.24225151407518,-1.0048364301907258,0,NONE,NONE,NONE,,,,,False,False,,NONE,NONE,NONE,,,,,False,False,,sub2
T01423,SHORT,57727,57727,57728,57735,2026-02-06T06:15:03+00:00,4864.553705236994,4903.34412592,4825.763284553987,4825.763284553987,win,38.598420683007134,0.9950503243682735,0,NONE,NONE,NONE,,,,,False,False,,NONE,NONE,NONE,,,,,False,False,,sub2
T01424,SHORT,57799,57799,57800,57801,2026-02-06T12:15:03+00:00,4887.664874599855,4903.6481380800005,4871.681611119709,4871.681611119709,win,15.791263480146881,0.9879874344662093,0,NONE,NONE,NONE,,,,,False,False,,NONE,NONE,NONE,,,,,False,False,,sub2
T01425,SHORT,57823,57823,57824,57824,2026-02-06T14:15:03+00:00,4921.502948287847,4938.6005361200005,4904.405360455694,4904.405360455694,win,16.905587832154197,0.9887703457421037,0,NONE,NONE,NONE,,,,,False,False,,NONE,NONE,NONE,,,,,False,False,,sub2
T01426,SHORT,57840,57840,57841,57849,2026-02-06T15:40:03+00:00,4944.34038026648,4964.9385896,4923.742170932959,4923.742170932959,win,20.406209333521474,0.9906788014001466,0,BEARISH,NONE,ALIGNED,57833.0,57838.0,57808.0,2.0,False,True,bearish|57833|57808|57838,BEARISH,NONE,ALIGNED,57833.0,57838.0,57808.0,2.0,False,True,bearish|57833|57808|57838,sub2
T01427,SHORT,57863,57863,57864,57870,2026-02-06T17:35:03+00:00,4953.107596779986,4968.77574308,4937.439450479972,4968.77574308,loss,-15.868146300013905,-1.0127647518838676,0,NONE,NONE,NONE,,,,,False,False,,NONE,NONE,NONE,,,,,False,False,,sub2
T01428,SHORT,57872,57872,57874,57898,2026-02-06T18:20:03+00:00,4958.066284207103,4971.5588544,4944.573714014206,4944.573714014206,win,13.332570192897037,0.988141621817607,0,NONE,NONE,NONE,,,,,False,False,,NONE,NONE,NONE,,,,,False,False,,sub2
T01429,SHORT,57936,57936,57940,57941,2026-02-09T00:40:03+00:00,5028.623624659561,5047.113876480001,5010.133372839121,5010.133372839121,win,18.2502518204401,0.9870201875923358,0,NONE,NONE,NONE,,,,,False,False,,NONE,NONE,NONE,,,,,False,False,,sub2
T01430,SHORT,58081,58081,58082,58085,2026-02-09T12:45:03+00:00,5012.574925364358,5021.99487176,5003.154978968716,5021.99487176,loss,-9.659946395641782,-1.025477851987652,0,NONE,NONE,NONE,,,,,False,False,,NONE,NONE,NONE,,,,,False,False,,sub2
T01431,SHORT,58088,58088,58089,58089,2026-02-09T13:20:03+00:00,5016.583688997836,5024.94498976,5008.222388235673,5008.222388235673,win,8.121300762163628,0.9712963321346086,0,NONE,NONE,NONE,,,,,False,False,,NONE,NONE,NONE,,,,,False,False,,sub2
T01432,SHORT,58111,58111,58112,58114,2026-02-09T15:15:03+00:00,5029.8465861784725,5042.53469332,5017.158479036945,5042.53469332,loss,-12.928107141527107,-1.0189153509915028,0,NONE,NONE,NONE,,,,,False,False,,NONE,NONE,NONE,,,,,False,False,,sub2
T01433,SHORT,58132,58132,58133,58141,2026-02-09T17:00:03+00:00,5069.124676390001,5080.95122992,5057.298122860002,5057.298122860002,win,11.586553529999037,0.979706682983254,0,NONE,NONE,NONE,,,,,False,False,,NONE,NONE,NONE,,,,,False,False,,sub2
T01434,SHORT,58177,58177,58178,58182,2026-02-09T20:45:03+00:00,5076.722588383521,5086.91246836,5066.532708407041,5066.532708407041,win,9.949879976479679,0.9764472201288185,0,BEARISH,NONE,ALIGNED,58172.0,58177.0,58162.0,0.0,False,True,bearish|58172|58162|58177,BEARISH,NONE,ALIGNED,58172.0,58177.0,58162.0,0.0,False,True,bearish|58172|58162|58177,sub2
T01435,LONG,58200,58200,58201,58608,2026-02-09T23:40:03+00:00,5034.853732802862,4987.19450424,5082.512961365725,5082.512961365725,win,45.22202856286237,0.9488619502771612,2,NONE,NONE,NONE,,,,,False,False,,NONE,NONE,NONE,,,,,False,False,,sub2
T01436,SHORT,58625,58625,58626,58630,2026-02-11T12:05:03+00:00,5102.720164671038,5119.39576764,5086.044561702077,5086.044561702077,win,16.435602968961575,0.9856077168276015,0,BEARISH,NONE,ALIGNED,58617.0,58622.0,58608.0,3.0,False,True,bearish|58617|58608|58622,BEARISH,NONE,ALIGNED,58617.0,58622.0,58608.0,3.0,False,True,bearish|58617|58608|58622,sub2
T01437,LONG,58640,58640,58641,58642,2026-02-11T13:20:03+00:00,5082.995094810328,5049.87499692,5116.115192700656,5049.87499692,loss,-33.28009789032785,-1.0048309035960483,0,NONE,NONE,NONE,,,,,False,False,,NONE,NONE,NONE,,,,,False,False,,sub2
T01438,LONG,58648,58648,58652,58950,2026-02-11T14:00:03+00:00,5071.405037426608,5018.584248599999,5124.225826253217,5018.584248599999,loss,-53.61008882660859,-1.0149429801700003,1,NONE,NONE,NONE,,,,,False,False,,NONE,NONE,NONE,,,,,False,False,,sub2
T01439,LONG,58964,58964,58966,59466,2026-02-12T17:20:03+00:00,4962.851707514586,4878.182864879999,5047.520550149174,4998.135,timeout,32.84609248541398,0.3879360041233911,4,NONE,NONE,NONE,,,,,False,False,,NONE,NONE,NONE,,,,,False,False,,sub2
T01440,LONG,59475,59475,59476,59483,2026-02-16T13:55:03+00:00,4997.037506046016,4989.347418119999,5004.727593972032,4989.347418119999,loss,-7.850087926016386,-1.0208060039805988,0,BULLISH,NONE,ALIGNED,59469.0,59474.0,59457.0,1.0,True,False,bullish|59469|59457|59474,BULLISH,NONE,ALIGNED,59469.0,59474.0,59457.0,1.0,True,False,bullish|59469|59457|59474,sub2
T01441,LONG,59498,59498,59499,59512,2026-02-16T15:50:03+00:00,4980.737845909115,4968.64424628,4992.831445538231,4992.831445538231,win,11.89359962911567,0.9834623266741594,0,NONE,NONE,NONE,,,,,False,False,,NONE,NONE,NONE,,,,,False,False,,sub2
T01442,LONG,59546,59546,59548,59554,2026-02-16T23:20:03+00:00,4993.94984539069,4984.975593,5002.92409778138,4984.975593,loss,-9.763552390689581,-1.0879516159829234,1,BEARISH,NONE,OPPOSED,59533.0,59538.0,59517.0,8.0,False,True,bearish|59533|59517|59538,BEARISH,NONE,OPPOSED,59533.0,59538.0,59517.0,8.0,False,True,bearish|59533|59517|59538,sub2
T01443,LONG,59571,59571,59572,59617,2026-02-17T01:25:03+00:00,4956.430924906739,4922.521091279999,4990.340758533479,4922.521091279999,loss,-34.1098336267396,-1.0058979941394377,0,NONE,NONE,NONE,,,,,False,False,,NONE,NONE,NONE,,,,,False,False,,sub2
T01444,LONG,59629,59629,59630,59676,2026-02-17T06:15:03+00:00,4898.087795431564,4858.383656880001,4937.791933983127,4937.791933983127,win,39.544138551563265,0.995970193389486,0,NONE,NONE,NONE,,,,,False,False,,NONE,NONE,NONE,,,,,False,False,,sub2
T01445,SHORT,59696,59696,59697,59698,2026-02-17T11:50:03+00:00,4925.629930982512,4930.99923208,4920.260629885023,4930.99923208,loss,-5.5293010974883146,-1.0297990366147833,0,NONE,NONE,NONE,,,,,False,False,,NONE,NONE,NONE,,,,,False,False,,sub2
T01446,SHORT,59707,59707,59708,59711,2026-02-17T12:45:03+00:00,4935.465938444916,4944.605776320001,4926.326100569831,4926.326100569831,win,8.97983787508474,0.9824942190237292,0,NONE,NONE,NONE,,,,,False,False,,NONE,NONE,NONE,,,,,False,False,,sub2
T01447,LONG,59737,59737,59738,59781,2026-02-17T15:15:03+00:00,4874.02291437022,4840.857357960001,4907.188470780439,4907.188470780439,win,33.00555641021947,0.9951757179038144,0,BULLISH,NONE,ALIGNED,59731.0,59736.0,59721.0,1.0,True,False,bullish|59731|59721|59736,BULLISH,NONE,ALIGNED,59731.0,59736.0,59721.0,1.0,True,False,bullish|59731|59721|59736,sub2
T01448,LONG,59820,59820,59821,59828,2026-02-17T23:10:03+00:00,4878.2976719036205,4859.7646016399995,4896.830742167242,4859.7646016399995,loss,-18.733070263620903,-1.010791520085714,0,NONE,NONE,NONE,,,,,False,False,,NONE,NONE,NONE,,,,,False,False,,sub2
T01449,SHORT,59922,59922,59923,59927,2026-02-18T07:40:03+00:00,4935.429506952771,4942.57869524,4928.280318665541,4928.280318665541,win,6.989188287229808,0.977619836886146,0,NONE,NONE,NONE,,,,,False,False,,NONE,NONE,NONE,,,,,False,False,,sub2
T01450,SHORT,59967,59967,59968,59968,2026-02-18T11:25:03+00:00,4915.795219334243,4917.72370108,4913.866737588485,4913.866737588485,win,1.7684817457575264,0.9170331788974144,0,BULLISH,NONE,OPPOSED,59958.0,59963.0,59938.0,4.0,True,False,bullish|59958|59938|59963,BULLISH,NONE,OPPOSED,59958.0,59963.0,59938.0,4.0,True,False,bullish|59958|59938|59963,sub2
T01451,SHORT,60020,60020,60021,60031,2026-02-18T15:50:03+00:00,4996.322282403872,5009.21636064,4983.428204167744,5009.21636064,loss,-13.05407823612768,-1.0124087970516227,0,NONE,NONE,NONE,,,,,False,False,,NONE,NONE,NONE,,,,,False,False,,sub2
T01452,SHORT,60033,60033,60034,60051,2026-02-18T16:55:03+00:00,5000.700925773637,5011.1924396800005,4990.209411867274,4990.209411867274,win,10.331513906363398,0.9847495793812167,0,NONE,NONE,NONE,,,,,False,False,,NONE,NONE,NONE,,,,,False,False,,sub2
T01453,LONG,60098,60098,60103,60116,2026-02-18T23:20:03+00:00,4978.604313866802,4960.81555944,4996.393068293604,4960.81555944,loss,-18.498054426802224,-1.039873505641921,1,NONE,NONE,NONE,,,,,False,False,,NONE,NONE,NONE,,,,,False,False,,sub2
T01454,SHORT,60199,60199,60200,60202,2026-02-19T07:45:03+00:00,5015.299824038744,5022.03987356,5008.559774517488,5008.559774517488,win,6.500049521256187,0.9643919530200931,0,NONE,NONE,NONE,,,,,False,False,,NONE,NONE,NONE,,,,,False,False,,sub2
T01455,LONG,60252,60252,60253,60262,2026-02-19T12:10:03+00:00,4986.395698356234,4977.924875039999,4994.8665216724685,4977.924875039999,loss,-8.710823316234382,-1.0283325470311504,0,BULLISH,NONE,ALIGNED,60246.0,60251.0,60231.0,1.0,True,False,bullish|60246|60231|60251,BULLISH,NONE,ALIGNED,60246.0,60251.0,60231.0,1.0,True,False,bullish|60246|60231|60251,sub2
T01456,LONG,60281,60281,60282,60284,2026-02-19T14:35:03+00:00,4982.056929328198,4963.051469999999,5001.062388656396,5001.062388656396,win,18.845459328198558,0.9915813663202309,0,NONE,NONE,NONE,,,,,False,False,,NONE,NONE,NONE,,,,,False,False,,sub2
T01457,SHORT,60299,60299,60300,60303,2026-02-19T16:05:03+00:00,5009.543795282812,5022.580895200001,4996.506695365624,4996.506695365624,win,12.837099917188425,0.9846591649009198,0,NONE,NONE,NONE,,,,,False,False,,NONE,NONE,NONE,,,,,False,False,,sub2
T01458,SHORT,60372,60372,60373,60381,2026-02-19T23:10:03+00:00,4998.741641088671,5008.147317880001,4989.335964297341,4989.335964297341,win,9.165676791330043,0.9744834948803456,0,NONE,NONE,NONE,,,,,False,False,,NONE,NONE,NONE,,,,,False,False,,sub2
T01459,SHORT,60398,60398,60399,60419,2026-02-20T01:20:03+00:00,5003.279325262281,5014.90858832,4991.650062204563,4991.650062204563,win,11.38926305771838,0.9793624068173007,0,NONE,NONE,NONE,,,,,False,False,,NONE,NONE,NONE,,,,,False,False,,sub2
T01460,LONG,60427,60427,60428,60453,2026-02-20T03:45:03+00:00,4994.780410392703,4981.38473664,5008.176084145406,5008.176084145406,win,13.195673752703442,0.9850698065889028,0,NONE,NONE,NONE,,,,,False,False,,NONE,NONE,NONE,,,,,False,False,,sub2
T01461,SHORT,60465,60465,60466,60471,2026-02-20T06:55:03+00:00,5020.8879339486875,5030.32520496,5011.4506629373755,5011.4506629373755,win,9.197271011312296,0.9745689193717015,0,NONE,NONE,NONE,,,,,False,False,,NONE,NONE,NONE,,,,,False,False,,sub2
T01462,SHORT,60497,60497,60498,60504,2026-02-20T09:35:03+00:00,5032.014856103321,5042.725700960001,5021.3040112466415,5021.3040112466415,win,10.470844856679832,0.9775928040027477,0,BEARISH,NONE,ALIGNED,60491.0,60496.0,60463.0,1.0,False,True,bearish|60491|60463|60496,BEARISH,NONE,ALIGNED,60491.0,60496.0,60463.0,1.0,False,True,bearish|60491|60463|60496,sub2
T01463,LONG,60520,60520,60521,60522,2026-02-20T11:30:03+00:00,5031.234343594539,5025.82195908,5036.646728109077,5025.82195908,loss,-5.652384514538426,-1.0443427475182332,0,NONE,NONE,NONE,,,,,False,False,,NONE,NONE,NONE,,,,,False,False,,sub2
T01464,LONG,60532,60532,60533,60547,2026-02-20T12:30:03+00:00,5020.927662787323,5006.97071316,5034.884612414647,5034.884612414647,win,13.756949627323593,0.9856702212632279,0,NONE,NONE,NONE,,,,,False,False,,NONE,NONE,NONE,,,,,False,False,,sub2
T01465,LONG,60569,60569,60570,60621,2026-02-20T15:35:03+00:00,5033.563557650307,4988.606447759999,5078.520667540615,5078.520667540615,win,44.717109890308166,0.9946615785448539,0,NONE,NONE,NONE,,,,,False,False,,NONE,NONE,NONE,,,,,False,False,,sub2
T01466,SHORT,60660,60660,60663,60690,2026-02-23T00:10:03+00:00,5145.858232396017,5172.131877000001,5119.584587792034,5172.131877000001,loss,-26.513644603983266,-1.0091346291547003,0,NONE,NONE,NONE,,,,,False,False,,NONE,NONE,NONE,,,,,False,False,,sub2
T01467,LONG,60799,60799,60800,60807,2026-02-23T11:45:03+00:00,5152.598762825602,5146.19714388,5159.000381771203,5146.19714388,loss,-6.641618945601294,-1.0374905163895585,0,NONE,NONE,NONE,,,,,False,False,,NONE,NONE,NONE,,,,,False,False,,sub2
T01468,LONG,60808,60808,60809,60809,2026-02-23T12:30:03+00:00,5150.976584415684,5145.37617672,5156.576992111367,5156.576992111367,win,5.360407695683534,0.9571459770357845,0,NONE,NONE,NONE,,,,,False,False,,NONE,NONE,NONE,,,,,False,False,,sub2
T01469,SHORT,60850,60850,60851,60851,2026-02-23T16:00:03+00:00,5192.54163222594,5205.3632062,5179.72005825188,5179.72005825188,win,12.58157397406012,0.9812815493257426,0,NONE,NONE,NONE,,,,,False,False,,NONE,NONE,NONE,,,,,False,False,,sub2
T01470,SHORT,60864,60864,60865,60869,2026-02-23T17:10:03+00:00,5207.751154110999,5219.43576908,5196.066539141998,5196.066539141998,win,11.324614969000322,0.9691902556519272,0,BEARISH,NONE,ALIGNED,60854.0,60859.0,60836.0,5.0,False,True,bearish|60854|60836|60859,BEARISH,NONE,ALIGNED,60854.0,60859.0,60836.0,5.0,False,True,bearish|60854|60836|60859,sub2
T01471,SHORT,60918,60918,60919,60922,2026-02-23T21:40:03+00:00,5229.990114025504,5238.31152408,5221.668703971009,5238.31152408,loss,-8.681410054496155,-1.0432618988420232,0,NONE,NONE,NONE,,,,,False,False,,NONE,NONE,NONE,,,,,False,False,,sub2
T01472,SHORT,60927,60927,60928,60934,2026-02-23T23:25:03+00:00,5237.081236380515,5249.7899832,5224.37248956103,5224.37248956103,win,12.348746819484404,0.971673052810476,1,NONE,NONE,NONE,,,,,False,False,,NONE,NONE,NONE,,,,,False,False,,sub2
T01473,LONG,60938,60938,60939,60946,2026-02-24T00:20:03+00:00,5234.575127420895,5217.16930488,5251.98094996179,5217.16930488,loss,-17.765822540895897,-1.0206827341342102,0,BEARISH,NONE,OPPOSED,60925.0,60930.0,60909.0,8.0,False,True,bearish|60925|60909|60930,BEARISH,NONE,OPPOSED,60925.0,60930.0,60909.0,8.0,False,True,bearish|60925|60909|60930,sub2
T01474,LONG,60964,60964,60978,61097,2026-02-24T02:30:03+00:00,5176.536442131314,5144.47121292,5208.601671342629,5144.47121292,loss,-32.30522921131433,-1.0074847430036489,0,NONE,NONE,NONE,,,,,False,False,,NONE,NONE,NONE,,,,,False,False,,sub2
T01475,LONG,61109,61109,61114,61140,2026-02-24T14:35:03+00:00,5124.47396655592,5093.09826792,5155.84966519184,5155.84966519184,win,31.135698635920562,0.9923507679371634,0,NONE,NONE,NONE,,,,,False,False,,NONE,NONE,NONE,,,,,False,False,,sub2
T01476,LONG,61206,61206,61210,61217,2026-02-24T23:40:03+00:00,5139.862816207301,5127.369897,5152.355735414602,5152.355735414602,win,12.252919207301602,0.9807891177380291,0,NONE,NONE,NONE,,,,,False,False,,NONE,NONE,NONE,,,,,False,False,,sub2
T01477,SHORT,61219,61219,61220,61221,2026-02-25T00:45:03+00:00,5144.922937326325,5155.58921532,5134.25665933265,5155.58921532,loss,-10.906277993674848,-1.0225008198869463,0,NONE,NONE,NONE,,,,,False,False,,NONE,NONE,NONE,,,,,False,False,,sub2
T01478,SHORT,61376,61376,61377,61382,2026-02-25T13:50:03+00:00,5186.476982295101,5191.51565232,5181.438312270202,5181.438312270202,win,4.798670024899366,0.9523683831618671,0,NONE,NONE,NONE,,,,,False,False,,NONE,NONE,NONE,,,,,False,False,,sub2
T01479,SHORT,61422,61422,61424,61435,2026-02-25T17:40:03+00:00,5210.409646519524,5217.80970404,5203.009588999049,5203.009588999049,win,6.980057520475384,0.9432436844121872,0,NONE,NONE,NONE,,,,,False,False,,NONE,NONE,NONE,,,,,False,False,,sub2
T01480,LONG,61471,61471,61472,61498,2026-02-25T21:45:03+00:00,5170.4737873122185,5145.48717228,5195.460402344437,5195.460402344437,win,24.13731503221847,0.9660098016916232,1,NONE,NONE,NONE,,,,,False,False,,NONE,NONE,NONE,,,,,False,False,,sub2
T01481,SHORT,61503,61503,61504,61536,2026-02-26T01:25:03+00:00,5184.487251977425,5198.4129282,5170.56157575485,5198.4129282,loss,-14.165676222574803,-1.0172343515793305,0,NONE,NONE,NONE,,,,,False,False,,NONE,NONE,NONE,,,,,False,False,,sub2
T01482,SHORT,61543,61543,61545,61548,2026-02-26T04:45:03+00:00,5192.95820280208,5199.58997528,5186.326430324161,5199.58997528,loss,-6.871772477918967,-1.0361894200681452,0,NONE,NONE,NONE,,,,,False,False,,NONE,NONE,NONE,,,,,False,False,,sub2
T01483,SHORT,61555,61555,61557,61570,2026-02-26T05:45:03+00:00,5197.342604807555,5205.8532258000005,5188.83198381511,5188.83198381511,win,8.270620992445401,0.9717999426583762,0,NONE,NONE,NONE,,,,,False,False,,NONE,NONE,NONE,,,,,False,False,,sub2
T01484,SHORT,61642,61642,61643,61644,2026-02-26T13:00:03+00:00,5178.593910694968,5187.9395092800005,5169.248312109936,5169.248312109936,win,9.105598585032567,0.9743194619567591,0,NONE,NONE,NONE,,,,,False,False,,NONE,NONE,NONE,,,,,False,False,,sub2
T01485,LONG,61662,61662,61663,61671,2026-02-26T14:40:03+00:00,5168.746627956722,5139.43141452,5198.0618413934435,5139.43141452,loss,-29.555213436721715,-1.0081868754091738,0,NONE,NONE,NONE,,,,,False,False,,NONE,NONE,NONE,,,,,False,False,,sub2
T01486,SHORT,61688,61688,61689,61700,2026-02-26T16:50:03+00:00,5179.281445637817,5192.97871084,5165.584180435635,5165.584180435635,win,13.457265202182498,0.98247825412904,0,NONE,NONE,NONE,,,,,False,False,,NONE,NONE,NONE,,,,,False,False,,sub2
T01487,SHORT,61736,61736,61737,61743,2026-02-26T20:50:03+00:00,5194.606829944588,5201.0380332,5188.175626689175,5188.175626689175,win,6.131203255412402,0.9533524306283279,0,NONE,NONE,NONE,,,,,False,False,,NONE,NONE,NONE,,,,,False,False,,sub2
T01488,LONG,61757,61757,61758,61769,2026-02-26T23:35:03+00:00,5185.564220289396,5175.35497752,5195.773463058792,5175.35497752,loss,-10.998542769395824,-1.0773122961054316,1,NONE,NONE,NONE,,,,,False,False,,NONE,NONE,NONE,,,,,False,False,,sub2
T01489,LONG,61778,61778,61779,61781,2026-02-27T01:20:03+00:00,5177.901047434336,5166.393336,5189.408758868672,5189.408758868672,win,11.267711434335979,0.9791444196902879,0,NONE,NONE,NONE,,,,,False,False,,NONE,NONE,NONE,,,,,False,False,,sub2
T01490,SHORT,61839,61839,61840,61845,2026-02-27T06:25:03+00:00,5193.755622961441,5200.88002688,5186.631219042883,5186.631219042883,win,6.884403918558746,0.96631297119825,0,NONE,NONE,NONE,,,,,False,False,,NONE,NONE,NONE,,,,,False,False,,sub2
T01491,SHORT,61937,61937,61938,61952,2026-02-27T14:35:03+00:00,5222.747124737356,5240.7646222,5204.729627274712,5240.7646222,loss,-18.317497462644496,-1.0166504810461148,0,NONE,NONE,NONE,,,,,False,False,,NONE,NONE,NONE,,,,,False,False,,sub2
T01492,SHORT,61958,61958,61960,62006,2026-02-27T16:20:03+00:00,5238.182391207448,5257.98231088,5218.382471534896,5257.98231088,loss,-20.15991967255286,-1.0181818919447252,0,BEARISH,NONE,ALIGNED,61944.0,61949.0,61934.0,9.0,False,True,bearish|61944|61934|61949,BEARISH,NONE,ALIGNED,61944.0,61949.0,61934.0,9.0,False,True,bearish|61944|61934|61949,sub2
T01493,SHORT,62041,62041,62042,62050,2026-03-02T00:15:03+00:00,5364.36186410356,5393.636736840001,5335.0869913671195,5335.0869913671195,win,28.914872736439975,0.9877027646459258,0,NONE,NONE,NONE,,,,,False,False,,NONE,NONE,NONE,,,,,False,False,,sub2
T01494,LONG,62060,62060,62061,62111,2026-03-02T01:50:03+00:00,5335.176990370463,5302.78887996,5367.565100780926,5367.565100780926,win,32.02811041046243,0.9888848100294149,0,NONE,NONE,NONE,,,,,False,False,,NONE,NONE,NONE,,,,,False,False,,sub2
T01495,SHORT,62137,62137,62138,62145,2026-03-02T08:15:03+00:00,5405.762146870954,5419.508771680001,5392.015522061907,5392.015522061907,win,13.386624809046225,0.973811753430292,0,NONE,NONE,NONE,,,,,False,False,,NONE,NONE,NONE,,,,,False,False,,sub2
T01496,LONG,62175,62175,62176,62176,2026-03-02T11:25:03+00:00,5390.487390479885,5387.35249728,5393.622283679771,5393.622283679771,win,2.7748931998849002,0.8851635519788257,0,BULLISH,NONE,ALIGNED,62168.0,62173.0,62158.0,2.0,True,False,bullish|62168|62158|62173,BULLISH,NONE,ALIGNED,62168.0,62173.0,62158.0,2.0,True,False,bullish|62168|62158|62173,sub2
T01497,LONG,62183,62183,62185,62194,2026-03-02T12:05:03+00:00,5388.123545055445,5374.71400284,5401.53308727089,5401.53308727089,win,13.04954221544449,0.9731534459404636,0,BULLISH,NONE,ALIGNED,62168.0,62173.0,62158.0,10.0,True,False,bullish|62168|62158|62173,BULLISH,NONE,ALIGNED,62168.0,62173.0,62158.0,10.0,True,False,bullish|62168|62158|62173,sub2
T01498,SHORT,62196,62196,62197,62200,2026-03-02T13:10:03+00:00,5393.111735601483,5410.491411,5375.732060202966,5410.491411,loss,-17.739675398517647,-1.0207138506183666,0,NONE,NONE,NONE,,,,,False,False,,NONE,NONE,NONE,,,,,False,False,,sub2
T01499,SHORT,62202,62202,62203,62207,2026-03-02T13:40:03+00:00,5396.479232808238,5416.730660560001,5376.227805056475,5376.227805056475,win,19.89142775176242,0.9822234755784445,0,NONE,NONE,NONE,,,,,False,False,,NONE,NONE,NONE,,,,,False,False,,sub2
T01500,LONG,62224,62224,62225,62230,2026-03-02T15:30:03+00:00,5339.144098782617,5306.02075068,5372.267446885235,5306.02075068,loss,-33.48334810261804,-1.0108684665235317,0,NONE,NONE,NONE,,,,,False,False,,NONE,NONE,NONE,,,,,False,False,,sub2
T01501,LONG,62243,62243,62244,62280,2026-03-02T17:05:03+00:00,5302.019366045173,5259.9265945199995,5344.112137570347,5344.112137570347,win,41.73277152517312,0.9914474626650497,0,NONE,NONE,NONE,,,,,False,False,,NONE,NONE,NONE,,,,,False,False,,sub2
T01502,SHORT,62308,62308,62309,62316,2026-03-02T23:30:03+00:00,5334.785709943839,5347.290883080001,5322.280536807677,5347.290883080001,loss,-12.865173136162412,-1.028788086024939,1,BEARISH,NONE,ALIGNED,62302.0,62307.0,62279.0,1.0,False,True,bearish|62302|62279|62307,BEARISH,NONE,ALIGNED,62302.0,62307.0,62279.0,1.0,False,True,bearish|62302|62279|62307,sub2
T01503,SHORT,62324,62324,62325,62326,2026-03-03T00:50:03+00:00,5350.112356346144,5362.309483800001,5337.915228892288,5362.309483800001,loss,-12.557127453856992,-1.0295151461983583,0,NONE,NONE,NONE,,,,,False,False,,NONE,NONE,NONE,,,,,False,False,,sub2
T01504,LONG,62398,62398,62400,62427,2026-03-03T07:00:03+00:00,5312.506535930843,5278.72984236,5346.283229501686,5278.72984236,loss,-34.13669357084382,-1.0106582368474142,0,NONE,NONE,NONE,,,,,False,False,,NONE,NONE,NONE,,,,,False,False,,sub2
T01505,LONG,62432,62432,62433,62447,2026-03-03T09:50:03+00:00,5278.182230645858,5225.57696856,5330.787492731716,5225.57696856,loss,-52.96526208585874,-1.0068434218503277,0,NONE,NONE,NONE,,,,,False,False,,NONE,NONE,NONE,,,,,False,False,,sub2
T01506,LONG,62459,62459,62471,62490,2026-03-03T12:05:03+00:00,5165.6737768195635,5073.1770648,5258.170488839127,5073.1770648,loss,-92.85671201956393,-1.0038920302369714,0,NONE,NONE,NONE,,,,,False,False,,NONE,NONE,NONE,,,,,False,False,,sub2
T01507,LONG,62501,62501,62502,62513,2026-03-03T15:35:03+00:00,5061.281057943466,4995.548170079999,5127.013945806933,5127.013945806933,win,65.49288786346733,0.9963488596378379,0,NONE,NONE,NONE,,,,,False,False,,NONE,NONE,NONE,,,,,False,False,,sub2
T01508,LONG,62593,62593,62594,62602,2026-03-04T00:15:03+00:00,5119.035188809449,5084.31961908,5153.7507585388985,5153.7507585388985,win,34.41556972944909,0.9913583443297003,0,NONE,NONE,NONE,,,,,False,False,,NONE,NONE,NONE,,,,,False,False,,sub2
T01509,SHORT,62608,62608,62609,62611,2026-03-04T01:30:03+00:00,5145.429793484138,5164.62257664,5126.237010328276,5164.62257664,loss,-19.432783155862126,-1.012504700232935,0,NONE,NONE,NONE,,,,,False,False,,NONE,NONE,NONE,,,,,False,False,,sub2
T01510,SHORT,62620,62620,62621,62626,2026-03-04T02:30:03+00:00,5172.314515469864,5191.16363824,5153.465392699728,5153.465392699728,win,18.60912277013631,0.9872673119631843,0,NONE,NONE,NONE,,,,,False,False,,NONE,NONE,NONE,,,,,False,False,,sub2
T01511,SHORT,62718,62718,62719,62734,2026-03-04T10:40:03+00:00,5186.1623972767575,5202.633097000001,5169.691697553514,5202.633097000001,loss,-16.710699723243124,-1.0145713299393768,0,NONE,NONE,NONE,,,,,False,False,,NONE,NONE,NONE,,,,,False,False,,sub2
T01512,LONG,62747,62747,62757,62767,2026-03-04T13:05:03+00:00,5178.448440588601,5155.97775264,5200.919128537203,5155.97775264,loss,-22.770687948601335,-1.0133507260964325,0,NONE,NONE,NONE,,,,,False,False,,NONE,NONE,NONE,,,,,False,False,,sub2
T01513,LONG,62775,62775,62777,62798,2026-03-04T15:25:03+00:00,5154.723710935087,5130.628766639999,5178.818655230175,5130.628766639999,loss,-24.454944295088353,-1.014940893641077,0,BULLISH,NONE,ALIGNED,62760.0,62765.0,62742.0,10.0,True,False,bullish|62760|62742|62765,NONE,NONE,NONE,,,,,False,False,,sub2
T01514,LONG,62804,62804,62805,62808,2026-03-04T17:50:03+00:00,5140.777068384028,5119.7602014,5161.793935368056,5119.7602014,loss,-21.31686698402791,-1.0142742493554426,0,NONE,NONE,NONE,,,,,False,False,,NONE,NONE,NONE,,,,,False,False,,sub2
T01515,LONG,62815,62815,62820,62854,2026-03-04T18:45:03+00:00,5128.484307180899,5108.39465604,5148.573958321798,5148.573958321798,win,19.789651140898968,0.985066938300913,0,NONE,NONE,NONE,,,,,False,False,,NONE,NONE,NONE,,,,,False,False,,sub2
T01516,SHORT,62882,62882,62883,62894,2026-03-05T01:20:03+00:00,5173.789780606284,5186.85546592,5160.724095292568,5186.85546592,loss,-13.425685313716713,-1.0275530897428442,0,NONE,NONE,NONE,,,,,False,False,,NONE,NONE,NONE,,,,,False,False,,sub2
T01517,SHORT,62898,62898,62899,62900,2026-03-05T02:40:03+00:00,5178.574340240508,5188.42552872,5168.723151761015,5188.42552872,loss,-10.151188479492703,-1.030453178377888,0,NONE,NONE,NONE,,,,,False,False,,NONE,NONE,NONE,,,,,False,False,,sub2
T01518,SHORT,62907,62907,62908,62919,2026-03-05T03:25:03+00:00,5185.4263106608905,5195.25080172,5175.601819601781,5175.601819601781,win,9.524491059109096,0.9694640670753095,0,BEARISH,NONE,ALIGNED,62902.0,62907.0,62869.0,0.0,False,True,bearish|62902|62869|62907,BEARISH,NONE,ALIGNED,62902.0,62907.0,62869.0,0.0,False,True,bearish|62902|62869|62907,sub2
T01519,LONG,62945,62945,62946,62975,2026-03-05T06:35:03+00:00,5149.63575422609,5120.3711769599995,5178.900331492181,5178.900331492181,win,28.9645772660906,0.98974869866486,0,NONE,NONE,NONE,,,,,False,False,,NONE,NONE,NONE,,,,,False,False,,sub2
T01520,SHORT,63004,63004,63005,63005,2026-03-05T11:30:03+00:00,5162.363512929947,5166.25364188,5158.473383979895,5158.473383979895,win,3.650128950052931,0.9383053870241166,0,NONE,NONE,NONE,,,,,False,False,,NONE,NONE,NONE,,,,,False,False,,sub2
T01521,LONG,63007,63007,63009,63011,2026-03-05T11:45:03+00:00,5161.716437737714,5156.64572592,5166.787149555428,5166.787149555428,win,4.770711817714073,0.9408367087728889,0,NONE,NONE,NONE,,,,,False,False,,NONE,NONE,NONE,,,,,False,False,,sub2
T01522,SHORT,63014,63014,63015,63022,2026-03-05T12:20:03+00:00,5165.192388815559,5171.76386228,5158.620915351118,5158.620915351118,win,6.331473464440933,0.9634785103678102,0,NONE,NONE,NONE,,,,,False,False,,NONE,NONE,NONE,,,,,False,False,,sub2
T01523,LONG,63040,63040,63041,63047,2026-03-05T14:30:03+00:00,5121.907506217842,5081.32073904,5162.494273395683,5081.32073904,loss,-40.88676717784165,-1.0073915717082282,0,NONE,NONE,NONE,,,,,False,False,,NONE,NONE,NONE,,,,,False,False,,sub2
T01524,LONG,63056,63056,63059,63064,2026-03-05T15:50:03+00:00,5090.844091734436,5059.701603840001,5121.986579628871,5059.701603840001,loss,-31.382487894435144,-1.0077065133913936,0,BULLISH,NONE,ALIGNED,63047.0,63052.0,63026.0,4.0,True,False,bullish|63047|63026|63052,BULLISH,NONE,ALIGNED,63047.0,63052.0,63026.0,4.0,True,False,bullish|63047|63026|63052,sub2
T01525,LONG,63067,63067,63068,63082,2026-03-05T16:45:03+00:00,5076.094713690021,5053.69884396,5098.490583420043,5053.69884396,loss,-22.635869730021113,-1.0107162616541774,0,NONE,NONE,NONE,,,,,False,False,,NONE,NONE,NONE,,,,,False,False,,sub2
T01526,LONG,63084,63084,63086,63109,2026-03-05T18:10:03+00:00,5069.799431445845,5050.4579736,5089.14088929169,5089.14088929169,win,19.04145784584489,0.98448927674474,0,NONE,NONE,NONE,,,,,False,False,,NONE,NONE,NONE,,,,,False,False,,sub2
T01527,SHORT,63139,63139,63140,63141,2026-03-05T23:50:03+00:00,5090.941750144369,5101.89506764,5079.988432648737,5079.988432648737,win,10.5933174956308,0.9671332452342256,1,NONE,NONE,NONE,,,,,False,False,,NONE,NONE,NONE,,,,,False,False,,sub2
T01528,LONG,63142,63142,63143,63153,2026-03-06T00:05:03+00:00,5089.482378444312,5073.853037759999,5105.111719128626,5073.853037759999,loss,-15.989340684313902,-1.023033601178193,0,NONE,NONE,NONE,,,,,False,False,,NONE,NONE,NONE,,,,,False,False,,sub2
T01529,LONG,63156,63156,63157,63160,2026-03-06T01:15:03+00:00,5083.115459472695,5065.7673612,5100.46355774539,5100.46355774539,win,16.988098272694515,0.9792484458906253,0,NONE,NONE,NONE,,,,,False,False,,NONE,NONE,NONE,,,,,False,False,,sub2
T01530,SHORT,63184,63184,63185,63210,2026-03-06T03:35:03+00:00,5131.477726266214,5144.21976056,5118.735691972427,5118.735691972427,win,12.382034293786091,0.9717470545361719,0,NONE,NONE,NONE,,,,,False,False,,NONE,NONE,NONE,,,,,False,False,,sub2
T01531,LONG,63286,63286,63296,63303,2026-03-06T12:05:03+00:00,5085.085196098575,5062.260501479999,5107.90989071715,5107.90989071715,win,22.524694618575268,0.986856341124668,0,NONE,NONE,NONE,,,,,False,False,,NONE,NONE,NONE,,,,,False,False,,sub2
T01532,SHORT,63308,63308,63309,63320,2026-03-06T13:55:03+00:00,5098.830961308207,5130.921228640001,5066.740693976414,5130.921228640001,loss,-32.45026733179384,-1.0112183546580777,0,NONE,NONE,NONE,,,,,False,False,,NONE,NONE,NONE,,,,,False,False,,sub2
T01533,SHORT,63331,63331,63332,63372,2026-03-06T15:50:03+00:00,5143.758105337578,5171.91086816,5115.605342515156,5171.91086816,loss,-28.5127628224227,-1.0127873772912215,0,NONE,NONE,NONE,,,,,False,False,,NONE,NONE,NONE,,,,,False,False,,sub2
T01534,SHORT,63376,63376,63379,63388,2026-03-06T19:35:03+00:00,5162.726472701525,5174.88998732,5150.562958083051,5150.562958083051,win,11.803514618473855,0.9704032912120811,0,NONE,NONE,NONE,,,,,False,False,,NONE,NONE,NONE,,,,,False,False,,sub2
T01535,LONG,63442,63442,63443,63445,2026-03-09T01:05:03+00:00,5050.780887323059,5014.20242388,5087.359350766117,5087.359350766117,win,36.21846344305777,0.99015814317731,0,NONE,NONE,NONE,,,,,False,False,,NONE,NONE,NONE,,,,,False,False,,sub2
T01536,SHORT,63452,63452,63454,63728,2026-03-09T01:55:03+00:00,5071.384880350194,5180.2172004,4962.552560300388,5180.2172004,loss,-109.19232004980677,-1.0033078409045753,1,BULLISH,NONE,OPPOSED,63441.0,63446.0,63431.0,6.0,True,False,bullish|63441|63431|63446,BULLISH,NONE,OPPOSED,63441.0,63446.0,63431.0,6.0,True,False,bullish|63441|63431|63446,sub2
T01537,SHORT,63812,63812,63813,63830,2026-03-10T08:55:03+00:00,5184.711391919841,5195.395807520001,5174.026976319681,5174.026976319681,win,10.324415600159227,0.9663060654440289,0,BEARISH,NONE,ALIGNED,63800.0,63805.0,63776.0,7.0,False,True,bearish|63800|63776|63805,BEARISH,NONE,ALIGNED,63800.0,63805.0,63776.0,7.0,False,True,bearish|63800|63776|63805,sub2
T01538,SHORT,63843,63843,63844,63846,2026-03-10T11:30:03+00:00,5181.001883963158,5189.9725906,5172.0311773263165,5172.0311773263165,win,8.610706636841314,0.959869382137401,0,NONE,NONE,NONE,,,,,False,False,,NONE,NONE,NONE,,,,,False,False,,sub2
T01539,SHORT,63873,63873,63874,63891,2026-03-10T14:00:03+00:00,5204.846045866949,5228.987151120001,5180.704940613897,5228.987151120001,loss,-24.50110525305263,-1.0149123246937946,0,NONE,NONE,NONE,,,,,False,False,,NONE,NONE,NONE,,,,,False,False,,sub2
T01540,SHORT,63899,63899,63900,63924,2026-03-10T16:10:03+00:00,5225.8791586114385,5238.78254292,5212.975774302877,5212.975774302877,win,12.543384308561144,0.9721003427169326,0,BEARISH,NONE,ALIGNED,63893.0,63898.0,63865.0,1.0,False,True,bearish|63893|63865|63898,BEARISH,NONE,ALIGNED,63893.0,63898.0,63865.0,1.0,False,True,bearish|63893|63865|63898,sub2
T01541,LONG,63936,63936,63938,64146,2026-03-10T19:15:03+00:00,5200.887920771796,5159.84459796,5241.931243583593,5159.84459796,loss,-43.0512228117969,-1.0489214776592963,1,NONE,NONE,NONE,,,,,False,False,,NONE,NONE,NONE,,,,,False,False,,sub2
T01542,LONG,64148,64148,64163,64244,2026-03-11T13:55:03+00:00,5173.127032485339,5148.9790326,5197.275032370679,5148.9790326,loss,-24.507999885339814,-1.0149080669914674,0,NONE,NONE,NONE,,,,,False,False,,NONE,NONE,NONE,,,,,False,False,,sub2
T01543,SHORT,64358,64358,64359,64376,2026-03-12T08:25:03+00:00,5177.758640641345,5189.94058932,5165.576691962689,5189.94058932,loss,-12.5419486786559,-1.0295519222332103,0,NONE,NONE,NONE,,,,,False,False,,NONE,NONE,NONE,,,,,False,False,,sub2
T01544,LONG,64396,64396,64397,64402,2026-03-12T11:35:03+00:00,5179.224070866596,5172.31909896,5186.129042773192,5172.31909896,loss,-7.2649719065966565,-1.0521363453566968,0,NONE,NONE,NONE,,,,,False,False,,NONE,NONE,NONE,,,,,False,False,,sub2
T01545,LONG,64447,64447,64448,64468,2026-03-12T15:50:03+00:00,5133.160575697405,5109.28362048,5157.03753091481,5109.28362048,loss,-24.23695521740592,-1.0150772992922548,0,NONE,NONE,NONE,,,,,False,False,,NONE,NONE,NONE,,,,,False,False,,sub2
T01546,LONG,64491,64491,64492,64501,2026-03-12T19:30:03+00:00,5094.319557544036,5078.82383892,5109.815276168072,5078.82383892,loss,-15.855718624036854,-1.0232322236054394,0,NONE,NONE,NONE,,,,,False,False,,NONE,NONE,NONE,,,,,False,False,,sub2
T01547,LONG,64506,64506,64507,64535,2026-03-12T20:45:03+00:00,5080.270605797242,5054.527810799999,5106.013400794484,5106.013400794484,win,24.833494997241946,0.9646774951943649,1,NONE,NONE,NONE,,,,,False,False,,NONE,NONE,NONE,,,,,False,False,,sub2
T01548,SHORT,64553,64553,64555,64556,2026-03-13T01:40:03+00:00,5114.959916004902,5121.85286592,5108.066966089804,5121.85286592,loss,-7.252949915098725,-1.05222727633811,0,NONE,NONE,NONE,,,,,False,False,,NONE,NONE,NONE,,,,,False,False,,sub2
T01549,LONG,64556,64556,64561,64621,2026-03-13T01:55:03+00:00,5115.92683668754,5072.37109704,5159.482576335081,5072.37109704,loss,-43.91573964754116,-1.0082652711884532,0,NONE,NONE,NONE,,,,,False,False,,NONE,NONE,NONE,,,,,False,False,,sub2
T01550,LONG,64623,64623,64624,64629,2026-03-13T07:30:03+00:00,5088.3158897186095,5071.580128680001,5105.051650757218,5071.580128680001,loss,-17.035761038609053,-1.017925686158406,0,NONE,NONE,NONE,,,,,False,False,,NONE,NONE,NONE,,,,,False,False,,sub2
T01551,LONG,64635,64635,64636,64641,2026-03-13T08:30:03+00:00,5077.267605550915,5061.0275507999995,5093.50766030183,5093.50766030183,win,15.940054750914896,0.9815271558746883,0,BULLISH,NONE,ALIGNED,64629.0,64634.0,64621.0,1.0,True,False,bullish|64629|64621|64634,BULLISH,NONE,ALIGNED,64629.0,64634.0,64621.0,1.0,True,False,bullish|64629|64621|64634,sub2
T01552,SHORT,64691,64691,64692,64695,2026-03-13T13:10:03+00:00,5113.6933850894175,5122.143877560001,5105.242892618834,5105.242892618834,win,8.09049247058283,0.9573989325173935,0,BEARISH,NONE,ALIGNED,64686.0,64691.0,64677.0,0.0,False,True,bearish|64686|64677|64691,BEARISH,NONE,ALIGNED,64686.0,64691.0,64677.0,0.0,False,True,bearish|64686|64677|64691,sub2
T01553,LONG,64697,64697,64698,64703,2026-03-13T13:40:03+00:00,5110.679988743784,5091.53733036,5129.8226471275675,5091.53733036,loss,-19.502658383784365,-1.0188061654125087,0,BEARISH,NONE,OPPOSED,64686.0,64691.0,64677.0,6.0,False,True,bearish|64686|64677|64691,BEARISH,NONE,OPPOSED,64686.0,64691.0,64677.0,6.0,False,True,bearish|64686|64677|64691,sub2
T01554,LONG,64731,64731,64734,64770,2026-03-13T16:30:03+00:00,5042.700270548891,5018.65624572,5066.744295377783,5018.65624572,loss,-24.284024828891233,-1.0099816899087293,0,BULLISH,NONE,ALIGNED,64725.0,64730.0,64712.0,1.0,True,False,bullish|64725|64712|64730,BULLISH,NONE,ALIGNED,64725.0,64730.0,64712.0,1.0,True,False,bullish|64725|64712|64730,sub2
T01555,LONG,64781,64781,64782,64788,2026-03-13T20:40:03+00:00,5020.251799898856,5009.37661692,5031.126982877712,5009.37661692,loss,-12.333782978856755,-1.1341218812443368,2,NONE,NONE,NONE,,,,,False,False,,NONE,NONE,NONE,,,,,False,False,,sub2
T01556,LONG,64794,64794,64797,64801,2026-03-15T22:45:03+00:00,5016.112203346808,5000.48397264,5031.740434053617,5000.48397264,loss,-15.92823070680879,-1.0191960309281514,0,BULLISH,NONE,ALIGNED,64788.0,64793.0,64778.0,1.0,True,False,bullish|64788|64778|64793,BULLISH,NONE,ALIGNED,64788.0,64793.0,64778.0,1.0,True,False,bullish|64788|64778|64793,sub2
T01557,SHORT,64821,64821,64822,64823,2026-03-16T01:00:03+00:00,5019.794284949759,5031.3622464400005,5008.226323459517,5008.226323459517,win,11.26796149024176,0.9740663037084586,0,NONE,NONE,NONE,,,,,False,False,,NONE,NONE,NONE,,,,,False,False,,sub2
T01558,SHORT,64951,64951,64956,64958,2026-03-16T11:50:03+00:00,5007.1857502385465,5022.95191004,4991.419590437093,5022.95191004,loss,-16.006159801453578,-1.0152224766856448,0,NONE,NONE,NONE,,,,,False,False,,NONE,NONE,NONE,,,,,False,False,,sub2
T01559,SHORT,64965,64965,64966,64968,2026-03-16T13:00:03+00:00,5015.975623913733,5025.750021960001,5006.201225867466,5025.750021960001,loss,-10.01439804626716,-1.0245539417224196,0,BEARISH,NONE,ALIGNED,64960.0,64965.0,64945.0,0.0,False,True,bearish|64960|64945|64965,BEARISH,NONE,ALIGNED,64960.0,64965.0,64945.0,0.0,False,True,bearish|64960|64945|64965,sub2
T01560,SHORT,64980,64980,64981,64982,2026-03-16T14:15:03+00:00,5027.162594380554,5038.32552496,5015.999663801108,5015.999663801108,win,10.922930579446074,0.9785002694147636,0,BEARISH,NONE,ALIGNED,64973.0,64978.0,64960.0,2.0,False,True,bearish|64973|64960|64978,BEARISH,NONE,ALIGNED,64973.0,64978.0,64960.0,2.0,False,True,bearish|64973|64960|64978,sub2
T01561,LONG,65003,65003,65004,65006,2026-03-16T16:10:03+00:00,4994.959352619637,4983.62664696,5006.292058279274,4983.62664696,loss,-11.572705659636995,-1.0211776434690765,0,NONE,NONE,NONE,,,,,False,False,,NONE,NONE,NONE,,,,,False,False,,sub2
T01562,LONG,65070,65070,65071,65079,2026-03-16T22:45:03+00:00,5004.809206290331,4998.33805848,5011.2803541006615,5011.2803541006615,win,6.1911478103302215,0.9567310146194392,0,NONE,NONE,NONE,,,,,False,False,,NONE,NONE,NONE,,,,,False,False,,sub2
T01563,SHORT,65120,65120,65121,65125,2026-03-17T02:55:03+00:00,5023.4488307381325,5029.95719024,5016.940471236265,5029.95719024,loss,-6.788359501868399,-1.043021593985443,0,NONE,NONE,NONE,,,,,False,False,,NONE,NONE,NONE,,,,,False,False,,sub2
T01564,SHORT,65130,65130,65131,65139,2026-03-17T03:45:03+00:00,5027.117307860859,5033.76034236,5020.474273361718,5033.76034236,loss,-6.923034499141977,-1.0421494122959691,0,BEARISH,NONE,ALIGNED,65117.0,65122.0,65108.0,8.0,False,True,bearish|65117|65108|65122,BEARISH,NONE,ALIGNED,65117.0,65122.0,65108.0,8.0,False,True,bearish|65117|65108|65122,sub2
T01565,SHORT,65150,65150,65151,65155,2026-03-17T05:25:03+00:00,5035.697317424563,5044.73278124,5026.661853609126,5026.661853609126,win,8.755463815436087,0.9690109986913693,0,NONE,NONE,NONE,,,,,False,False,,NONE,NONE,NONE,,,,,False,False,,sub2
T01566,LONG,65218,65218,65219,65233,2026-03-17T11:05:03+00:00,5003.239781770979,4991.37733692,5015.102226621958,5015.102226621958,win,11.58244485097839,0.9763960967980774,0,NONE,NONE,NONE,,,,,False,False,,NONE,NONE,NONE,,,,,False,False,,sub2
T01567,SHORT,65238,65238,65239,65247,2026-03-17T12:45:03+00:00,5013.307940933306,5023.90294808,5002.712933786612,5023.90294808,loss,-10.87500714669477,-1.0264275423436615,0,NONE,NONE,NONE,,,,,False,False,,NONE,NONE,NONE,,,,,False,False,,sub2
T01568,SHORT,65251,65251,65254,65259,2026-03-17T13:50:03+00:00,5018.545067248849,5031.75026196,5005.339872537697,5005.339872537697,win,12.925194711150652,0.9787962232950488,0,NONE,NONE,NONE,,,,,False,False,,NONE,NONE,NONE,,,,,False,False,,sub2
T01569,LONG,65280,65280,65298,65488,2026-03-17T16:15:03+00:00,4997.043497255199,4973.1250670399995,5020.961927470399,4973.1250670399995,loss,-25.84633021520046,-1.0806031157837233,1,NONE,NONE,NONE,,,,,False,False,,NONE,NONE,NONE,,,,,False,False,,sub2
T01570,LONG,65525,65525,65526,65603,2026-03-18T13:40:03+00:00,4870.393636772522,4833.788640719999,4906.998632825044,4833.788640719999,loss,-36.804996052523165,-1.0054637350517333,0,BULLISH,NONE,ALIGNED,65520.0,65525.0,65514.0,0.0,True,False,bullish|65520|65514|65525,BULLISH,NONE,ALIGNED,65520.0,65525.0,65514.0,0.0,True,False,bullish|65520|65514|65525,sub2
T01571,LONG,65613,65613,65614,65614,2026-03-18T22:00:03+00:00,4824.829635023333,4824.36501768,4825.294252366666,4824.36501768,loss,-0.8246173433335571,-1.7748311705673516,0,NONE,NONE,NONE,,,,,False,False,,NONE,NONE,NONE,,,,,False,False,,sub2
T01572,SHORT,65645,65645,65646,65649,2026-03-19T00:40:03+00:00,4840.894153715062,4849.09195592,4832.696351510124,4849.09195592,loss,-8.397802204938671,-1.0243967828206757,0,NONE,NONE,NONE,,,,,False,False,,NONE,NONE,NONE,,,,,False,False,,sub2
T01573,SHORT,65650,65650,65651,65656,2026-03-19T01:05:03+00:00,4841.410328861478,4853.62113708,4829.199520642956,4853.62113708,loss,-12.410808218523016,-1.0163789322067438,0,NONE,NONE,NONE,,,,,False,False,,BEARISH,NONE,ALIGNED,65643.0,65648.0,65637.0,2.0,False,True,bearish|65643|65637|65648,sub2
T01574,SHORT,65660,65660,65661,65704,2026-03-19T01:55:03+00:00,4850.649823824115,4867.10767652,4834.19197112823,4834.19197112823,win,16.25785269588414,0.9878477463800162,0,NONE,NONE,NONE,,,,,False,False,,NONE,NONE,NONE,,,,,False,False,,sub2
T01575,LONG,65748,65748,65749,65761,2026-03-19T09:15:03+00:00,4711.66188693205,4686.58552908,4736.7382447841,4686.58552908,loss,-25.316357852050714,-1.00957076786895,0,BULLISH,NONE,ALIGNED,65741.0,65746.0,65729.0,2.0,True,False,bullish|65741|65729|65746,BULLISH,NONE,ALIGNED,65741.0,65746.0,65729.0,2.0,True,False,bullish|65741|65729|65746,sub2
T01576,LONG,65773,65773,65774,65774,2026-03-19T11:20:03+00:00,4688.196927961875,4685.38957692,4691.0042790037505,4685.38957692,loss,-3.0873510418759906,-1.0997381502434453,0,BULLISH,NONE,ALIGNED,65761.0,65766.0,65747.0,7.0,True,False,bullish|65761|65747|65766,BULLISH,NONE,ALIGNED,65761.0,65766.0,65747.0,7.0,True,False,bullish|65761|65747|65766,sub2
T01577,SHORT,65774,65774,65775,65775,2026-03-19T11:25:03+00:00,4687.873400583125,4692.46969128,4683.2771098862495,4692.46969128,loss,-4.8762906968759125,-1.060918688235061,0,BULLISH,NONE,OPPOSED,65761.0,65766.0,65747.0,8.0,True,False,bullish|65761|65747|65766,BULLISH,NONE,OPPOSED,65761.0,65766.0,65747.0,8.0,True,False,bullish|65761|65747|65766,sub2
T01578,LONG,65798,65798,65799,65805,2026-03-19T13:25:03+00:00,4572.723455628002,4502.3358993599995,4643.111011896004,4643.111011896004,win,70.10755626800164,0.9960220241354232,0,NONE,NONE,NONE,,,,,False,False,,NONE,NONE,NONE,,,,,False,False,,sub2
T01579,LONG,65910,65910,65911,65913,2026-03-19T23:45:03+00:00,4643.046472862062,4633.96663392,4652.126311804123,4652.126311804123,win,8.250538942060887,0.9086657808258033,1,NONE,NONE,NONE,,,,,False,False,,NONE,NONE,NONE,,,,,False,False,,sub2
T01580,SHORT,65927,65927,65928,65933,2026-03-20T01:10:03+00:00,4656.00033951655,4680.64521832,4631.355460713101,4680.64521832,loss,-24.924878803450156,-1.0113613867706042,0,NONE,NONE,NONE,,,,,False,False,,NONE,NONE,NONE,,,,,False,False,,sub2
T01581,SHORT,65962,65962,65964,65979,2026-03-20T04:05:03+00:00,4721.604712687578,4736.11143688,4707.097988495157,4707.097988495157,win,14.226724192420988,0.9806986059508233,0,NONE,NONE,NONE,,,,,False,False,,NONE,NONE,NONE,,,,,False,False,,sub2
T01582,SHORT,66055,66055,66056,66057,2026-03-20T11:50:03+00:00,4663.848135907154,4674.4769716,4653.219300214308,4674.4769716,loss,-10.908835692846878,-1.0263434310297137,0,NONE,NONE,NONE,,,,,False,False,,NONE,NONE,NONE,,,,,False,False,,sub2
T01583,SHORT,66063,66063,66064,66071,2026-03-20T12:30:03+00:00,4676.137850869573,4695.82882564,4656.446876099147,4656.446876099147,win,19.410974770426037,0.9857802875040408,0,NONE,NONE,NONE,,,,,False,False,,NONE,NONE,NONE,,,,,False,False,,sub2
T01584,LONG,66148,66148,66149,66165,2026-03-20T19:35:03+00:00,4509.087529189771,4476.88491744,4541.290140939542,4476.88491744,loss,-33.611211749771165,-1.0437417937074756,2,NONE,NONE,NONE,,,,,False,False,,NONE,NONE,NONE,,,,,False,False,,sub2
T01585,LONG,66166,66166,66167,66189,2026-03-22T22:05:03+00:00,4499.85952472154,4448.97903372,4550.7400157230795,4448.97903372,loss,-51.709791001540324,-1.0162989779319458,1,NONE,NONE,NONE,,,,,False,False,,NONE,NONE,NONE,,,,,False,False,,sub2
T01586,LONG,66202,66202,66212,66259,2026-03-23T01:05:03+00:00,4389.866461105338,4319.285221679999,4460.447700530677,4319.285221679999,loss,-70.84123942533915,-1.0036836984178388,0,NONE,NONE,NONE,,,,,False,False,,NONE,NONE,NONE,,,,,False,False,,sub2
T01587,LONG,66280,66280,66281,66287,2026-03-23T07:35:03+00:00,4174.80109041429,4098.19906548,4251.40311534858,4251.40311534858,win,76.34202493428984,0.9966058338506946,0,NONE,NONE,NONE,,,,,False,False,,NONE,NONE,NONE,,,,,False,False,,sub2
T01588,SHORT,66333,66333,66336,66341,2026-03-23T12:00:03+00:00,4375.4316649437005,4432.29328464,4318.570045247401,4432.29328464,loss,-57.233619696298774,-1.00654219844574,0,NONE,NONE,NONE,,,,,False,False,,NONE,NONE,NONE,,,,,False,False,,sub2
T01589,SHORT,66348,66348,66349,66360,2026-03-23T13:15:03+00:00,4432.663117102469,4492.95071084,4372.375523364938,4492.95071084,loss,-60.65559373753058,-1.0061040751037704,0,NONE,NONE,NONE,,,,,False,False,,NONE,NONE,NONE,,,,,False,False,,sub2
T01590,SHORT,66367,66367,66368,66372,2026-03-23T14:50:03+00:00,4472.0435936434105,4513.04251448,4431.044672806821,4431.044672806821,win,40.63492083659003,0.9911217175337277,0,NONE,NONE,NONE,,,,,False,False,,NONE,NONE,NONE,,,,,False,False,,sub2
T01591,LONG,66444,66444,66445,66456,2026-03-23T22:15:03+00:00,4400.737195867377,4361.04255132,4440.431840414753,4440.431840414753,win,39.33064454737723,0.9908299972414382,0,NONE,NONE,NONE,,,,,False,False,,NONE,NONE,NONE,,,,,False,False,,sub2
T01592,SHORT,66460,66460,66461,66468,2026-03-23T23:35:03+00:00,4430.4897481312855,4448.45093092,4412.528565342571,4412.528565342571,win,17.597182788715145,0.9797340740706517,1,NONE,NONE,NONE,,,,,False,False,,NONE,NONE,NONE,,,,,False,False,,sub2
T01593,LONG,66603,66603,66606,66607,2026-03-24T11:30:03+00:00,4419.80363449274,4407.49069332,4432.116575665479,4407.49069332,loss,-12.676941172739134,-1.0295623925180006,0,BEARISH,NONE,OPPOSED,66596.0,66601.0,66584.0,2.0,False,True,bearish|66596|66584|66601,BEARISH,NONE,OPPOSED,66596.0,66601.0,66584.0,2.0,False,True,bearish|66596|66584|66601,sub2
T01594,LONG,66611,66611,66613,66615,2026-03-24T12:10:03+00:00,4415.455987838257,4390.25738268,4440.654592996514,4390.25738268,loss,-25.5626051582567,-1.0144452440011467,0,NONE,NONE,NONE,,,,,False,False,,NONE,NONE,NONE,,,,,False,False,,sub2
T01595,SHORT,66646,66646,66647,66676,2026-03-24T15:05:03+00:00,4405.660337494013,4433.93635036,4377.384324628027,4377.384324628027,win,27.91201286598698,0.9871268979214026,0,NONE,NONE,NONE,,,,,False,False,,NONE,NONE,NONE,,,,,False,False,,sub2
T01596,SHORT,66723,66723,66724,66732,2026-03-24T22:30:03+00:00,4467.81650213388,4485.756423080001,4449.876581187759,4485.756423080001,loss,-18.303920946120343,-1.020289944481516,0,NONE,NONE,NONE,,,,,False,False,,NONE,NONE,NONE,,,,,False,False,,sub2
T01597,SHORT,66766,66766,66767,66774,2026-03-25T02:05:03+00:00,4583.681214999001,4601.3690474,4565.9933825980015,4601.3690474,loss,-18.051832400999047,-1.0205791185571733,0,NONE,NONE,NONE,,,,,False,False,,NONE,NONE,NONE,,,,,False,False,,sub2
T01598,LONG,66897,66897,66900,66970,2026-03-25T13:00:03+00:00,4555.825356946662,4521.62312784,4590.027586053325,4521.62312784,loss,-34.482229106663,-1.0081866009121059,0,NONE,NONE,NONE,,,,,False,False,,NONE,NONE,NONE,,,,,False,False,,sub2
T01599,LONG,66980,66980,66985,67083,2026-03-25T19:55:03+00:00,4522.318303716727,4486.620528,4558.016079433454,4486.620528,loss,-36.527075716727595,-1.0232311392895013,1,NONE,NONE,NONE,,,,,False,False,,NONE,NONE,NONE,,,,,False,False,,sub2
T01600,LONG,67098,67098,67099,67121,2026-03-26T06:45:03+00:00,4448.66831178727,4415.56037052,4481.77625305454,4415.56037052,loss,-33.387941267270435,-1.00845718547524,0,NONE,NONE,NONE,,,,,False,False,,NONE,NONE,NONE,,,,,False,False,,sub3
T01601,LONG,67130,67130,67131,67153,2026-03-26T09:25:03+00:00,4431.627272569965,4412.12950776,4451.125037379929,4451.125037379929,win,19.217764809964137,0.9856393795530063,0,NONE,NONE,NONE,,,,,False,False,,NONE,NONE,NONE,,,,,False,False,,sub3
T01602,LONG,67162,67162,67164,67182,2026-03-26T12:05:03+00:00,4435.275406807872,4416.02635188,4454.524461735744,4454.524461735744,win,18.969054927871184,0.9854538313153636,0,NONE,NONE,NONE,,,,,False,False,,NONE,NONE,NONE,,,,,False,False,,sub3
T01603,SHORT,67187,67187,67188,67189,2026-03-26T14:10:03+00:00,4447.066363377476,4460.67441984,4433.458306914951,4460.67441984,loss,-13.888056462525128,-1.0205760463128406,0,NONE,NONE,NONE,,,,,False,False,,NONE,NONE,NONE,,,,,False,False,,sub3
T01604,SHORT,67195,67195,67196,67208,2026-03-26T14:50:03+00:00,4456.887966495359,4479.738182360001,4434.037750630718,4434.037750630718,win,22.570215864640886,0.9877462864395112,0,NONE,NONE,NONE,,,,,False,False,,NONE,NONE,NONE,,,,,False,False,,sub3
T01605,LONG,67235,67235,67236,67255,2026-03-26T18:10:03+00:00,4387.411346563111,4366.61632836,4408.206364766222,4366.61632836,loss,-21.07501820311154,-1.0134647633998592,0,NONE,NONE,NONE,,,,,False,False,,NONE,NONE,NONE,,,,,False,False,,sub3
T01606,SHORT,67329,67329,67330,67336,2026-03-27T03:00:03+00:00,4427.61038797775,4440.86462748,4414.3561484755,4440.86462748,loss,-13.534239502250784,-1.0211253161641691,0,NONE,NONE,NONE,,,,,False,False,,NONE,NONE,NONE,,,,,False,False,,sub3
T01607,SHORT,67342,67342,67343,67352,2026-03-27T04:05:03+00:00,4434.718517629424,4446.366847560001,4423.070187698848,4446.366847560001,loss,-11.928329930577092,-1.0240377806663654,0,BEARISH,NONE,ALIGNED,67336.0,67341.0,67318.0,1.0,False,True,bearish|67336|67318|67341,BEARISH,NONE,ALIGNED,67336.0,67341.0,67318.0,1.0,False,True,bearish|67336|67318|67341,sub3
T01608,SHORT,67364,67364,67365,67394,2026-03-27T05:55:03+00:00,4454.81908384302,4475.524013800001,4434.114153886039,4434.114153886039,win,20.424929956980122,0.986476650701914,0,BEARISH,NONE,ALIGNED,67352.0,67357.0,67336.0,7.0,False,True,bearish|67352|67336|67357,BEARISH,NONE,ALIGNED,67352.0,67357.0,67336.0,7.0,False,True,bearish|67352|67336|67357,sub3
T01609,LONG,67432,67432,67433,67434,2026-03-27T11:35:03+00:00,4415.904474197905,4408.486653479999,4423.322294915811,4423.322294915811,win,7.137820717905015,0.9622530645254379,0,NONE,NONE,NONE,,,,,False,False,,NONE,NONE,NONE,,,,,False,False,,sub3
T01610,SHORT,67438,67438,67439,67439,2026-03-27T12:05:03+00:00,4419.328603828848,4426.46405148,4412.1931561776955,4426.46405148,loss,-7.415447651153045,-1.0392407055155726,0,NONE,NONE,NONE,,,,,False,False,,NONE,NONE,NONE,,,,,False,False,,sub3
T01611,SHORT,67450,67450,67451,67455,2026-03-27T13:05:03+00:00,4431.1374928610685,4445.5328142,4416.742171522137,4416.742171522137,win,14.115321338930698,0.9805492358657246,0,NONE,NONE,NONE,,,,,False,False,,NONE,NONE,NONE,,,,,False,False,,sub3
T01612,LONG,67548,67548,67549,67556,2026-03-29T22:15:03+00:00,4502.241270505809,4480.5807696,4523.901771411617,4480.5807696,loss,-21.94050090580913,-1.012926755536183,0,NONE,NONE,NONE,,,,,False,False,,NONE,NONE,NONE,,,,,False,False,,sub3
T01613,LONG,67573,67573,67574,67601,2026-03-30T00:20:03+00:00,4450.994599913842,4418.2032647999995,4483.785935027684,4483.785935027684,win,32.5113351138416,0.9914611588997955,0,NONE,NONE,NONE,,,,,False,False,,NONE,NONE,NONE,,,,,False,False,,sub3
T01614,SHORT,67616,67616,67629,67638,2026-03-30T03:55:03+00:00,4499.782316500134,4517.82770588,4481.736927120267,4517.82770588,loss,-18.325389379867374,-1.0155164288287983,0,NONE,NONE,NONE,,,,,False,False,,NONE,NONE,NONE,,,,,False,False,,sub3
T01615,SHORT,67653,67653,67654,67709,2026-03-30T07:00:03+00:00,4531.130431047901,4550.791024360001,4511.469837735801,4550.791024360001,loss,-19.940593312100646,-1.0142416861768018,0,NONE,NONE,NONE,,,,,False,False,,NONE,NONE,NONE,,,,,False,False,,sub3
T01616,SHORT,67727,67727,67728,67732,2026-03-30T13:10:03+00:00,4566.767985733018,4580.72422164,4552.811749826035,4552.811749826035,win,13.676235906981674,0.9799372838158625,0,BEARISH,NONE,ALIGNED,67721.0,67726.0,67710.0,1.0,False,True,bearish|67721|67710|67726,BEARISH,NONE,ALIGNED,67721.0,67726.0,67710.0,1.0,False,True,bearish|67721|67710|67726,sub3
T01617,LONG,67746,67746,67747,67756,2026-03-30T14:45:03+00:00,4530.521695614305,4512.06151032,4548.98188090861,4548.98188090861,win,18.180185294304465,0.9848322215873405,0,NONE,NONE,NONE,,,,,False,False,,NONE,NONE,NONE,,,,,False,False,,sub3
T01618,LONG,67794,67794,67795,67795,2026-03-30T18:45:03+00:00,4517.33914745569,4511.040551159999,4523.637743751381,4511.040551159999,loss,-6.578596295691568,-1.0444543493273593,0,NONE,NONE,NONE,,,,,False,False,,NONE,NONE,NONE,,,,,False,False,,sub3
T01619,LONG,67803,67803,67804,67808,2026-03-30T19:30:03+00:00,4504.952688477328,4492.74728292,4517.158094034656,4517.158094034656,win,11.925405557327394,0.9770593448381939,0,NONE,NONE,NONE,,,,,False,False,,NONE,NONE,NONE,,,,,False,False,,sub3
T01620,SHORT,67823,67823,67824,67835,2026-03-30T22:10:03+00:00,4508.8062797502935,4523.993952520001,4493.618606980586,4493.618606980586,win,14.90767276970655,0.9815639957321748,0,NONE,NONE,NONE,,,,,False,False,,NONE,NONE,NONE,,,,,False,False,,sub3
T01621,LONG,67836,67836,67837,67843,2026-03-30T23:15:03+00:00,4505.9792949985585,4492.185305399999,4519.773284597118,4519.773284597118,win,13.51398959855851,0.9797013041078484,0,NONE,NONE,NONE,,,,,False,False,,NONE,NONE,NONE,,,,,False,False,,sub3
T01622,LONG,67850,67850,67851,67853,2026-03-31T00:25:03+00:00,4509.638472275927,4482.310700399999,4536.966244151854,4536.966244151854,win,27.047771875926628,0.9897540128309069,0,NONE,NONE,NONE,,,,,False,False,,NONE,NONE,NONE,,,,,False,False,,sub3
T01623,SHORT,67873,67873,67876,67889,2026-03-31T02:20:03+00:00,4587.277892300894,4619.69078024,4554.865004361787,4554.865004361787,win,32.132887939105785,0.9913614608939911,0,NONE,NONE,NONE,,,,,False,False,,NONE,NONE,NONE,,,,,False,False,,sub3
T01624,SHORT,67991,67991,67992,68011,2026-03-31T12:10:03+00:00,4578.373317163193,4597.8019047200005,4558.944729606385,4597.8019047200005,loss,-19.708587556808197,-1.0144117527422907,0,NONE,NONE,NONE,,,,,False,False,,NONE,NONE,NONE,,,,,False,False,,sub3
T01625,SHORT,68022,68022,68023,68044,2026-03-31T14:45:03+00:00,4606.542776711101,4630.3252056,4582.760347822203,4630.3252056,loss,-24.062428888899376,-1.0117733979699337,0,NONE,NONE,NONE,,,,,False,False,,NONE,NONE,NONE,,,,,False,False,,sub3
T01626,SHORT,68074,68074,68075,68077,2026-03-31T19:05:03+00:00,4664.794393553083,4676.1470384,4653.4417487061655,4676.1470384,loss,-11.632644846918083,-1.0246638562005825,0,NONE,NONE,NONE,,,,,False,False,,NONE,NONE,NONE,,,,,False,False,,sub3
T01627,SHORT,68086,68086,68087,68092,2026-03-31T20:05:03+00:00,4677.805911618891,4687.54049412,4668.071329117781,4668.071329117781,win,9.454582501109144,0.9712365681867986,0,NONE,NONE,NONE,,,,,False,False,,NONE,NONE,NONE,,,,,False,False,,sub3
T01628,SHORT,68098,68098,68099,68102,2026-03-31T22:05:03+00:00,4671.491804799465,4681.86926728,4661.1143423189305,4681.86926728,loss,-10.737462480535214,-1.0346905614619997,0,BEARISH,NONE,ALIGNED,68083.0,68088.0,68055.0,10.0,False,True,bearish|68083|68055|68088,BEARISH,NONE,ALIGNED,68083.0,68088.0,68055.0,10.0,False,True,bearish|68083|68055|68088,sub3
T01629,SHORT,68106,68106,68107,68120,2026-03-31T22:45:03+00:00,4676.311956773391,4696.55185456,4656.072058986782,4696.55185456,loss,-20.519897786609363,-1.0138340619578579,0,NONE,NONE,NONE,,,,,False,False,,NONE,NONE,NONE,,,,,False,False,,sub3
T01630,SHORT,68133,68133,68134,68140,2026-04-01T01:00:03+00:00,4705.470903839634,4724.452970560001,4686.488837119267,4686.488837119267,win,18.70206672036602,0.9852492352847843,0,NONE,NONE,NONE,,,,,False,False,,NONE,NONE,NONE,,,,,False,False,,sub3
T01631,SHORT,68214,68214,68215,68259,2026-04-01T07:45:03+00:00,4723.503323533055,4747.865907040001,4699.140740026109,4747.865907040001,loss,-24.64258350694672,-1.0114930339765003,0,NONE,NONE,NONE,,,,,False,False,,NONE,NONE,NONE,,,,,False,False,,sub3
T01632,SHORT,68265,68265,68266,68269,2026-04-01T12:00:03+00:00,4748.659895454591,4763.2105208,4734.109270109181,4734.109270109181,win,14.270625345408916,0.9807568407986679,0,NONE,NONE,NONE,,,,,False,False,,NONE,NONE,NONE,,,,,False,False,,sub3
T01633,LONG,68271,68271,68272,68276,2026-04-01T12:30:03+00:00,4742.85595423217,4724.475013439999,4761.236895024341,4724.475013439999,loss,-18.66094079217146,-1.0152331702259723,0,NONE,NONE,NONE,,,,,False,False,,NONE,NONE,NONE,,,,,False,False,,sub3
T01634,LONG,68280,68280,68281,68293,2026-04-01T13:15:03+00:00,4734.518830540701,4715.71336392,4753.324297161402,4753.324297161402,win,18.525466620700172,0.9851107124514297,0,NONE,NONE,NONE,,,,,False,False,,NONE,NONE,NONE,,,,,False,False,,sub3
T01635,SHORT,68315,68315,68316,68325,2026-04-01T16:10:03+00:00,4778.5591054692595,4790.87862748,4766.239583458519,4790.87862748,loss,-12.599522010741566,-1.0227281545303895,0,NONE,NONE,NONE,,,,,False,False,,NONE,NONE,NONE,,,,,False,False,,sub3
T01636,SHORT,68330,68330,68331,68332,2026-04-01T17:25:03+00:00,4785.395897202996,4793.21972112,4777.572073285992,4777.572073285992,win,7.543823917003465,0.9642118735070061,0,NONE,NONE,NONE,,,,,False,False,,NONE,NONE,NONE,,,,,False,False,,sub3
T01637,SHORT,68391,68391,68395,68406,2026-04-01T23:45:03+00:00,4786.755048765321,4800.537013800001,4772.973083730641,4772.973083730641,win,13.461965034679451,0.9767812500470441,0,NONE,NONE,NONE,,,,,False,False,,NONE,NONE,NONE,,,,,False,False,,sub3
T01638,LONG,68429,68429,68430,68460,2026-04-02T02:55:03+00:00,4685.5953613971715,4650.1239876,4721.066735194343,4650.1239876,loss,-35.751373797172164,-1.007893689192917,0,NONE,NONE,NONE,,,,,False,False,,NONE,NONE,NONE,,,,,False,False,,sub3
T01639,LONG,68475,68475,68476,68487,2026-04-02T06:45:03+00:00,4598.8423156247345,4553.5828494,4644.101781849469,4644.101781849469,win,44.9794662247341,0.9938134489123155,0,NONE,NONE,NONE,,,,,False,False,,NONE,NONE,NONE,,,,,False,False,,sub3
T01640,LONG,68540,68540,68541,68542,2026-04-02T12:10:03+00:00,4609.428475338114,4592.42029584,4626.436654836229,4626.436654836229,win,16.728179498113604,0.9835373327267801,0,NONE,NONE,NONE,,,,,False,False,,NONE,NONE,NONE,,,,,False,False,,sub3
T01641,SHORT,68578,68578,68579,68646,2026-04-02T15:20:03+00:00,4669.568345559126,4700.00099252,4639.135698598252,4639.135698598252,win,30.042646960873753,0.9871848150276993,3,NONE,NONE,NONE,,,,,False,False,,NONE,NONE,NONE,,,,,False,False,,sub3
T01642,LONG,68657,68657,68658,68664,2026-04-05T22:55:03+00:00,4643.014033029673,4608.1316673599995,4677.896398699346,4608.1316673599995,loss,-35.242365669673745,-1.010320400955878,0,BEARISH,NONE,OPPOSED,68645.0,68650.0,68632.0,7.0,False,True,bearish|68645|68632|68650,BEARISH,NONE,OPPOSED,68645.0,68650.0,68632.0,7.0,False,True,bearish|68645|68632|68650,sub3
T01643,LONG,68670,68670,68671,68675,2026-04-06T00:00:03+00:00,4619.864768077464,4604.88479724,4634.844738914928,4604.88479724,loss,-15.259970837464607,-1.0186916251732876,0,NONE,NONE,NONE,,,,,False,False,,NONE,NONE,NONE,,,,,False,False,,sub3
T01644,SHORT,68706,68706,68718,68732,2026-04-06T03:00:03+00:00,4645.901082933167,4671.9408701600005,4619.861295706334,4671.9408701600005,loss,-26.319787226833796,-1.010752776033136,0,NONE,NONE,NONE,,,,,False,False,,NONE,NONE,NONE,,,,,False,False,,sub3
T01645,SHORT,68738,68738,68740,68742,2026-04-06T05:40:03+00:00,4663.532245993337,4679.12515752,4647.939334466673,4647.939334466673,win,15.312911526662901,0.9820431226380102,0,NONE,NONE,NONE,,,,,False,False,,NONE,NONE,NONE,,,,,False,False,,sub3
T01646,LONG,68821,68821,68822,68845,2026-04-06T12:35:03+00:00,4676.31989943241,4659.21962376,4693.42017510482,4693.42017510482,win,16.82027567240948,0.9836259949626186,0,NONE,NONE,NONE,,,,,False,False,,NONE,NONE,NONE,,,,,False,False,,sub3
T01647,SHORT,68847,68847,68848,68852,2026-04-06T14:45:03+00:00,4680.516196288303,4697.98191176,4663.050480816606,4663.050480816606,win,17.185715471696312,0.9839685926148063,0,NONE,NONE,NONE,,,,,False,False,,BULLISH,NONE,OPPOSED,68835.0,68840.0,68829.0,7.0,True,False,bullish|68835|68829|68840,sub3
T01648,LONG,68861,68861,68862,68876,2026-04-06T15:55:03+00:00,4667.030995739293,4651.83791904,4682.224072438586,4651.83791904,loss,-15.473076699293415,-1.0184294468817952,0,NONE,NONE,NONE,,,,,False,False,,NONE,NONE,NONE,,,,,False,False,,sub3
T01649,LONG,68887,68887,68893,68958,2026-04-06T18:05:03+00:00,4656.823049161304,4645.374177600001,4668.271920722607,4645.374177600001,loss,-12.278171561304005,-1.0724350863366876,1,NONE,NONE,NONE,,,,,False,False,,NONE,NONE,NONE,,,,,False,False,,sub3
T01650,LONG,68963,68963,68964,68968,2026-04-07T01:25:03+00:00,4653.138624484287,4626.9799133999995,4679.297335568574,4626.9799133999995,loss,-26.438711084288116,-1.0107038913002422,0,BEARISH,NONE,OPPOSED,68958.0,68963.0,68952.0,0.0,False,True,bearish|68958|68952|68963,BEARISH,NONE,OPPOSED,68958.0,68963.0,68952.0,0.0,False,True,bearish|68958|68952|68963,sub3
T01651,SHORT,69060,69060,69061,69062,2026-04-07T09:30:03+00:00,4683.084042164961,4694.693780240001,4671.474304089921,4671.474304089921,win,11.329738075039131,0.9758823155017909,0,NONE,NONE,NONE,,,,,False,False,,NONE,NONE,NONE,,,,,False,False,,sub3
T01652,LONG,69085,69085,69091,69094,2026-04-07T11:35:03+00:00,4651.95102022537,4637.88547716,4666.016563290739,4666.016563290739,win,13.785543065368984,0.9800931966366777,0,NONE,NONE,NONE,,,,,False,False,,NONE,NONE,NONE,,,,,False,False,,sub3
T01653,LONG,69112,69112,69113,69114,2026-04-07T13:50:03+00:00,4651.210663314055,4635.282581279999,4667.13874534811,4635.282581279999,loss,-16.208082034056133,-1.017579015439649,0,NONE,NONE,NONE,,,,,False,False,,NONE,NONE,NONE,,,,,False,False,,sub3
T01654,LONG,69118,69118,69125,69138,2026-04-07T14:20:03+00:00,4635.771956317996,4607.1697058400005,4664.374206795992,4664.374206795992,win,28.322250477995112,0.9902105605215903,0,NONE,NONE,NONE,,,,,False,False,,NONE,NONE,NONE,,,,,False,False,,sub3
T01655,SHORT,69153,69153,69155,69157,2026-04-07T17:15:03+00:00,4660.581783041502,4673.39992852,4647.763637563004,4673.39992852,loss,-13.098145478498736,-1.0218440335593275,0,NONE,NONE,NONE,,,,,False,False,,NONE,NONE,NONE,,,,,False,False,,sub3
T01656,SHORT,69227,69227,69228,69240,2026-04-08T00:25:03+00:00,4824.098251855368,4857.4852916400005,4790.711212070736,4790.711212070736,win,33.06703978463156,0.9904154425769752,0,BEARISH,NONE,ALIGNED,69222.0,69227.0,69209.0,0.0,False,True,bearish|69222|69209|69227,BEARISH,NONE,ALIGNED,69222.0,69227.0,69209.0,0.0,False,True,bearish|69222|69209|69227,sub3
T01657,LONG,69359,69359,69360,69360,2026-04-08T11:25:03+00:00,4787.101923831495,4782.25170228,4791.952145382989,4791.952145382989,win,4.570221551493887,0.9422706783539866,0,NONE,NONE,NONE,,,,,False,False,,NONE,NONE,NONE,,,,,False,False,,sub3
T01658,SHORT,69361,69361,69362,69364,2026-04-08T11:35:03+00:00,4786.648454340892,4797.318885080001,4775.978023601784,4797.318885080001,loss,-10.950430739108924,-1.02624074012068,0,NONE,NONE,NONE,,,,,False,False,,NONE,NONE,NONE,,,,,False,False,,sub3
T01659,LONG,69372,69372,69382,69389,2026-04-08T12:30:03+00:00,4790.823207463489,4768.16326584,4813.483149086977,4768.16326584,loss,-22.939941623489176,-1.0123566072963937,0,NONE,NONE,NONE,,,,,False,False,,BULLISH,NONE,ALIGNED,69361.0,69366.0,69354.0,6.0,True,False,bullish|69361|69354|69366,sub3
T01660,LONG,69390,69390,69391,69395,2026-04-08T14:00:03+00:00,4784.5618445713235,4766.9693136,4802.154375542647,4766.9693136,loss,-17.872530971324522,-1.0159158452218762,0,NONE,NONE,NONE,,,,,False,False,,NONE,NONE,NONE,,,,,False,False,,sub3
T01661,LONG,69406,69406,69407,69437,2026-04-08T15:20:03+00:00,4754.77571181089,4732.0777093199995,4777.473714301781,4732.0777093199995,loss,-22.978002490891413,-1.0123358872708303,0,NONE,NONE,NONE,,,,,False,False,,NONE,NONE,NONE,,,,,False,False,,sub3
T01662,SHORT,69475,69475,69476,69476,2026-04-08T22:05:03+00:00,4722.876810109307,4732.62729752,4713.126322698615,4713.126322698615,win,9.390487410692003,0.9630787688002347,0,NONE,NONE,NONE,,,,,False,False,,NONE,NONE,NONE,,,,,False,False,,sub3
T01663,LONG,69484,69484,69485,69498,2026-04-08T22:50:03+00:00,4716.276723821989,4704.497812559999,4728.05563508398,4704.497812559999,loss,-12.608211261990943,-1.0704054883813199,1,NONE,NONE,NONE,,,,,False,False,,BEARISH,NONE,OPPOSED,69474.0,69479.0,69462.0,5.0,False,True,bearish|69474|69462|69479,sub3
T01664,LONG,69502,69502,69503,69512,2026-04-09T00:20:03+00:00,4708.956891377854,4698.31305996,4719.600722795708,4719.600722795708,win,10.363831417853362,0.9736936833168006,0,NONE,NONE,NONE,,,,,False,False,,NONE,NONE,NONE,,,,,False,False,,sub3
T01665,SHORT,69606,69606,69607,69622,2026-04-09T09:00:03+00:00,4726.017858002339,4733.3963282800005,4718.639387724678,4733.3963282800005,loss,-7.658470277661763,-1.0379482452952853,0,NONE,NONE,NONE,,,,,False,False,,NONE,NONE,NONE,,,,,False,False,,sub3
T01666,LONG,69650,69650,69651,69656,2026-04-09T12:40:03+00:00,4743.562406441507,4734.5756094,4752.549203483014,4752.549203483014,win,8.706797041506434,0.9688431819804736,0,NONE,NONE,NONE,,,,,False,False,,NONE,NONE,NONE,,,,,False,False,,sub3
T01667,SHORT,69669,69669,69670,69673,2026-04-09T14:15:03+00:00,4763.770620514256,4777.37308728,4750.168153748512,4750.168153748512,win,13.32246676574323,0.9794154983193343,0,NONE,NONE,NONE,,,,,False,False,,NONE,NONE,NONE,,,,,False,False,,sub3
T01668,SHORT,69698,69698,69700,69718,2026-04-09T16:40:03+00:00,4790.063292638383,4801.33104556,4778.795539716766,4778.795539716766,win,10.987752921616448,0.9751503248297647,0,BEARISH,NONE,ALIGNED,69690.0,69695.0,69684.0,3.0,False,True,bearish|69690|69684|69695,BEARISH,NONE,ALIGNED,69690.0,69695.0,69684.0,3.0,False,True,bearish|69690|69684|69695,sub3
T01669,SHORT,69753,69753,69754,69763,2026-04-09T22:15:03+00:00,4768.709368660945,4779.57717544,4757.84156188189,4757.84156188189,win,10.587806779054517,0.9742358319674692,0,NONE,NONE,NONE,,,,,False,False,,NONE,NONE,NONE,,,,,False,False,,sub3
T01670,LONG,69771,69771,69772,69774,2026-04-09T23:45:03+00:00,4761.2094398787885,4756.78372104,4765.635158717577,4756.78372104,loss,-5.255018838788925,-1.1873819892787656,1,BULLISH,NONE,ALIGNED,69766.0,69771.0,69757.0,0.0,True,False,bullish|69766|69757|69771,BULLISH,NONE,ALIGNED,69766.0,69771.0,69757.0,0.0,True,False,bullish|69766|69757|69771,sub3
T01671,LONG,69780,69780,69782,69786,2026-04-10T00:30:03+00:00,4757.382047000566,4750.4799732,4764.284120801131,4764.284120801131,win,6.622073800564976,0.9594324824550979,0,BULLISH,NONE,ALIGNED,69766.0,69771.0,69757.0,9.0,True,False,bullish|69766|69757|69771,BULLISH,NONE,ALIGNED,69766.0,69771.0,69757.0,9.0,True,False,bullish|69766|69757|69771,sub3
T01672,LONG,69882,69882,69883,69885,2026-04-10T09:00:03+00:00,4744.209096452723,4730.3907768,4758.027416105447,4758.027416105447,win,13.538319652722748,0.9797370442255278,0,NONE,NONE,NONE,,,,,False,False,,NONE,NONE,NONE,,,,,False,False,,sub3
T01673,SHORT,69922,69922,69924,69924,2026-04-10T12:20:03+00:00,4763.730871011552,4771.515853,4755.945889023104,4771.515853,loss,-7.94498198844758,-1.0205523918022266,0,NONE,NONE,NONE,,,,,False,False,,NONE,NONE,NONE,,,,,False,False,,sub3
T01674,SHORT,69927,69927,69928,69945,2026-04-10T12:45:03+00:00,4768.257009777404,4782.49729224,4754.016727314808,4782.49729224,loss,-14.520282462596697,-1.0196625313252115,0,NONE,NONE,NONE,,,,,False,False,,NONE,NONE,NONE,,,,,False,False,,sub3
T01675,SHORT,69950,69950,69951,69961,2026-04-10T14:40:03+00:00,4782.387456202486,4795.37280724,4769.4021051649715,4769.4021051649715,win,12.705351037513537,0.9784372406112284,0,NONE,NONE,NONE,,,,,False,False,,NONE,NONE,NONE,,,,,False,False,,sub3
T01676,LONG,69976,69976,69977,70019,2026-04-10T16:50:03+00:00,4762.557192373484,4747.16810568,4777.946279066969,4747.16810568,loss,-15.669086693485042,-1.018194711978535,0,NONE,NONE,NONE,,,,,False,False,,NONE,NONE,NONE,,,,,False,False,,sub3
T01677,SHORT,70080,70080,70081,70098,2026-04-13T02:35:03+00:00,4718.728561936336,4728.31612508,4709.140998792671,4709.140998792671,win,9.307563143664083,0.970795498730491,0,NONE,NONE,NONE,,,,,False,False,,NONE,NONE,NONE,,,,,False,False,,sub3
T01678,SHORT,70129,70129,70133,70133,2026-04-13T06:40:03+00:00,4726.587540044872,4732.9493104,4720.225769689744,4732.9493104,loss,-6.641770355128756,-1.0440129059004704,0,NONE,NONE,NONE,,,,,False,False,,NONE,NONE,NONE,,,,,False,False,,sub3
T01679,SHORT,70134,70134,70135,70142,2026-04-13T07:05:03+00:00,4727.322477880722,4738.6695392,4715.975416561443,4738.6695392,loss,-11.627061319279164,-1.0246759924990392,0,BEARISH,NONE,ALIGNED,70126.0,70131.0,70120.0,3.0,False,True,bearish|70126|70120|70131,BEARISH,NONE,ALIGNED,70126.0,70131.0,70120.0,3.0,False,True,bearish|70126|70120|70131,sub3
T01680,SHORT,70147,70147,70148,70153,2026-04-13T08:10:03+00:00,4732.924146412664,4740.2596028,4725.588690025329,4725.588690025329,win,7.055456387334743,0.9618292325363597,0,BEARISH,NONE,ALIGNED,70142.0,70147.0,70133.0,0.0,False,True,bearish|70142|70133|70147,BEARISH,NONE,ALIGNED,70142.0,70147.0,70133.0,0.0,False,True,bearish|70142|70133|70147,sub3
T01681,LONG,70194,70194,70197,70203,2026-04-13T12:05:03+00:00,4713.024657242399,4703.2268634,4722.822451084799,4722.822451084799,win,9.517793842398532,0.9714221380338728,0,NONE,NONE,NONE,,,,,False,False,,NONE,NONE,NONE,,,,,False,False,,sub3
T01682,SHORT,70212,70212,70213,70214,2026-04-13T13:35:03+00:00,4727.425569681388,4737.766503080001,4717.084636282775,4737.766503080001,loss,-10.620933398613488,-1.0270768594291706,0,NONE,NONE,NONE,,,,,False,False,,NONE,NONE,NONE,,,,,False,False,,sub3
T01683,SHORT,70215,70215,70216,70221,2026-04-13T13:50:03+00:00,4728.8067424879055,4744.81778512,4712.795699855811,4712.795699855811,win,15.731042632093704,0.9825120695488381,0,NONE,NONE,NONE,,,,,False,False,,NONE,NONE,NONE,,,,,False,False,,sub3
T01684,LONG,70236,70236,70237,70244,2026-04-13T15:35:03+00:00,4711.422839961588,4699.935995039999,4722.909684883176,4722.909684883176,win,11.206844921587617,0.9756242900542319,0,NONE,NONE,NONE,,,,,False,False,,NONE,NONE,NONE,,,,,False,False,,sub3
T01685,SHORT,70254,70254,70255,70257,2026-04-13T17:05:03+00:00,4730.935756256223,4746.47585144,4715.395661072445,4746.47585144,loss,-15.820095183777994,-1.0180179076568947,0,NONE,NONE,NONE,,,,,False,False,,NONE,NONE,NONE,,,,,False,False,,sub3
T01686,SHORT,70262,70262,70263,70263,2026-04-13T17:45:03+00:00,4739.274710563949,4750.12399736,4728.425423767898,4728.425423767898,win,10.56928679605062,0.9741918519379021,0,NONE,NONE,NONE,,,,,False,False,,NONE,NONE,NONE,,,,,False,False,,sub3
T01687,SHORT,70318,70318,70319,70330,2026-04-13T23:25:03+00:00,4756.413631197791,4766.2356418,4746.591620595582,4766.2356418,loss,-10.102010602209702,-1.0285074015230324,1,NONE,NONE,NONE,,,,,False,False,,NONE,NONE,NONE,,,,,False,False,,sub3
T01688,SHORT,70343,70343,70344,70359,2026-04-14T01:30:03+00:00,4769.183105574373,4777.25408252,4761.112128628746,4777.25408252,loss,-8.350976945627735,-1.0346922066420177,0,BEARISH,NONE,ALIGNED,70332.0,70337.0,70314.0,6.0,False,True,bearish|70332|70314|70337,BEARISH,NONE,ALIGNED,70332.0,70337.0,70314.0,6.0,False,True,bearish|70332|70314|70337,sub3
T01689,SHORT,70362,70362,70365,70387,2026-04-14T03:05:03+00:00,4771.139045634417,4777.54409412,4764.733997148834,4764.733997148834,win,6.125048485582738,0.9562844839299992,0,NONE,NONE,NONE,,,,,False,False,,NONE,NONE,NONE,,,,,False,False,,sub3
T01690,SHORT,70413,70413,70417,70452,2026-04-14T07:20:03+00:00,4778.557771389422,4796.64085796,4760.474684818843,4760.474684818843,win,17.80308657057776,0.9845159177385004,0,NONE,NONE,NONE,,,,,False,False,,NONE,NONE,NONE,,,,,False,False,,sub3
T01691,SHORT,70463,70463,70464,70472,2026-04-14T11:30:03+00:00,4775.600877466857,4783.2363218,4767.965433133714,4767.965433133714,win,7.355444333142259,0.9633289186871197,0,NONE,NONE,NONE,,,,,False,False,,NONE,NONE,NONE,,,,,False,False,,sub3
T01692,LONG,70475,70475,70476,70484,2026-04-14T12:30:03+00:00,4772.614963255295,4762.14750648,4783.082420030591,4783.082420030591,win,10.187456775294777,0.9732504269173109,0,NONE,NONE,NONE,,,,,False,False,,NONE,NONE,NONE,,,,,False,False,,sub3
T01693,SHORT,70501,70501,70502,70522,2026-04-14T14:40:03+00:00,4800.026126259983,4818.25872264,4781.793529879967,4818.25872264,loss,-18.512596380017385,-1.0153571106475838,0,NONE,NONE,NONE,,,,,False,False,,NONE,NONE,NONE,,,,,False,False,,sub3
T01694,SHORT,70528,70528,70529,70530,2026-04-14T16:55:03+00:00,4812.76964181911,4820.586815760001,4804.952467878219,4820.586815760001,loss,-8.09717394089148,-1.0358185710229633,0,NONE,NONE,NONE,,,,,False,False,,NONE,NONE,NONE,,,,,False,False,,sub3
T01695,SHORT,70549,70549,70550,70559,2026-04-14T18:40:03+00:00,4835.460804737766,4843.61773696,4827.303872515532,4843.61773696,loss,-8.436932222234645,-1.034326630695476,0,NONE,NONE,NONE,,,,,False,False,,NONE,NONE,NONE,,,,,False,False,,sub3
T01696,SHORT,70568,70568,70569,70577,2026-04-14T20:15:03+00:00,4841.6852027124005,4846.50685252,4836.863552904801,4846.50685252,loss,-5.1416498076005155,-1.0663673250380468,0,NONE,NONE,NONE,,,,,False,False,,NONE,NONE,NONE,,,,,False,False,,sub3
T01697,SHORT,70580,70580,70582,70588,2026-04-14T22:15:03+00:00,4842.6898547781375,4850.87002704,4834.509682516275,4834.509682516275,win,7.860172261862317,0.9608810194019384,0,NONE,NONE,NONE,,,,,False,False,,NONE,NONE,NONE,,,,,False,False,,sub3
T01698,LONG,70590,70590,70591,70601,2026-04-14T23:05:03+00:00,4839.066469971944,4832.9766732,4845.1562667438875,4832.9766732,loss,-8.017696771944493,-1.3165787089780463,1,NONE,NONE,NONE,,,,,False,False,,NONE,NONE,NONE,,,,,False,False,,sub3
T01699,LONG,70612,70612,70613,70614,2026-04-15T00:55:03+00:00,4833.254341570627,4827.046910399999,4839.461772741254,4839.461772741254,win,5.927431170626733,0.9548927741115243,0,NONE,NONE,NONE,,,,,False,False,,NONE,NONE,NONE,,,,,False,False,,sub3
T01700,SHORT,70621,70621,70622,70668,2026-04-15T01:40:03+00:00,4843.942691930896,4871.5538543600005,4816.331529501792,4816.331529501792,win,27.331162429103642,0.9898591737772868,0,NONE,NONE,NONE,,,,,False,False,,NONE,NONE,NONE,,,,,False,False,,sub3
T01701,LONG,70682,70682,70683,70685,2026-04-15T06:45:03+00:00,4817.903116020742,4810.86355776,4824.942674281485,4810.86355776,loss,-7.319558260743179,-1.0397752230508737,0,NONE,NONE,NONE,,,,,False,False,,NONE,NONE,NONE,,,,,False,False,,sub3
T01702,LONG,70687,70687,70688,70711,2026-04-15T07:10:03+00:00,4814.602485024648,4803.64384656,4825.561123489295,4803.64384656,loss,-11.23863846464792,-1.0255506193496517,0,BULLISH,NONE,ALIGNED,70679.0,70684.0,70669.0,3.0,True,False,bullish|70679|70669|70684,BULLISH,NONE,ALIGNED,70679.0,70684.0,70669.0,3.0,True,False,bullish|70679|70669|70684,sub3
T01703,LONG,70722,70722,70724,70744,2026-04-15T10:05:03+00:00,4800.327703118864,4785.85755804,4814.797848197727,4814.797848197727,win,14.19014507886277,0.9806498139117035,0,NONE,NONE,NONE,,,,,False,False,,NONE,NONE,NONE,,,,,False,False,,sub3
T01704,SHORT,70754,70754,70755,70761,2026-04-15T12:45:03+00:00,4811.2209093555475,4816.40864864,4806.033170071095,4816.40864864,loss,-5.467739284453273,-1.0539734139762575,0,NONE,NONE,NONE,,,,,False,False,,NONE,NONE,NONE,,,,,False,False,,sub3
T01705,LONG,70794,70794,70796,70874,2026-04-15T16:05:03+00:00,4805.43864045518,4786.500532319999,4824.37674859036,4824.37674859036,win,18.658108135179646,0.9852149962392224,0,NONE,NONE,NONE,,,,,False,False,,NONE,NONE,NONE,,,,,False,False,,sub3
T01706,SHORT,70883,70883,70884,70885,2026-04-16T00:30:03+00:00,4824.032899338096,4831.4672509600005,4816.598547716192,4831.4672509600005,loss,-7.714351621904825,-1.0376630019994855,0,NONE,NONE,NONE,,,,,False,False,,NONE,NONE,NONE,,,,,False,False,,sub3
T01707,LONG,71024,71024,71025,71040,2026-04-16T12:15:03+00:00,4817.607673586082,4811.167545599999,4824.047801572164,4824.047801572164,win,6.160127986081534,0.9565226031833893,0,NONE,NONE,NONE,,,,,False,False,,NONE,NONE,NONE,,,,,False,False,,sub3
T01708,SHORT,71041,71041,71042,71042,2026-04-16T13:40:03+00:00,4817.89241189999,4824.267963,4811.51686079998,4811.51686079998,win,6.095551100009288,0.95608222793474,0,NONE,NONE,NONE,,,,,False,False,,NONE,NONE,NONE,,,,,False,False,,sub3
T01709,LONG,71057,71057,71075,71167,2026-04-16T15:00:03+00:00,4795.61571525376,4772.62208748,4818.60934302752,4772.62208748,loss,-23.82292777376038,-1.0360665140864396,1,NONE,NONE,NONE,,,,,False,False,,NONE,NONE,NONE,,,,,False,False,,sub3
T01710,SHORT,71219,71219,71220,71221,2026-04-17T05:30:03+00:00,4801.158419456864,4806.561254759999,4795.755584153729,4795.755584153729,win,5.122835303134707,0.9481753589937925,0,NONE,NONE,NONE,,,,,False,False,,NONE,NONE,NONE,,,,,False,False,,sub3
T01711,SHORT,71332,71332,71333,71341,2026-04-17T14:55:03+00:00,4873.501489239072,4889.706580440001,4857.296398038143,4857.296398038143,win,15.925091200928364,0.9827214795320249,0,NONE,NONE,NONE,,,,,False,False,,NONE,NONE,NONE,,,,,False,False,,sub3
T01712,LONG,71433,71433,71439,71441,2026-04-20T00:20:03+00:00,4759.452373637498,4736.54653056,4782.358216714995,4782.358216714995,win,22.62584307749694,0.9877760447824021,0,NONE,NONE,NONE,,,,,False,False,,NONE,NONE,NONE,,,,,False,False,,sub3
T01713,SHORT,71458,71458,71459,71485,2026-04-20T02:25:03+00:00,4801.195875668311,4814.65557852,4787.736172816622,4787.736172816622,win,13.17970285168849,0.9791971633336976,0,NONE,NONE,NONE,,,,,False,False,,NONE,NONE,NONE,,,,,False,False,,sub3
T01714,SHORT,71578,71578,71579,71590,2026-04-20T12:25:03+00:00,4805.688542763696,4822.108876640001,4789.268208887392,4822.108876640001,loss,-16.700333876305194,-1.0170520284246296,0,NONE,NONE,NONE,,,,,False,False,,NONE,NONE,NONE,,,,,False,False,,sub3
T01715,SHORT,71598,71598,71599,71602,2026-04-20T14:05:03+00:00,4816.501940578011,4826.63205756,4806.371823596022,4826.63205756,loss,-10.410116981989631,-1.0276403520806805,0,NONE,NONE,NONE,,,,,False,False,,NONE,NONE,NONE,,,,,False,False,,sub3
T01716,SHORT,71603,71603,71604,71607,2026-04-20T14:30:03+00:00,4818.611706210538,4827.86410684,4809.359305581075,4809.359305581075,win,8.972400629461845,0.969737583659202,0,NONE,NONE,NONE,,,,,False,False,,NONE,NONE,NONE,,,,,False,False,,sub3
T01717,SHORT,71615,71615,71631,71681,2026-04-20T15:30:03+00:00,4805.846332097207,4827.86410684,4783.8285573544135,4827.86410684,loss,-22.29777474279399,-1.0127169981195443,0,BEARISH,NONE,ALIGNED,71601.0,71606.0,71590.0,9.0,False,True,bearish|71601|71590|71606,NONE,NONE,NONE,,,,,False,False,,sub3
T01718,SHORT,71693,71693,71694,71702,2026-04-20T23:00:03+00:00,4827.09382450527,4833.218320999999,4820.969328010541,4820.969328010541,win,5.844496494728446,0.9542819560364464,0,NONE,NONE,NONE,,,,,False,False,,NONE,NONE,NONE,,,,,False,False,,sub3
T01719,LONG,71714,71714,71715,71719,2026-04-21T00:45:03+00:00,4823.2353488123545,4816.475333279999,4829.99536434471,4816.475333279999,loss,-7.0400155323559375,-1.0414200231730975,0,NONE,NONE,NONE,,,,,False,False,,NONE,NONE,NONE,,,,,False,False,,sub3
T01720,LONG,71867,71867,71868,71869,2026-04-21T13:30:03+00:00,4775.393889966418,4760.058590039999,4790.729189892837,4790.729189892837,win,15.055299926418229,0.9817414722017739,0,NONE,NONE,NONE,,,,,False,False,,NONE,NONE,NONE,,,,,False,False,,sub3
T01721,LONG,71888,71888,71889,71902,2026-04-21T15:15:03+00:00,4751.272679488162,4723.1160678,4779.429291176324,4723.1160678,loss,-28.436611688162884,-1.0099443783613486,0,NONE,NONE,NONE,,,,,False,False,,NONE,NONE,NONE,,,,,False,False,,sub3
T01722,LONG,71917,71917,71918,71924,2026-04-21T17:40:03+00:00,4711.520232863702,4696.7031243599995,4726.337341367405,4696.7031243599995,loss,-15.097108503703566,-1.018897074279417,0,BULLISH,NONE,ALIGNED,71912.0,71917.0,71882.0,0.0,True,False,bullish|71912|71882|71917,BULLISH,NONE,ALIGNED,71912.0,71917.0,71882.0,0.0,True,False,bullish|71912|71882|71917,sub3
T01723,LONG,71931,71931,71940,71941,2026-04-21T18:50:03+00:00,4704.019800445301,4692.017311799999,4716.022289090603,4692.017311799999,loss,-12.282488645302692,-1.023328495304201,0,BULLISH,NONE,ALIGNED,71925.0,71930.0,71912.0,1.0,True,False,bullish|71925|71912|71930,BULLISH,NONE,ALIGNED,71925.0,71930.0,71912.0,1.0,True,False,bullish|71925|71912|71930,sub3
T01724,SHORT,71991,71991,71992,71997,2026-04-22T00:50:03+00:00,4741.104520108345,4747.63589784,4734.57314237669,4747.63589784,loss,-6.811377731655739,-1.0428699749891361,0,NONE,NONE,NONE,,,,,False,False,,NONE,NONE,NONE,,,,,False,False,,sub3
T01725,SHORT,72013,72013,72014,72018,2026-04-22T02:40:03+00:00,4753.019717722542,4759.07735548,4746.962079965084,4759.07735548,loss,-6.337637757458651,-1.046222638462646,0,NONE,NONE,NONE,,,,,False,False,,NONE,NONE,NONE,,,,,False,False,,sub3
T01726,SHORT,72027,72027,72028,72044,2026-04-22T03:50:03+00:00,4758.32121312148,4765.27860352,4751.363822722959,4765.27860352,loss,-7.237390398520802,-1.0402449746186748,0,BEARISH,NONE,ALIGNED,72022.0,72027.0,72008.0,0.0,False,True,bearish|72022|72008|72027,BEARISH,NONE,ALIGNED,72022.0,72027.0,72008.0,0.0,False,True,bearish|72022|72008|72027,sub3
T01727,SHORT,72053,72053,72057,72066,2026-04-22T06:00:03+00:00,4764.13704261992,4772.329885560001,4755.94419967984,4772.329885560001,loss,-8.472842940081136,-1.0341761708418524,0,NONE,NONE,NONE,,,,,False,False,,NONE,NONE,NONE,,,,,False,False,,sub3
T01728,SHORT,72067,72067,72069,72075,2026-04-22T07:10:03+00:00,4766.316757817745,4772.56789508,4760.065620555491,4760.065620555491,win,5.97113726225416,0.9552081504126727,0,NONE,NONE,NONE,,,,,False,False,,NONE,NONE,NONE,,,,,False,False,,sub3
T01729,LONG,72125,72125,72126,72129,2026-04-22T12:00:03+00:00,4754.15339547893,4747.46109396,4760.845696997861,4747.46109396,loss,-6.97230151893109,-1.041839119054726,0,NONE,NONE,NONE,,,,,False,False,,NONE,NONE,NONE,,,,,False,False,,sub3
T01730,LONG,72130,72130,72131,72133,2026-04-22T12:25:03+00:00,4752.70954022639,4746.72212352,4758.69695693278,4746.72212352,loss,-6.267416706390577,-1.0467647424141753,0,NONE,NONE,NONE,,,,,False,False,,NONE,NONE,NONE,,,,,False,False,,sub3
T01731,LONG,72141,72141,72142,72145,2026-04-22T13:20:03+00:00,4746.227500763992,4736.06454984,4756.390451687984,4756.390451687984,win,9.882950923991302,0.972448946954998,0,BULLISH,NONE,ALIGNED,72128.0,72133.0,72121.0,8.0,True,False,bullish|72128|72121|72133,BULLISH,NONE,ALIGNED,72128.0,72133.0,72121.0,8.0,True,False,bullish|72128|72121|72133,sub3
T01732,SHORT,72149,72149,72153,72155,2026-04-22T14:00:03+00:00,4749.802457086286,4761.08243568,4738.522478492572,4738.522478492572,win,10.999978593713422,0.9751772578578572,0,NONE,NONE,NONE,,,,,False,False,,NONE,NONE,NONE,,,,,False,False,,sub3
T01733,LONG,72174,72174,72175,72176,2026-04-22T16:05:03+00:00,4731.718548280978,4724.7210036,4738.716092961957,4724.7210036,loss,-7.27754468097919,-1.040014035317528,0,NONE,NONE,NONE,,,,,False,False,,NONE,NONE,NONE,,,,,False,False,,sub3
T01734,LONG,72180,72180,72181,72185,2026-04-22T16:35:03+00:00,4729.401050094006,4723.48705296,4735.315047228011,4735.315047228011,win,5.633997134004858,0.9526546946750019,0,NONE,NONE,NONE,,,,,False,False,,NONE,NONE,NONE,,,,,False,False,,sub3
T01735,LONG,72254,72254,72255,72257,2026-04-22T23:45:03+00:00,4727.589831620822,4723.1710656,4732.008597641645,4723.1710656,loss,-5.248066020823313,-1.187676830158629,1,NONE,NONE,NONE,,,,,False,False,,NONE,NONE,NONE,,,,,False,False,,sub3
T01736,LONG,72302,72302,72303,72323,2026-04-23T03:45:03+00:00,4705.234345599755,4693.79824056,4716.670450639511,4693.79824056,loss,-11.716105039756258,-1.0244838604601203,0,BULLISH,NONE,ALIGNED,72289.0,72294.0,72283.0,8.0,True,False,bullish|72289|72283|72294,BULLISH,NONE,ALIGNED,72289.0,72294.0,72283.0,8.0,True,False,bullish|72289|72283|72294,sub3
T01737,LONG,72384,72384,72385,72393,2026-04-23T10:35:03+00:00,4693.343118205816,4683.96163404,4702.724602371632,4702.724602371632,win,9.101484165815236,0.9701539761671277,0,NONE,NONE,NONE,,,,,False,False,,NONE,NONE,NONE,,,,,False,False,,sub3
T01738,SHORT,72414,72414,72419,72425,2026-04-23T13:05:03+00:00,4731.550126705811,4743.3177251199995,4719.782528291622,4719.782528291622,win,11.487598414188142,0.976205850153499,0,NONE,NONE,NONE,,,,,False,False,,NONE,NONE,NONE,,,,,False,False,,sub3
T01739,LONG,72472,72472,72484,72585,2026-04-23T17:55:03+00:00,4704.09943935793,4663.883437199999,4744.3154415158615,4663.883437199999,loss,-41.0453021579318,-1.020621144706128,1,NONE,NONE,NONE,,,,,False,False,,NONE,NONE,NONE,,,,,False,False,,sub3
T01740,SHORT,72683,72683,72684,72686,2026-04-24T12:30:03+00:00,4705.8975494278075,4717.46669112,4694.328407735615,4694.328407735615,win,11.28914169219206,0.9757976859951841,0,NONE,NONE,NONE,,,,,False,False,,NONE,NONE,NONE,,,,,False,False,,sub3
T01741,LONG,72691,72691,72692,72695,2026-04-24T13:10:03+00:00,4701.044743857054,4690.016391839999,4712.073095874108,4690.016391839999,loss,-11.308352017054858,-1.0253891061481955,0,NONE,NONE,NONE,,,,,False,False,,NONE,NONE,NONE,,,,,False,False,,sub3
T01742,SHORT,72713,72713,72714,72775,2026-04-24T15:00:03+00:00,4724.108663849567,4740.4806116400005,4707.736716059134,4707.736716059134,win,16.09194779043264,0.9828975755612739,0,NONE,NONE,NONE,,,,,False,False,,NONE,NONE,NONE,,,,,False,False,,sub3
T01743,LONG,72814,72814,72815,72819,2026-04-27T00:25:03+00:00,4679.812181001647,4671.840118919999,4687.784243083295,4687.784243083295,win,7.6920620816472365,0.9648773432603805,0,BULLISH,NONE,ALIGNED,72802.0,72807.0,72786.0,7.0,True,False,bullish|72802|72786|72807,BULLISH,NONE,ALIGNED,72802.0,72807.0,72786.0,7.0,True,False,bullish|72802|72786|72807,sub3
T01744,SHORT,72866,72866,72868,72870,2026-04-27T04:45:03+00:00,4725.359431503124,4730.32320536,4720.395657646248,4720.395657646248,win,4.683773856875632,0.9435913061162582,0,NONE,NONE,NONE,,,,,False,False,,NONE,NONE,NONE,,,,,False,False,,sub3
T01745,LONG,72952,72952,72953,72955,2026-04-27T11:55:03+00:00,4704.310986154868,4699.80400032,4708.817971989736,4708.817971989736,win,4.226985834867264,0.9378742223162855,0,NONE,NONE,NONE,,,,,False,False,,NONE,NONE,NONE,,,,,False,False,,sub3
T01746,LONG,72976,72976,72977,72978,2026-04-27T13:55:03+00:00,4696.103088501101,4688.7424428,4703.463734202202,4688.7424428,loss,-7.6406457011016755,-1.0380401409564886,0,NONE,NONE,NONE,,,,,False,False,,NONE,NONE,NONE,,,,,False,False,,sub3
T01747,LONG,72980,72980,72981,72982,2026-04-27T14:15:03+00:00,4694.498787603537,4687.47849336,4701.519081847073,4687.47849336,loss,-7.300294243536882,-1.0398843681315009,0,NONE,NONE,NONE,,,,,False,False,,NONE,NONE,NONE,,,,,False,False,,sub3
T01748,LONG,72984,72984,72985,72987,2026-04-27T14:35:03+00:00,4692.464792734966,4683.2966606400005,4701.632924829932,4683.2966606400005,loss,-9.44813209496624,-1.0305405721798455,0,NONE,NONE,NONE,,,,,False,False,,NONE,NONE,NONE,,,,,False,False,,sub3
T01749,LONG,72994,72994,72995,73080,2026-04-27T15:25:03+00:00,4680.2325746609085,4666.81931976,4693.645829561817,4693.645829561817,win,13.13325490090756,0.9791251264462516,0,NONE,NONE,NONE,,,,,False,False,,NONE,NONE,NONE,,,,,False,False,,sub3
T01750,SHORT,73090,73090,73091,73097,2026-04-28T00:25:03+00:00,4695.069818603282,4701.6330578,4688.506579406565,4688.506579406565,win,6.28323919671675,0.9573381387439458,0,NONE,NONE,NONE,,,,,False,False,,NONE,NONE,NONE,,,,,False,False,,sub3
T01751,LONG,73104,73104,73105,73107,2026-04-28T01:35:03+00:00,4689.5486560414165,4681.93871496,4697.158597122833,4681.93871496,loss,-7.889941081417419,-1.0367939773784065,0,NONE,NONE,NONE,,,,,False,False,,NONE,NONE,NONE,,,,,False,False,,sub3
T01752,LONG,73124,73124,73125,73145,2026-04-28T03:15:03+00:00,4673.186999882242,4666.27034172,4680.103658044484,4666.27034172,loss,-7.196658162242784,-1.0404819774857703,0,NONE,NONE,NONE,,,,,False,False,,NONE,NONE,NONE,,,,,False,False,,sub3
T01753,LONG,73169,73169,73170,73180,2026-04-28T07:00:03+00:00,4632.622677725563,4622.987073119999,4642.258282331128,4622.987073119999,loss,-9.915604605565022,-1.0290588926655375,0,NONE,NONE,NONE,,,,,False,False,,NONE,NONE,NONE,,,,,False,False,,sub3
T01754,LONG,73186,73186,73190,73197,2026-04-28T08:25:03+00:00,4625.3507418115205,4614.42241572,4636.279067903041,4614.42241572,loss,-11.208326091521485,-1.0256214902132088,0,NONE,NONE,NONE,,,,,False,False,,NONE,NONE,NONE,,,,,False,False,,sub3
T01755,LONG,73208,73208,73209,73216,2026-04-28T10:15:03+00:00,4613.277295770242,4604.33181936,4622.222772180484,4604.33181936,loss,-9.225476410242663,-1.0313007365018674,0,NONE,NONE,NONE,,,,,False,False,,NONE,NONE,NONE,,,,,False,False,,sub3
T01756,LONG,73231,73231,73232,73361,2026-04-28T12:10:03+00:00,4578.062559726872,4554.574809719999,4601.550309733744,4601.550309733744,win,21.55985000687172,0.9179189152031777,1,NONE,NONE,NONE,,,,,False,False,,NONE,NONE,NONE,,,,,False,False,,sub3
T01757,SHORT,73370,73370,73372,73373,2026-04-29T00:45:03+00:00,4600.596763033512,4610.3794078,4590.814118267023,4590.814118267023,win,9.50264476648772,0.9713778833143539,0,NONE,NONE,NONE,,,,,False,False,,NONE,NONE,NONE,,,,,False,False,,sub3
T01758,LONG,73381,73381,73382,73386,2026-04-29T01:40:03+00:00,4588.432395766549,4575.6099682799995,4601.254823253099,4601.254823253099,win,12.542427486549059,0.9781632611847979,0,NONE,NONE,NONE,,,,,False,False,,NONE,NONE,NONE,,,,,False,False,,sub3
T01759,LONG,73482,73482,73483,73487,2026-04-29T10:05:03+00:00,4563.641847970155,4551.29594088,4575.9877550603105,4575.9877550603105,win,12.065907090154724,0.977320418989389,0,NONE,NONE,NONE,,,,,False,False,,NONE,NONE,NONE,,,,,False,False,,sub3
T01760,LONG,73499,73499,73500,73500,2026-04-29T11:30:03+00:00,4567.306916036246,4563.36845796,4571.245374112491,4571.245374112491,win,3.658458076244642,0.9289061875028028,0,NONE,NONE,NONE,,,,,False,False,,NONE,NONE,NONE,,,,,False,False,,sub3
T01761,SHORT,73500,73500,73501,73502,2026-04-29T11:35:03+00:00,4567.280313569131,4572.0628752,4562.497751938262,4562.497751938262,win,4.502561630868513,0.9414539693135604,0,NONE,NONE,NONE,,,,,False,False,,NONE,NONE,NONE,,,,,False,False,,sub3
T01762,LONG,73507,73507,73509,73511,2026-04-29T12:10:03+00:00,4564.509899962852,4559.14062708,4569.879172845704,4559.14062708,loss,-5.649272882852529,-1.0521485881067631,0,NONE,NONE,NONE,,,,,False,False,,NONE,NONE,NONE,,,,,False,False,,sub3
T01763,SHORT,73650,73650,73651,73654,2026-04-30T01:05:03+00:00,4565.893717912629,4574.4629712,4557.324464625258,4574.4629712,loss,-8.849253287371539,-1.0326749590204447,0,NONE,NONE,NONE,,,,,False,False,,NONE,NONE,NONE,,,,,False,False,,sub3
T01764,SHORT,73664,73664,73665,73667,2026-04-30T02:15:03+00:00,4576.139874982168,4582.57629572,4569.703454244336,4569.703454244336,win,6.156420737831468,0.9564975610816016,0,BEARISH,NONE,ALIGNED,73654.0,73659.0,73646.0,5.0,False,True,bearish|73654|73646|73659,BEARISH,NONE,ALIGNED,73654.0,73659.0,73646.0,5.0,False,True,bearish|73654|73646|73659,sub3
T01765,SHORT,73753,73753,73754,73760,2026-04-30T09:40:03+00:00,4619.509542460321,4631.79926456,4607.219820360643,4631.79926456,loss,-12.569722099678984,-1.02278326537652,0,NONE,NONE,NONE,,,,,False,False,,NONE,NONE,NONE,,,,,False,False,,sub3
T01766,SHORT,73771,73771,73772,73787,2026-04-30T11:10:03+00:00,4636.641317137402,4647.227881680001,4626.054752594804,4626.054752594804,win,10.306564542597698,0.9735513821434718,0,NONE,NONE,NONE,,,,,False,False,,NONE,NONE,NONE,,,,,False,False,,sub3
T01767,SHORT,73797,73797,73798,73800,2026-04-30T13:20:03+00:00,4635.77912132216,4646.328845720001,4625.229396924319,4625.229396924319,win,10.269724397840037,0.9734590222984436,0,NONE,NONE,NONE,,,,,False,False,,NONE,NONE,NONE,,,,,False,False,,sub3
T01768,LONG,73809,73809,73810,73832,2026-04-30T14:20:03+00:00,4622.997999533881,4608.907636319999,4637.088362747762,4608.907636319999,loss,-14.370363213882229,-1.0198717375663393,0,NONE,NONE,NONE,,,,,False,False,,NONE,NONE,NONE,,,,,False,False,,sub3
T01769,LONG,73838,73838,73839,73840,2026-04-30T16:45:03+00:00,4612.236793876034,4605.390777,4619.082810752069,4605.390777,loss,-7.1260168760354645,-1.0408996946795186,0,NONE,NONE,NONE,,,,,False,False,,NONE,NONE,NONE,,,,,False,False,,sub3
T01770,LONG,73931,73931,73932,73937,2026-05-01T01:30:03+00:00,4618.960326965205,4613.54945064,4624.37120329041,4624.37120329041,win,5.130876325204554,0.9482523748147144,0,NONE,NONE,NONE,,,,,False,False,,NONE,NONE,NONE,,,,,False,False,,sub3
T01771,SHORT,73945,73945,73954,73967,2026-05-01T02:40:03+00:00,4626.335466900072,4636.34244628,4616.328487520143,4616.328487520143,win,9.726979379927798,0.9720195286339586,0,NONE,NONE,NONE,,,,,False,False,,NONE,NONE,NONE,,,,,False,False,,sub3
T01772,LONG,73977,73977,73978,73982,2026-05-01T05:20:03+00:00,4614.354724106903,4607.11970784,4621.589740373805,4607.11970784,loss,-7.515016266903331,-1.038700673180452,0,NONE,NONE,NONE,,,,,False,False,,NONE,NONE,NONE,,,,,False,False,,sub3
T01773,LONG,73999,73999,74000,74001,2026-05-01T07:10:03+00:00,4595.944482228931,4589.30342052,4602.585543937861,4589.30342052,loss,-6.92106170893112,-1.0421619331776617,0,NONE,NONE,NONE,,,,,False,False,,NONE,NONE,NONE,,,,,False,False,,sub3
T01774,LONG,74025,74025,74026,74031,2026-05-01T09:20:03+00:00,4569.79536186571,4564.03043148,4575.560292251421,4564.03043148,loss,-6.044930385711268,-1.0485695370571488,0,NONE,NONE,NONE,,,,,False,False,,NONE,NONE,NONE,,,,,False,False,,sub3
T01775,SHORT,74072,74072,74073,74077,2026-05-01T13:15:03+00:00,4591.335154615449,4608.04331436,4574.626994870898,4608.04331436,loss,-16.988159744551922,-1.0167582788458776,0,NONE,NONE,NONE,,,,,False,False,,NONE,NONE,NONE,,,,,False,False,,sub3
T01776,SHORT,74089,74089,74090,74154,2026-05-01T14:40:03+00:00,4633.720209387357,4660.4714114,4606.969007374713,4606.969007374713,win,26.471202012642607,0.9895331806074239,0,NONE,NONE,NONE,,,,,False,False,,NONE,NONE,NONE,,,,,False,False,,sub3
T01777,SHORT,74169,74169,74170,74173,2026-05-03T22:20:03+00:00,4618.030480268162,4627.52909376,4608.531866776324,4627.52909376,loss,-9.778613491838769,-1.0294779864704728,0,NONE,NONE,NONE,,,,,False,False,,NONE,NONE,NONE,,,,,False,False,,sub3
T01778,LONG,74190,74190,74191,74193,2026-05-04T00:05:03+00:00,4614.833581674563,4604.24482284,4625.422340509126,4604.24482284,loss,-10.868758834563778,-1.0264431369507347,0,NONE,NONE,NONE,,,,,False,False,,NONE,NONE,NONE,,,,,False,False,,sub3
T01779,LONG,74198,74198,74199,74201,2026-05-04T00:45:03+00:00,4609.3856407396315,4601.4829333200005,4617.288348159263,4601.4829333200005,loss,-8.182707419631697,-1.0354308954049227,0,NONE,NONE,NONE,,,,,False,False,,NONE,NONE,NONE,,,,,False,False,,sub3
T01780,LONG,74221,74221,74222,74235,2026-05-04T02:40:03+00:00,4602.077626899419,4590.845358840001,4613.309894958837,4613.309894958837,win,10.952268059417293,0.975071819999356,0,NONE,NONE,NONE,,,,,False,False,,NONE,NONE,NONE,,,,,False,False,,sub3
T01781,LONG,74275,74275,74276,74278,2026-05-04T07:10:03+00:00,4591.077947484984,4583.264662080001,4598.891232889968,4583.264662080001,loss,-8.093285404984272,-1.0358363973011993,0,NONE,NONE,NONE,,,,,False,False,,NONE,NONE,NONE,,,,,False,False,,sub3
T01782,LONG,74315,74315,74316,74373,2026-05-04T10:30:03+00:00,4556.976280041808,4525.512972240001,4588.439587843616,4525.512972240001,loss,-31.74330780180844,-1.008899255023166,0,NONE,NONE,NONE,,,,,False,False,,NONE,NONE,NONE,,,,,False,False,,sub3
T01783,LONG,74393,74393,74408,74477,2026-05-04T17:00:03+00:00,4516.92025708947,4500.255982559999,4533.584531618942,4533.584531618942,win,15.83497452947053,0.9502348572970268,1,BULLISH,NONE,ALIGNED,74383.0,74388.0,74373.0,5.0,True,False,bullish|74383|74373|74388,BULLISH,NONE,ALIGNED,74383.0,74388.0,74373.0,5.0,True,False,bullish|74383|74373|74388,sub3
T01784,SHORT,74492,74492,74493,74495,2026-05-05T02:15:03+00:00,4536.854535193962,4542.77770384,4530.931366547924,4542.77770384,loss,-6.203168646038648,-1.0472719952331506,0,NONE,NONE,NONE,,,,,False,False,,NONE,NONE,NONE,,,,,False,False,,sub3
T01785,SHORT,74500,74500,74501,74512,2026-05-05T02:55:03+00:00,4540.343441422681,4547.03287404,4533.6540088053625,4533.6540088053625,win,6.409432617318089,0.9581429373732321,0,NONE,NONE,NONE,,,,,False,False,,NONE,NONE,NONE,,,,,False,False,,sub3
T01786,SHORT,74540,74540,74543,74549,2026-05-05T06:15:03+00:00,4542.635702167854,4552.393088440001,4532.878315895708,4552.393088440001,loss,-10.03738627214716,-1.028696209434687,0,BEARISH,NONE,ALIGNED,74532.0,74537.0,74497.0,3.0,False,True,bearish|74532|74497|74537,BEARISH,NONE,ALIGNED,74532.0,74537.0,74497.0,3.0,False,True,bearish|74532|74497|74537,sub3
T01787,SHORT,74554,74554,74555,74556,2026-05-05T07:25:03+00:00,4549.483413302659,4555.7472226,4543.219604005318,4555.7472226,loss,-6.543809297341795,-1.0447012331808232,0,NONE,NONE,NONE,,,,,False,False,,NONE,NONE,NONE,,,,,False,False,,sub3
T01788,SHORT,74558,74558,74562,74572,2026-05-05T07:45:03+00:00,4549.973392393971,4558.60333684,4541.343447947942,4558.60333684,loss,-8.90994444602984,-1.0324451683034286,0,BEARISH,NONE,ALIGNED,74552.0,74557.0,74532.0,1.0,False,True,bearish|74552|74532|74557,BEARISH,NONE,ALIGNED,74552.0,74557.0,74532.0,1.0,False,True,bearish|74552|74532|74557,sub3
T01789,SHORT,74576,74576,74577,74590,2026-05-05T09:15:03+00:00,4554.338645770105,4560.70642096,4547.97087058021,4547.97087058021,win,6.087775189894273,0.9560285984271258,0,NONE,NONE,NONE,,,,,False,False,,NONE,NONE,NONE,,,,,False,False,,sub3
T01790,SHORT,74609,74609,74610,74611,2026-05-05T12:00:03+00:00,4557.047069142654,4565.13359804,4548.960540245309,4565.13359804,loss,-8.366528897346143,-1.0346254868504297,0,NONE,NONE,NONE,,,,,False,False,,NONE,NONE,NONE,,,,,False,False,,sub3
T01791,SHORT,74618,74618,74620,74621,2026-05-05T12:45:03+00:00,4564.933168486659,4574.92498968,4554.941347293318,4574.92498968,loss,-10.271821193341566,-1.0280229194040484,0,NONE,NONE,NONE,,,,,False,False,,NONE,NONE,NONE,,,,,False,False,,sub3
T01792,SHORT,74642,74642,74643,74655,2026-05-05T14:45:03+00:00,4579.030119244386,4586.85746696,4571.202771528771,4571.202771528771,win,7.547347715613796,0.9642279849862688,0,BEARISH,NONE,ALIGNED,74634.0,74639.0,74624.0,3.0,False,True,bearish|74634|74624|74639,NONE,NONE,NONE,,,,,False,False,,sub3
T01793,SHORT,74787,74787,74788,74794,2026-05-06T03:50:03+00:00,4643.965498851874,4652.35808688,4635.572910823748,4652.35808688,loss,-8.672588028126484,-1.033362771896142,0,NONE,NONE,NONE,,,,,False,False,,NONE,NONE,NONE,,,,,False,False,,sub3
T01794,SHORT,74806,74806,74807,74807,2026-05-06T05:25:03+00:00,4651.127956742032,4656.53325388,4645.722659604065,4645.722659604065,win,5.125297137967209,0.9481989624522433,0,BEARISH,NONE,ALIGNED,74794.0,74799.0,74780.0,7.0,False,True,bearish|74794|74780|74799,BEARISH,NONE,ALIGNED,74794.0,74799.0,74780.0,7.0,False,True,bearish|74794|74780|74799,sub3
T01795,SHORT,74827,74827,74829,74833,2026-05-06T07:10:03+00:00,4663.419024710625,4670.36580716,4656.47224226125,4670.36580716,loss,-7.226782449375605,-1.0403064299251013,0,NONE,NONE,NONE,,,,,False,False,,NONE,NONE,NONE,,,,,False,False,,sub3
T01796,SHORT,74862,74862,74863,74867,2026-05-06T10:05:03+00:00,4697.728049146526,4708.699340440001,4686.756757853052,4708.699340440001,loss,-11.251291293475333,-1.0255211526620562,0,NONE,NONE,NONE,,,,,False,False,,NONE,NONE,NONE,,,,,False,False,,sub3
T01797,SHORT,74877,74877,74878,74878,2026-05-06T11:20:03+00:00,4711.315786006396,4712.90650872,4709.725063292792,4709.725063292792,win,1.3107227136033544,0.8239793789287921,0,BEARISH,NONE,ALIGNED,74871.0,74876.0,74848.0,1.0,False,True,bearish|74871|74848|74876,BEARISH,NONE,ALIGNED,74871.0,74876.0,74848.0,1.0,False,True,bearish|74871|74848|74876,sub3
T01798,LONG,74879,74879,74880,74881,2026-05-06T11:30:03+00:00,4710.906545010496,4703.98583304,4717.827256980992,4703.98583304,loss,-7.200711970496741,-1.0404582651603378,0,BEARISH,NONE,OPPOSED,74871.0,74876.0,74848.0,3.0,False,True,bearish|74871|74848|74876,BEARISH,NONE,OPPOSED,74871.0,74876.0,74848.0,3.0,False,True,bearish|74871|74848|74876,sub3
T01799,LONG,74899,74899,74901,74907,2026-05-06T13:10:03+00:00,4682.342772861985,4660.0835892000005,4704.60195652397,4704.60195652397,win,21.97918366198428,0.9874209223369297,0,NONE,NONE,NONE,,,,,False,False,,NONE,NONE,NONE,,,,,False,False,,sub3
T01800,SHORT,74918,74918,74919,74923,2026-05-06T14:45:03+00:00,4705.846274591644,4717.62969764,4694.062851543288,4694.062851543288,win,11.503423048355216,0.9762378046810665,0,NONE,NONE,NONE,,,,,False,False,,NONE,NONE,NONE,,,,,False,False,,sub3
T01801,SHORT,75003,75003,75004,75010,2026-05-06T22:50:03+00:00,4696.250295210398,4699.952990600001,4692.547599820795,4692.547599820795,win,3.422695389602268,0.9243794126876091,0,NONE,NONE,NONE,,,,,False,False,,NONE,NONE,NONE,,,,,False,False,,sub3
T01802,SHORT,75043,75043,75052,75065,2026-05-07T02:10:03+00:00,4709.629625194388,4721.63785796,4697.621392428776,4697.621392428776,win,11.72823276561121,0.9766826638468822,0,BEARISH,NONE,ALIGNED,75038.0,75043.0,75032.0,0.0,False,True,bearish|75038|75032|75043,BEARISH,NONE,ALIGNED,75038.0,75043.0,75032.0,0.0,False,True,bearish|75038|75032|75043,sub3
T01803,SHORT,75116,75116,75118,75125,2026-05-07T08:15:03+00:00,4741.445759899907,4753.6161370400005,4729.2753827598135,4729.2753827598135,win,11.890377140092824,0.9769933177273334,0,BEARISH,NONE,ALIGNED,75103.0,75108.0,75097.0,8.0,False,True,bearish|75103|75097|75108,BEARISH,NONE,ALIGNED,75103.0,75108.0,75097.0,8.0,False,True,bearish|75103|75097|75108,sub3
T01804,SHORT,75154,75154,75155,75156,2026-05-07T11:25:03+00:00,4733.505012628341,4736.7974643200005,4730.212560936682,4736.7974643200005,loss,-3.5724516916598077,-1.085043009350748,0,NONE,NONE,NONE,,,,,False,False,,NONE,NONE,NONE,,,,,False,False,,sub3
T01805,SHORT,75165,75165,75166,75167,2026-05-07T12:20:03+00:00,4738.752230198996,4747.389888,4730.114572397992,4747.389888,loss,-8.91765780100468,-1.0324161950439976,0,NONE,NONE,NONE,,,,,False,False,,NONE,NONE,NONE,,,,,False,False,,sub3
T01806,SHORT,75182,75182,75184,75190,2026-05-07T13:45:03+00:00,4745.735827164362,4758.38232768,4733.089326648723,4758.38232768,loss,-12.926500515639418,-1.0221405122827778,0,NONE,NONE,NONE,,,,,False,False,,NONE,NONE,NONE,,,,,False,False,,sub3
T01807,SHORT,75191,75191,75192,75195,2026-05-07T14:30:03+00:00,4750.0869338077,4759.65437856,4740.5194890554,4759.65437856,loss,-9.847444752300362,-1.029265912398747,0,BEARISH,NONE,ALIGNED,75179.0,75184.0,75170.0,7.0,False,True,bearish|75179|75170|75184,BEARISH,NONE,ALIGNED,75179.0,75184.0,75170.0,7.0,False,True,bearish|75179|75170|75184,sub3
T01808,SHORT,75199,75199,75200,75201,2026-05-07T15:10:03+00:00,4755.761852433544,4764.9845917600005,4746.539113107087,4746.539113107087,win,8.942739326455921,0.9696402565344724,0,BEARISH,NONE,ALIGNED,75189.0,75194.0,75179.0,5.0,False,True,bearish|75189|75179|75194,NONE,NONE,NONE,,,,,False,False,,sub3
T01809,LONG,75232,75232,75233,75268,2026-05-07T17:55:03+00:00,4707.2694662085805,4687.14350676,4727.3954256571615,4687.14350676,loss,-20.405959448581598,-1.0139123802130288,0,NONE,NONE,NONE,,,,,False,False,,NONE,NONE,NONE,,,,,False,False,,sub3
T01810,LONG,75282,75282,75283,75290,2026-05-07T23:05:03+00:00,4690.391374112087,4681.47573348,4699.307014744174,4699.307014744174,win,8.635640632086506,0.9685945170341499,0,NONE,NONE,NONE,,,,,False,False,,NONE,NONE,NONE,,,,,False,False,,sub3
T01811,SHORT,75296,75296,75297,75305,2026-05-08T00:15:03+00:00,4699.565845770852,4709.5783756,4689.553315941705,4709.5783756,loss,-10.292529829148407,-1.0279649603824939,0,NONE,NONE,NONE,,,,,False,False,,NONE,NONE,NONE,,,,,False,False,,sub3
T01812,SHORT,75312,75312,75313,75314,2026-05-08T01:35:03+00:00,4709.3311706352815,4719.37176732,4699.290573950563,4719.37176732,loss,-10.320596684719021,-1.0278867888824585,0,NONE,NONE,NONE,,,,,False,False,,NONE,NONE,NONE,,,,,False,False,,sub3
T01813,SHORT,75320,75320,75321,75370,2026-05-08T02:15:03+00:00,4719.611880375915,4732.927309520001,4706.2964512318285,4732.927309520001,loss,-13.595429144086665,-1.0210282370151784,0,NONE,NONE,NONE,,,,,False,False,,NONE,NONE,NONE,,,,,False,False,,sub3
T01814,SHORT,75374,75374,75375,75379,2026-05-08T06:45:03+00:00,4726.406400168541,4734.79138408,4718.021416257082,4718.021416257082,win,8.104983911458476,0.9666069723022367,0,NONE,NONE,NONE,,,,,False,False,,NONE,NONE,NONE,,,,,False,False,,sub3
T01815,SHORT,75431,75431,75432,75432,2026-05-08T11:30:03+00:00,4722.232804029131,4725.87102728,4718.594580778263,4725.87102728,loss,-3.9182232508692323,-1.0769606427900784,0,NONE,NONE,NONE,,,,,False,False,,NONE,NONE,NONE,,,,,False,False,,sub3
T01816,LONG,75432,75432,75433,75434,2026-05-08T11:35:03+00:00,4722.297911101573,4719.95519424,4724.640627963146,4719.95519424,loss,-2.6227168615732808,-1.1195193514818071,0,NONE,NONE,NONE,,,,,False,False,,NONE,NONE,NONE,,,,,False,False,,sub3
T01817,SHORT,75450,75450,75451,75455,2026-05-08T13:05:03+00:00,4721.113687514403,4732.26128288,4709.966092148806,4732.26128288,loss,-11.427595365597881,-1.025117524525941,0,NONE,NONE,NONE,,,,,False,False,,NONE,NONE,NONE,,,,,False,False,,sub3
T01818,LONG,75557,75557,75558,75572,2026-05-10T23:00:03+00:00,4695.037581784953,4678.91183604,4711.1633275299055,4678.91183604,loss,-16.95504574495349,-1.0514270789777407,1,NONE,NONE,NONE,,,,,False,False,,NONE,NONE,NONE,,,,,False,False,,sub3
T01819,LONG,75575,75575,75576,75579,2026-05-11T00:30:03+00:00,4688.561899637147,4675.53697104,4701.5868282342935,4675.53697104,loss,-13.30492859714741,-1.0214972387688936,0,NONE,NONE,NONE,,,,,False,False,,NONE,NONE,NONE,,,,,False,False,,sub3
T01820,LONG,75581,75581,75583,75623,2026-05-11T01:00:03+00:00,4687.77071090426,4669.798200599999,4705.743221208521,4669.798200599999,loss,-18.252510304261705,-1.0155793484193618,0,BULLISH,NONE,ALIGNED,75572.0,75577.0,75545.0,4.0,True,False,bullish|75572|75545|75577,BULLISH,NONE,ALIGNED,75572.0,75577.0,75545.0,4.0,True,False,bullish|75572|75545|75577,sub3
T01821,LONG,75629,75629,75630,75637,2026-05-11T05:00:03+00:00,4675.288505016824,4668.200264519999,4682.376745513649,4668.200264519999,loss,-7.36824049682582,-1.0395020456947062,0,NONE,NONE,NONE,,,,,False,False,,NONE,NONE,NONE,,,,,False,False,,sub3
T01822,LONG,75643,75643,75646,75717,2026-05-11T06:10:03+00:00,4664.769057811111,4648.0120720800005,4681.526043542222,4681.526043542222,win,16.47698573111029,0.98329055090852,0,NONE,NONE,NONE,,,,,False,False,,NONE,NONE,NONE,,,,,False,False,,sub3
T01823,SHORT,75738,75738,75739,75830,2026-05-11T14:05:03+00:00,4727.817554979667,4748.78294372,4706.852166239334,4748.78294372,loss,-21.24538874033351,-1.013355345014996,0,NONE,NONE,NONE,,,,,False,False,,NONE,NONE,NONE,,,,,False,False,,sub3
T01824,SHORT,75849,75849,75850,75856,2026-05-12T00:20:03+00:00,4761.935295173561,4773.772943280001,4750.097647067121,4750.097647067121,win,11.557648106439046,0.9763466528584902,0,NONE,NONE,NONE,,,,,False,False,,NONE,NONE,NONE,,,,,False,False,,sub3
T01825,LONG,75877,75877,75878,75890,2026-05-12T02:40:03+00:00,4730.229544887275,4719.8581981199995,4740.60089165455,4719.8581981199995,loss,-10.651346767275754,-1.0269974581203036,0,NONE,NONE,NONE,,,,,False,False,,NONE,NONE,NONE,,,,,False,False,,sub3
T01826,LONG,75896,75896,75898,75903,2026-05-12T04:15:03+00:00,4723.883814631,4717.74528264,4730.0223466219995,4717.74528264,loss,-6.418531991000236,-1.0456135115710394,0,BULLISH,NONE,ALIGNED,75891.0,75896.0,75864.0,0.0,True,False,bullish|75891|75864|75896,BULLISH,NONE,ALIGNED,75891.0,75896.0,75864.0,0.0,True,False,bullish|75891|75864|75896,sub3
T01827,LONG,75932,75932,75933,75972,2026-05-12T07:15:03+00:00,4699.01414348796,4686.31353996,4711.71474701592,4686.31353996,loss,-12.980603527960739,-1.0220461964176932,0,NONE,NONE,NONE,,,,,False,False,,NONE,NONE,NONE,,,,,False,False,,sub3
T01828,LONG,75980,75980,75981,75984,2026-05-12T11:15:03+00:00,4694.542177410234,4684.87659744,4704.207757380468,4704.207757380468,win,9.385579970233266,0.9710312261796041,0,NONE,NONE,NONE,,,,,False,False,,NONE,NONE,NONE,,,,,False,False,,sub3
T01829,SHORT,75990,75990,75991,75995,2026-05-12T12:05:03+00:00,4701.795275832804,4709.43736996,4694.1531817056075,4694.1531817056075,win,7.362094127195633,0.9633608281525603,0,NONE,NONE,NONE,,,,,False,False,,NONE,NONE,NONE,,,,,False,False,,sub3
T01830,LONG,76008,76008,76010,76012,2026-05-12T13:35:03+00:00,4694.878190176692,4679.27582148,4710.480558873385,4679.27582148,loss,-15.882368696693447,-1.0179459930375832,0,BEARISH,NONE,OPPOSED,75999.0,76004.0,75987.0,4.0,False,True,bearish|75999|75987|76004,BEARISH,NONE,OPPOSED,75999.0,76004.0,75987.0,4.0,False,True,bearish|75999|75987|76004,sub3
T01831,LONG,76015,76015,76016,76019,2026-05-12T14:10:03+00:00,4691.950742395006,4675.61196804,4708.289516750013,4675.61196804,loss,-16.61877435500719,-1.01713714835133,0,NONE,NONE,NONE,,,,,False,False,,NONE,NONE,NONE,,,,,False,False,,sub3
T01832,LONG,76035,76035,76036,76069,2026-05-12T15:50:03+00:00,4667.016126404381,4637.81448,4696.217772808762,4696.217772808762,win,28.921646404380226,0.9904114995393325,0,NONE,NONE,NONE,,,,,False,False,,NONE,NONE,NONE,,,,,False,False,,sub3
T01833,SHORT,76098,76098,76099,76107,2026-05-12T22:05:03+00:00,4714.234655341734,4721.48685192,4706.982458763468,4721.48685192,loss,-7.572196578266812,-1.044124562337377,0,NONE,NONE,NONE,,,,,False,False,,NONE,NONE,NONE,,,,,False,False,,sub3
T01834,SHORT,76111,76111,76112,76114,2026-05-12T23:10:03+00:00,4717.889066279045,4723.30292456,4712.475207998091,4723.30292456,loss,-5.693858280955283,-1.0517191225684028,0,BEARISH,NONE,ALIGNED,76097.0,76102.0,76084.0,9.0,False,True,bearish|76097|76084|76102,BEARISH,NONE,ALIGNED,76097.0,76102.0,76084.0,9.0,False,True,bearish|76097|76084|76102,sub3
T01835,SHORT,76118,76118,76119,76121,2026-05-12T23:45:03+00:00,4718.978992566312,4723.975951480001,4713.982033652623,4723.975951480001,loss,-5.276958913689668,-1.056034080895403,1,BEARISH,NONE,ALIGNED,76113.0,76118.0,76107.0,0.0,False,True,bearish|76113|76107|76118,BEARISH,NONE,ALIGNED,76113.0,76118.0,76107.0,0.0,False,True,bearish|76113|76107|76118,sub3
T01836,SHORT,76127,76127,76128,76132,2026-05-13T00:30:03+00:00,4721.233110150233,4727.25208252,4715.214137780466,4715.214137780466,win,5.738972369766088,0.9534804310770568,0,BEARISH,NONE,ALIGNED,76121.0,76126.0,76113.0,1.0,False,True,bearish|76121|76113|76126,BEARISH,NONE,ALIGNED,76121.0,76126.0,76113.0,1.0,False,True,bearish|76121|76113|76126,sub3
T01837,LONG,76142,76142,76143,76144,2026-05-13T01:45:03+00:00,4709.965306901809,4701.511931999999,4718.418681803618,4701.511931999999,loss,-8.733374901809839,-1.033122865512652,0,NONE,NONE,NONE,,,,,False,False,,NONE,NONE,NONE,,,,,False,False,,sub3
T01838,LONG,76237,76237,76238,76241,2026-05-13T09:40:03+00:00,4693.4669392781325,4685.74056288,4701.193315676265,4701.193315676265,win,7.446376398132088,0.9637605022623124,0,NONE,NONE,NONE,,,,,False,False,,NONE,NONE,NONE,,,,,False,False,,sub3
T01839,SHORT,76264,76264,76265,76267,2026-05-13T11:55:03+00:00,4699.827473228451,4705.5682152,4694.086731256902,4694.086731256902,win,5.460741971548487,0.9512258169086292,0,NONE,NONE,NONE,,,,,False,False,,NONE,NONE,NONE,,,,,False,False,,sub3
T01840,LONG,76277,76277,76278,76284,2026-05-13T13:00:03+00:00,4686.701818494608,4675.71696384,4697.686673149216,4675.71696384,loss,-11.264854654608826,-1.0254896408559393,0,NONE,NONE,NONE,,,,,False,False,,NONE,NONE,NONE,,,,,False,False,,sub3
T01841,LONG,76291,76291,76292,76307,2026-05-13T14:10:03+00:00,4680.919139156807,4669.188225,4692.650053313615,4692.650053313615,win,11.450914156806903,0.9761314424214614,0,BULLISH,NONE,ALIGNED,76284.0,76289.0,76272.0,2.0,True,False,bullish|76284|76272|76289,BULLISH,NONE,ALIGNED,76284.0,76289.0,76272.0,2.0,True,False,bullish|76284|76272|76289,sub3
T01842,SHORT,76321,76321,76322,76331,2026-05-13T16:40:03+00:00,4700.373896321225,4710.19740036,4690.550392282451,4690.550392282451,win,9.54350403877379,0.9714969323679754,0,NONE,NONE,NONE,,,,,False,False,,NONE,NONE,NONE,,,,,False,False,,sub3
T01843,SHORT,76374,76374,76375,76376,2026-05-13T22:05:03+00:00,4690.0682385423315,4694.2137610400005,4685.922716044663,4694.2137610400005,loss,-4.42552249766959,-1.0675427524897287,0,NONE,NONE,NONE,,,,,False,False,,NONE,NONE,NONE,,,,,False,False,,sub3
T01844,LONG,76396,76396,76397,76400,2026-05-13T23:55:03+00:00,4696.61521459049,4688.79344076,4704.43698842098,4704.43698842098,win,7.5417738304895465,0.9642024934409147,0,NONE,NONE,NONE,,,,,False,False,,NONE,NONE,NONE,,,,,False,False,,sub3
T01845,SHORT,76403,76403,76405,76408,2026-05-14T00:30:03+00:00,4698.114032658979,4705.69922044,4690.528844877958,4705.69922044,loss,-7.865187781021632,-1.036914049867196,0,NONE,NONE,NONE,,,,,False,False,,NONE,NONE,NONE,,,,,False,False,,sub3
T01846,LONG,76418,76418,76419,76419,2026-05-14T01:45:03+00:00,4693.046129832056,4683.49865256,4702.593607104112,4683.49865256,loss,-9.827477272056967,-1.0293271187793411,0,NONE,NONE,NONE,,,,,False,False,,NONE,NONE,NONE,,,,,False,False,,sub3
T01847,SHORT,76419,76419,76421,76441,2026-05-14T01:50:03+00:00,4691.9278021655855,4707.21928124,4676.636323091171,4676.636323091171,win,15.011479074413728,0.9816891486665179,0,NONE,NONE,NONE,,,,,False,False,,NONE,NONE,NONE,,,,,False,False,,sub3
T01848,SHORT,76460,76460,76461,76488,2026-05-14T05:15:03+00:00,4698.859473621713,4713.0185132,4684.700434043426,4713.0185132,loss,-14.43903957828752,-1.0197753525903013,0,NONE,NONE,NONE,,,,,False,False,,NONE,NONE,NONE,,,,,False,False,,sub3
T01849,SHORT,76491,76491,76498,76559,2026-05-14T07:50:03+00:00,4702.81502359902,4719.08775596,4686.542291238039,4686.542291238039,win,15.992732360979971,0.9827933014696383,0,NONE,NONE,NONE,,,,,False,False,,NONE,NONE,NONE,,,,,False,False,,sub3
T01850,LONG,76568,76568,76570,76628,2026-05-14T14:15:03+00:00,4688.661254249514,4666.30034052,4711.022167979028,4666.30034052,loss,-22.640913729514978,-1.0125218496608697,0,NONE,NONE,NONE,,,,,False,False,,NONE,NONE,NONE,,,,,False,False,,sub3
T01851,LONG,76649,76649,76650,76650,2026-05-14T22:00:03+00:00,4651.739555840602,4646.781121319999,4656.6979903612055,4656.6979903612055,win,4.678434520602423,0.9435305641655223,0,NONE,NONE,NONE,,,,,False,False,,NONE,NONE,NONE,,,,,False,False,,sub3
T01852,SHORT,76663,76663,76664,76665,2026-05-14T23:10:03+00:00,4659.903340635656,4663.5415342,4656.265147071312,4656.265147071312,win,3.35819356434331,0.9230387292350829,0,NONE,NONE,NONE,,,,,False,False,,NONE,NONE,NONE,,,,,False,False,,sub3
T01853,LONG,76666,76666,76667,76668,2026-05-14T23:25:03+00:00,4660.124039320008,4646.781121319999,4673.466957320016,4646.781121319999,loss,-13.622918000009122,-1.0209849149938923,0,NONE,NONE,NONE,,,,,False,False,,NONE,NONE,NONE,,,,,False,False,,sub3
T01854,LONG,76676,76676,76677,76678,2026-05-15T00:15:03+00:00,4653.682587464845,4641.8243196,4665.540855329689,4641.8243196,loss,-12.138267864845147,-1.0236122175002265,0,NONE,NONE,NONE,,,,,False,False,,NONE,NONE,NONE,,,,,False,False,,sub3
T01855,LONG,76693,76693,76694,76695,2026-05-15T01:40:03+00:00,4620.898544963999,4607.3256996,4634.471390327997,4607.3256996,loss,-13.852845363999222,-1.0206294253335666,0,NONE,NONE,NONE,,,,,False,False,,NONE,NONE,NONE,,,,,False,False,,sub3
T01856,LONG,76698,76698,76699,76729,2026-05-15T02:05:03+00:00,4617.448149808903,4606.920715799999,4627.975583817806,4606.920715799999,loss,-10.807434008904238,-1.0265971745597118,0,NONE,NONE,NONE,,,,,False,False,,NONE,NONE,NONE,,,,,False,False,,sub3
T01857,LONG,76748,76748,76749,76772,2026-05-15T06:15:03+00:00,4573.614160452649,4556.00075268,4591.2275682252985,4556.00075268,loss,-17.89340777264988,-1.0158969805056945,0,NONE,NONE,NONE,,,,,False,False,,NONE,NONE,NONE,,,,,False,False,,sub3
T01858,LONG,76821,76821,76822,76825,2026-05-15T12:20:03+00:00,4553.5877254946345,4544.656206479999,4562.51924450927,4544.656206479999,loss,-9.211519014635996,-1.0313496505512492,0,NONE,NONE,NONE,,,,,False,False,,NONE,NONE,NONE,,,,,False,False,,sub3
T01859,LONG,76827,76827,76828,76829,2026-05-15T12:50:03+00:00,4551.584306513267,4543.44425496,4559.724358066534,4543.44425496,loss,-8.420051553267513,-1.0343978165455576,0,NONE,NONE,NONE,,,,,False,False,,NONE,NONE,NONE,,,,,False,False,,sub3
T01860,LONG,76832,76832,76834,76836,2026-05-15T13:15:03+00:00,4548.243763319719,4535.76956196,4560.7179646794375,4535.76956196,loss,-12.754201359719445,-1.0224463267768644,0,NONE,NONE,NONE,,,,,False,False,,NONE,NONE,NONE,,,,,False,False,,sub3
T01861,SHORT,76855,76855,76856,76861,2026-05-15T15:10:03+00:00,4553.6403805124755,4566.76666336,4540.514097664951,4540.514097664951,win,12.84628284752398,0.9786687515991279,0,NONE,NONE,NONE,,,,,False,False,,NONE,NONE,NONE,,,,,False,False,,sub3
T01862,SHORT,76930,76930,76931,76945,2026-05-17T22:25:03+00:00,4543.952083232232,4554.98519212,4532.918974344465,4532.918974344465,win,10.753108887766757,0.974621840240234,0,NONE,NONE,NONE,,,,,False,False,,NONE,NONE,NONE,,,,,False,False,,sub3
T01863,LONG,76947,76947,76948,76949,2026-05-17T23:50:03+00:00,4540.971599699906,4531.80172068,4550.141478719812,4531.80172068,loss,-9.999179019906803,-1.0904373981598225,1,NONE,NONE,NONE,,,,,False,False,,NONE,NONE,NONE,,,,,False,False,,sub3
T01864,LONG,76960,76960,76961,76975,2026-05-18T00:55:03+00:00,4508.178965244412,4480.03679136,4536.321139128824,4536.321139128824,win,27.862173884411277,0.9900505198656402,0,NONE,NONE,NONE,,,,,False,False,,NONE,NONE,NONE,,,,,False,False,,sub3
T01865,SHORT,77042,77042,77044,77075,2026-05-18T07:45:03+00:00,4546.354046040801,4560.18640016,4532.521691921603,4532.521691921603,win,13.552354119197844,0.979757603254819,0,NONE,NONE,NONE,,,,,False,False,,NONE,NONE,NONE,,,,,False,False,,sub3
T01866,SHORT,77096,77096,77097,77101,2026-05-18T12:15:03+00:00,4549.504875028102,4567.39368844,4531.616061616204,4567.39368844,loss,-18.168813411898554,-1.015652239953178,0,BULLISH,NONE,OPPOSED,77082.0,77087.0,77075.0,9.0,True,False,bullish|77082|77075|77087,BULLISH,NONE,OPPOSED,77082.0,77087.0,77075.0,9.0,True,False,bullish|77082|77075|77087,sub3
T01867,SHORT,77113,77113,77114,77115,2026-05-18T13:40:03+00:00,4568.375544715004,4580.2232016,4556.527887830009,4580.2232016,loss,-12.127656884996213,-1.0236333650373737,0,NONE,NONE,NONE,,,,,False,False,,NONE,NONE,NONE,,,,,False,False,,sub3
T01868,LONG,77139,77139,77140,77151,2026-05-18T15:50:03+00:00,4542.1830420712595,4531.34173908,4553.024345062519,4553.024345062519,win,10.561302991259254,0.9741728461766647,0,NONE,NONE,NONE,,,,,False,False,,NONE,NONE,NONE,,,,,False,False,,sub3
T01869,SHORT,77223,77223,77224,77225,2026-05-18T23:50:03+00:00,4582.320873338551,4589.11755736,4575.524189317101,4589.11755736,loss,-7.076684021450092,-1.0411965598396236,1,NONE,NONE,NONE,,,,,False,False,,NONE,NONE,NONE,,,,,False,False,,sub3
T01870,LONG,77226,77226,77227,77235,2026-05-19T00:05:03+00:00,4582.114871376246,4567.14530688,4597.084435872492,4567.14530688,loss,-15.249564496246421,-1.0187046189667626,0,NONE,NONE,NONE,,,,,False,False,,NONE,NONE,NONE,,,,,False,False,,sub3
T01871,LONG,77244,77244,77247,77251,2026-05-19T01:35:03+00:00,4565.002796373992,4553.7188439599995,4576.286748787985,4553.7188439599995,loss,-11.56395241399332,-1.0248140004253687,0,NONE,NONE,NONE,,,,,False,False,,NONE,NONE,NONE,,,,,False,False,,sub3
T01872,LONG,77268,77268,77269,77273,2026-05-19T03:35:03+00:00,4551.754004647501,4543.38625728,4560.121752015001,4543.38625728,loss,-8.647747367501324,-1.0334618132818087,0,NONE,NONE,NONE,,,,,False,False,,NONE,NONE,NONE,,,,,False,False,,sub3
T01873,LONG,77284,77284,77285,77289,2026-05-19T04:55:03+00:00,4542.25687476118,4537.834479359999,4546.679270162362,4537.834479359999,loss,-4.702395401182002,-1.0633141034666098,0,BULLISH,NONE,ALIGNED,77275.0,77280.0,77260.0,4.0,True,False,bullish|77275|77260|77280,BULLISH,NONE,ALIGNED,77275.0,77280.0,77260.0,4.0,True,False,bullish|77275|77260|77280,sub3
T01874,LONG,77295,77295,77296,77300,2026-05-19T05:50:03+00:00,4539.3256009355155,4530.48977316,4548.161428711031,4548.161428711031,win,8.555827775514445,0.9683108354854357,0,NONE,NONE,NONE,,,,,False,False,,NONE,NONE,NONE,,,,,False,False,,sub3
T01875,LONG,77356,77356,77359,77381,2026-05-19T10:55:03+00:00,4538.583623801722,4525.293981,4551.873266603444,4525.293981,loss,-13.569642801722694,-1.0210690388130201,0,NONE,NONE,NONE,,,,,False,False,,NONE,NONE,NONE,,,,,False,False,,sub3
T01876,LONG,77391,77391,77392,77520,2026-05-19T13:50:03+00:00,4501.949120991772,4464.208424519999,4539.689817463545,4464.208424519999,loss,-39.66859647177359,-1.0510827880837486,1,NONE,NONE,NONE,,,,,False,False,,NONE,NONE,NONE,,,,,False,False,,sub3
T01877,LONG,77523,77523,77524,77538,2026-05-20T01:50:03+00:00,4481.046793524967,4455.88075764,4506.212829409934,4455.88075764,loss,-25.446035884967387,-1.0111261066812638,0,NONE,NONE,NONE,,,,,False,False,,NONE,NONE,NONE,,,,,False,False,,sub3
T01878,LONG,77544,77544,77545,77565,2026-05-20T03:35:03+00:00,4463.77563355728,4453.234863479999,4474.3164036345615,4474.3164036345615,win,10.26077007728054,0.9734364758980801,0,BULLISH,NONE,ALIGNED,77538.0,77543.0,77521.0,1.0,True,False,bullish|77538|77521|77543,BULLISH,NONE,ALIGNED,77538.0,77543.0,77521.0,1.0,True,False,bullish|77538|77521|77543,sub3
T01879,SHORT,77642,77642,77643,77651,2026-05-20T11:45:03+00:00,4494.781818190435,4501.380048,4488.18358838087,4501.380048,loss,-6.87822980956571,-1.0424356241115997,0,NONE,NONE,NONE,,,,,False,False,,NONE,NONE,NONE,,,,,False,False,,sub3
T01880,SHORT,77655,77655,77657,77657,2026-05-20T12:50:03+00:00,4499.639701517607,4505.61221728,4493.667185755215,4493.667185755215,win,5.692515762391849,0.9531185833340537,0,NONE,NONE,NONE,,,,,False,False,,NONE,NONE,NONE,,,,,False,False,,sub3
T01881,SHORT,77660,77660,77661,77662,2026-05-20T13:15:03+00:00,4499.774940365459,4506.35124684,4493.198633890917,4493.198633890917,win,6.29630647454087,0.9574229088798397,0,BEARISH,NONE,ALIGNED,77652.0,77657.0,77638.0,3.0,False,True,bearish|77652|77638|77657,BEARISH,NONE,ALIGNED,77652.0,77657.0,77638.0,3.0,False,True,bearish|77652|77638|77657,sub3
T01882,SHORT,77692,77692,77693,77780,2026-05-20T15:55:03+00:00,4530.988354004214,4553.184120080001,4508.792587928427,4553.184120080001,loss,-22.47576607578776,-1.0126150185149996,1,NONE,NONE,NONE,,,,,False,False,,NONE,NONE,NONE,,,,,False,False,,sub3
T01883,SHORT,77781,77781,77782,77791,2026-05-21T00:20:03+00:00,4543.205079316255,4553.65613896,4532.75401967251,4553.65613896,loss,-10.731059643745539,-1.0267915416757036,0,NONE,NONE,NONE,,,,,False,False,,NONE,NONE,NONE,,,,,False,False,,sub3
T01884,SHORT,77801,77801,77802,77804,2026-05-21T02:00:03+00:00,4559.46478686246,4571.214841280001,4547.714732444919,4547.714732444919,win,11.470054417540268,0.9761703231278095,0,NONE,NONE,NONE,,,,,False,False,,NONE,NONE,NONE,,,,,False,False,,sub3
T01885,LONG,77847,77847,77848,77853,2026-05-21T05:50:03+00:00,4528.246722633081,4517.98327344,4538.510171826162,4538.510171826162,win,9.98344919308056,0.9727187230400665,0,NONE,NONE,NONE,,,,,False,False,,NONE,NONE,NONE,,,,,False,False,,sub3
T01886,LONG,77871,77871,77873,77874,2026-05-21T07:50:03+00:00,4519.340259182177,4511.42153592,4527.258982444354,4527.258982444354,win,7.638723262176427,0.9646407645866292,0,NONE,NONE,NONE,,,,,False,False,,NONE,NONE,NONE,,,,,False,False,,sub3
T01887,LONG,77912,77912,77913,77926,2026-05-21T11:15:03+00:00,4518.8213750853865,4504.549810799999,4533.092939370774,4504.549810799999,loss,-14.55156428538794,-1.0196194330489299,0,NONE,NONE,NONE,,,,,False,False,,NONE,NONE,NONE,,,,,False,False,,sub3
T01888,LONG,77927,77927,77928,77932,2026-05-21T12:30:03+00:00,4512.77459932967,4503.6548465999995,4521.894352059341,4503.6548465999995,loss,-9.39975272967149,-1.0307025868244961,0,NONE,NONE,NONE,,,,,False,False,,NONE,NONE,NONE,,,,,False,False,,sub3
T01889,LONG,77933,77933,77934,77936,2026-05-21T13:00:03+00:00,4510.914627036841,4499.01703212,4522.812221953682,4499.01703212,loss,-12.177594916841372,-1.0235341682043926,0,NONE,NONE,NONE,,,,,False,False,,NONE,NONE,NONE,,,,,False,False,,sub3
T01890,SHORT,78000,78000,78001,78003,2026-05-21T18:35:03+00:00,4545.486790134319,4559.522373600001,4531.451206668637,4531.451206668637,win,13.755583465681411,0.9800507046475643,0,NONE,NONE,NONE,,,,,False,False,,NONE,NONE,NONE,,,,,False,False,,sub3
T01891,SHORT,78030,78030,78031,78047,2026-05-21T22:05:03+00:00,4541.734896874654,4546.18584016,4537.283953589307,4537.283953589307,win,4.170943285345857,0.9370919865632805,0,NONE,NONE,NONE,,,,,False,False,,NONE,NONE,NONE,,,,,False,False,,sub3
T01892,LONG,78079,78079,78080,78083,2026-05-22T02:10:03+00:00,4527.408495616973,4520.715164159999,4534.101827073946,4520.715164159999,loss,-6.973331456973938,-1.0418326810498744,0,BULLISH,NONE,ALIGNED,78072.0,78077.0,78064.0,2.0,True,False,bullish|78072|78064|78077,BULLISH,NONE,ALIGNED,78072.0,78077.0,78064.0,2.0,True,False,bullish|78072|78064|78077,sub3
T01893,LONG,78086,78086,78087,78106,2026-05-22T02:45:03+00:00,4524.479773742488,4518.09226908,4530.867278404976,4530.867278404976,win,6.107504662487372,0.9561644155588622,0,BULLISH,NONE,ALIGNED,78072.0,78077.0,78064.0,9.0,True,False,bullish|78072|78064|78077,BULLISH,NONE,ALIGNED,78072.0,78077.0,78064.0,9.0,True,False,bullish|78072|78064|78077,sub3
T01894,LONG,78130,78130,78131,78221,2026-05-22T06:25:03+00:00,4523.698628000548,4507.08370944,4540.313546561095,4507.08370944,loss,-16.89491856054792,-1.0168523245527983,0,NONE,NONE,NONE,,,,,False,False,,NONE,NONE,NONE,,,,,False,False,,sub3
T01895,SHORT,78328,78328,78329,78342,2026-05-24T23:55:03+00:00,4571.419714626913,4580.185200080001,4562.654229173826,4562.654229173826,win,8.485485453086767,0.9680565324648355,0,BEARISH,NONE,ALIGNED,78321.0,78326.0,78307.0,2.0,False,True,bearish|78321|78307|78326,BEARISH,NONE,ALIGNED,78321.0,78326.0,78307.0,2.0,False,True,bearish|78321|78307|78326,sub3
T01896,LONG,78479,78479,78480,78514,2026-05-25T12:30:03+00:00,4563.289613227096,4552.667886,4573.911340454192,4573.911340454192,win,10.341727227095362,0.9736389389395752,0,BEARISH,NONE,OPPOSED,78464.0,78469.0,78452.0,10.0,False,True,bearish|78464|78452|78469,BEARISH,NONE,OPPOSED,78464.0,78469.0,78452.0,10.0,False,True,bearish|78464|78452|78469,sub3
T01897,SHORT,78557,78557,78558,78561,2026-05-25T22:30:03+00:00,4571.611780463587,4575.80402484,4567.419536087174,4575.80402484,loss,-4.4722443764139825,-1.0667899995467842,0,NONE,NONE,NONE,,,,,False,False,,NONE,NONE,NONE,,,,,False,False,,sub3
T01898,LONG,78589,78589,78590,78593,2026-05-26T01:10:03+00:00,4548.286201759942,4539.316420079999,4557.255983439884,4539.316420079999,loss,-9.249781679943226,-1.0312159214116399,0,NONE,NONE,NONE,,,,,False,False,,NONE,NONE,NONE,,,,,False,False,,sub3
T01899,LONG,78601,78601,78602,78630,2026-05-26T02:10:03+00:00,4538.590155292506,4527.54289104,4549.637419545013,4527.54289104,loss,-11.32726425250712,-1.025345641563442,0,NONE,NONE,NONE,,,,,False,False,,NONE,NONE,NONE,,,,,False,False,,sub3
T01900,LONG,78640,78640,78641,78662,2026-05-26T05:25:03+00:00,4530.493447179293,4522.647086880001,4538.3398074785855,4522.647086880001,loss,-8.126360299293083,-1.035685335533968,0,NONE,NONE,NONE,,,,,False,False,,NONE,NONE,NONE,,,,,False,False,,sub3
T01901,LONG,78663,78663,78664,78666,2026-05-26T07:20:03+00:00,4529.795942533344,4521.91811604,4537.673769026687,4521.91811604,loss,-8.157826493344146,-1.0355427985418626,0,NONE,NONE,NONE,,,,,False,False,,NONE,NONE,NONE,,,,,False,False,,sub3
T01902,LONG,78686,78686,78687,78689,2026-05-26T09:15:03+00:00,4524.380673880602,4517.9902731600005,4530.771074601204,4517.9902731600005,loss,-6.670400720602629,-1.0438157186446797,0,BULLISH,NONE,ALIGNED,78677.0,78682.0,78666.0,4.0,True,False,bullish|78677|78666|78682,BULLISH,NONE,ALIGNED,78677.0,78682.0,78666.0,4.0,True,False,bullish|78677|78666|78682,sub3
T01903,LONG,78694,78694,78695,78697,2026-05-26T09:55:03+00:00,4520.624690002771,4511.74552296,4529.503857045542,4529.503857045542,win,8.599167042770205,0.9684655104862993,0,NONE,NONE,NONE,,,,,False,False,,NONE,NONE,NONE,,,,,False,False,,sub3
T01904,LONG,78727,78727,78728,78729,2026-05-26T12:40:03+00:00,4510.906071381881,4500.469974,4521.342168763762,4521.342168763762,win,10.1560973818805,0.9731700472164256,0,NONE,NONE,NONE,,,,,False,False,,NONE,NONE,NONE,,,,,False,False,,sub3
T01905,LONG,78772,78772,78775,78785,2026-05-26T16:25:03+00:00,4506.639391127141,4499.45601456,4513.8227676942815,4499.45601456,loss,-7.463376567141495,-1.038978883730176,0,NONE,NONE,NONE,,,,,False,False,,NONE,NONE,NONE,,,,,False,False,,sub3
T01906,LONG,78796,78796,78797,78812,2026-05-26T18:25:03+00:00,4494.275258129984,4482.01371228,4506.536803979968,4506.536803979968,win,11.981545849983377,0.9771643801339275,0,NONE,NONE,NONE,,,,,False,False,,NONE,NONE,NONE,,,,,False,False,,sub3
T01907,LONG,78830,78830,78831,78834,2026-05-26T22:15:03+00:00,4505.993620081942,4500.1899852,4511.797254963884,4500.1899852,loss,-6.083634881942999,-1.0482456263525222,0,NONE,NONE,NONE,,,,,False,False,,NONE,NONE,NONE,,,,,False,False,,sub3
T01908,SHORT,78843,78843,78844,78845,2026-05-26T23:20:03+00:00,4507.004867003233,4513.8955486,4500.114185406465,4513.8955486,loss,-7.1706815967681905,-1.0406345868791855,0,BEARISH,NONE,ALIGNED,78838.0,78843.0,78814.0,0.0,False,True,bearish|78838|78814|78843,BEARISH,NONE,ALIGNED,78838.0,78843.0,78814.0,0.0,False,True,bearish|78838|78814|78843,sub3
T01909,SHORT,78855,78855,78856,78872,2026-05-27T00:20:03+00:00,4518.267983539652,4527.9521108399995,4508.583856239305,4508.583856239305,win,9.404127300346772,0.9710867080412492,0,NONE,NONE,NONE,,,,,False,False,,NONE,NONE,NONE,,,,,False,False,,sub3
T01910,LONG,78947,78947,78949,78951,2026-05-27T08:00:03+00:00,4483.822242109551,4475.56197036,4492.082513859102,4492.082513859102,win,7.980271749550411,0.9661028101144647,0,BULLISH,NONE,ALIGNED,78937.0,78942.0,78929.0,5.0,True,False,bullish|78937|78929|78942,NONE,NONE,NONE,,,,,False,False,,sub3
T01911,SHORT,79004,79004,79005,79008,2026-05-27T12:45:03+00:00,4445.853554581357,4466.839666440001,4424.867442722712,4424.867442722712,win,20.706111858643453,0.9866578429636396,0,BULLISH,NONE,OPPOSED,78989.0,78994.0,78981.0,10.0,True,False,bullish|78989|78981|78994,BULLISH,NONE,OPPOSED,78989.0,78994.0,78981.0,10.0,True,False,bullish|78989|78981|78994,sub3
T01912,SHORT,79109,79109,79110,79119,2026-05-27T22:30:03+00:00,4457.485637631151,4465.32560588,4449.645669382302,4449.645669382302,win,7.559968248848236,0.9642855696460548,0,NONE,NONE,NONE,,,,,False,False,,NONE,NONE,NONE,,,,,False,False,,sub3
T01913,LONG,79130,79130,79131,79133,2026-05-28T00:15:03+00:00,4449.88365625244,4443.47525388,4456.29205862488,4443.47525388,loss,-6.688402372440578,-1.0436926372171678,0,NONE,NONE,NONE,,,,,False,False,,NONE,NONE,NONE,,,,,False,False,,sub3
T01914,LONG,79189,79189,79190,79193,2026-05-28T05:10:03+00:00,4373.249634865444,4366.07135016,4380.427919570888,4380.427919570888,win,6.898284705443075,0.9609934668949096,0,NONE,NONE,NONE,,,,,False,False,,NONE,NONE,NONE,,,,,False,False,,sub3
T01915,LONG,79266,79266,79267,79275,2026-05-28T11:35:03+00:00,4388.085954773663,4380.484773599999,4395.687135947326,4380.484773599999,loss,-7.8811811736641175,-1.036836380241902,0,NONE,NONE,NONE,,,,,False,False,,NONE,NONE,NONE,,,,,False,False,,sub3
T01916,SHORT,79289,79289,79290,79296,2026-05-28T13:30:03+00:00,4419.524162001947,4439.31356544,4399.734758563894,4439.31356544,loss,-20.069403438053996,-1.0141489863945186,0,NONE,NONE,NONE,,,,,False,False,,NONE,NONE,NONE,,,,,False,False,,sub3
T01917,SHORT,79336,79336,79337,79343,2026-05-28T17:25:03+00:00,4502.850735000075,4514.860587200001,4490.840882800148,4514.860587200001,loss,-12.289852199926827,-1.0233141919933348,0,NONE,NONE,NONE,,,,,False,False,,NONE,NONE,NONE,,,,,False,False,,sub3
T01918,LONG,79384,79384,79385,79390,2026-05-28T22:25:03+00:00,4495.556219344227,4491.634327440001,4499.478111248454,4491.634327440001,loss,-4.201891904227523,-1.071394114585076,0,NONE,NONE,NONE,,,,,False,False,,NONE,NONE,NONE,,,,,False,False,,sub3
T01919,LONG,79391,79391,79392,79399,2026-05-28T23:00:03+00:00,4494.411172446169,4490.5863693599995,4498.235975532339,4490.5863693599995,loss,-4.10480308617025,-1.073206383098029,0,NONE,NONE,NONE,,,,,False,False,,NONE,NONE,NONE,,,,,False,False,,sub3
T01920,LONG,79402,79402,79403,79403,2026-05-28T23:55:03+00:00,4493.14044439292,4488.96943404,4497.311454745839,4497.311454745839,win,3.8910103529187836,0.9328699820165459,0,NONE,NONE,NONE,,,,,False,False,,NONE,NONE,NONE,,,,,False,False,,sub3
T01921,SHORT,79409,79409,79410,79415,2026-05-29T00:30:03+00:00,4495.9677963857985,4500.81202528,4491.123567491597,4500.81202528,loss,-5.124228894202133,-1.0578007369420164,0,BULLISH,NONE,OPPOSED,79399.0,79404.0,79390.0,5.0,True,False,bullish|79399|79390|79404,BULLISH,NONE,OPPOSED,79399.0,79404.0,79390.0,5.0,True,False,bullish|79399|79390|79404,sub3
T01922,SHORT,79421,79421,79422,79475,2026-05-29T01:30:03+00:00,4504.931611894164,4520.99383252,4488.869391268328,4520.99383252,loss,-16.34222062583649,-1.017432209812277,0,NONE,NONE,NONE,,,,,False,False,,NONE,NONE,NONE,,,,,False,False,,sub3
T01923,SHORT,79478,79478,79479,79485,2026-05-29T06:15:03+00:00,4512.24209094894,4522.593896519999,4501.890285377881,4522.593896519999,loss,-10.631805571059886,-1.0270484214641218,0,NONE,NONE,NONE,,,,,False,False,,NONE,NONE,NONE,,,,,False,False,,sub3
T01924,SHORT,79499,79499,79500,79501,2026-05-29T08:00:03+00:00,4520.639116996428,4526.37704784,4514.901186152856,4514.901186152856,win,5.457930843571376,0.9512019214532138,0,BEARISH,NONE,ALIGNED,79486.0,79491.0,79475.0,8.0,False,True,bearish|79486|79475|79491,BEARISH,NONE,ALIGNED,79486.0,79491.0,79475.0,8.0,False,True,bearish|79486|79475|79491,sub3
T01925,SHORT,79523,79523,79524,79530,2026-05-29T10:00:03+00:00,4528.045813256497,4540.012593240001,4516.079033272994,4540.012593240001,loss,-12.246779983503984,-1.023398107125446,0,NONE,NONE,NONE,,,,,False,False,,NONE,NONE,NONE,,,,,False,False,,sub3
T01926,SHORT,79536,79536,79545,79551,2026-05-29T11:05:03+00:00,4534.41357767689,4543.61373728,4525.213418073779,4525.213418073779,win,8.920159603109823,0.9695657453696793,0,BEARISH,NONE,ALIGNED,79530.0,79535.0,79520.0,1.0,False,True,bearish|79530|79520|79535,BEARISH,NONE,ALIGNED,79530.0,79535.0,79520.0,1.0,False,True,bearish|79530|79520|79535,sub3
T01927,LONG,79558,79558,79559,79565,2026-05-29T12:55:03+00:00,4522.0589407374555,4512.439495199999,4531.678386274912,4531.678386274912,win,9.339445537455504,0.9708922932293351,0,NONE,NONE,NONE,,,,,False,False,,NONE,NONE,NONE,,,,,False,False,,sub3
T01928,SHORT,79575,79575,79578,79581,2026-05-29T14:20:03+00:00,4536.3880511725665,4552.9671114,4519.808990945133,4552.9671114,loss,-16.859060227434384,-1.0168887739208121,0,NONE,NONE,NONE,,,,,False,False,,NONE,NONE,NONE,,,,,False,False,,sub3
T01929,SHORT,79591,79591,79593,79642,2026-05-29T15:40:03+00:00,4570.307082978884,4595.386808120001,4545.227357837767,4545.227357837767,win,24.79972514111614,0.9888356033239929,0,NONE,NONE,NONE,,,,,False,False,,NONE,NONE,NONE,,,,,False,False,,sub3
T01930,LONG,79663,79663,79665,79716,2026-05-31T22:40:03+00:00,4535.413519563686,4518.19126512,4552.635774007373,4518.19126512,loss,-18.051554443686978,-1.048152813135604,1,NONE,NONE,NONE,,,,,False,False,,NONE,NONE,NONE,,,,,False,False,,sub3
T01931,LONG,79730,79730,79731,79736,2026-06-01T04:15:03+00:00,4516.478817325248,4509.61760808,4523.340026570497,4509.61760808,loss,-7.141209245249229,-1.040809132908249,0,NONE,NONE,NONE,,,,,False,False,,NONE,NONE,NONE,,,,,False,False,,sub3
T01932,LONG,79774,79774,79775,79778,2026-06-01T07:55:03+00:00,4502.234954052878,4492.38929724,4512.080610865755,4492.38929724,loss,-10.125656812878333,-1.0284389355958892,0,BULLISH,NONE,ALIGNED,79762.0,79767.0,79755.0,7.0,True,False,bullish|79762|79755|79767,BULLISH,NONE,ALIGNED,79762.0,79767.0,79755.0,7.0,True,False,bullish|79762|79755|79767,sub3
T01933,LONG,79783,79783,79784,79790,2026-06-01T08:40:03+00:00,4497.306507983711,4490.284381439999,4504.328634527422,4504.328634527422,win,6.742126543710583,0.9601260389915057,0,NONE,NONE,NONE,,,,,False,False,,NONE,NONE,NONE,,,,,False,False,,sub3
T01934,LONG,79795,79795,79796,79806,2026-06-01T09:40:03+00:00,4497.87716968014,4488.95943444,4506.794904920279,4506.794904920279,win,8.637735240138682,0.9686018935906108,0,NONE,NONE,NONE,,,,,False,False,,NONE,NONE,NONE,,,,,False,False,,sub3
T01935,SHORT,79822,79822,79824,79827,2026-06-01T11:55:03+00:00,4506.903322862944,4513.088516320001,4500.718129405887,4500.718129405887,win,5.905193457056157,0.9547305994639186,0,BEARISH,NONE,ALIGNED,79816.0,79821.0,79808.0,1.0,False,True,bearish|79816|79808|79821,BEARISH,NONE,ALIGNED,79816.0,79821.0,79808.0,1.0,False,True,bearish|79816|79808|79821,sub3
T01936,LONG,79828,79828,79829,79835,2026-06-01T12:25:03+00:00,4505.282076520201,4497.2051046,4513.359048440403,4497.2051046,loss,-8.35697192020234,-1.0346664570295625,0,BEARISH,NONE,OPPOSED,79816.0,79821.0,79808.0,7.0,False,True,bearish|79816|79808|79821,BEARISH,NONE,OPPOSED,79816.0,79821.0,79808.0,7.0,False,True,bearish|79816|79808|79821,sub3
T01937,LONG,79859,79859,79860,79865,2026-06-01T15:00:03+00:00,4459.1826214323655,4447.39409712,4470.971145744731,4470.971145744731,win,11.508524312364898,0.9762480873278643,0,NONE,NONE,NONE,,,,,False,False,,NONE,NONE,NONE,,,,,False,False,,sub3
T01938,LONG,79933,79933,79935,79935,2026-06-01T22:10:03+00:00,4483.422562327015,4481.45173476,4485.3933898940295,4481.45173476,loss,-2.2508275670152216,-1.142072297286161,0,NONE,NONE,NONE,,,,,False,False,,NONE,NONE,NONE,,,,,False,False,,sub3
T01939,SHORT,79935,79935,79936,79943,2026-06-01T22:20:03+00:00,4483.378402612833,4487.12347776,4479.633327465666,4487.12347776,loss,-4.025075147167627,-1.0747648549088435,0,NONE,NONE,NONE,,,,,False,False,,NONE,NONE,NONE,,,,,False,False,,sub3
T01940,SHORT,79949,79949,79950,79950,2026-06-01T23:30:03+00:00,4485.337458010025,4488.452530920001,4482.22238510005,4482.22238510005,win,2.8350729099747696,0.9101144634194569,0,NONE,NONE,NONE,,,,,False,False,,BEARISH,NONE,ALIGNED,79934.0,79939.0,79925.0,10.0,False,True,bearish|79934|79925|79939,sub3
T01941,LONG,79953,79953,79954,79956,2026-06-01T23:50:03+00:00,4484.397618666181,4479.03883128,4489.756406052363,4479.03883128,loss,-6.18808738618223,-1.1547551601205763,1,NONE,NONE,NONE,,,,,False,False,,NONE,NONE,NONE,,,,,False,False,,sub3
T01942,SHORT,79964,79964,79967,79967,2026-06-02T00:45:03+00:00,4486.074938822459,4497.349886800001,4474.799990844918,4474.799990844918,win,10.994947977540505,0.9751661825350864,0,NONE,NONE,NONE,,,,,False,False,,NONE,NONE,NONE,,,,,False,False,,sub3
T01943,LONG,79969,79969,79970,79976,2026-06-02T01:10:03+00:00,4484.530418807507,4473.37805772,4495.682779895014,4473.37805772,loss,-11.43236108750807,-1.025106791091467,0,NONE,NONE,NONE,,,,,False,False,,NONE,NONE,NONE,,,,,False,False,,sub3
T01944,LONG,79981,79981,79982,79996,2026-06-02T02:10:03+00:00,4478.7413370742015,4462.7914812,4494.691192948403,4494.691192948403,win,15.669855874200948,0.9824449824368917,0,NONE,NONE,NONE,,,,,False,False,,NONE,NONE,NONE,,,,,False,False,,sub3
T01945,SHORT,80026,80026,80027,80031,2026-06-02T05:55:03+00:00,4518.83249437509,4528.535134160001,4509.12985459018,4528.535134160001,loss,-9.982639784911044,-1.0288581258510816,0,NONE,NONE,NONE,,,,,False,False,,NONE,NONE,NONE,,,,,False,False,,sub3
T01946,SHORT,80044,80044,80045,80062,2026-06-02T07:25:03+00:00,4534.397711195067,4541.7916644,4527.003757990135,4527.003757990135,win,7.113953204931931,0.9621312182752436,0,BEARISH,NONE,ALIGNED,80033.0,80038.0,80021.0,6.0,False,True,bearish|80033|80021|80038,BEARISH,NONE,ALIGNED,80033.0,80038.0,80021.0,6.0,False,True,bearish|80033|80021|80038,sub3
T01947,LONG,80092,80092,80093,80094,2026-06-02T11:25:03+00:00,4529.412162034693,4526.9449149600005,4531.879409109386,4526.9449149600005,loss,-2.747247074693405,-1.1134868100048405,0,NONE,NONE,NONE,,,,,False,False,,NONE,NONE,NONE,,,,,False,False,,sub3
T01948,LONG,80096,80096,80097,80100,2026-06-02T11:45:03+00:00,4528.85467134729,4525.21098432,4532.49835837458,4525.21098432,loss,-3.9236870272907254,-1.0768452388757714,0,NONE,NONE,NONE,,,,,False,False,,NONE,NONE,NONE,,,,,False,False,,sub3
T01949,LONG,80103,80103,80104,80104,2026-06-02T12:20:03+00:00,4528.310862350825,4523.7140442,4532.90768050165,4532.90768050165,win,4.316818150824474,0.9390883017744797,0,NONE,NONE,NONE,,,,,False,False,,NONE,NONE,NONE,,,,,False,False,,sub3
T01950,SHORT,80105,80105,80106,80108,2026-06-02T12:30:03+00:00,4528.326475410946,4534.164359320001,4522.488591501891,4522.488591501891,win,5.557883909053999,0.9520374155494304,0,NONE,NONE,NONE,,,,,False,False,,NONE,NONE,NONE,,,,,False,False,,sub3
T01951,LONG,80130,80130,80131,80153,2026-06-02T14:35:03+00:00,4502.235612006378,4489.83239952,4514.638824492756,4489.83239952,loss,-12.68321248637858,-1.0225747966753105,0,NONE,NONE,NONE,,,,,False,False,,NONE,NONE,NONE,,,,,False,False,,sub3
T01952,LONG,80164,80164,80165,80166,2026-06-02T17:25:03+00:00,4490.5747727410835,4486.0605504,4495.0889950821675,4486.0605504,loss,-4.794222341084605,-1.0620261872022505,0,BULLISH,NONE,ALIGNED,80154.0,80159.0,80127.0,5.0,True,False,bullish|80154|80127|80159,BULLISH,NONE,ALIGNED,80154.0,80159.0,80127.0,5.0,True,False,bullish|80154|80127|80159,sub3
T01953,LONG,80172,80172,80173,80179,2026-06-02T18:05:03+00:00,4487.004910174622,4481.89471704,4492.115103309244,4481.89471704,loss,-5.3901931346226775,-1.0547924496441494,0,BULLISH,NONE,ALIGNED,80166.0,80171.0,80154.0,1.0,True,False,bullish|80166|80154|80171,BULLISH,NONE,ALIGNED,80166.0,80171.0,80154.0,1.0,True,False,bullish|80166|80154|80171,sub3
T01954,LONG,80180,80180,80181,80221,2026-06-02T18:45:03+00:00,4486.02650667207,4478.4668541599995,4493.586159184141,4478.4668541599995,loss,-7.839652512071552,-1.037038739486182,0,BULLISH,NONE,ALIGNED,80166.0,80171.0,80154.0,9.0,True,False,bullish|80166|80154|80171,BULLISH,NONE,ALIGNED,80166.0,80171.0,80154.0,9.0,True,False,bullish|80166|80154|80171,sub3
T01955,LONG,80231,80231,80233,80238,2026-06-03T00:00:03+00:00,4474.958484459903,4462.09950888,4487.817460039806,4487.817460039806,win,12.578975579902362,0.9782253260953182,0,NONE,NONE,NONE,,,,,False,False,,NONE,NONE,NONE,,,,,False,False,,sub3
T01956,LONG,80303,80303,80304,80312,2026-06-03T06:00:03+00:00,4466.25502421,4456.43773536,4476.072313059999,4456.43773536,loss,-10.09728885000004,-1.0285211125269755,0,NONE,NONE,NONE,,,,,False,False,,NONE,NONE,NONE,,,,,False,False,,sub3
T01957,LONG,80314,80314,80315,80317,2026-06-03T06:55:03+00:00,4462.215157816622,4454.97779376,4469.452521873244,4469.452521873244,win,6.957364056621373,0.961311881258141,0,NONE,NONE,NONE,,,,,False,False,,NONE,NONE,NONE,,,,,False,False,,sub3
T01958,LONG,80332,80332,80333,80337,2026-06-03T08:25:03+00:00,4456.76256451011,4450.39597704,4463.12915198022,4450.39597704,loss,-6.646587470110717,-1.0439796046650114,0,NONE,NONE,NONE,,,,,False,False,,NONE,NONE,NONE,,,,,False,False,,sub3
T01959,LONG,80340,80340,80341,80344,2026-06-03T09:05:03+00:00,4453.185831005914,4439.99339316,4466.378268851829,4439.99339316,loss,-13.47243784591501,-1.0212242803999543,0,NONE,NONE,NONE,,,,,False,False,,NONE,NONE,NONE,,,,,False,False,,sub3
T01960,SHORT,80371,80371,80372,80380,2026-06-03T11:40:03+00:00,4461.475106738781,4467.45969124,4455.490522237561,4455.490522237561,win,5.70458450121896,0.9532131261671395,0,BEARISH,NONE,ALIGNED,80363.0,80368.0,80353.0,3.0,False,True,bearish|80363|80353|80368,BEARISH,NONE,ALIGNED,80363.0,80368.0,80353.0,3.0,False,True,bearish|80363|80353|80368,sub3
T01961,LONG,80383,80383,80384,80385,2026-06-03T12:40:03+00:00,4456.903081711442,4447.99807296,4465.808090462883,4465.808090462883,win,8.625008751440873,0.9685570213555007,0,NONE,NONE,NONE,,,,,False,False,,NONE,NONE,NONE,,,,,False,False,,sub3
T01962,LONG,80400,80400,80402,80486,2026-06-03T14:05:03+00:00,4447.693031040819,4426.04395116,4469.342110921638,4426.04395116,loss,-21.9290798808197,-1.0129335750776518,0,NONE,NONE,NONE,,,,,False,False,,NONE,NONE,NONE,,,,,False,False,,sub3
T01963,SHORT,80509,80509,80510,80521,2026-06-04T00:10:03+00:00,4453.618758906714,4465.30660512,4441.930912693428,4465.30660512,loss,-11.967846213286975,-1.0239565095990364,0,NONE,NONE,NONE,,,,,False,False,,NONE,NONE,NONE,,,,,False,False,,sub3
T01964,SHORT,80527,80527,80528,80541,2026-06-04T01:40:03+00:00,4461.113736193818,4473.83094608,4448.396526307636,4473.83094608,loss,-12.997209886182645,-1.0220174081033995,0,NONE,NONE,NONE,,,,,False,False,,NONE,NONE,NONE,,,,,False,False,,sub3
T01965,SHORT,80547,80547,80548,80552,2026-06-04T03:20:03+00:00,4468.731094393777,4477.5090932,4459.953095587554,4459.953095587554,win,8.497998806222313,0.9681020690271506,0,BEARISH,NONE,ALIGNED,80542.0,80547.0,80523.0,0.0,False,True,bearish|80542|80523|80547,BEARISH,NONE,ALIGNED,80542.0,80547.0,80523.0,0.0,False,True,bearish|80542|80523|80547,sub3
T01966,SHORT,80568,80568,80569,80576,2026-06-04T05:05:03+00:00,4476.078500432818,4484.26836356,4467.888637305637,4467.888637305637,win,7.90986312718087,0.9658113944454876,0,NONE,NONE,NONE,,,,,False,False,,NONE,NONE,NONE,,,,,False,False,,sub3
T01967,SHORT,80654,80654,80655,80671,2026-06-04T12:15:03+00:00,4492.931449076311,4514.83758628,4471.025311872621,4514.83758628,loss,-22.186137203690123,-1.0127818061850493,0,NONE,NONE,NONE,,,,,False,False,,NONE,NONE,NONE,,,,,False,False,,sub3
T01968,LONG,80694,80694,80695,80785,2026-06-04T15:35:03+00:00,4474.284698415536,4456.97871372,4491.5906831110715,4456.97871372,loss,-18.135284695536352,-1.0479198389800137,1,NONE,NONE,NONE,,,,,False,False,,NONE,NONE,NONE,,,,,False,False,,sub3
T01969,LONG,80789,80789,80794,80800,2026-06-05T00:30:03+00:00,4460.324589558353,4450.37397792,4470.275201196707,4450.37397792,loss,-10.230611638354276,-1.0281389737814128,0,NONE,NONE,NONE,,,,,False,False,,NONE,NONE,NONE,,,,,False,False,,sub3
T01970,LONG,80811,80811,80812,80814,2026-06-05T02:20:03+00:00,4451.105235121242,4441.96631424,4460.244156002484,4441.96631424,loss,-9.41892088124223,-1.03063819061782,0,BULLISH,NONE,ALIGNED,80803.0,80808.0,80786.0,3.0,True,False,bullish|80803|80786|80808,BULLISH,NONE,ALIGNED,80803.0,80808.0,80786.0,3.0,True,False,bullish|80803|80786|80808,sub3
T01971,LONG,80828,80828,80829,80843,2026-06-05T03:45:03+00:00,4440.939569147794,4434.91659624,4446.962542055588,4446.962542055588,win,5.742972907793046,0.9535113299881631,0,NONE,NONE,NONE,,,,,False,False,,NONE,NONE,NONE,,,,,False,False,,sub3
T01972,LONG,80859,80859,80860,80864,2026-06-05T06:20:03+00:00,4441.271027623108,4428.43885536,4454.103199886216,4454.103199886216,win,12.552172263107423,0.978179844046698,0,NONE,NONE,NONE,,,,,False,False,,NONE,NONE,NONE,,,,,False,False,,sub3
T01973,LONG,80920,80920,80922,80925,2026-06-05T11:25:03+00:00,4464.244183277817,4457.9916732,4470.496693355633,4470.496693355633,win,5.9725100778159685,0.9552179850146789,0,NONE,NONE,NONE,,,,,False,False,,NONE,NONE,NONE,,,,,False,False,,sub3
T01974,SHORT,80927,80927,80928,80931,2026-06-05T12:00:03+00:00,4466.380462001487,4475.54801476,4457.212909242974,4475.54801476,loss,-9.447552758513666,-1.0305425021678383,0,NONE,NONE,NONE,,,,,False,False,,NONE,NONE,NONE,,,,,False,False,,sub3
T01975,LONG,80962,80962,80963,80970,2026-06-05T14:55:03+00:00,4365.54195335336,4344.0252320399995,4387.058674666721,4344.0252320399995,loss,-21.78672131336134,-1.0125483802140793,0,NONE,NONE,NONE,,,,,False,False,,NONE,NONE,NONE,,,,,False,False,,sub3
T01976,LONG,81016,81016,81017,81023,2026-06-05T19:25:03+00:00,4321.831651299789,4313.55545088,4330.107851719578,4313.55545088,loss,-8.546200419789784,-1.032623666212195,0,NONE,NONE,NONE,,,,,False,False,,NONE,NONE,NONE,,,,,False,False,,sub3
T01977,LONG,81037,81037,81039,81054,2026-06-07T22:10:03+00:00,4323.482152474821,4309.960594679999,4337.003710269643,4337.003710269643,win,13.251557794821565,0.9800318865549773,0,BULLISH,NONE,ALIGNED,81023.0,81028.0,81013.0,9.0,True,False,bullish|81023|81013|81028,BULLISH,NONE,ALIGNED,81023.0,81028.0,81013.0,9.0,True,False,bullish|81023|81013|81028,sub3
T01978,SHORT,81068,81068,81070,81072,2026-06-08T00:45:03+00:00,4344.610174621436,4353.54813496,4335.672214282872,4335.672214282872,win,8.657960338563498,0.9686729422156246,0,NONE,NONE,NONE,,,,,False,False,,NONE,NONE,NONE,,,,,False,False,,sub3
T01979,LONG,81092,81092,81093,81125,2026-06-08T02:45:03+00:00,4317.061598323263,4299.73000392,4334.393192726526,4299.73000392,loss,-17.611594403263553,-1.016155466916993,0,BULLISH,NONE,ALIGNED,81086.0,81091.0,81074.0,1.0,True,False,bullish|81086|81074|81091,BULLISH,NONE,ALIGNED,81086.0,81091.0,81074.0,1.0,True,False,bullish|81086|81074|81091,sub3
T01980,LONG,81131,81131,81138,81195,2026-06-08T06:00:03+00:00,4298.24357833605,4268.13826764,4328.3488890321,4328.3488890321,win,29.83531069604942,0.9910314826933222,0,NONE,NONE,NONE,,,,,False,False,,NONE,NONE,NONE,,,,,False,False,,sub3
T01981,SHORT,81205,81205,81206,81211,2026-06-08T12:10:03+00:00,4323.836547772316,4335.0083934,4312.664702144632,4335.0083934,loss,-11.451845627684634,-1.0250630029568983,0,NONE,NONE,NONE,,,,,False,False,,NONE,NONE,NONE,,,,,False,False,,sub3
T01982,SHORT,81215,81215,81216,81221,2026-06-08T13:00:03+00:00,4329.48718557039,4339.6385786,4319.335792540779,4339.6385786,loss,-10.431393029611172,-1.0275824213665972,0,NONE,NONE,NONE,,,,,False,False,,NONE,NONE,NONE,,,,,False,False,,sub3
T01983,LONG,81319,81319,81320,81328,2026-06-08T22:40:03+00:00,4326.463729458468,4322.50009308,4330.427365836937,4322.50009308,loss,-4.243636378469091,-1.0706422015706818,0,BULLISH,NONE,ALIGNED,81314.0,81319.0,81295.0,0.0,True,False,bullish|81314|81295|81319,BULLISH,NONE,ALIGNED,81314.0,81319.0,81295.0,0.0,True,False,bullish|81314|81295|81319,sub3
T01984,LONG,81337,81337,81338,81350,2026-06-09T00:10:03+00:00,4320.34644247914,4312.607488799999,4328.085396158281,4328.085396158281,win,7.468953679140213,0.9651115627260844,0,NONE,NONE,NONE,,,,,False,False,,NONE,NONE,NONE,,,,,False,False,,sub3
T01985,SHORT,81360,81360,81361,81365,2026-06-09T02:05:03+00:00,4331.59533195638,4339.04055468,4324.150109232759,4339.04055468,loss,-7.7252227236213,-1.0376080085706945,0,BULLISH,NONE,OPPOSED,81345.0,81350.0,81329.0,10.0,True,False,bullish|81345|81329|81350,NONE,NONE,NONE,,,,,False,False,,sub3
T01986,SHORT,81371,81371,81372,81372,2026-06-09T03:00:03+00:00,4334.997041874607,4341.26564368,4328.728440069214,4341.26564368,loss,-6.548601805393446,-1.0446670579330426,0,NONE,NONE,NONE,,,,,False,False,,NONE,NONE,NONE,,,,,False,False,,sub3
T01987,SHORT,81375,81375,81376,81386,2026-06-09T03:20:03+00:00,4336.296756909286,4342.61969784,4329.973815978572,4329.973815978572,win,6.042940930713485,0.9557168091448499,0,BEARISH,NONE,ALIGNED,81367.0,81372.0,81353.0,3.0,False,True,bearish|81367|81353|81372,BEARISH,NONE,ALIGNED,81367.0,81372.0,81353.0,3.0,False,True,bearish|81367|81353|81372,sub3
T01988,SHORT,81409,81409,81410,81418,2026-06-09T06:10:03+00:00,4341.4714053765,4351.7040612,4331.238749553,4331.238749553,win,9.952655823499299,0.972636624857682,0,NONE,NONE,NONE,,,,,False,False,,NONE,NONE,NONE,,,,,False,False,,sub3
T01989,LONG,81486,81486,81487,81488,2026-06-09T12:35:03+00:00,4339.201423368746,4334.611608599999,4343.791238137493,4343.791238137493,win,4.309814768746037,0.9389953594843845,0,NONE,NONE,NONE,,,,,False,False,,NONE,NONE,NONE,,,,,False,False,,sub3
T01990,SHORT,81489,81489,81490,81491,2026-06-09T12:50:03+00:00,4339.428329769595,4344.384768440001,4334.471891099189,4344.384768440001,loss,-5.236438670406642,-1.0564921748497536,0,NONE,NONE,NONE,,,,,False,False,,NONE,NONE,NONE,,,,,False,False,,sub3
T01991,LONG,81500,81500,81501,81501,2026-06-09T13:45:03+00:00,4337.371636387328,4325.0319918,4349.711280974657,4349.711280974657,win,12.059644587327966,0.9773089088572144,0,NONE,NONE,NONE,,,,,False,False,,BEARISH,NONE,OPPOSED,81488.0,81493.0,81480.0,7.0,False,True,bearish|81488|81480|81493,sub3
T01992,LONG,81539,81539,81548,81597,2026-06-09T17:00:03+00:00,4256.921218020001,4236.245543399999,4277.596892640003,4236.245543399999,loss,-20.945674620002137,-1.0130588241962,0,NONE,NONE,NONE,,,,,False,False,,NONE,NONE,NONE,,,,,False,False,,sub3
T01993,LONG,81614,81614,81615,81617,2026-06-10T00:15:03+00:00,4225.920253139224,4210.0715904,4241.768915878448,4210.0715904,loss,-16.1086627392242,-1.0164051695892766,0,NONE,NONE,NONE,,,,,False,False,,NONE,NONE,NONE,,,,,False,False,,sub3
T01994,LONG,81622,81622,81623,81623,2026-06-10T00:55:03+00:00,4214.638833587422,4198.52405232,4230.753614854843,4198.52405232,loss,-16.374781267421895,-1.0161342556058048,0,NONE,NONE,NONE,,,,,False,False,,NONE,NONE,NONE,,,,,False,False,,sub3
T01995,LONG,81626,81626,81627,81631,2026-06-10T01:15:03+00:00,4208.883057895502,4187.00651304,4230.759602751004,4187.00651304,loss,-22.136544855502507,-1.0118848749524916,0,BULLISH,NONE,ALIGNED,81620.0,81625.0,81608.0,1.0,True,False,bullish|81620|81608|81625,BULLISH,NONE,ALIGNED,81620.0,81625.0,81608.0,1.0,True,False,bullish|81620|81608|81625,sub3
T01996,LONG,81644,81644,81645,81645,2026-06-10T02:45:03+00:00,4186.849900141693,4173.93203604,4199.767764243386,4173.93203604,loss,-13.177864101693558,-1.0201271663762228,0,BULLISH,NONE,ALIGNED,81636.0,81641.0,81620.0,3.0,True,False,bullish|81636|81620|81641,BULLISH,NONE,ALIGNED,81636.0,81641.0,81620.0,3.0,True,False,bullish|81636|81620|81641,sub3
T01997,LONG,81653,81653,81654,81656,2026-06-10T03:30:03+00:00,4179.160335495353,4172.37509832,4185.9455726707065,4185.9455726707065,win,6.525237175353141,0.9616815163153559,0,BULLISH,NONE,ALIGNED,81646.0,81651.0,81636.0,2.0,True,False,bullish|81646|81636|81651,BULLISH,NONE,ALIGNED,81646.0,81651.0,81636.0,2.0,True,False,bullish|81646|81636|81651,sub3
T01998,LONG,81672,81672,81673,81675,2026-06-10T05:05:03+00:00,4176.402668662577,4171.965114719999,4180.840222605154,4180.840222605154,win,4.177553942577106,0.9414091629387134,0,BULLISH,NONE,ALIGNED,81667.0,81672.0,81646.0,0.0,True,False,bullish|81667|81646|81672,NONE,NONE,NONE,,,,,False,False,,sub3
T01999,LONG,81722,81722,81723,81732,2026-06-10T09:15:03+00:00,4171.258259211725,4161.03955176,4181.47696666345,4161.03955176,loss,-10.478707451725313,-1.0254435310168633,0,NONE,NONE,NONE,,,,,False,False,,NONE,NONE,NONE,,,,,False,False,,sub3
T02000,LONG,81735,81735,81736,81741,2026-06-10T10:20:03+00:00,4166.671107961315,4155.46077492,4177.88144100263,4177.88144100263,win,10.95033304131448,0.9768071118813321,0,NONE,NONE,NONE,,,,,False,False,,NONE,NONE,NONE,,,,,False,False,,sub3
T02001,LONG,81745,81745,81746,81752,2026-06-10T11:10:03+00:00,4167.6708965017715,4153.1188686,4182.222924403543,4153.1188686,loss,-14.812027901772126,-1.0178669256103172,0,BULLISH,NONE,ALIGNED,81732.0,81737.0,81721.0,8.0,True,False,bullish|81732|81721|81737,BULLISH,NONE,ALIGNED,81732.0,81737.0,81721.0,8.0,True,False,bullish|81732|81721|81737,sub3
T02002,SHORT,81765,81765,81767,81775,2026-06-10T12:50:03+00:00,4152.9596407910385,4173.8719482,4132.047333382077,4173.8719482,loss,-21.172307408961387,-1.0124328700279532,0,NONE,NONE,NONE,,,,,False,False,,NONE,NONE,NONE,,,,,False,False,,sub3
T02003,SHORT,81782,81782,81783,81787,2026-06-10T14:15:03+00:00,4168.559377391189,4186.53945488,4150.579299902377,4150.579299902377,win,17.720077488811512,0.9855395506408687,0,NONE,NONE,NONE,,,,,False,False,,NONE,NONE,NONE,,,,,False,False,,sub3
T02004,LONG,81802,81802,81803,81821,2026-06-10T15:55:03+00:00,4128.322100591214,4106.56373088,4150.080470302428,4106.56373088,loss,-22.01836971121429,-1.0119494246789187,0,NONE,NONE,NONE,,,,,False,False,,NONE,NONE,NONE,,,,,False,False,,sub3
T02005,LONG,81827,81827,81830,81837,2026-06-10T18:00:03+00:00,4113.860301008018,4100.43297612,4127.287625896036,4100.43297612,loss,-13.687324888018338,-1.0193634995927021,0,NONE,NONE,NONE,,,,,False,False,,NONE,NONE,NONE,,,,,False,False,,sub3
T02006,LONG,81870,81870,81872,81877,2026-06-10T22:35:03+00:00,4058.202635753505,4035.96155508,4080.4437164270103,4035.96155508,loss,-22.501080673505385,-1.0116900794442936,0,NONE,NONE,NONE,,,,,False,False,,NONE,NONE,NONE,,,,,False,False,,sub3
T02007,LONG,81880,81880,81884,81893,2026-06-10T23:25:03+00:00,4049.4634703061733,4023.67004676,4075.256893852347,4075.256893852347,win,24.984123546173254,0.9686237851074143,1,NONE,NONE,NONE,,,,,False,False,,NONE,NONE,NONE,,,,,False,False,,sub3
T02008,LONG,82024,82024,82025,82025,2026-06-11T11:25:03+00:00,4089.0321059968182,4083.1396678799997,4094.924544113637,4094.924544113637,win,5.632438116818321,0.9558756503088066,0,NONE,NONE,NONE,,,,,False,False,,NONE,NONE,NONE,,,,,False,False,,sub3
T02009,SHORT,82025,82025,82026,82030,2026-06-11T11:30:03+00:00,4088.8927050742313,4096.24984344,4081.5355667084623,4081.5355667084623,win,7.097138365768842,0.9646601726005407,0,NONE,NONE,NONE,,,,,False,False,,NONE,NONE,NONE,,,,,False,False,,sub3
T02010,LONG,82031,82031,82032,82033,2026-06-11T12:00:03+00:00,4086.0138485782245,4077.99287376,4094.034823396449,4077.99287376,loss,-8.280974818224877,-1.0324150126253315,0,NONE,NONE,NONE,,,,,False,False,,NONE,NONE,NONE,,,,,False,False,,sub3
T02011,LONG,82040,82040,82041,82052,2026-06-11T12:45:03+00:00,4074.761647780268,4057.22470452,4092.298591040536,4092.298591040536,win,17.27694326026767,0.985174155145425,0,NONE,NONE,NONE,,,,,False,False,,NONE,NONE,NONE,,,,,False,False,,sub3
T02012,LONG,82059,82059,82061,82077,2026-06-11T14:20:03+00:00,4073.4812847481335,4052.8618790399996,4094.1006904562673,4094.1006904562673,win,20.359405708133636,0.9873905192186186,0,NONE,NONE,NONE,,,,,False,False,,NONE,NONE,NONE,,,,,False,False,,sub3
T02013,SHORT,82083,82083,82096,82097,2026-06-11T16:20:03+00:00,4089.5556598780704,4107.63729892,4071.474020836141,4107.63729892,loss,-18.34163904192974,-1.0143792274249754,0,NONE,NONE,NONE,,,,,False,False,,NONE,NONE,NONE,,,,,False,False,,sub3
T02014,SHORT,82139,82139,82140,82147,2026-06-11T22:00:03+00:00,4210.020359423193,4220.29280496,4199.747913886387,4220.29280496,loss,-10.542445536806554,-1.0262839066932044,0,NONE,NONE,NONE,,,,,False,False,,NONE,NONE,NONE,,,,,False,False,,sub3
T02015,SHORT,82153,82153,82154,82172,2026-06-11T23:10:03+00:00,4223.953266313432,4246.421850080001,4201.484682546864,4201.484682546864,win,22.208583766568154,0.988428287127421,1,NONE,NONE,NONE,,,,,False,False,,NONE,NONE,NONE,,,,,False,False,,sub3
T02016,LONG,82184,82184,82185,82234,2026-06-12T01:45:03+00:00,4189.799455925103,4171.17014652,4208.428765330205,4171.17014652,loss,-18.889309405102722,-1.0139565023236452,0,NONE,NONE,NONE,,,,,False,False,,NONE,NONE,NONE,,,,,False,False,,sub3
T02017,LONG,82236,82236,82237,82253,2026-06-12T06:05:03+00:00,4181.344884719146,4170.591169679999,4192.098599758292,4170.591169679999,loss,-11.013715039146518,-1.0241776910633908,0,NONE,NONE,NONE,,,,,False,False,,NONE,NONE,NONE,,,,,False,False,,sub3
T02018,LONG,82254,82254,82256,82258,2026-06-12T07:35:03+00:00,4177.714537573418,4169.89119768,4185.537877466836,4185.537877466836,win,7.563339893417833,0.966766112230537,0,NONE,NONE,NONE,,,,,False,False,,NONE,NONE,NONE,,,,,False,False,,sub3
T02019,LONG,82303,82303,82306,82314,2026-06-12T11:40:03+00:00,4207.532102040461,4197.2421036,4217.822100480922,4197.2421036,loss,-10.549998440461422,-1.0252672535865384,0,NONE,NONE,NONE,,,,,False,False,,NONE,NONE,NONE,,,,,False,False,,sub3
T02020,LONG,82320,82320,82321,82327,2026-06-12T13:05:03+00:00,4199.213064629918,4186.44353556,4211.982593699837,4186.44353556,loss,-13.02952906991868,-1.0203609701326188,0,BULLISH,NONE,ALIGNED,82314.0,82319.0,82301.0,1.0,True,False,bullish|82314|82301|82319,BULLISH,NONE,ALIGNED,82314.0,82319.0,82301.0,1.0,True,False,bullish|82314|82301|82319,sub3
T02021,LONG,82332,82332,82333,82335,2026-06-12T14:05:03+00:00,4195.655393086243,4182.61868856,4208.692097612486,4182.61868856,loss,-13.296704526243047,-1.019943690483806,0,NONE,NONE,NONE,,,,,False,False,,NONE,NONE,NONE,,,,,False,False,,sub3
T02022,LONG,82338,82338,82339,82340,2026-06-12T14:35:03+00:00,4191.760172262722,4180.88375796,4202.636586565444,4180.88375796,loss,-11.136414302722187,-1.0239049371202373,0,BULLISH,NONE,ALIGNED,82330.0,82335.0,82314.0,3.0,True,False,bullish|82330|82314|82335,BULLISH,NONE,ALIGNED,82330.0,82335.0,82314.0,3.0,True,False,bullish|82330|82314|82335,sub3
T02023,SHORT,82351,82351,82352,82415,2026-06-12T15:40:03+00:00,4211.96675190053,4235.8244262,4188.10907760106,4235.8244262,loss,-24.16767429947049,-1.0129937225275678,2,BULLISH,NONE,OPPOSED,82340.0,82345.0,82330.0,6.0,True,False,bullish|82340|82330|82345,BULLISH,NONE,OPPOSED,82340.0,82345.0,82330.0,6.0,True,False,bullish|82340|82330|82345,sub3
T02024,SHORT,82448,82448,82451,82451,2026-06-15T00:45:03+00:00,4297.285605677651,4309.1673598,4285.403851555302,4285.403851555302,win,11.601754122348211,0.9764344559635356,0,NONE,NONE,NONE,,,,,False,False,,NONE,NONE,NONE,,,,,False,False,,sub3
T02025,LONG,82453,82453,82454,82463,2026-06-15T01:10:03+00:00,4294.927752691247,4269.2652225599995,4320.590282822495,4320.590282822495,win,25.39253013124744,0.9894788238486403,0,NONE,NONE,NONE,,,,,False,False,,NONE,NONE,NONE,,,,,False,False,,sub3
T02026,SHORT,82475,82475,82476,82507,2026-06-15T03:00:03+00:00,4326.867043780208,4335.66441964,4318.069667920417,4318.069667920417,win,8.527375859791391,0.9693090298398567,0,BEARISH,NONE,ALIGNED,82470.0,82475.0,82443.0,0.0,False,True,bearish|82470|82443|82475,BEARISH,NONE,ALIGNED,82470.0,82475.0,82443.0,0.0,False,True,bearish|82470|82443|82475,sub3
T02027,SHORT,82553,82553,82554,82577,2026-06-15T09:30:03+00:00,4337.372865027468,4345.69682092,4329.0489091349355,4345.69682092,loss,-8.603955892533122,-1.0336378524364656,0,NONE,NONE,NONE,,,,,False,False,,NONE,NONE,NONE,,,,,False,False,,sub3
T02028,LONG,82588,82588,82589,82590,2026-06-15T12:25:03+00:00,4335.184638677744,4324.4370155999995,4345.932261755489,4345.932261755489,win,10.477623077744283,0.974878166265476,0,NONE,NONE,NONE,,,,,False,False,,NONE,NONE,NONE,,,,,False,False,,sub3
T02029,SHORT,82611,82611,82612,82634,2026-06-15T14:20:03+00:00,4357.860013368524,4369.47777212,4346.242254617048,4346.242254617048,win,11.337758751475121,0.9758989658857319,0,NONE,NONE,NONE,,,,,False,False,,NONE,NONE,NONE,,,,,False,False,,sub3
T02030,LONG,82659,82659,82660,82677,2026-06-15T18:20:03+00:00,4325.6239340482925,4317.62628804,4333.621580056585,4317.62628804,loss,-8.257646008292795,-1.0325095659060965,0,NONE,NONE,NONE,,,,,False,False,,NONE,NONE,NONE,,,,,False,False,,sub3
T02031,LONG,82691,82691,82692,82694,2026-06-15T22:00:03+00:00,4312.694679359086,4308.99063348,4316.398725238172,4308.99063348,loss,-3.984045879086807,-1.0755930161614886,0,NONE,NONE,NONE,,,,,False,False,,NONE,NONE,NONE,,,,,False,False,,sub3
T02032,LONG,82698,82698,82699,82703,2026-06-15T22:35:03+00:00,4310.9089488229765,4305.72476412,4316.093133525953,4316.093133525953,win,4.914184702975945,0.9479185223000596,0,NONE,NONE,NONE,,,,,False,False,,NONE,NONE,NONE,,,,,False,False,,sub3
T02033,SHORT,82706,82706,82707,82710,2026-06-15T23:15:03+00:00,4312.62629094558,4316.61465768,4308.63792421116,4316.61465768,loss,-4.248366734420415,-1.0651895919591294,0,NONE,NONE,NONE,,,,,False,False,,NONE,NONE,NONE,,,,,False,False,,sub3
T02034,SHORT,82717,82717,82718,82718,2026-06-16T00:10:03+00:00,4315.408978452209,4319.26376364,4311.554193264418,4311.554193264418,win,3.594785187790876,0.9325513647754764,0,NONE,NONE,NONE,,,,,False,False,,NONE,NONE,NONE,,,,,False,False,,sub3
T02035,SHORT,82733,82733,82734,82740,2026-06-16T01:30:03+00:00,4317.076334035519,4325.94903104,4308.203637031038,4308.203637031038,win,8.612697004480651,0.9706966213464842,0,NONE,NONE,NONE,,,,,False,False,,NONE,NONE,NONE,,,,,False,False,,sub3
T02036,SHORT,82767,82767,82776,82782,2026-06-16T04:20:03+00:00,4326.146783220207,4333.29532488,4318.998241560414,4318.998241560414,win,6.888541659793191,0.9636289452626996,0,NONE,NONE,NONE,,,,,False,False,,NONE,NONE,NONE,,,,,False,False,,sub3
T02037,SHORT,82826,82826,82827,82845,2026-06-16T09:15:03+00:00,4342.569991213722,4348.47693212,4336.663050307443,4348.47693212,loss,-6.176940906279015,-1.0457089387356913,0,NONE,NONE,NONE,,,,,False,False,,NONE,NONE,NONE,,,,,False,False,,sub3
T02038,LONG,82858,82858,82859,82865,2026-06-16T11:55:03+00:00,4340.752445379821,4335.048591119999,4346.4562996396435,4346.4562996396435,win,5.433854259821601,0.9526635871638031,0,BEARISH,NONE,OPPOSED,82846.0,82851.0,82822.0,7.0,False,True,bearish|82846|82822|82851,BEARISH,NONE,OPPOSED,82846.0,82851.0,82822.0,7.0,False,True,bearish|82846|82822|82851,sub3
T02039,LONG,82900,82900,82901,82905,2026-06-16T15:25:03+00:00,4325.113129628972,4312.8354796799995,4337.390779577945,4337.390779577945,win,12.017649948972576,0.9788233089328328,0,NONE,NONE,NONE,,,,,False,False,,NONE,NONE,NONE,,,,,False,False,,sub3
T02040,LONG,82973,82973,82974,82978,2026-06-16T22:30:03+00:00,4331.657134691583,4328.62384812,4334.690421263167,4334.690421263167,win,2.7532865715829757,0.9076908846583291,0,BULLISH,NONE,ALIGNED,82965.0,82970.0,82957.0,3.0,True,False,bullish|82965|82957|82970,BULLISH,NONE,ALIGNED,82965.0,82970.0,82957.0,3.0,True,False,bullish|82965|82957|82970,sub3
T02041,SHORT,82986,82986,82988,82989,2026-06-16T23:35:03+00:00,4334.658222641897,4338.44053068,4330.875914603794,4330.875914603794,win,3.5023080381024556,0.9259711273698693,0,NONE,NONE,NONE,,,,,False,False,,NONE,NONE,NONE,,,,,False,False,,sub3
T02042,SHORT,82998,82998,82999,83003,2026-06-17T00:35:03+00:00,4336.259109664632,4341.70266116,4330.815558169264,4341.70266116,loss,-5.723551495369065,-1.051437007666574,0,NONE,NONE,NONE,,,,,False,False,,NONE,NONE,NONE,,,,,False,False,,sub3
T02043,SHORT,83009,83009,83010,83025,2026-06-17T01:30:03+00:00,4340.6003096017,4349.98499244,4331.215626763401,4331.215626763401,win,9.104682838298686,0.9701641488769379,0,NONE,NONE,NONE,,,,,False,False,,NONE,NONE,NONE,,,,,False,False,,sub3
T02044,LONG,83035,83035,83036,83043,2026-06-17T03:40:03+00:00,4332.872939597769,4328.26386252,4337.482016675538,4328.26386252,loss,-4.87907707776958,-1.0585800574485338,0,NONE,NONE,NONE,,,,,False,False,,NONE,NONE,NONE,,,,,False,False,,sub3
T02045,LONG,83050,83050,83051,83096,2026-06-17T04:55:03+00:00,4326.355071647759,4317.20430492,4335.505838375519,4317.20430492,loss,-9.410766727759437,-1.0284129196749707,0,NONE,NONE,NONE,,,,,False,False,,NONE,NONE,NONE,,,,,False,False,,sub3
T02046,LONG,83097,83097,83098,83104,2026-06-17T08:50:03+00:00,4323.2421136394605,4316.887317600001,4329.59690967892,4329.59690967892,win,6.084796039459434,0.957512405067939,0,NONE,NONE,NONE,,,,,False,False,,NONE,NONE,NONE,,,,,False,False,,sub3
T02047,LONG,83139,83139,83140,83142,2026-06-17T12:20:03+00:00,4325.152949130653,4319.63420772,4330.671690541306,4330.671690541306,win,5.248741410652656,0.9510758015443082,0,NONE,NONE,NONE,,,,,False,False,,NONE,NONE,NONE,,,,,False,False,,sub3
T02048,SHORT,83147,83147,83148,83151,2026-06-17T13:00:03+00:00,4329.453253584841,4335.74442284,4323.162084329682,4335.74442284,loss,-6.571169255159475,-1.0445068299141773,0,NONE,NONE,NONE,,,,,False,False,,NONE,NONE,NONE,,,,,False,False,,sub3
T02049,SHORT,83168,83168,83169,83182,2026-06-17T14:45:03+00:00,4348.185003623033,4364.15055904,4332.219448206065,4364.15055904,loss,-16.245555416968273,-1.0175377550412734,0,NONE,NONE,NONE,,,,,False,False,,NONE,NONE,NONE,,,,,False,False,,sub3
T02050,LONG,83215,83215,83216,83220,2026-06-17T18:40:03+00:00,4315.271561419126,4269.449215199999,4361.093907638252,4269.449215199999,loss,-46.10234621912696,-1.0061105557245296,0,NONE,NONE,NONE,,,,,False,False,,NONE,NONE,NONE,,,,,False,False,,sub3
T02051,SHORT,83264,83264,83265,83267,2026-06-17T23:45:03+00:00,4274.187950465295,4284.11735784,4264.25854309059,4284.11735784,loss,-10.189407374705297,-1.0261848457001133,1,NONE,NONE,NONE,,,,,False,False,,NONE,NONE,NONE,,,,,False,False,,sub3
T02052,SHORT,83298,83298,83299,83300,2026-06-18T02:35:03+00:00,4322.217604188867,4330.1281982,4314.307010177734,4314.307010177734,win,7.650594011132853,0.9671326831291931,0,NONE,NONE,NONE,,,,,False,False,,NONE,NONE,NONE,,,,,False,False,,sub3
T02053,SHORT,83417,83417,83418,83429,2026-06-18T12:30:03+00:00,4251.813610688765,4269.3717680400005,4234.25545333753,4269.3717680400005,loss,-17.81815735123564,-1.0148079319941807,0,NONE,NONE,NONE,,,,,False,False,,NONE,NONE,NONE,,,,,False,False,,sub3
T02054,SHORT,83432,83432,83433,83435,2026-06-18T13:45:03+00:00,4259.823110812732,4276.93707064,4242.7091509854645,4242.7091509854645,win,16.853959827267317,0.9848077240671115,0,BULLISH,NONE,OPPOSED,83418.0,83423.0,83402.0,9.0,True,False,bullish|83418|83402|83423,BULLISH,NONE,OPPOSED,83418.0,83423.0,83402.0,9.0,True,False,bullish|83418|83402|83423,sub3
T02055,LONG,83446,83446,83447,83452,2026-06-18T14:55:03+00:00,4249.361302439188,4236.70452504,4262.018079838376,4236.70452504,loss,-12.916777399188504,-1.020542353855168,0,NONE,NONE,NONE,,,,,False,False,,NONE,NONE,NONE,,,,,False,False,,sub3
T02056,LONG,83471,83471,83472,83481,2026-06-18T17:00:03+00:00,4223.228077073871,4213.68444588,4232.771708267742,4232.771708267742,win,9.28363119387086,0.9727567008072158,0,NONE,NONE,NONE,,,,,False,False,,NONE,NONE,NONE,,,,,False,False,,sub3
T02057,LONG,83503,83503,83516,83531,2026-06-18T19:40:03+00:00,4211.600563774628,4201.09594944,4222.1051781092565,4201.09594944,loss,-10.764614334628277,-1.0247510276643987,0,NONE,NONE,NONE,,,,,False,False,,NONE,NONE,NONE,,,,,False,False,,sub3
T02058,LONG,83549,83549,83550,83559,2026-06-19T00:30:03+00:00,4189.6744235625665,4184.04863136,4195.300215765133,4184.04863136,loss,-5.885792202566336,-1.0462157133855075,0,NONE,NONE,NONE,,,,,False,False,,NONE,NONE,NONE,,,,,False,False,,sub3
T02059,LONG,83560,83560,83561,83568,2026-06-19T01:25:03+00:00,4188.338931548081,4183.58265,4193.095213096161,4183.58265,loss,-5.016281548080769,-1.0546645519975881,0,NONE,NONE,NONE,,,,,False,False,,NONE,NONE,NONE,,,,,False,False,,sub3
T02060,LONG,83608,83608,83609,83617,2026-06-19T05:25:03+00:00,4133.242852296402,4121.50313328,4144.982571312804,4144.982571312804,win,11.47971901640176,0.9778529622696281,0,NONE,NONE,NONE,,,,,False,False,,NONE,NONE,NONE,,,,,False,False,,sub3
T02061,SHORT,83692,83692,83693,83697,2026-06-19T12:25:03+00:00,4153.003567476719,4160.640418960001,4145.366715993437,4160.640418960001,loss,-7.896851483282262,-1.0340454440641393,0,NONE,NONE,NONE,,,,,False,False,,NONE,NONE,NONE,,,,,False,False,,sub3
T02062,SHORT,83702,83702,83703,83714,2026-06-19T13:15:03+00:00,4164.729860817781,4183.2073216,4146.252400035562,4146.252400035562,win,18.21746078221895,0.9859288024981,0,NONE,NONE,NONE,,,,,False,False,,NONE,NONE,NONE,,,,,False,False,,sub3
T02063,SHORT,83749,83749,83750,83759,2026-06-21T22:10:03+00:00,4152.189002694029,4159.935390760001,4144.4426146280575,4159.935390760001,loss,-8.016388065972023,-1.0348549540380627,0,NONE,NONE,NONE,,,,,False,False,,NONE,NONE,NONE,,,,,False,False,,sub3
T02064,SHORT,83762,83762,83763,83765,2026-06-21T23:15:03+00:00,4156.057112649808,4164.94259104,4147.171634259616,4147.171634259616,win,8.625478390191347,0.9707387730201196,0,NONE,NONE,NONE,,,,,False,False,,NONE,NONE,NONE,,,,,False,False,,sub3
T02065,LONG,83771,83771,83772,83773,2026-06-22T00:00:03+00:00,4146.831056237028,4136.28154212,4157.380570354056,4157.380570354056,win,10.289514117027466,0.9753543151735719,0,NONE,NONE,NONE,,,,,False,False,,NONE,NONE,NONE,,,,,False,False,,sub3
T02066,SHORT,83792,83792,83793,83810,2026-06-22T01:45:03+00:00,4197.638689452665,4221.38084848,4173.89653042533,4173.89653042533,win,23.482159027335,0.9890490161530436,0,NONE,NONE,NONE,,,,,False,False,,NONE,NONE,NONE,,,,,False,False,,sub3
T02067,LONG,83914,83914,83915,83923,2026-06-22T11:55:03+00:00,4206.685228705872,4201.1669466,4212.203510811743,4201.1669466,loss,-5.778282105871767,-1.0471161124081667,0,NONE,NONE,NONE,,,,,False,False,,BEARISH,NONE,OPPOSED,83904.0,83909.0,83893.0,5.0,False,True,bearish|83904|83893|83909,sub3
T02068,LONG,83936,83936,83939,83940,2026-06-22T13:45:03+00:00,4194.39586007494,4182.84067968,4205.95104046988,4205.95104046988,win,11.295180394939962,0.9774992694952588,0,NONE,NONE,NONE,,,,,False,False,,NONE,NONE,NONE,,,,,False,False,,sub3
T02069,LONG,83968,83968,83969,84023,2026-06-22T16:25:03+00:00,4181.707802394695,4169.46121488,4193.954389909391,4193.954389909391,win,11.976587514694984,0.9779530420473094,0,NONE,NONE,NONE,,,,,False,False,,NONE,NONE,NONE,,,,,False,False,,sub3
T02070,SHORT,84027,84027,84028,84029,2026-06-22T22:20:03+00:00,4191.806750946671,4194.6077776,4189.005724293342,4194.6077776,loss,-3.0610266533294634,-1.0928231081597126,0,NONE,NONE,NONE,,,,,False,False,,NONE,NONE,NONE,,,,,False,False,,sub3
T02071,LONG,84036,84036,84037,84042,2026-06-22T23:05:03+00:00,4190.9769929136455,4188.13146804,4193.822517787291,4193.822517787291,win,2.5855248736452268,0.9086284564200178,0,NONE,NONE,NONE,,,,,False,False,,NONE,NONE,NONE,,,,,False,False,,sub3
T02072,LONG,84054,84054,84055,84055,2026-06-23T00:35:03+00:00,4185.773100703266,4178.16886656,4193.377334846532,4193.377334846532,win,7.344234143265567,0.9658085225807426,0,NONE,NONE,NONE,,,,,False,False,,NONE,NONE,NONE,,,,,False,False,,sub3
T02073,SHORT,84060,84060,84061,84062,2026-06-23T01:05:03+00:00,4188.901018471412,4198.83894684,4178.963090102823,4178.963090102823,win,9.677928368588255,0.9738376057507097,0,NONE,NONE,NONE,,,,,False,False,,NONE,NONE,NONE,,,,,False,False,,sub3
T02074,LONG,84076,84076,84077,84082,2026-06-23T02:25:03+00:00,4161.580353957969,4148.655047159999,4174.505660755939,4148.655047159999,loss,-13.185306797970043,-1.0201155766794685,0,NONE,NONE,NONE,,,,,False,False,,NONE,NONE,NONE,,,,,False,False,,sub3
T02075,LONG,84094,84094,84097,84106,2026-06-23T03:55:03+00:00,4141.97365654398,4130.64776748,4153.29954560796,4130.64776748,loss,-11.585889063980176,-1.0229562552247755,0,BULLISH,NONE,ALIGNED,84086.0,84091.0,84068.0,3.0,True,False,bullish|84086|84068|84091,BULLISH,NONE,ALIGNED,84086.0,84091.0,84068.0,3.0,True,False,bullish|84086|84068|84091,sub3
T02076,LONG,84113,84113,84114,84120,2026-06-23T05:30:03+00:00,4131.065143712794,4114.64240772,4147.487879705589,4114.64240772,loss,-16.682735992794733,-1.0158317103870083,0,NONE,NONE,NONE,,,,,False,False,,NONE,NONE,NONE,,,,,False,False,,sub3
T02077,LONG,84131,84131,84133,84139,2026-06-23T07:00:03+00:00,4118.443981969196,4110.016592759999,4126.871371178393,4110.016592759999,loss,-8.687389209197136,-1.0308517850008017,0,BULLISH,NONE,ALIGNED,84120.0,84125.0,84106.0,6.0,True,False,bullish|84120|84106|84125,BULLISH,NONE,ALIGNED,84120.0,84125.0,84106.0,6.0,True,False,bullish|84120|84106|84125,sub3
T02078,LONG,84149,84149,84150,84156,2026-06-23T08:30:03+00:00,4101.386971473215,4090.4633749199998,4112.310568026431,4112.310568026431,win,10.66359655321503,0.9761983153868737,0,NONE,NONE,NONE,,,,,False,False,,NONE,NONE,NONE,,,,,False,False,,sub3
T02079,SHORT,84185,84185,84186,84187,2026-06-23T11:30:03+00:00,4125.614834255342,4132.2602838,4118.969384710685,4118.969384710685,win,6.385449544657604,0.9608754835541219,0,NONE,NONE,NONE,,,,,False,False,,NONE,NONE,NONE,,,,,False,False,,sub3
T02080,LONG,84198,84198,84199,84203,2026-06-23T12:35:03+00:00,4119.502476393168,4111.52253252,4127.482420266336,4111.52253252,loss,-8.239943873168158,-1.0325816827953456,0,NONE,NONE,NONE,,,,,False,False,,NONE,NONE,NONE,,,,,False,False,,sub3
T02081,LONG,84207,84207,84208,84211,2026-06-23T13:20:03+00:00,4115.363556050917,4105.092789719999,4125.634322381836,4125.634322381836,win,10.010766330918159,0.9746854332361226,0,NONE,NONE,NONE,,,,,False,False,,NONE,NONE,NONE,,,,,False,False,,sub3
T02082,SHORT,84220,84220,84221,84269,2026-06-23T14:25:03+00:00,4132.525996828824,4145.305805600001,4119.746188057647,4119.746188057647,win,12.51980877117694,0.9796554076312466,0,NONE,NONE,NONE,,,,,False,False,,NONE,NONE,NONE,,,,,False,False,,sub3
T02083,SHORT,84302,84302,84303,84303,2026-06-23T22:15:03+00:00,4111.760359015984,4115.228602560001,4108.292115471968,4108.292115471968,win,3.2082435440161134,0.925034099624062,0,NONE,NONE,NONE,,,,,False,False,,NONE,NONE,NONE,,,,,False,False,,sub3
T02084,LONG,84322,84322,84323,84335,2026-06-23T23:55:03+00:00,4096.5593795876275,4080.5807702399998,4112.537988935255,4080.5807702399998,loss,-16.23860934762797,-1.0162717539645476,0,BULLISH,NONE,ALIGNED,84312.0,84317.0,84305.0,5.0,True,False,bullish|84312|84305|84317,BULLISH,NONE,ALIGNED,84312.0,84317.0,84305.0,5.0,True,False,bullish|84312|84305|84317,sub3
T02085,LONG,84340,84340,84344,84353,2026-06-24T01:25:03+00:00,4091.6558403246554,4068.02127264,4115.29040800931,4068.02127264,loss,-23.894567684655613,-1.0110008358718159,0,BULLISH,NONE,ALIGNED,84335.0,84340.0,84318.0,0.0,True,False,bullish|84335|84318|84340,BULLISH,NONE,ALIGNED,84335.0,84340.0,84318.0,0.0,True,False,bullish|84335|84318|84340,sub3
T02086,LONG,84366,84366,84371,84387,2026-06-24T03:35:03+00:00,4060.777206993282,4050.03699204,4071.5174219465644,4071.5174219465644,win,10.48021495328203,0.9757919183991042,0,NONE,NONE,NONE,,,,,False,False,,NONE,NONE,NONE,,,,,False,False,,sub3
T02087,LONG,84465,84465,84466,84468,2026-06-24T11:50:03+00:00,4049.8941692823782,4038.5284524,4061.2598861647566,4038.5284524,loss,-11.52571688237822,-1.0140774226259253,0,NONE,NONE,NONE,,,,,False,False,,NONE,NONE,NONE,,,,,False,False,,sub3
T02088,LONG,84541,84541,84543,84594,2026-06-24T18:10:03+00:00,3985.5753157505205,3958.65264756,4012.497983941041,4012.497983941041,win,26.662668190520435,0.9903427105307577,0,NONE,NONE,NONE,,,,,False,False,,NONE,NONE,NONE,,,,,False,False,,sub3
T02089,LONG,84609,84609,84610,84618,2026-06-25T00:50:03+00:00,3995.8238732691284,3978.2058653999998,4013.441881138257,3978.2058653999998,loss,-17.87800786912885,-1.0147576276461885,0,NONE,NONE,NONE,,,,,False,False,,NONE,NONE,NONE,,,,,False,False,,sub3
T02090,LONG,84626,84626,84629,84645,2026-06-25T02:15:03+00:00,3979.6958005341194,3962.2065053999995,3997.1850956682392,3997.1850956682392,win,17.22929513411964,0.9851337633674564,0,NONE,NONE,NONE,,,,,False,False,,NONE,NONE,NONE,,,,,False,False,,sub3
T02091,LONG,84738,84738,84739,84749,2026-06-25T11:35:03+00:00,3982.0725733925433,3973.3160609999995,3990.829085785087,3990.829085785087,win,8.506512392543755,0.9714498205686459,0,NONE,NONE,NONE,,,,,False,False,,NONE,NONE,NONE,,,,,False,False,,sub3
T02092,SHORT,84761,84761,84762,84783,2026-06-25T13:30:03+00:00,4015.425818364011,4034.17536056,3996.6762761680216,4034.17536056,loss,-18.989542195989088,-1.0128003125351572,0,NONE,NONE,NONE,,,,,False,False,,NONE,NONE,NONE,,,,,False,False,,sub3
T02093,SHORT,84797,84797,84798,84800,2026-06-25T16:30:03+00:00,4035.135510377786,4044.2607639600005,4026.0102567955714,4026.0102567955714,win,8.885253582214773,0.9736993610273417,0,BEARISH,NONE,ALIGNED,84790.0,84795.0,84783.0,2.0,False,True,bearish|84790|84783|84795,BEARISH,NONE,ALIGNED,84790.0,84795.0,84783.0,2.0,False,True,bearish|84790|84783|84795,sub3
T02094,SHORT,84821,84821,84822,84836,2026-06-25T18:30:03+00:00,4035.2206929328026,4044.42877068,4026.0126151856052,4026.0126151856052,win,8.96807774719764,0.9739359281503864,0,NONE,NONE,NONE,,,,,False,False,,NONE,NONE,NONE,,,,,False,False,,sub3
T02095,SHORT,84860,84860,84862,84872,2026-06-25T22:45:03+00:00,4027.0440391783977,4036.78546496,4017.3026133967956,4017.3026133967956,win,9.501425781602393,0.975362949389498,0,NONE,NONE,NONE,,,,,False,False,,NONE,NONE,NONE,,,,,False,False,,sub3
T02096,LONG,84877,84877,84878,84887,2026-06-26T00:10:03+00:00,4019.4453438068304,4011.21554496,4027.6751426536607,4027.6751426536607,win,7.989798846830581,0.9708376833423802,0,NONE,NONE,NONE,,,,,False,False,,NONE,NONE,NONE,,,,,False,False,,sub3
T02097,LONG,84914,84914,84915,84933,2026-06-26T03:15:03+00:00,3998.290343478898,3982.71968484,4013.8610021177965,4013.8610021177965,win,15.330658638898512,0.9845863938343482,0,NONE,NONE,NONE,,,,,False,False,,NONE,NONE,NONE,,,,,False,False,,sub3
T02098,SHORT,84968,84968,84969,84985,2026-06-26T07:45:03+00:00,4030.3154233827363,4039.86358808,4020.7672586854724,4039.86358808,loss,-9.78816469726371,-1.0251357205923097,0,NONE,NONE,NONE,,,,,False,False,,NONE,NONE,NONE,,,,,False,False,,sub3
T02099,SHORT,84998,84998,85000,85005,2026-06-26T10:15:03+00:00,4046.7147722960285,4054.3651681200004,4039.0643764720567,4054.3651681200004,loss,-7.89039582397163,-1.031370925834682,0,NONE,NONE,NONE,,,,,False,False,,NONE,NONE,NONE,,,,,False,False,,sub3
T02100,SHORT,85009,85009,85010,85017,2026-06-26T11:10:03+00:00,4050.1591317964435,4055.8372270000004,4044.4810365928865,4044.4810365928865,win,5.438095203557168,0.9577323043387089,0,NONE,NONE,NONE,,,,,False,False,,NONE,NONE,NONE,,,,,False,False,,sub3
T02101,LONG,85021,85021,85022,85023,2026-06-26T12:10:03+00:00,4048.0708885794725,4042.41029712,4053.731480038945,4042.41029712,loss,-5.900591459472253,-1.0423983963015322,0,NONE,NONE,NONE,,,,,False,False,,NONE,NONE,NONE,,,,,False,False,,sub3
T02102,SHORT,85032,85032,85033,85041,2026-06-26T13:05:03+00:00,4047.608737508666,4066.3166461600003,4028.9008288573314,4066.3166461600003,loss,-18.947908651334274,-1.0128287990107683,0,NONE,NONE,NONE,,,,,False,False,,NONE,NONE,NONE,,,,,False,False,,sub3
T02103,SHORT,85055,85055,85056,85062,2026-06-26T15:00:03+00:00,4080.0593626343416,4093.26672412,4066.852001148683,4093.26672412,loss,-13.447361485658348,-1.0181716840460822,0,NONE,NONE,NONE,,,,,False,False,,NONE,NONE,NONE,,,,,False,False,,sub3
T02104,SHORT,85071,85071,85072,85085,2026-06-26T16:20:03+00:00,4088.190556372522,4096.27084428,4080.110268465044,4080.110268465044,win,7.840287907478341,0.9702980880448991,0,BEARISH,NONE,ALIGNED,85063.0,85068.0,85046.0,3.0,False,True,bearish|85063|85046|85068,BEARISH,NONE,ALIGNED,85063.0,85068.0,85046.0,3.0,False,True,bearish|85063|85046|85068,sub3
T02105,LONG,85136,85136,85137,85145,2026-06-28T22:45:03+00:00,4065.938240124916,4053.21486492,4078.661615329832,4053.21486492,loss,-12.963375204915792,-1.018862919322465,0,NONE,NONE,NONE,,,,,False,False,,NONE,NONE,NONE,,,,,False,False,,sub3
T02106,LONG,85147,85147,85148,85155,2026-06-28T23:40:03+00:00,4062.0019219783726,4051.5459316799997,4072.4579122767454,4051.5459316799997,loss,-11.245290298372636,-1.0754878282665021,1,NONE,NONE,NONE,,,,,False,False,,NONE,NONE,NONE,,,,,False,False,,sub3
T02107,LONG,85278,85278,85279,85297,2026-06-29T10:35:03+00:00,4037.837883908846,4024.1290283999997,4051.546739417692,4051.546739417692,win,13.468855508846445,0.9824930680869084,0,NONE,NONE,NONE,,,,,False,False,,NONE,NONE,NONE,,,,,False,False,,sub3
T02108,SHORT,85299,85299,85300,85318,2026-06-29T12:20:03+00:00,4040.6153251945984,4052.6380990400003,4028.5925513491966,4028.5925513491966,win,11.782773845402062,0.9800378845110215,0,BULLISH,NONE,OPPOSED,85287.0,85292.0,85271.0,7.0,True,False,bullish|85287|85271|85292,NONE,NONE,NONE,,,,,False,False,,sub3
T02109,LONG,85325,85325,85326,85434,2026-06-29T14:30:03+00:00,4026.396167225641,3999.98799408,4052.804340371282,3999.98799408,loss,-27.19747314564061,-1.0298884741343826,1,NONE,NONE,NONE,,,,,False,False,,NONE,NONE,NONE,,,,,False,False,,sub3
T02110,LONG,85460,85460,85461,85481,2026-06-30T02:45:03+00:00,3963.72531516433,3941.94131604,3985.50931428866,3985.50931428866,win,21.543999124330185,0.988982739182553,0,NONE,NONE,NONE,,,,,False,False,,NONE,NONE,NONE,,,,,False,False,,sub3
T02111,SHORT,85605,85605,85606,85611,2026-06-30T14:50:03+00:00,4044.068000639098,4063.5475354000005,4024.5884658781956,4024.5884658781956,win,19.239534760902643,0.9876793772055846,0,NONE,NONE,NONE,,,,,False,False,,NONE,NONE,NONE,,,,,False,False,,sub3
T02112,SHORT,85683,85683,85684,85687,2026-06-30T22:20:03+00:00,4013.9261749514094,4017.77870472,4010.073645182819,4017.77870472,loss,-4.092529768590339,-1.0622967282320535,0,NONE,NONE,NONE,,,,,False,False,,NONE,NONE,NONE,,,,,False,False,,sub3
T02113,LONG,85692,85692,85693,85693,2026-06-30T23:05:03+00:00,4014.1369257329698,4010.6985656399997,4017.5752858259398,4017.5752858259398,win,3.1983600929702334,0.930199282940004,0,NONE,NONE,NONE,,,,,False,False,,NONE,NONE,NONE,,,,,False,False,,sub3
T02114,LONG,85730,85730,85731,85765,2026-07-01T02:15:03+00:00,3979.5448881581738,3970.066191,3989.0235853163476,3970.066191,loss,-9.718697158173654,-1.025319935429398,0,NONE,NONE,NONE,,,,,False,False,,NONE,NONE,NONE,,,,,False,False,,sub3
T02115,LONG,85769,85769,85770,85776,2026-07-01T05:30:03+00:00,3975.1041668381745,3969.4962138,3980.712119876349,3969.4962138,loss,-5.847953038174182,-1.042796364086157,0,NONE,NONE,NONE,,,,,False,False,,NONE,NONE,NONE,,,,,False,False,,sub3
T02116,LONG,85783,85783,85784,85788,2026-07-01T06:40:03+00:00,3969.7426162714955,3962.95747536,3976.527757182991,3962.95747536,loss,-7.025140911495328,-1.0353714098395759,0,NONE,NONE,NONE,,,,,False,False,,NONE,NONE,NONE,,,,,False,False,,sub3
T02117,LONG,85790,85790,85791,85798,2026-07-01T07:15:03+00:00,3968.261808194957,3959.8296004799995,3976.694015909915,3976.694015909915,win,8.19220771495793,0.9715377030413932,0,NONE,NONE,NONE,,,,,False,False,,NONE,NONE,NONE,,,,,False,False,,sub3
T02118,SHORT,85849,85849,85850,85863,2026-07-01T12:10:03+00:00,4022.3813982121496,4035.76542416,4008.9973722642994,4035.76542416,loss,-13.624025947849987,-1.0179318241712114,0,NONE,NONE,NONE,,,,,False,False,,NONE,NONE,NONE,,,,,False,False,,sub3
T02119,SHORT,85880,85880,85881,85922,2026-07-01T14:45:03+00:00,4091.287034493068,4115.90062944,4066.6734395461363,4066.6734395461363,win,24.373594946931917,0.9902492910719772,0,BEARISH,NONE,ALIGNED,85875.0,85880.0,85867.0,0.0,False,True,bearish|85875|85867|85880,BEARISH,NONE,ALIGNED,85875.0,85880.0,85867.0,0.0,False,True,bearish|85875|85867|85880,sub3
T02120,SHORT,85956,85956,85957,85964,2026-07-01T22:05:03+00:00,4036.8355717430004,4041.12363848,4032.547505006001,4041.12363848,loss,-4.528066736999335,-1.0559692781665322,0,NONE,NONE,NONE,,,,,False,False,,NONE,NONE,NONE,,,,,False,False,,sub3
T02121,SHORT,85987,85987,85988,85988,2026-07-02T00:40:03+00:00,4041.2265535197785,4048.81494612,4033.638160919557,4048.81494612,loss,-7.8283926002213775,-1.0316272513355165,0,NONE,NONE,NONE,,,,,False,False,,NONE,NONE,NONE,,,,,False,False,,sub3
T02122,SHORT,85995,85995,85996,86024,2026-07-02T01:20:03+00:00,4053.8989276610714,4068.7797446800005,4039.0181106421423,4068.7797446800005,loss,-15.120817018928847,-1.0161281467068972,0,NONE,NONE,NONE,,,,,False,False,,NONE,NONE,NONE,,,,,False,False,,sub3
T02123,SHORT,86031,86031,86032,86039,2026-07-02T04:20:03+00:00,4066.6552993727814,4074.3829688,4058.927629945563,4058.927629945563,win,7.4876694272188615,0.9689427708754665,0,NONE,NONE,NONE,,,,,False,False,,NONE,NONE,NONE,,,,,False,False,,sub3
T02124,SHORT,86059,86059,86060,86086,2026-07-02T06:40:03+00:00,4070.1145055728657,4079.87218836,4060.3568227857313,4079.87218836,loss,-9.997682787134181,-1.024596003501592,0,NONE,NONE,NONE,,,,,False,False,,NONE,NONE,NONE,,,,,False,False,,sub3
T02125,SHORT,86122,86122,86123,86124,2026-07-02T11:55:03+00:00,4066.8133802572142,4072.41188996,4061.2148705544287,4072.41188996,loss,-5.838509702785359,-1.042868551228976,0,NONE,NONE,NONE,,,,,False,False,,NONE,NONE,NONE,,,,,False,False,,sub3
T02126,SHORT,86125,86125,86127,86129,2026-07-02T12:10:03+00:00,4066.8503992363917,4073.7119419600003,4059.988856512783,4073.7119419600003,loss,-7.061542723608454,-1.0291479639573873,0,NONE,NONE,NONE,,,,,False,False,,NONE,NONE,NONE,,,,,False,False,,sub3
T02127,SHORT,86151,86151,86158,86177,2026-07-02T14:20:03+00:00,4127.475786731835,4144.21276188,4110.73881158367,4110.73881158367,win,16.496975148164893,0.9856604913447518,0,BEARISH,NONE,ALIGNED,86144.0,86149.0,86130.0,2.0,False,True,bearish|86144|86130|86149,BEARISH,NONE,ALIGNED,86144.0,86149.0,86130.0,2.0,False,True,bearish|86144|86130|86149,sub3
T02128,SHORT,86239,86239,86240,86248,2026-07-02T22:40:03+00:00,4123.880840264063,4128.34112704,4119.420553488127,4128.34112704,loss,-4.700286775936547,-1.05380819935045,0,NONE,NONE,NONE,,,,,False,False,,NONE,NONE,NONE,,,,,False,False,,sub3
T02129,SHORT,86250,86250,86251,86257,2026-07-02T23:35:03+00:00,4125.527773957832,4134.28636484,4116.769183075665,4134.28636484,loss,-8.998590882167264,-1.02740166805695,1,NONE,NONE,NONE,,,,,False,False,,NONE,NONE,NONE,,,,,False,False,,sub3
T02130,SHORT,86282,86282,86283,86424,2026-07-03T02:15:03+00:00,4177.394281613926,4195.67382024,4159.114742987852,4159.114742987852,win,18.039538626074318,0.9868705657779873,0,NONE,NONE,NONE,,,,,False,False,,NONE,NONE,NONE,,,,,False,False,,sub3
T02131,LONG,86428,86428,86429,86457,2026-07-03T14:25:03+00:00,4165.273474065031,4155.01779264,4175.529155490062,4175.529155490062,win,10.015681425031289,0.9765983370530589,0,NONE,NONE,NONE,,,,,False,False,,NONE,NONE,NONE,,,,,False,False,,sub3
T02132,LONG,86489,86489,86490,86495,2026-07-06T00:30:03+00:00,4180.6453730002895,4170.00119328,4191.289552720579,4191.289552720579,win,10.404179720289903,0.9774524663894674,0,BEARISH,NONE,OPPOSED,86476.0,86481.0,86466.0,8.0,False,True,bearish|86476|86466|86481,BEARISH,NONE,OPPOSED,86476.0,86481.0,86466.0,8.0,False,True,bearish|86476|86466|86481,sub3
T02133,LONG,86549,86549,86550,86554,2026-07-06T05:30:03+00:00,4155.89444528962,4149.22302444,4162.565866139241,4149.22302444,loss,-6.911420849620299,-1.035974345706797,0,BULLISH,NONE,ALIGNED,86537.0,86542.0,86523.0,7.0,True,False,bullish|86537|86523|86542,BULLISH,NONE,ALIGNED,86537.0,86542.0,86523.0,7.0,True,False,bullish|86537|86523|86542,sub3
T02134,LONG,86559,86559,86560,86575,2026-07-06T06:20:03+00:00,4152.21419902773,4144.459215,4159.969183055459,4159.969183055459,win,7.514984027729952,0.9690521606309431,0,NONE,NONE,NONE,,,,,False,False,,NONE,NONE,NONE,,,,,False,False,,sub3
T02135,LONG,86604,86604,86605,86609,2026-07-06T10:05:03+00:00,4144.261633496676,4136.04055176,4152.482715233352,4152.482715233352,win,7.98108173667606,0.970806761483821,0,NONE,NONE,NONE,,,,,False,False,,NONE,NONE,NONE,,,,,False,False,,sub3
T02136,SHORT,86623,86623,86624,86631,2026-07-06T11:40:03+00:00,4154.268175578028,4159.819386120001,4148.716965036055,4148.716965036055,win,5.311210541973196,0.9567661867289793,0,NONE,NONE,NONE,,,,,False,False,,NONE,NONE,NONE,,,,,False,False,,sub3
T02137,LONG,86639,86639,86640,86659,2026-07-06T13:00:03+00:00,4143.773861626458,4131.184746,4156.362977252916,4131.184746,loss,-12.829115626457678,-1.0190640873529977,0,NONE,NONE,NONE,,,,,False,False,,NONE,NONE,NONE,,,,,False,False,,sub3
T02138,SHORT,86700,86700,86701,86704,2026-07-06T18:05:03+00:00,4156.772048984533,4162.150479360001,4151.393618609066,4162.150479360001,loss,-5.618430375467142,-1.044622684174642,0,NONE,NONE,NONE,,,,,False,False,,NONE,NONE,NONE,,,,,False,False,,sub3
T02139,SHORT,86711,86711,86712,86735,2026-07-06T19:00:03+00:00,4161.942991598991,4167.79470512,4156.091278077983,4167.79470512,loss,-6.101713521008605,-1.042722528897298,0,NONE,NONE,NONE,,,,,False,False,,NONE,NONE,NONE,,,,,False,False,,sub3
T02140,LONG,86749,86749,86750,86753,2026-07-06T23:10:03+00:00,4165.229202121653,4162.69948536,4167.758918883305,4162.69948536,loss,-2.7697167616524894,-1.094872281212615,0,NONE,NONE,NONE,,,,,False,False,,NONE,NONE,NONE,,,,,False,False,,sub3
T02141,LONG,86753,86753,86754,86755,2026-07-06T23:30:03+00:00,4164.662830232243,4162.21150488,4167.114155584487,4162.21150488,loss,-2.691325352243439,-1.0979062203147019,0,NONE,NONE,NONE,,,,,False,False,,NONE,NONE,NONE,,,,,False,False,,sub3
T02142,LONG,86764,86764,86765,86766,2026-07-07T00:25:03+00:00,4159.466010814493,4151.75692308,4167.175098548985,4151.75692308,loss,-7.949087734492423,-1.031132088291842,0,NONE,NONE,NONE,,,,,False,False,,NONE,NONE,NONE,,,,,False,False,,sub3
T02143,LONG,86780,86780,86781,86804,2026-07-07T01:45:03+00:00,4142.430132220168,4125.538971839999,4159.321292600337,4125.538971839999,loss,-17.131160380168694,-1.014208615311092,0,NONE,NONE,NONE,,,,,False,False,,NONE,NONE,NONE,,,,,False,False,,sub3
T02144,LONG,86824,86824,86825,86825,2026-07-07T05:25:03+00:00,4127.421619588995,4120.63816788,4134.20507129799,4120.63816788,loss,-7.0234517089947985,-1.0353802179621234,0,NONE,NONE,NONE,,,,,False,False,,NONE,NONE,NONE,,,,,False,False,,sub3
T02145,LONG,86829,86829,86830,86852,2026-07-07T05:50:03+00:00,4124.780342657759,4116.3953376,4133.165347715519,4133.165347715519,win,8.14500505775959,0.9713774770144368,0,BULLISH,NONE,ALIGNED,86822.0,86827.0,86804.0,2.0,True,False,bullish|86822|86804|86827,BULLISH,NONE,ALIGNED,86822.0,86827.0,86804.0,2.0,True,False,bullish|86822|86804|86827,sub3
T02146,SHORT,86916,86916,86917,86922,2026-07-07T13:05:03+00:00,4164.303311713372,4178.4771324,4150.129491026743,4178.4771324,loss,-14.413820686628242,-1.0169326256699576,0,NONE,NONE,NONE,,,,,False,False,,NONE,NONE,NONE,,,,,False,False,,sub3
T02147,LONG,86954,86954,86955,86984,2026-07-07T16:15:03+00:00,4143.250415137133,4135.479574200001,4151.021256074266,4135.479574200001,loss,-8.010840937132343,-1.0308846882778098,0,NONE,NONE,NONE,,,,,False,False,,NONE,NONE,NONE,,,,,False,False,,sub3
T02148,LONG,86997,86997,86998,87134,2026-07-07T19:50:03+00:00,4114.345805265809,4091.9803142399996,4136.711296291618,4091.9803142399996,loss,-24.253391025808988,-1.0844112922815419,1,NONE,NONE,NONE,,,,,False,False,,NONE,NONE,NONE,,,,,False,False,,sub3
T02149,LONG,87159,87159,87160,87175,2026-07-08T10:20:03+00:00,4051.0721524849223,4040.0503915199997,4062.093913449845,4062.093913449845,win,10.781760964922796,0.9782248952083432,0,BULLISH,NONE,ALIGNED,87151.0,87156.0,87144.0,3.0,True,False,bullish|87151|87144|87156,BULLISH,NONE,ALIGNED,87151.0,87156.0,87144.0,3.0,True,False,bullish|87151|87144|87156,sub3
T02150,SHORT,87190,87190,87191,87205,2026-07-08T12:55:03+00:00,4072.8545243255585,4086.67246036,4059.036588291117,4059.036588291117,win,13.577936034441791,0.9826312700101104,0,NONE,NONE,NONE,,,,,False,False,,NONE,NONE,NONE,,,,,False,False,,sub3
T02151,LONG,87288,87288,87289,87308,2026-07-08T22:05:03+00:00,4076.96996007051,4072.4640949199998,4081.47582522102,4072.4640949199998,loss,-4.7458651505098715,-1.053263910921216,0,NONE,NONE,NONE,,,,,False,False,,NONE,NONE,NONE,,,,,False,False,,sub3
T02152,LONG,87309,87309,87310,87311,2026-07-08T23:50:03+00:00,4075.5898390231605,4071.687126,4079.492552046321,4079.492552046321,win,3.1134130231609043,0.797756074987919,1,NONE,NONE,NONE,,,,,False,False,,NONE,NONE,NONE,,,,,False,False,,sub3
T02153,SHORT,87315,87315,87317,87323,2026-07-09T00:20:03+00:00,4078.912656386799,4090.15659972,4067.668713053598,4067.668713053598,win,11.003943333201278,0.9786551752452264,0,NONE,NONE,NONE,,,,,False,False,,NONE,NONE,NONE,,,,,False,False,,sub3
T02154,LONG,87331,87331,87332,87348,2026-07-09T01:40:03+00:00,4072.877313409005,4062.1975056,4083.5571212180103,4062.1975056,loss,-10.919807809004851,-1.0224723145108863,0,NONE,NONE,NONE,,,,,False,False,,NONE,NONE,NONE,,,,,False,False,,sub3
T02155,LONG,87358,87358,87359,87373,2026-07-09T03:55:03+00:00,4062.9032374582202,4054.03083228,4071.7756426364404,4071.7756426364404,win,8.632405178220324,0.9729498377070367,0,NONE,NONE,NONE,,,,,False,False,,NONE,NONE,NONE,,,,,False,False,,sub3
T02156,SHORT,87416,87416,87417,87427,2026-07-09T08:45:03+00:00,4110.734669588462,4117.97071224,4103.498626936924,4103.498626936924,win,6.996042651538119,0.9668326996457416,0,BEARISH,NONE,ALIGNED,87411.0,87416.0,87389.0,0.0,False,True,bearish|87411|87389|87416,BEARISH,NONE,ALIGNED,87411.0,87416.0,87389.0,0.0,False,True,bearish|87411|87389|87416,sub3
T02157,SHORT,87459,87459,87460,87462,2026-07-09T12:20:03+00:00,4107.7091241594235,4120.464812,4094.953436318847,4120.464812,loss,-12.995687840576466,-1.018815135882859,0,NONE,NONE,NONE,,,,,False,False,,NONE,NONE,NONE,,,,,False,False,,sub3
T02158,SHORT,87466,87466,87467,87470,2026-07-09T12:55:03+00:00,4110.8225850632125,4122.89890936,4098.746260766425,4122.89890936,loss,-12.31632429678757,-1.019873596808229,0,NONE,NONE,NONE,,,,,False,False,,NONE,NONE,NONE,,,,,False,False,,sub3
T02159,SHORT,87477,87477,87478,87479,2026-07-09T13:50:03+00:00,4120.825471059274,4129.81818612,4111.832755998547,4129.81818612,loss,-9.23271506072615,-1.0266882691577683,0,BEARISH,NONE,ALIGNED,87462.0,87467.0,87456.0,10.0,False,True,bearish|87462|87456|87467,BEARISH,NONE,ALIGNED,87462.0,87467.0,87456.0,10.0,False,True,bearish|87462|87456|87467,sub3
T02160,SHORT,87481,87481,87483,87509,2026-07-09T14:10:03+00:00,4123.021563522944,4136.48145264,4109.561674405889,4136.48145264,loss,-13.699889117055136,-1.0178307561015247,0,NONE,NONE,NONE,,,,,False,False,,NONE,NONE,NONE,,,,,False,False,,sub3
T02161,SHORT,87514,87514,87520,87532,2026-07-09T16:55:03+00:00,4130.716498222758,4138.24252308,4123.190473365516,4123.190473365516,win,7.28602485724241,0.9681106554187324,0,NONE,NONE,NONE,,,,,False,False,,NONE,NONE,NONE,,,,,False,False,,sub3
T02162,SHORT,87564,87564,87565,87592,2026-07-09T22:05:03+00:00,4123.360592063812,4127.87810852,4118.843075607624,4118.843075607624,win,4.277516456188096,0.9468734641417761,1,NONE,NONE,NONE,,,,,False,False,,NONE,NONE,NONE,,,,,False,False,,sub3
T02163,SHORT,87599,87599,87600,87606,2026-07-10T01:00:03+00:00,4122.325548724598,4131.35624764,4113.2948498091955,4113.2948498091955,win,8.790698915402572,0.9734239838745539,0,NONE,NONE,NONE,,,,,False,False,,NONE,NONE,NONE,,,,,False,False,,sub3
T02164,SHORT,87626,87626,87629,87636,2026-07-10T03:15:03+00:00,4126.324374704217,4134.970392200001,4117.678357208433,4117.678357208433,win,8.406017495783999,0.9722415551302299,0,NONE,NONE,NONE,,,,,False,False,,NONE,NONE,NONE,,,,,False,False,,sub3
T02165,LONG,87657,87657,87658,87679,2026-07-10T05:50:03+00:00,4114.104987182542,4107.963674879999,4120.246299485084,4107.963674879999,loss,-6.381312302542028,-1.0390795953985978,0,NONE,NONE,NONE,,,,,False,False,,NONE,NONE,NONE,,,,,False,False,,sub3
T02166,LONG,87698,87698,87699,87707,2026-07-10T09:15:03+00:00,4101.157827390166,4094.0612309999997,4108.254423780332,4108.254423780332,win,6.856596390166487,0.9661809708760739,0,NONE,NONE,NONE,,,,,False,False,,NONE,NONE,NONE,,,,,False,False,,sub3
T02167,LONG,87727,87727,87730,87733,2026-07-10T11:40:03+00:00,4104.232407532869,4095.7821621599996,4112.682652905738,4112.682652905738,win,8.210245372869394,0.9715984578660474,0,NONE,NONE,NONE,,,,,False,False,,NONE,NONE,NONE,,,,,False,False,,sub3
T02168,SHORT,87736,87736,87737,87748,2026-07-10T12:25:03+00:00,4106.270880516917,4117.74270312,4094.799057913833,4094.799057913833,win,11.231822603083856,0.9790791743994307,0,NONE,NONE,NONE,,,,,False,False,,NONE,NONE,NONE,,,,,False,False,,sub3
T02169,LONG,87751,87751,87752,87761,2026-07-10T13:40:03+00:00,4098.16566090759,4085.34857952,4110.98274229518,4085.34857952,loss,-13.057081387589733,-1.018725011782492,0,NONE,NONE,NONE,,,,,False,False,,NONE,NONE,NONE,,,,,False,False,,sub3
T02170,LONG,87763,87763,87764,87848,2026-07-10T14:40:03+00:00,4099.148431128436,4072.70808516,4125.588777096871,4072.70808516,loss,-27.778945968435632,-1.0506271741526296,2,NONE,NONE,NONE,,,,,False,False,,NONE,NONE,NONE,,,,,False,False,,sub3
T02171,LONG,87858,87858,87860,87862,2026-07-12T23:35:03+00:00,4076.072537972204,4068.2492635199997,4083.895812424408,4083.895812424408,win,7.583274452204478,0.9693223085210618,0,NONE,NONE,NONE,,,,,False,False,,NONE,NONE,NONE,,,,,False,False,,sub3
T02172,LONG,87876,87876,87878,87881,2026-07-13T01:05:03+00:00,4074.7123706448997,4060.8465596399997,4088.5781816497997,4088.5781816497997,win,13.625811004900243,0.9826912396314238,0,BULLISH,NONE,ALIGNED,87869.0,87874.0,87851.0,2.0,True,False,bullish|87869|87851|87874,BULLISH,NONE,ALIGNED,87869.0,87874.0,87851.0,2.0,True,False,bullish|87869|87851|87874,sub3
T02173,LONG,87922,87922,87923,87924,2026-07-13T04:55:03+00:00,4056.6363124256613,4050.0119930399997,4063.260631811323,4063.260631811323,win,6.384319385661911,0.9637698628300954,0,BULLISH,NONE,ALIGNED,87913.0,87918.0,87901.0,4.0,True,False,bullish|87913|87901|87918,BULLISH,NONE,ALIGNED,87913.0,87918.0,87901.0,4.0,True,False,bullish|87913|87901|87918,sub3
T02174,LONG,87940,87940,87944,87960,2026-07-13T06:25:03+00:00,4056.8418083563097,4043.5452517199997,4070.1383649926197,4070.1383649926197,win,13.056556636310233,0.9819502141370651,0,BULLISH,NONE,ALIGNED,87935.0,87940.0,87920.0,0.0,True,False,bullish|87935|87920|87940,BULLISH,NONE,ALIGNED,87935.0,87940.0,87920.0,0.0,True,False,bullish|87935|87920|87940,sub3
T02175,LONG,88000,88000,88001,88001,2026-07-13T11:25:03+00:00,4062.5020799240256,4058.1786663599996,4066.8254934880515,4066.8254934880515,win,4.083413564026159,0.94448830849846,0,NONE,NONE,NONE,,,,,False,False,,NONE,NONE,NONE,,,,,False,False,,sub3
T02176,SHORT,88004,88004,88005,88005,2026-07-13T11:45:03+00:00,4063.6172178203724,4068.7677442000004,4058.4666914407444,4058.4666914407444,win,4.910526379628209,0.953402820933204,0,NONE,NONE,NONE,,,,,False,False,,NONE,NONE,NONE,,,,,False,False,,sub3
T02177,LONG,88011,88011,88012,88017,2026-07-13T12:20:03+00:00,4060.043402387308,4053.27586248,4066.8109422946163,4066.8109422946163,win,6.527539907308437,0.9645365962688144,0,NONE,NONE,NONE,,,,,False,False,,NONE,NONE,NONE,,,,,False,False,,sub3
T02178,LONG,88046,88046,88047,88061,2026-07-13T15:15:03+00:00,4017.5836814217323,4000.0699907999997,4035.097372043465,4000.0699907999997,loss,-17.753690621732403,-1.0137035651241872,0,NONE,NONE,NONE,,,,,False,False,,NONE,NONE,NONE,,,,,False,False,,sub3
T02179,LONG,88070,88070,88071,88140,2026-07-13T17:15:03+00:00,4000.0355576370944,3986.25154356,4013.819571714189,3986.25154356,loss,-14.573314077094308,-1.0572619844687619,1,NONE,NONE,NONE,,,,,False,False,,NONE,NONE,NONE,,,,,False,False,,sub3
T02180,LONG,88144,88144,88145,88146,2026-07-14T00:25:03+00:00,3995.0324789251245,3983.14766772,4006.917290130249,4006.917290130249,win,11.644811205124824,0.9798061579727664,0,NONE,NONE,NONE,,,,,False,False,,NONE,NONE,NONE,,,,,False,False,,sub3
T02181,SHORT,88171,88171,88172,88193,2026-07-14T02:40:03+00:00,4011.383733627885,4019.31476616,4003.4527010957695,4019.31476616,loss,-8.171032532115078,-1.0302608770078732,0,NONE,NONE,NONE,,,,,False,False,,NONE,NONE,NONE,,,,,False,False,,sub3
T02182,SHORT,88214,88214,88215,88219,2026-07-14T06:15:03+00:00,4028.3945330251913,4034.3573678400003,4022.4316982103824,4022.4316982103824,win,5.722834814809175,0.9597506878098097,0,NONE,NONE,NONE,,,,,False,False,,NONE,NONE,NONE,,,,,False,False,,sub3
T02183,SHORT,88284,88284,88285,88289,2026-07-14T12:05:03+00:00,4026.7784145923633,4036.2404431600003,4017.3163860247264,4036.2404431600003,loss,-9.662028567636753,-1.0211371164830214,0,NONE,NONE,NONE,,,,,False,False,,NONE,NONE,NONE,,,,,False,False,,sub3
T02184,SHORT,88305,88305,88306,88362,2026-07-14T13:50:03+00:00,4078.1518659023204,4103.3941292,4052.909602604641,4052.909602604641,win,25.002263297679747,0.9904921362569796,0,NONE,NONE,NONE,,,,,False,False,,NONE,NONE,NONE,,,,,False,False,,sub3
T02185,LONG,88396,88396,88397,88400,2026-07-14T22:25:03+00:00,4051.546515359283,4048.68904596,4054.4039847585664,4048.68904596,loss,-3.097469399283,-1.0839904007580918,0,BULLISH,NONE,ALIGNED,88388.0,88393.0,88373.0,3.0,True,False,bullish|88388|88373|88393,NONE,NONE,NONE,,,,,False,False,,sub3
T02186,LONG,88407,88407,88408,88408,2026-07-14T23:20:03+00:00,4049.535767363139,4046.50413336,4052.5674013662774,4052.5674013662774,win,2.7916340031388245,0.9208347710339331,0,NONE,NONE,NONE,,,,,False,False,,BULLISH,NONE,ALIGNED,88394.0,88399.0,88388.0,8.0,True,False,bullish|88394|88388|88399,sub3
T02187,SHORT,88417,88417,88418,88419,2026-07-15T00:10:03+00:00,4052.761138461115,4056.40324964,4049.11902728223,4056.40324964,loss,-3.88211117888477,-1.0658958467251558,0,NONE,NONE,NONE,,,,,False,False,,NONE,NONE,NONE,,,,,False,False,,sub3
T02188,SHORT,88429,88429,88430,88433,2026-07-15T01:10:03+00:00,4055.981307689062,4062.1924812,4049.7701341781235,4049.7701341781235,win,5.97117351093857,0.9613599588584792,0,NONE,NONE,NONE,,,,,False,False,,NONE,NONE,NONE,,,,,False,False,,sub3
T02189,LONG,88447,88447,88449,88457,2026-07-15T02:40:03+00:00,4038.7812487374367,4029.0118330799996,4048.550664394874,4029.0118330799996,loss,-10.009415657436875,-1.024566464199635,0,BULLISH,NONE,ALIGNED,88442.0,88447.0,88435.0,0.0,True,False,bullish|88442|88435|88447,BULLISH,NONE,ALIGNED,88442.0,88447.0,88435.0,0.0,True,False,bullish|88442|88435|88447,sub3
T02190,LONG,88466,88466,88467,88477,2026-07-15T04:15:03+00:00,4032.541644050718,4027.66188708,4037.421401021436,4027.66188708,loss,-5.1197569707178445,-1.0491827772243472,0,BULLISH,NONE,ALIGNED,88459.0,88464.0,88442.0,2.0,True,False,bullish|88459|88442|88464,BULLISH,NONE,ALIGNED,88459.0,88464.0,88442.0,2.0,True,False,bullish|88459|88442|88464,sub3
T02191,LONG,88482,88482,88483,88491,2026-07-15T05:35:03+00:00,4029.446212382791,4021.87511856,4037.0173062055824,4021.87511856,loss,-7.811093822791008,-1.031699514709131,0,NONE,NONE,NONE,,,,,False,False,,NONE,NONE,NONE,,,,,False,False,,sub3
T02192,LONG,88494,88494,88495,88504,2026-07-15T06:35:03+00:00,4028.565573353117,4020.9051573599995,4036.2259893462347,4020.9051573599995,loss,-7.900415993117349,-1.0313298912507372,0,NONE,NONE,NONE,,,,,False,False,,NONE,NONE,NONE,,,,,False,False,,sub3
T02193,LONG,88514,88514,88515,88521,2026-07-15T08:15:03+00:00,4023.972141956532,4017.08331024,4030.860973673064,4030.860973673064,win,6.648831716532186,0.965161001186337,0,NONE,NONE,NONE,,,,,False,False,,NONE,NONE,NONE,,,,,False,False,,sub3
T02194,SHORT,88576,88576,88577,88597,2026-07-15T13:25:03+00:00,4059.6918525412716,4074.4249704800004,4044.958734602543,4044.958734602543,win,14.493117938729029,0.9837101690899456,0,NONE,NONE,NONE,,,,,False,False,,NONE,NONE,NONE,,,,,False,False,,sub3
T02195,LONG,88619,88619,88621,88624,2026-07-15T17:00:03+00:00,4036.331437632007,4026.5219326799997,4046.140942584014,4046.140942584014,win,9.569504952007264,0.975533933549758,0,NONE,NONE,NONE,,,,,False,False,,NONE,NONE,NONE,,,,,False,False,,sub3
T02196,SHORT,88673,88673,88674,88685,2026-07-15T22:30:03+00:00,4061.4149502661567,4065.95963188,4056.8702686523134,4056.8702686523134,win,4.304681613843513,0.947191020099465,0,NONE,NONE,NONE,,,,,False,False,,NONE,NONE,NONE,,,,,False,False,,sub3
T02197,LONG,88700,88700,88701,88701,2026-07-16T00:45:03+00:00,4057.950165938628,4053.8948377199995,4062.005494157256,4053.8948377199995,loss,-4.2953282186281285,-1.0591813996453678,0,NONE,NONE,NONE,,,,,False,False,,NONE,NONE,NONE,,,,,False,False,,sub3
T02198,LONG,88728,88728,88729,88770,2026-07-16T03:05:03+00:00,4032.1895999174913,4023.91103712,4040.4681627149826,4023.91103712,loss,-8.518562797491086,-1.0289905392844891,0,BULLISH,NONE,ALIGNED,88722.0,88727.0,88708.0,1.0,True,False,bullish|88722|88708|88727,BULLISH,NONE,ALIGNED,88722.0,88727.0,88708.0,1.0,True,False,bullish|88722|88708|88727,sub3
T02199,LONG,88773,88773,88775,88794,2026-07-16T06:50:03+00:00,4029.1703889938944,4022.64108792,4035.699690067789,4035.699690067789,win,6.289301073894876,0.9632426201083994,0,NONE,NONE,NONE,,,,,False,False,,NONE,NONE,NONE,,,,,False,False,,sub3
T02200,LONG,88829,88829,88832,88832,2026-07-16T11:30:03+00:00,4028.7345283248187,4020.92315664,4036.5459000096375,4036.5459000096375,win,7.5713716848190415,0.9692755626433428,0,NONE,NONE,NONE,,,,,False,False,,NONE,NONE,NONE,,,,,False,False,,sub3
T02201,LONG,88852,88852,88853,88926,2026-07-16T13:25:03+00:00,4001.273921572949,3973.4830543199996,4029.064788825898,3973.4830543199996,loss,-28.030867252949065,-1.0086359305672374,0,NONE,NONE,NONE,,,,,False,False,,NONE,NONE,NONE,,,,,False,False,,sub3
T02202,LONG,88929,88929,88930,88970,2026-07-16T19:50:03+00:00,3979.0730922388675,3968.9522355599997,3989.1939489177353,3989.1939489177353,win,9.331556678867985,0.9220125306538692,1,BULLISH,NONE,ALIGNED,88914.0,88919.0,88903.0,10.0,True,False,bullish|88914|88903|88919,BULLISH,NONE,ALIGNED,88914.0,88919.0,88903.0,10.0,True,False,bullish|88914|88903|88919,sub3
T02203,SHORT,88973,88973,88974,88978,2026-07-17T00:30:03+00:00,3983.275776261402,3991.08763712,3975.4639154028037,3991.08763712,loss,-8.051860858598047,-1.0307225134118487,0,NONE,NONE,NONE,,,,,False,False,,NONE,NONE,NONE,,,,,False,False,,sub3
T02204,LONG,89104,89104,89105,89105,2026-07-17T11:25:03+00:00,3993.926988034642,3992.2803024,3995.573673669284,3992.2803024,loss,-1.886685634641708,-1.1457473089889254,0,NONE,NONE,NONE,,,,,False,False,,NONE,NONE,NONE,,,,,False,False,,sub3
T02205,SHORT,89105,89105,89106,89109,2026-07-17T11:30:03+00:00,3993.763297567774,3996.79086524,3990.7357298955476,3996.79086524,loss,-3.2675676722260505,-1.079271555909864,0,NONE,NONE,NONE,,,,,False,False,,NONE,NONE,NONE,,,,,False,False,,sub3
T02206,SHORT,89110,89110,89111,89112,2026-07-17T11:55:03+00:00,3994.189175003535,3999.0859570400003,3989.29239296707,3989.29239296707,win,4.656782036465302,0.9509882207922339,0,NONE,NONE,NONE,,,,,False,False,,NONE,NONE,NONE,,,,,False,False,,sub3
T02207,SHORT,89145,89145,89146,89147,2026-07-17T14:50:03+00:00,3994.28145935488,4004.74918356,3983.8137351497603,4004.74918356,loss,-10.707724205119575,-1.0229276197286892,0,NONE,NONE,NONE,,,,,False,False,,NONE,NONE,NONE,,,,,False,False,,sub3
T02208,SHORT,89165,89165,89166,89181,2026-07-17T16:30:03+00:00,4016.8173728127667,4024.0379550800003,4009.596790545533,4009.596790545533,win,6.980582267233785,0.966761683321734,0,NONE,NONE,NONE,,,,,False,False,,NONE,NONE,NONE,,,,,False,False,,sub3
T02209,LONG,89242,89242,89243,89243,2026-07-19T23:55:03+00:00,3994.008327960223,3989.05243152,3998.9642244004463,3989.05243152,loss,-5.195896440222896,-1.048427162047191,0,NONE,NONE,NONE,,,,,False,False,,NONE,NONE,NONE,,,,,False,False,,sub3
T02210,SHORT,89243,89243,89245,89247,2026-07-20T00:00:03+00:00,3992.953354427881,4003.0781167200003,3982.828592135762,4003.0781167200003,loss,-10.36476229211894,-1.0237042602162216,0,NONE,NONE,NONE,,,,,False,False,,NONE,NONE,NONE,,,,,False,False,,sub3
T02211,SHORT,89258,89258,89261,89276,2026-07-20T01:15:03+00:00,4005.266412620281,4021.2508436000003,3989.2819816405613,4021.2508436000003,loss,-16.224430979719273,-1.0150146101731294,0,NONE,NONE,NONE,,,,,False,False,,NONE,NONE,NONE,,,,,False,False,,sub3
T02212,SHORT,89285,89285,89286,89308,2026-07-20T03:30:03+00:00,4019.888269068162,4029.0261546,4010.750383536324,4010.750383536324,win,8.897885531838256,0.9737357182727253,0,NONE,NONE,NONE,,,,,False,False,,NONE,NONE,NONE,,,,,False,False,,sub3
T02213,SHORT,89349,89349,89353,89381,2026-07-20T08:50:03+00:00,4020.780129812547,4030.9252305600003,4010.6350290650935,4030.9252305600003,loss,-10.38510074745318,-1.0236567389495888,0,NONE,NONE,NONE,,,,,False,False,,NONE,NONE,NONE,,,,,False,False,,sub3
T02214,LONG,89403,89403,89404,89407,2026-07-20T13:20:03+00:00,4011.5410868928902,4006.35273948,4016.7294343057806,4016.7294343057806,win,4.948347412890598,0.9537424962323253,0,NONE,NONE,NONE,,,,,False,False,,NONE,NONE,NONE,,,,,False,False,,sub3
T02215,SHORT,89501,89501,89502,89503,2026-07-20T22:30:03+00:00,4008.089114673445,4010.91643024,4005.2617991068896,4005.2617991068896,win,2.5873155665553895,0.9151138264016987,0,NONE,NONE,NONE,,,,,False,False,,NONE,NONE,NONE,,,,,False,False,,sub3
T02216,LONG,89508,89508,89509,89521,2026-07-20T23:05:03+00:00,4005.432571023918,3999.6920059199997,4011.1731361278366,4011.1731361278366,win,4.951265103918689,0.862504825620563,1,NONE,NONE,NONE,,,,,False,False,,NONE,NONE,NONE,,,,,False,False,,sub3
T02217,SHORT,89538,89538,89539,89550,2026-07-21T01:35:03+00:00,4025.4050020524014,4036.11443812,4014.6955659848027,4036.11443812,loss,-10.949436067598526,-1.022410143585982,0,NONE,NONE,NONE,,,,,False,False,,NONE,NONE,NONE,,,,,False,False,,sub3
T02218,SHORT,89570,89570,89571,89582,2026-07-21T04:15:03+00:00,4044.288166919695,4052.2120820000005,4036.3642518393895,4052.2120820000005,loss,-8.163915080305287,-1.0302880580581044,0,BEARISH,NONE,ALIGNED,89560.0,89565.0,89534.0,5.0,False,True,bearish|89560|89534|89565,BEARISH,NONE,ALIGNED,89560.0,89565.0,89534.0,5.0,False,True,bearish|89560|89534|89565,sub3
T02219,SHORT,89605,89605,89610,89619,2026-07-21T07:10:03+00:00,4074.066673467918,4084.4333708,4063.699976135836,4063.699976135836,win,10.12669733208213,0.9768489430807388,0,NONE,NONE,NONE,,,,,False,False,,NONE,NONE,NONE,,,,,False,False,,sub3
T02220,LONG,89665,89665,89666,89667,2026-07-21T12:10:03+00:00,4058.669793998233,4054.1228285999996,4063.216759396467,4063.216759396467,win,4.306965398233842,0.9472175442344436,0,BULLISH,NONE,ALIGNED,89659.0,89664.0,89652.0,1.0,True,False,bullish|89659|89652|89664,NONE,NONE,NONE,,,,,False,False,,sub3
T02221,LONG,89672,89672,89673,89680,2026-07-21T12:45:03+00:00,4058.5946908137826,4050.81996072,4066.369420907565,4050.81996072,loss,-8.014730093782418,-1.0308692388166256,0,BULLISH,NONE,ALIGNED,89659.0,89664.0,89652.0,8.0,True,False,bullish|89659|89652|89664,NONE,NONE,NONE,,,,,False,False,,sub3
T02222,SHORT,89708,89708,89709,89740,2026-07-21T15:45:03+00:00,4073.9610635099284,4083.60533768,4064.3167893398568,4083.60533768,loss,-9.884274170071421,-1.0248852319798785,0,NONE,NONE,NONE,,,,,False,False,,NONE,NONE,NONE,,,,,False,False,,sub3
T02223,SHORT,89763,89763,89765,89768,2026-07-21T20:20:03+00:00,4083.6880951366165,4087.6554996800005,4079.7206905932326,4079.7206905932326,win,3.727404543384182,0.9395070511778273,0,NONE,NONE,NONE,,,,,False,False,,NONE,NONE,NONE,,,,,False,False,,sub3
T02224,SHORT,89780,89780,89781,89781,2026-07-21T22:45:03+00:00,4081.9049263704055,4085.3334068000004,4078.4764459408107,4078.4764459408107,win,3.1884804295950744,0.9299981420549795,0,NONE,NONE,NONE,,,,,False,False,,NONE,NONE,NONE,,,,,False,False,,sub3
T02225,LONG,89855,89855,89856,90211,2026-07-22T05:00:03+00:00,4127.882472934107,4076.6529273599995,4179.1120185082145,4076.6529273599995,loss,-52.01884557410709,-1.0154071247588563,1,NONE,NONE,NONE,,,,,False,False,,NONE,NONE,NONE,,,,,False,False,,sub3
T02226,LONG,90213,90213,90214,90219,2026-07-23T11:50:03+00:00,4084.334986013328,4072.54309176,4096.126880266656,4072.54309176,loss,-12.031894253327664,-1.0203529640652984,0,NONE,NONE,NONE,,,,,False,False,,NONE,NONE,NONE,,,,,False,False,,sub3
T02227,LONG,90233,90233,90234,90240,2026-07-23T13:30:03+00:00,4059.36813732401,4040.12638848,4078.6098861680202,4040.12638848,loss,-19.48174884400987,-1.0124728787359936,0,NONE,NONE,NONE,,,,,False,False,,NONE,NONE,NONE,,,,,False,False,,sub3
T02228,SHORT,90331,90331,90332,90336,2026-07-23T22:40:03+00:00,4049.5110903650707,4050.8950293200005,4048.127151410141,4048.127151410141,win,1.1439389549300358,0.8265819463027163,0,NONE,NONE,NONE,,,,,False,False,,BEARISH,NONE,ALIGNED,90316.0,90321.0,90309.0,10.0,False,True,bearish|90316|90309|90321,sub3
T02229,LONG,90339,90339,90340,90346,2026-07-23T23:20:03+00:00,4048.863168420139,4046.82112068,4050.905216160278,4046.82112068,loss,-2.2820477401387507,-1.1175290838124328,0,BEARISH,NONE,OPPOSED,90329.0,90334.0,90316.0,5.0,False,True,bearish|90329|90316|90334,NONE,NONE,NONE,,,,,False,False,,sub3
T02230,LONG,90352,90352,90353,90359,2026-07-24T00:25:03+00:00,4046.330733219868,4040.88935796,4051.772108479736,4040.88935796,loss,-5.681375259867764,-1.0441064967104667,0,NONE,NONE,NONE,,,,,False,False,,NONE,NONE,NONE,,,,,False,False,,sub3
T02231,LONG,90367,90367,90369,90380,2026-07-24T01:40:03+00:00,4045.5761243651127,4039.7504035199995,4051.401845210226,4039.7504035199995,loss,-6.065720845112992,-1.0411966186469612,0,NONE,NONE,NONE,,,,,False,False,,BULLISH,MOST_RECENT,ALIGNED,90361.0,90366.0,90349.0,1.0,True,True,bullish|90361|90349|90366,sub3
T02232,LONG,90400,90400,90401,90410,2026-07-24T04:25:03+00:00,4029.9108754194467,4022.8240806,4036.9976702388935,4022.8240806,loss,-7.326794819446604,-1.0338658033870545,0,NONE,NONE,NONE,,,,,False,False,,NONE,NONE,NONE,,,,,False,False,,sub3
T02233,LONG,90413,90413,90414,90418,2026-07-24T05:30:03+00:00,4027.9574858081423,4022.10210948,4033.812862136285,4022.10210948,loss,-6.095376328142265,-1.040987971831337,0,NONE,NONE,NONE,,,,,False,False,,NONE,NONE,NONE,,,,,False,False,,sub3
T02234,SHORT,90460,90460,90461,90467,2026-07-24T09:25:03+00:00,4053.7857543007094,4061.08143676,4046.4900718414187,4061.08143676,loss,-7.535682459290456,-1.0328961685680487,0,BEARISH,NONE,ALIGNED,90454.0,90459.0,90437.0,1.0,False,True,bearish|90454|90437|90459,BEARISH,NONE,ALIGNED,90454.0,90459.0,90437.0,1.0,False,True,bearish|90454|90437|90459,sub3
T02235,SHORT,90475,90475,90476,90488,2026-07-24T10:40:03+00:00,4059.0369054773932,4064.112558,4053.9612529547867,4053.9612529547867,win,4.835652522606779,0.9527154392601068,0,BEARISH,NONE,ALIGNED,90468.0,90473.0,90454.0,2.0,False,True,bearish|90468|90454|90473,BEARISH,NONE,ALIGNED,90468.0,90473.0,90454.0,2.0,False,True,bearish|90468|90454|90473,sub3
T02236,LONG,90490,90490,90491,90504,2026-07-24T11:55:03+00:00,4057.645732740497,4051.2929418,4063.998523680994,4051.2929418,loss,-6.592790940496798,-1.0377786711773966,0,BEARISH,NONE,OPPOSED,90479.0,90484.0,90468.0,6.0,False,True,bearish|90479|90468|90484,BEARISH,NONE,OPPOSED,90479.0,90484.0,90468.0,6.0,False,True,bearish|90479|90468|90484,sub3
T02237,LONG,90510,90510,90512,90512,2026-07-24T13:35:03+00:00,4051.2483133036903,4044.35621928,4058.1404073273807,4058.1404073273807,win,6.652094023690552,0.9651774918950866,0,NONE,NONE,NONE,,,,,False,False,,NONE,NONE,NONE,,,,,False,False,,sub3
T02238,SHORT,90522,90522,90523,90529,2026-07-24T14:35:03+00:00,4060.662284289373,4070.16480008,4051.159768498746,4070.16480008,loss,-9.74251579062684,-1.0252564694748005,0,NONE,NONE,NONE,,,,,False,False,,NONE,NONE,NONE,,,,,False,False,,sub3
T02239,SHORT,90613,90613,90614,90623,2026-07-26T23:10:03+00:00,4085.5036978592498,4096.71686212,4074.2905335984997,4096.71686212,loss,-11.453164260749872,-1.0214034142744046,1,NONE,NONE,NONE,,,,,False,False,,NONE,NONE,NONE,,,,,False,False,,sub3
T02240,SHORT,90628,90628,90629,90784,2026-07-27T00:25:03+00:00,4098.56189740668,4116.3866488799995,4080.737145933361,4080.737145933361,win,17.584751473319557,0.9865355766469439,0,NONE,NONE,NONE,,,,,False,False,,NONE,NONE,NONE,,,,,False,False,,sub3
T02241,LONG,90786,90786,90790,90790,2026-07-27T13:35:03+00:00,4083.5133836486593,4075.2169848,4091.809782497319,4075.2169848,loss,-8.536398848659246,-1.0289282138404618,0,NONE,NONE,NONE,,,,,False,False,,NONE,NONE,NONE,,,,,False,False,,sub3
T02242,LONG,90802,90802,90803,90816,2026-07-27T14:55:03+00:00,4073.6700855495274,4065.00539328,4082.3347778190546,4082.3347778190546,win,8.42469226952744,0.97230138214558,0,NONE,NONE,NONE,,,,,False,False,,NONE,NONE,NONE,,,,,False,False,,sub3
T02243,LONG,90898,90898,90899,90899,2026-07-27T23:55:03+00:00,4072.9117706071474,4069.7172047999998,4076.106336414295,4069.7172047999998,loss,-3.4345658071474645,-1.0751275805503189,0,NONE,NONE,NONE,,,,,False,False,,NONE,NONE,NONE,,,,,False,False,,sub3
T02244,LONG,91029,91029,91033,91047,2026-07-28T10:50:03+00:00,4025.0701275344054,4016.61632892,4033.523926148811,4033.523926148811,win,8.213798614405732,0.9716103954036929,0,BULLISH,NONE,ALIGNED,91024.0,91029.0,91018.0,0.0,True,False,bullish|91024|91018|91029,BULLISH,NONE,ALIGNED,91024.0,91029.0,91018.0,0.0,True,False,bullish|91024|91018|91029,sub3
T02245,SHORT,91049,91049,91050,91052,2026-07-28T12:30:03+00:00,4029.2121320955184,4035.2414032,4023.1828609910367,4035.2414032,loss,-6.269271104481504,-1.0398058066789173,0,NONE,NONE,NONE,,,,,False,False,,NONE,NONE,NONE,,,,,False,False,,sub3
T02246,SHORT,91054,91054,91055,91062,2026-07-28T12:55:03+00:00,4030.543610695907,4038.261524,4022.8256973918137,4022.8256973918137,win,7.477913304093363,0.9689035117986491,0,NONE,NONE,NONE,,,,,False,False,,NONE,NONE,NONE,,,,,False,False,,sub3
T02247,LONG,91068,91068,91069,91071,2026-07-28T14:05:03+00:00,4027.5498249899247,4019.96619492,4035.1334550598494,4019.96619492,loss,-7.823630069924548,-1.031647113293616,0,BEARISH,NONE,OPPOSED,91059.0,91064.0,91048.0,4.0,False,True,bearish|91059|91048|91064,BEARISH,NONE,OPPOSED,91059.0,91064.0,91048.0,4.0,False,True,bearish|91059|91048|91064,sub3
T02248,LONG,91076,91076,91080,91083,2026-07-28T14:45:03+00:00,4023.8906325445923,4011.1315483199996,4036.649716769185,4036.649716769185,win,12.519084224592916,0.9811898725821411,0,NONE,NONE,NONE,,,,,False,False,,NONE,NONE,NONE,,,,,False,False,,sub3
T02249,LONG,91165,91165,91166,91174,2026-07-28T23:10:03+00:00,4019.7709843000976,4013.7224446799996,4025.8195239201955,4025.8195239201955,win,5.808539620098145,0.9603210005928843,0,NONE,NONE,NONE,,,,,False,False,,NONE,NONE,NONE,,,,,False,False,,sub3
T02250,SHORT,91184,91184,91185,91187,2026-07-29T00:45:03+00:00,4022.897845029182,4030.21420212,4015.581487938364,4015.581487938364,win,7.076357090818419,0.967196789738301,0,NONE,NONE,NONE,,,,,False,False,,NONE,NONE,NONE,,,,,False,False,,sub3
T02251,LONG,91192,91192,91193,91194,2026-07-29T01:25:03+00:00,4018.1536864895406,4009.83760008,4026.4697728990814,4026.4697728990814,win,8.076086409540949,0.9711402710144476,0,BEARISH,NONE,OPPOSED,91183.0,91188.0,91174.0,4.0,False,True,bearish|91183|91174|91188,BEARISH,NONE,OPPOSED,91183.0,91188.0,91174.0,4.0,False,True,bearish|91183|91174|91188,sub3
T02252,SHORT,91209,91209,91210,91223,2026-07-29T02:50:03+00:00,4030.2336610987186,4038.1715204,4022.295801797437,4022.295801797437,win,7.697859301281824,0.9697651481475575,0,NONE,NONE,NONE,,,,,False,False,,NONE,NONE,NONE,,,,,False,False,,sub3
T02253,SHORT,91269,91269,91270,91273,2026-07-29T07:50:03+00:00,4044.2290343886766,4047.9369110000002,4040.521157777353,4040.521157777353,win,3.4678766113238453,0.9352729270259866,0,NONE,NONE,NONE,,,,,False,False,,NONE,NONE,NONE,,,,,False,False,,sub3
T02254,LONG,91330,91330,91331,91341,2026-07-29T12:55:03+00:00,4022.460161943268,4008.9746346,4035.9456892865355,4008.9746346,loss,-13.725527343267458,-1.0177968568740914,0,NONE,NONE,NONE,,,,,False,False,,NONE,NONE,NONE,,,,,False,False,,sub3
T02255,LONG,91347,91347,91348,91377,2026-07-29T14:20:03+00:00,4009.206134819428,3995.6761665599997,4022.736103078856,4022.736103078856,win,13.289968259428406,0.9822615991850135,0,NONE,NONE,NONE,,,,,False,False,,NONE,NONE,NONE,,,,,False,False,,sub3
T02256,SHORT,91397,91397,91398,91399,2026-07-29T18:30:03+00:00,4059.777579697819,4086.2954452800004,4033.2597141156375,4086.2954452800004,loss,-26.75786558218124,-1.009050502170169,0,NONE,NONE,NONE,,,,,False,False,,NONE,NONE,NONE,,,,,False,False,,sub3
T02257,LONG,91517,91517,91518,91518,2026-07-30T05:30:03+00:00,4047.2669324980507,4037.22550452,4057.3083604761014,4037.22550452,loss,-10.281427978050488,-1.023900983059819,0,NONE,NONE,NONE,,,,,False,False,,NONE,NONE,NONE,,,,,False,False,,sub3
T02258,LONG,91527,91527,91528,91535,2026-07-30T06:20:03+00:00,4037.0568253717943,4028.22086472,4045.8927860235885,4045.8927860235885,win,8.595960651794485,0.9728382674552714,0,NONE,NONE,NONE,,,,,False,False,,NONE,NONE,NONE,,,,,False,False,,sub3
T02259,SHORT,91588,91588,91589,91596,2026-07-30T11:25:03+00:00,4078.035794062458,4081.97127232,4074.100315804916,4081.97127232,loss,-4.175478257541727,-1.0609836935421626,0,NONE,NONE,NONE,,,,,False,False,,NONE,NONE,NONE,,,,,False,False,,sub3
T02260,LONG,91602,91602,91603,91605,2026-07-30T12:35:03+00:00,4077.185899589012,4071.31314096,4083.058658218024,4071.31314096,loss,-6.112758629011751,-1.0408666548654255,0,BEARISH,NONE,OPPOSED,91596.0,91601.0,91579.0,1.0,False,True,bearish|91596|91579|91601,NONE,NONE,NONE,,,,,False,False,,sub3
T02261,LONG,91609,91609,91610,91611,2026-07-30T13:10:03+00:00,4074.173942107539,4064.7724025999996,4083.5754816150784,4083.5754816150784,win,9.161539507539601,0.9744722659722571,0,BEARISH,NONE,OPPOSED,91596.0,91601.0,91579.0,8.0,False,True,bearish|91596|91579|91601,NONE,NONE,NONE,,,,,False,False,,sub3
T02262,SHORT,91622,91622,91623,91823,2026-07-30T14:15:03+00:00,4093.5591366537174,4120.57681648,4066.5414568274346,4066.5414568274346,win,26.77767982628302,0.9911169278212295,1,NONE,NONE,NONE,,,,,False,False,,NONE,NONE,NONE,,,,,False,False,,sub3
T02263,LONG,91844,91844,91846,91876,2026-07-31T09:45:03+00:00,4055.641073706327,4049.8459996799997,4061.4361477326543,4049.8459996799997,loss,-6.035074026327038,-1.0414144839064094,0,BULLISH,NONE,ALIGNED,91829.0,91834.0,91823.0,10.0,True,False,bullish|91829|91823|91834,BULLISH,NONE,ALIGNED,91829.0,91834.0,91823.0,10.0,True,False,bullish|91829|91823|91834,sub3
T02264,LONG,91887,91887,91888,91890,2026-07-31T13:20:03+00:00,4043.0338457681555,4034.3356201199995,4051.7320714163116,4034.3356201199995,loss,-8.938225648155822,-1.0275918342093895,0,NONE,NONE,NONE,,,,,False,False,,NONE,NONE,NONE,,,,,False,False,,sub3
T02265,LONG,91897,91897,91898,91903,2026-07-31T14:10:03+00:00,4031.674324581973,4020.714165,4042.634484163946,4042.634484163946,win,10.720159581973348,0.9781025086172537,0,NONE,NONE,NONE,,,,,False,False,,NONE,NONE,NONE,,,,,False,False,,sub3
T02266,SHORT,91990,91990,91991,92018,2026-08-02T22:55:03+00:00,4063.97896114417,4079.5561757200003,4048.40174656834,4048.40174656834,win,15.33721457583033,0.984592880913885,1,NONE,NONE,NONE,,,,,False,False,,NONE,NONE,NONE,,,,,False,False,,sub3
T02267,LONG,92026,92026,92029,92036,2026-08-03T01:55:03+00:00,4054.7644703347655,4047.1041093599997,4062.4248313095313,4062.4248313095313,win,7.420360974766027,0.9686698837312795,0,NONE,NONE,NONE,,,,,False,False,,NONE,NONE,NONE,,,,,False,False,,sub3
T02268,LONG,92120,92120,92122,92133,2026-08-03T09:45:03+00:00,4055.2614085296536,4046.3571392399995,4064.165677819308,4046.3571392399995,loss,-9.144269289653948,-1.026953362728892,0,NONE,NONE,NONE,,,,,False,False,,NONE,NONE,NONE,,,,,False,False,,sub3
T02269,LONG,92135,92135,92136,92139,2026-08-03T11:00:03+00:00,4051.5652932823014,4045.50617328,4057.6244132846027,4045.50617328,loss,-6.2991200023011515,-1.0396097122863757,0,NONE,NONE,NONE,,,,,False,False,,NONE,NONE,NONE,,,,,False,False,,sub3
T02270,LONG,92141,92141,92142,92143,2026-08-03T11:30:03+00:00,4050.0262663429376,4045.0981896,4054.9543430858753,4054.9543430858753,win,4.6880767429379375,0.9512994597042916,0,NONE,NONE,NONE,,,,,False,False,,BULLISH,NONE,ALIGNED,92133.0,92138.0,92117.0,3.0,True,False,bullish|92133|92117|92138,sub3
T02271,SHORT,92149,92149,92150,92153,2026-08-03T12:10:03+00:00,4056.4318178852973,4064.88058872,4047.9830470505945,4047.9830470505945,win,8.208770834703046,0.9715935010316535,0,BULLISH,NONE,OPPOSED,92139.0,92144.0,92133.0,5.0,True,False,bullish|92139|92133|92144,BULLISH,NONE,OPPOSED,92139.0,92144.0,92133.0,5.0,True,False,bullish|92139|92133|92144,sub3
T02272,LONG,92173,92173,92174,92231,2026-08-03T14:10:03+00:00,4032.856256524059,4018.75724328,4046.9552697681183,4046.9552697681183,win,13.859013244059497,0.9829775321261645,0,NONE,NONE,NONE,,,,,False,False,,NONE,NONE,NONE,,,,,False,False,,sub3
T02273,LONG,92261,92261,92262,92279,2026-08-03T22:30:03+00:00,4052.698179018316,4049.05103148,4056.345326556632,4056.345326556632,win,2.857847538316167,0.7835842965748961,1,BEARISH,NONE,OPPOSED,92249.0,92254.0,92240.0,7.0,False,True,bearish|92249|92240|92254,BEARISH,NONE,OPPOSED,92249.0,92254.0,92240.0,7.0,False,True,bearish|92249|92240|92254,sub3
T02274,SHORT,92286,92286,92287,92291,2026-08-04T00:35:03+00:00,4058.4141871591105,4069.55877584,4047.269598478221,4047.269598478221,win,10.904588680889901,0.9784648848986841,0,NONE,NONE,NONE,,,,,False,False,,NONE,NONE,NONE,,,,,False,False,,sub3
T02275,SHORT,92424,92424,92426,92431,2026-08-04T12:05:03+00:00,4065.7826323206973,4084.47037228,4047.0948923613946,4084.47037228,loss,-18.92773995930247,-1.0128426444568708,0,NONE,NONE,NONE,,,,,False,False,,NONE,NONE,NONE,,,,,False,False,,sub3
T02276,SHORT,92434,92434,92439,92439,2026-08-04T12:55:03+00:00,4071.9609649099248,4084.6533796,4059.2685502198497,4084.6533796,loss,-12.932414690074893,-1.0189089315043773,0,NONE,NONE,NONE,,,,,False,False,,NONE,NONE,NONE,,,,,False,False,,sub3
T02277,SHORT,92450,92450,92451,92454,2026-08-04T14:15:03+00:00,4084.1220336871183,4093.9287506,4074.3153167742366,4074.3153167742366,win,9.56671691288193,0.9755269778732445,0,BEARISH,NONE,ALIGNED,92442.0,92447.0,92430.0,3.0,False,True,bearish|92442|92430|92447,BEARISH,NONE,ALIGNED,92442.0,92447.0,92430.0,3.0,False,True,bearish|92442|92430|92447,sub3
T02278,SHORT,92488,92488,92489,92501,2026-08-04T17:25:03+00:00,4094.802988704344,4106.44625128,4083.159726128688,4083.159726128688,win,11.4032625756563,0.9793872208549537,0,NONE,NONE,NONE,,,,,False,False,,NONE,NONE,NONE,,,,,False,False,,sub3
T02279,SHORT,92532,92532,92533,92534,2026-08-04T22:05:03+00:00,4077.6013963027835,4078.8511475200003,4076.351645085567,4076.351645085567,win,1.0097512172169445,0.8079617793577536,0,BULLISH,NONE,OPPOSED,92523.0,92528.0,92503.0,4.0,True,False,bullish|92523|92503|92528,BULLISH,NONE,OPPOSED,92523.0,92528.0,92503.0,4.0,True,False,bullish|92523|92503|92528,sub3
T02280,LONG,92535,92535,92536,92536,2026-08-04T22:20:03+00:00,4077.45448269413,4075.5909698399996,4079.3179955482606,4079.3179955482606,win,1.623512854130695,0.8712109769096459,0,BULLISH,NONE,ALIGNED,92523.0,92528.0,92503.0,7.0,True,False,bullish|92523|92503|92528,BULLISH,NONE,ALIGNED,92523.0,92528.0,92503.0,7.0,True,False,bullish|92523|92503|92528,sub3
T02281,LONG,92554,92554,92555,92560,2026-08-04T23:55:03+00:00,4071.8448585642486,4065.20438532,4078.4853318084974,4078.4853318084974,win,6.400473244249042,0.9638579975896084,0,NONE,NONE,NONE,,,,,False,False,,NONE,NONE,NONE,,,,,False,False,,sub3
T02282,SHORT,92610,92610,92611,92619,2026-08-05T04:35:03+00:00,4134.873155606576,4141.67166024,4128.074650973152,4141.67166024,loss,-7.038504633424054,-1.0353018807724044,0,NONE,NONE,NONE,,,,,False,False,,NONE,NONE,NONE,,,,,False,False,,sub3
T02283,SHORT,92640,92640,92641,92660,2026-08-05T07:05:03+00:00,4170.55792483605,4179.77818444,4161.3376652321,4161.3376652321,win,8.98025960394989,0.9739703641427869,0,NONE,NONE,NONE,,,,,False,False,,NONE,NONE,NONE,,,,,False,False,,sub3
T02284,SHORT,92707,92707,92708,92724,2026-08-05T12:40:03+00:00,4195.677010400198,4213.67054008,4177.683480720396,4213.67054008,loss,-18.233529679801904,-1.0133381278865583,0,NONE,NONE,NONE,,,,,False,False,,NONE,NONE,NONE,,,,,False,False,,sub3
T02285,SHORT,92784,92784,92785,92790,2026-08-05T19:05:03+00:00,4258.1374438291705,4268.02871432,4248.246173338341,4248.246173338341,win,9.65127049083003,0.9757361806835345,0,NONE,NONE,NONE,,,,,False,False,,NONE,NONE,NONE,,,,,False,False,,sub3
T02286,SHORT,92808,92808,92809,92820,2026-08-05T22:05:03+00:00,4247.140904789436,4254.24416296,4240.037646618872,4254.24416296,loss,-7.353258170564004,-1.0351951166629425,0,NONE,NONE,NONE,,,,,False,False,,NONE,NONE,NONE,,,,,False,False,,sub3
T02287,SHORT,92831,92831,92832,92835,2026-08-06T00:00:03+00:00,4268.2920325146315,4282.15927952,4254.424785509263,4282.15927952,loss,-14.107247005368663,-1.017306967987724,0,NONE,NONE,NONE,,,,,False,False,,NONE,NONE,NONE,,,,,False,False,,sub3
T02288,SHORT,92845,92845,92846,92856,2026-08-06T01:10:03+00:00,4286.658547577575,4303.13611856,4270.180976595149,4303.13611856,loss,-16.727570982425277,-1.0151721391621766,0,NONE,NONE,NONE,,,,,False,False,,NONE,NONE,NONE,,,,,False,False,,sub3
T02289,LONG,92974,92974,92975,92978,2026-08-06T11:55:03+00:00,4262.854665412993,4253.7898416,4271.919489225987,4253.7898416,loss,-9.304823812993163,-1.0264759696328316,0,NONE,NONE,NONE,,,,,False,False,,NONE,NONE,NONE,,,,,False,False,,sub3
T02290,LONG,92980,92980,92981,92981,2026-08-06T12:25:03+00:00,4260.804281431419,4252.9598748,4268.648688062839,4268.648688062839,win,7.604406631419806,0.9694049516711056,0,NONE,NONE,NONE,,,,,False,False,,NONE,NONE,NONE,,,,,False,False,,sub3
T02291,SHORT,93003,93003,93004,93017,2026-08-06T14:20:03+00:00,4262.393894692355,4275.538014680001,4249.24977470471,4249.24977470471,win,12.904119987645572,0.9817408848804358,0,NONE,NONE,NONE,,,,,False,False,,NONE,NONE,NONE,,,,,False,False,,sub3
T02292,LONG,93032,93032,93033,93061,2026-08-06T16:45:03+00:00,4236.351347724457,4222.97807412,4249.724621328914,4249.724621328914,win,13.133273604456917,0.9820537583318567,0,NONE,NONE,NONE,,,,,False,False,,NONE,NONE,NONE,,,,,False,False,,sub3
T02293,LONG,93086,93086,93087,93096,2026-08-06T22:15:03+00:00,4239.874351031021,4235.5855698,4244.163132262043,4244.163132262043,win,4.048781231022076,0.944040046094261,0,NONE,NONE,NONE,,,,,False,False,,NONE,NONE,NONE,,,,,False,False,,sub3
T02294,SHORT,93163,93163,93164,93169,2026-08-07T04:40:03+00:00,4263.793707427523,4269.448771120001,4258.138643735046,4269.448771120001,loss,-5.895063692477379,-1.042439840300832,0,NONE,NONE,NONE,,,,,False,False,,NONE,NONE,NONE,,,,,False,False,,sub3
T02295,SHORT,93195,93195,93202,93205,2026-08-07T07:20:03+00:00,4289.666820334055,4298.98895268,4280.34468798811,4298.98895268,loss,-9.56213234594452,-1.0257451826570758,0,BEARISH,NONE,ALIGNED,93190.0,93195.0,93182.0,0.0,False,True,bearish|93190|93182|93195,BEARISH,NONE,ALIGNED,93190.0,93195.0,93182.0,0.0,False,True,bearish|93190|93182|93195,sub3
T02296,SHORT,93221,93221,93222,93223,2026-08-07T09:30:03+00:00,4305.077028035995,4316.97167196,4293.182384111989,4316.97167196,loss,-12.134643924005104,-1.0201771487682303,0,NONE,NONE,NONE,,,,,False,False,,NONE,NONE,NONE,,,,,False,False,,sub3
T02297,SHORT,93229,93229,93230,93239,2026-08-07T10:10:03+00:00,4311.493929145407,4320.946830960001,4302.0410273308125,4320.946830960001,loss,-9.692901814593824,-1.0253890291792995,0,NONE,NONE,NONE,,,,,False,False,,NONE,NONE,NONE,,,,,False,False,,sub3
T02298,SHORT,93250,93250,93251,93252,2026-08-07T11:55:03+00:00,4322.271848817759,4328.02111392,4316.522583715518,4316.522583715518,win,5.499265102241225,0.9565161815372641,0,BEARISH,NONE,ALIGNED,93240.0,93245.0,93225.0,5.0,False,True,bearish|93240|93225|93245,BEARISH,NONE,ALIGNED,93240.0,93245.0,93225.0,5.0,False,True,bearish|93240|93225|93245,sub3
T02299,SHORT,93266,93266,93267,93396,2026-08-07T13:15:03+00:00,4347.43233083793,4372.0448748,4322.81978687586,4322.81978687586,win,24.35254396206983,0.9894362809305328,3,NONE,NONE,NONE,,,,,False,False,,NONE,NONE,NONE,,,,,False,False,,sub3
T02300,LONG,93408,93408,93409,93433,2026-08-10T02:05:03+00:00,4322.777887498637,4313.00647284,4332.549302157274,4332.549302157274,win,9.511414658636568,0.9733917749800528,0,NONE,NONE,NONE,,,,,False,False,,NONE,NONE,NONE,,,,,False,False,,sub3
T02301,SHORT,93465,93465,93466,93476,2026-08-10T09:05:03+00:00,4348.025156987643,4356.50725332,4339.543060655285,4339.543060655285,win,8.232096332357287,0.970526154124623,0,NONE,NONE,NONE,,,,,False,False,,NONE,NONE,NONE,,,,,False,False,,sub3
T02302,LONG,93494,93494,93495,93503,2026-08-10T11:30:03+00:00,4335.839190952427,4328.6248480799995,4343.053533824855,4328.6248480799995,loss,-7.464342872427551,-1.0346531907923968,0,NONE,NONE,NONE,,,,,False,False,,NONE,NONE,NONE,,,,,False,False,,sub3
T02303,LONG,93509,93509,93510,93518,2026-08-10T12:45:03+00:00,4331.125176536541,4323.785041679999,4338.4653113930835,4338.4653113930835,win,7.090134856542136,0.9659406802618647,0,BULLISH,NONE,ALIGNED,93504.0,93509.0,93491.0,0.0,True,False,bullish|93504|93491|93509,BULLISH,NONE,ALIGNED,93504.0,93509.0,93491.0,0.0,True,False,bullish|93504|93491|93509,sub3
T02304,SHORT,93554,93554,93555,93567,2026-08-10T16:30:03+00:00,4357.584080414551,4365.06659568,4350.101565149102,4365.06659568,loss,-7.732515265449365,-1.033411224853009,0,NONE,NONE,NONE,,,,,False,False,,NONE,NONE,NONE,,,,,False,False,,sub3
T02305,SHORT,93570,93570,93571,93577,2026-08-10T17:50:03+00:00,4359.230230621491,4365.80862536,4352.651835882981,4365.80862536,loss,-6.8283947385098145,-1.0380031922585162,0,NONE,NONE,NONE,,,,,False,False,,NONE,NONE,NONE,,,,,False,False,,sub3
T02306,SHORT,93595,93595,93596,93614,2026-08-10T20:05:03+00:00,4386.338856670591,4395.4928126800005,4377.184900661181,4395.4928126800005,loss,-9.413956009409958,-1.0284030204791188,0,BEARISH,NONE,ALIGNED,93587.0,93592.0,93579.0,3.0,False,True,bearish|93587|93579|93592,BEARISH,NONE,ALIGNED,93587.0,93592.0,93579.0,3.0,False,True,bearish|93587|93579|93592,sub3
T02307,SHORT,93621,93621,93622,93629,2026-08-10T23:15:03+00:00,4395.743508759828,4402.360087360001,4389.126930159655,4402.360087360001,loss,-6.876578600173161,-1.039295233339089,0,NONE,NONE,NONE,,,,,False,False,,NONE,NONE,NONE,,,,,False,False,,sub3
T02308,SHORT,93642,93642,93643,93645,2026-08-11T01:00:03+00:00,4407.666006755986,4419.55977532,4395.772238191972,4419.55977532,loss,-12.153768564014172,-1.0218601865843329,0,NONE,NONE,NONE,,,,,False,False,,NONE,NONE,NONE,,,,,False,False,,sub3
T02309,SHORT,93769,93769,93770,93775,2026-08-11T11:35:03+00:00,4385.005658444947,4391.485652400001,4378.525664489893,4391.485652400001,loss,-6.73999395505416,-1.040123494219842,0,NONE,NONE,NONE,,,,,False,False,,NONE,NONE,NONE,,,,,False,False,,sub3
T02310,SHORT,93778,93778,93779,93783,2026-08-11T12:20:03+00:00,4389.6969061482905,4399.7939847200005,4379.5998275765805,4399.7939847200005,loss,-10.35707857171019,-1.0257500224598317,0,NONE,NONE,NONE,,,,,False,False,,NONE,NONE,NONE,,,,,False,False,,sub3
T02311,SHORT,93792,93792,93793,93794,2026-08-11T13:30:03+00:00,4394.46940959607,4401.201041,4387.7377781921405,4401.201041,loss,-6.991631403930114,-1.0386236239626,0,NONE,NONE,NONE,,,,,False,False,,NONE,NONE,NONE,,,,,False,False,,sub3
T02312,SHORT,93795,93795,93796,93796,2026-08-11T13:45:03+00:00,4395.767127980141,4404.42016976,4387.114086200281,4387.114086200281,win,8.393041779859232,0.9699527626683386,0,NONE,NONE,NONE,,,,,False,False,,NONE,NONE,NONE,,,,,False,False,,sub3
T02313,SHORT,93811,93811,93812,93816,2026-08-11T15:05:03+00:00,4392.061362699773,4404.42016976,4379.702555639546,4379.702555639546,win,12.098807060227045,0.9789623708232372,0,NONE,NONE,NONE,,,,,False,False,,NONE,NONE,NONE,,,,,False,False,,sub3
T02314,LONG,93821,93821,93822,93846,2026-08-11T15:55:03+00:00,4382.429794748097,4368.83123976,4396.028349736194,4368.83123976,loss,-13.85855498809724,-1.0191196785414185,0,NONE,NONE,NONE,,,,,False,False,,BEARISH,NONE,OPPOSED,93810.0,93815.0,93776.0,6.0,False,True,bearish|93810|93776|93815,sub3
T02315,LONG,93853,93853,93854,93888,2026-08-11T18:35:03+00:00,4368.6970332741585,4359.931595759999,4377.462470788318,4377.462470788318,win,8.505437514158984,0.9703380464945157,0,NONE,NONE,NONE,,,,,False,False,,NONE,NONE,NONE,,,,,False,False,,sub3
T02316,SHORT,93892,93892,93893,93893,2026-08-11T22:50:03+00:00,4374.188085413142,4378.46113144,4369.915039386285,4369.915039386285,win,4.033046026857846,0.9438339773334301,0,NONE,NONE,NONE,,,,,False,False,,NONE,NONE,NONE,,,,,False,False,,sub3
T02317,LONG,93897,93897,93899,93908,2026-08-11T23:15:03+00:00,4370.324507162462,4362.20950464,4378.439509684925,4378.439509684925,win,6.2071025224622005,0.7648922480653421,1,NONE,NONE,NONE,,,,,False,False,,NONE,NONE,NONE,,,,,False,False,,sub3
T02318,SHORT,93946,93946,93947,93956,2026-08-12T03:20:03+00:00,4406.771380883543,4416.5116534,4397.031108367087,4397.031108367087,win,9.480272516456353,0.9733067016799645,0,NONE,NONE,NONE,,,,,False,False,,NONE,NONE,NONE,,,,,False,False,,sub3
T02319,SHORT,94024,94024,94025,94055,2026-08-12T09:50:03+00:00,4412.375545519798,4424.43497032,4400.316120719596,4424.43497032,loss,-12.319424800201887,-1.0215599006012186,0,NONE,NONE,NONE,,,,,False,False,,NONE,NONE,NONE,,,,,False,False,,sub3
T02320,LONG,94055,94055,94056,94056,2026-08-12T12:25:03+00:00,4412.689742567166,4404.433815599999,4420.945669534332,4404.433815599999,loss,-8.515926967166706,-1.031492526645915,0,NONE,NONE,NONE,,,,,False,False,,NONE,NONE,NONE,,,,,False,False,,sub3
T02321,SHORT,94064,94064,94065,94107,2026-08-12T13:10:03+00:00,4424.809393112195,4441.48365224,4408.1351339843895,4408.1351339843895,win,16.414259127805053,0.9844071033077174,0,NONE,NONE,NONE,,,,,False,False,,NONE,NONE,NONE,,,,,False,False,,sub3
T02322,SHORT,94193,94193,94194,94205,2026-08-13T00:55:03+00:00,4428.481584469687,4449.9329902,4407.030178739374,4407.030178739374,win,21.19140573031291,0.9878795821929371,0,NONE,NONE,NONE,,,,,False,False,,NONE,NONE,NONE,,,,,False,False,,sub3
T02323,LONG,94264,94264,94266,94278,2026-08-13T06:50:03+00:00,4378.950948214571,4368.63824748,4389.263648949142,4368.63824748,loss,-10.572700734571299,-1.0252116304634562,0,NONE,NONE,NONE,,,,,False,False,,NONE,NONE,NONE,,,,,False,False,,sub3
T02324,LONG,94327,94327,94328,94332,2026-08-13T12:05:03+00:00,4387.94149487635,4382.509692600001,4393.373297152699,4382.509692600001,loss,-5.691802276349335,-1.0478662489487693,0,NONE,NONE,NONE,,,,,False,False,,NONE,NONE,NONE,,,,,False,False,,sub3
T02325,SHORT,94341,94341,94342,94344,2026-08-13T13:15:03+00:00,4392.901996249706,4402.459091320001,4383.344901179411,4383.344901179411,win,9.297095070294745,0.9727950807135589,0,NONE,NONE,NONE,,,,,False,False,,NONE,NONE,NONE,,,,,False,False,,sub3
T02326,LONG,94357,94357,94363,94376,2026-08-13T14:35:03+00:00,4375.789349101866,4357.07271012,4394.505988083732,4357.07271012,loss,-18.976638981866017,-1.0138913829695666,0,NONE,NONE,NONE,,,,,False,False,,NONE,NONE,NONE,,,,,False,False,,sub3
T02327,LONG,94427,94427,94428,94439,2026-08-13T20:25:03+00:00,4350.659202697989,4343.40225696,4357.916148435977,4357.916148435977,win,6.996945737988426,0.9641722551900629,0,NONE,NONE,NONE,,,,,False,False,,NONE,NONE,NONE,,,,,False,False,,sub3
T02328,SHORT,94443,94443,94444,94451,2026-08-13T22:45:03+00:00,4355.958380476095,4362.9945128,4348.92224815219,4362.9945128,loss,-7.296132323905113,-1.0369521191517224,0,NONE,NONE,NONE,,,,,False,False,,NONE,NONE,NONE,,,,,False,False,,sub3
T02329,SHORT,94456,94456,94457,94459,2026-08-13T23:50:03+00:00,4359.387806159096,4364.40756932,4354.368042998191,4354.368042998191,win,4.769763160904404,0.950196853519488,1,BEARISH,NONE,ALIGNED,94451.0,94456.0,94441.0,0.0,False,True,bearish|94451|94441|94456,BEARISH,NONE,ALIGNED,94451.0,94456.0,94441.0,0.0,False,True,bearish|94451|94441|94456,sub3
T02330,LONG,94488,94488,94489,94498,2026-08-14T02:30:03+00:00,4318.12783950069,4310.59856916,4325.657109841381,4325.657109841381,win,7.269270340690127,0.9654681013915647,0,NONE,NONE,NONE,,,,,False,False,,NONE,NONE,NONE,,,,,False,False,,sub3
T02331,SHORT,94610,94610,94611,94620,2026-08-14T12:40:03+00:00,4372.662984129453,4387.21148144,4358.114486818907,4387.21148144,loss,-14.808497310546954,-1.0178712615090313,0,NONE,NONE,NONE,,,,,False,False,,NONE,NONE,NONE,,,,,False,False,,sub3
T02332,SHORT,94624,94624,94625,94683,2026-08-14T13:50:03+00:00,4384.666444228243,4397.18388032,4372.1490081364855,4372.1490081364855,win,12.257436091756972,0.9792289732422577,0,NONE,NONE,NONE,,,,,False,False,,NONE,NONE,NONE,,,,,False,False,,sub3
T02333,LONG,94711,94711,94712,94712,2026-08-16T22:05:03+00:00,4375.112550794523,4372.0101126,4378.214988989045,4378.214988989045,win,2.8424381945224013,0.9161949461364773,0,BULLISH,NONE,ALIGNED,94699.0,94704.0,94686.0,7.0,True,False,bullish|94699|94686|94704,BULLISH,NONE,ALIGNED,94699.0,94704.0,94686.0,7.0,True,False,bullish|94699|94686|94704,sub3
T02334,SHORT,94713,94713,94714,94719,2026-08-16T22:15:03+00:00,4374.98743577596,4379.57717608,4370.39769547192,4379.57717608,loss,-4.8397403040398785,-1.0544693127364855,0,BULLISH,NONE,OPPOSED,94699.0,94704.0,94686.0,9.0,True,False,bullish|94699|94686|94704,BULLISH,NONE,OPPOSED,94699.0,94704.0,94686.0,9.0,True,False,bullish|94699|94686|94704,sub3
T02335,SHORT,94724,94724,94725,94727,2026-08-16T23:10:03+00:00,4379.981828649857,4387.03747448,4372.926182819713,4372.926182819713,win,6.795645830143258,0.9631500777874318,0,NONE,NONE,NONE,,,,,False,False,,NONE,NONE,NONE,,,,,False,False,,sub3
T02336,LONG,94734,94734,94735,94737,2026-08-17T00:00:03+00:00,4373.763768753351,4366.87631796,4380.651219546701,4380.651219546701,win,6.627450793350363,0.9622501840229142,0,NONE,NONE,NONE,,,,,False,False,,NONE,NONE,NONE,,,,,False,False,,sub3
T02337,SHORT,94753,94753,94754,94796,2026-08-17T01:35:03+00:00,4401.799516056238,4416.76066336,4386.838368752476,4386.838368752476,win,14.7011473037619,0.9826216536257992,0,NONE,NONE,NONE,,,,,False,False,,NONE,NONE,NONE,,,,,False,False,,sub3
T02338,LONG,94892,94892,94893,94900,2026-08-17T13:10:03+00:00,4386.458139114711,4377.10790868,4395.808369549422,4395.808369549422,win,9.090230434710975,0.9721931986793597,0,NONE,NONE,NONE,,,,,False,False,,NONE,NONE,NONE,,,,,False,False,,sub3
T02339,SHORT,94922,94922,94923,94925,2026-08-17T15:40:03+00:00,4419.847168741582,4427.827106,4411.867231483165,4427.827106,loss,-8.23993725841774,-1.032581709803039,0,NONE,NONE,NONE,,,,,False,False,,NONE,NONE,NONE,,,,,False,False,,sub3
T02340,SHORT,94932,94932,94933,94941,2026-08-17T16:30:03+00:00,4424.215810862367,4429.045154720001,4419.386467004733,4419.386467004733,win,4.569343857633612,0.9461624585730768,0,BEARISH,NONE,ALIGNED,94925.0,94930.0,94919.0,2.0,False,True,bearish|94925|94919|94930,BEARISH,NONE,ALIGNED,94925.0,94930.0,94919.0,2.0,False,True,bearish|94925|94919|94930,sub3
T02341,SHORT,94987,94987,94988,94991,2026-08-17T22:05:03+00:00,4415.983891459171,4419.1137574800005,4412.8540254383415,4412.8540254383415,win,2.8698660208292495,0.9169293515217901,0,NONE,NONE,NONE,,,,,False,False,,NONE,NONE,NONE,,,,,False,False,,sub3
T02342,LONG,94995,94995,94996,94997,2026-08-17T22:45:03+00:00,4414.708213443131,4411.41553632,4418.000890566263,4411.41553632,loss,-3.552677123131616,-1.0789631021437516,0,NONE,NONE,NONE,,,,,False,False,,NONE,NONE,NONE,,,,,False,False,,sub3
T02343,SHORT,95011,95011,95012,95014,2026-08-18T00:05:03+00:00,4421.258898992059,4430.24620276,4412.271595224117,4430.24620276,loss,-9.247303767941958,-1.0289296997980255,0,NONE,NONE,NONE,,,,,False,False,,NONE,NONE,NONE,,,,,False,False,,sub3
T02344,SHORT,95024,95024,95025,95026,2026-08-18T01:10:03+00:00,4429.260904970646,4436.52645396,4421.995355981292,4421.995355981292,win,7.005548989353883,0.9642146793888273,0,NONE,NONE,NONE,,,,,False,False,,NONE,NONE,NONE,,,,,False,False,,sub3
T02345,LONG,95046,95046,95047,95055,2026-08-18T03:00:03+00:00,4401.5834884889655,4393.8842376,4409.282739377931,4393.8842376,loss,-7.959250888965471,-1.033769519106444,0,NONE,NONE,NONE,,,,,False,False,,NONE,NONE,NONE,,,,,False,False,,sub3
T02346,LONG,95066,95066,95067,95076,2026-08-18T04:40:03+00:00,4392.941471095157,4388.40045696,4397.482485230314,4388.40045696,loss,-4.801014135156947,-1.057255932763408,0,NONE,NONE,NONE,,,,,False,False,,NONE,NONE,NONE,,,,,False,False,,sub3
T02347,LONG,95078,95078,95082,95087,2026-08-18T05:40:03+00:00,4392.1406639862125,4385.7595626,4398.521765372425,4398.521765372425,win,6.1211013862121035,0.9592546828103998,0,NONE,NONE,NONE,,,,,False,False,,NONE,NONE,NONE,,,,,False,False,,sub3
T02348,LONG,95153,95153,95154,95154,2026-08-18T11:55:03+00:00,4392.515219015075,4388.24746308,4396.78297495015,4396.78297495015,win,4.007755935074783,0.9390780532074524,0,NONE,NONE,NONE,,,,,False,False,,NONE,NONE,NONE,,,,,False,False,,sub3
T02349,SHORT,95155,95155,95156,95158,2026-08-18T12:05:03+00:00,4392.844115389492,4397.300885000001,4388.387345778983,4397.300885000001,loss,-4.716769610508891,-1.0583382186476862,0,NONE,NONE,NONE,,,,,False,False,,NONE,NONE,NONE,,,,,False,False,,sub3
T02350,SHORT,95162,95162,95163,95172,2026-08-18T12:40:03+00:00,4393.778082897238,4401.09903692,4386.457128874476,4386.457128874476,win,7.060954022761507,0.9644855029560564,0,NONE,NONE,NONE,,,,,False,False,,NONE,NONE,NONE,,,,,False,False,,sub3
T02351,LONG,95172,95172,95175,95188,2026-08-18T13:30:03+00:00,4392.943296435363,4375.56197052,4410.324622350726,4375.56197052,loss,-17.641325915363268,-1.0149585826343896,0,BULLISH,NONE,ALIGNED,95167.0,95172.0,95148.0,0.0,True,False,bullish|95167|95148|95172,BULLISH,MOST_RECENT,ALIGNED,95167.0,95172.0,95148.0,0.0,True,True,bullish|95167|95148|95172,sub3
T02352,LONG,95202,95202,95205,95246,2026-08-18T16:00:03+00:00,4365.402132842575,4351.24694316,4379.55732252515,4351.24694316,loss,-14.405189682574928,-1.0176613670043397,0,NONE,NONE,NONE,,,,,False,False,,NONE,NONE,NONE,,,,,False,False,,sub3
T02353,SHORT,95265,95265,95266,95266,2026-08-18T22:15:03+00:00,4339.320098468936,4343.26172352,4335.378473417872,4335.378473417872,win,3.6816250510637474,0.9340373585432648,0,NONE,NONE,NONE,,,,,False,False,,NONE,NONE,NONE,,,,,False,False,,sub3
T02354,LONG,95284,95284,95285,95286,2026-08-18T23:50:03+00:00,4332.40660665563,4327.05391092,4337.75930239126,4337.75930239126,win,3.464795735630041,0.6472992127250733,1,NONE,NONE,NONE,,,,,False,False,,NONE,NONE,NONE,,,,,False,False,,sub3
T02355,LONG,95299,95299,95300,95305,2026-08-19T01:05:03+00:00,4339.357382976794,4324.311020640001,4354.403745313587,4354.403745313587,win,14.78636233679299,0.9827200758442168,0,NONE,NONE,NONE,,,,,False,False,,NONE,NONE,NONE,,,,,False,False,,sub3
T02356,SHORT,95320,95320,95321,95341,2026-08-19T02:50:03+00:00,4354.804365741132,4362.1394786,4347.469252882263,4347.469252882263,win,7.085112858868342,0.9659173614898449,0,BEARISH,NONE,ALIGNED,95315.0,95320.0,95306.0,0.0,False,True,bearish|95315|95306|95320,BEARISH,NONE,ALIGNED,95315.0,95320.0,95306.0,0.0,False,True,bearish|95315|95306|95320,sub3
T02357,SHORT,95388,95388,95389,95406,2026-08-19T08:30:03+00:00,4357.676817318355,4363.249523,4352.104111636709,4363.249523,loss,-5.822705681645857,-1.0448615114958242,0,NONE,NONE,NONE,,,,,False,False,,NONE,NONE,NONE,,,,,False,False,,sub3
T02358,SHORT,95424,95424,95425,95426,2026-08-19T11:30:03+00:00,4369.264269684777,4373.625938040001,4364.902601329553,4364.902601329553,win,4.10166835522341,0.9403897823435299,0,NONE,NONE,NONE,,,,,False,False,,NONE,NONE,NONE,,,,,False,False,,sub3
T02359,LONG,95431,95431,95432,95434,2026-08-19T12:05:03+00:00,4366.881064374532,4361.70852468,4372.053604069064,4372.053604069064,win,4.912539694531915,0.9497345568415718,0,NONE,NONE,NONE,,,,,False,False,,NONE,NONE,NONE,,,,,False,False,,sub3
T02360,SHORT,95470,95470,95471,95480,2026-08-19T15:20:03+00:00,4481.477715528577,4499.01895356,4463.936477497155,4499.01895356,loss,-17.801238031423054,-1.0148222149163282,0,BEARISH,NONE,ALIGNED,95462.0,95467.0,95441.0,3.0,False,True,bearish|95462|95441|95467,BEARISH,NONE,ALIGNED,95462.0,95467.0,95441.0,3.0,False,True,bearish|95462|95441|95467,sub3
T02361,SHORT,95483,95483,95484,95505,2026-08-19T16:25:03+00:00,4491.801995958419,4499.5069730800005,4484.097018836837,4484.097018836837,win,7.44497712158136,0.9662555779339097,0,NONE,NONE,NONE,,,,,False,False,,NONE,NONE,NONE,,,,,False,False,,sub3
T02362,SHORT,95544,95544,95545,95562,2026-08-19T22:30:03+00:00,4519.469914364534,4527.7651033600005,4511.174725369067,4511.174725369067,win,8.035188995466342,0.9686565308949184,1,NONE,NONE,NONE,,,,,False,False,,NONE,NONE,NONE,,,,,False,False,,sub3
T02363,LONG,95564,95564,95565,95566,2026-08-20T00:10:03+00:00,4515.583734162141,4509.96759408,4521.199874244282,4509.96759408,loss,-5.876140082141319,-1.0462951415380466,0,BEARISH,NONE,OPPOSED,95551.0,95556.0,95532.0,8.0,False,True,bearish|95551|95532|95556,NONE,NONE,NONE,,,,,False,False,,sub3
T02364,LONG,95586,95586,95587,95624,2026-08-20T02:00:03+00:00,4495.630732575424,4484.23262352,4507.028841630849,4484.23262352,loss,-11.658109055424575,-1.0228108012246544,0,NONE,NONE,NONE,,,,,False,False,,NONE,NONE,NONE,,,,,False,False,,sub3
T02365,LONG,95714,95714,95715,95718,2026-08-20T12:40:03+00:00,4465.346717267446,4450.2119844,4480.481450134893,4480.481450134893,win,14.874732867446255,0.9828209719803211,0,NONE,NONE,NONE,,,,,False,False,,NONE,NONE,NONE,,,,,False,False,,sub3
T02366,SHORT,95723,95723,95724,95730,2026-08-20T13:25:03+00:00,4471.83116327515,4490.16059924,4453.5017273103,4490.16059924,loss,-18.589435964850054,-1.0141848336467536,0,NONE,NONE,NONE,,,,,False,False,,NONE,NONE,NONE,,,,,False,False,,sub3
T02367,SHORT,95749,95749,95751,95857,2026-08-20T15:35:03+00:00,4520.059668784392,4541.0496347200005,4499.069702848783,4541.0496347200005,loss,-21.249965935608998,-1.0123868709838704,1,NONE,NONE,NONE,,,,,False,False,,NONE,NONE,NONE,,,,,False,False,,sub3
T02368,SHORT,95862,95862,95866,95890,2026-08-21T02:00:03+00:00,4525.650889135092,4544.11775744,4507.184020830185,4544.11775744,loss,-18.72686830490784,-1.0140792686506095,0,NONE,NONE,NONE,,,,,False,False,,NONE,NONE,NONE,,,,,False,False,,sub3
T02369,SHORT,95923,95923,95924,95926,2026-08-21T07:05:03+00:00,4559.200665506408,4567.867707400001,4550.533623612815,4567.867707400001,loss,-8.927041893593014,-1.029998701193821,0,NONE,NONE,NONE,,,,,False,False,,NONE,NONE,NONE,,,,,False,False,,sub3
T02370,SHORT,95932,95932,95933,95937,2026-08-21T07:50:03+00:00,4562.534967288827,4568.4117291600005,4556.658205417653,4568.4117291600005,loss,-6.136761871173803,-1.044242051269009,0,NONE,NONE,NONE,,,,,False,False,,NONE,NONE,NONE,,,,,False,False,,sub3
T02371,SHORT,95951,95951,95953,95977,2026-08-21T09:25:03+00:00,4584.999368174317,4602.133077959999,4567.865658388635,4602.133077959999,loss,-17.393709785682404,-1.015174763857474,0,NONE,NONE,NONE,,,,,False,False,,NONE,NONE,NONE,,,,,False,False,,sub3
T02372,SHORT,95982,95982,95983,95985,2026-08-21T12:00:03+00:00,4595.742253357354,4604.7191814,4586.765325314707,4586.765325314707,win,8.716928042646032,0.9710368626366337,0,NONE,NONE,NONE,,,,,False,False,,NONE,NONE,NONE,,,,,False,False,,sub3
T02373,LONG,95996,95996,95997,96011,2026-08-21T13:10:03+00:00,4582.103318708803,4563.13846716,4601.068170257607,4601.068170257607,win,18.704851548803163,0.986290427882805,0,NONE,NONE,NONE,,,,,False,False,,NONE,NONE,NONE,,,,,False,False,,sub3
T02374,SHORT,96046,96046,96047,96082,2026-08-21T17:20:03+00:00,4621.6288512991305,4632.276283640001,4610.98141895826,4610.98141895826,win,10.387432340869964,0.9755809671593584,0,NONE,NONE,NONE,,,,,False,False,,NONE,NONE,NONE,,,,,False,False,,sub3
T02375,LONG,96123,96123,96124,96126,2026-08-24T00:45:03+00:00,4613.3841405506155,4594.01023224,4632.758048861231,4632.758048861231,win,19.113908310615443,0.9865798890016552,0,NONE,NONE,NONE,,,,,False,False,,NONE,NONE,NONE,,,,,False,False,,sub3
T02376,SHORT,96146,96146,96149,96189,2026-08-24T02:40:03+00:00,4641.483851064259,4657.120277360001,4625.847424768518,4657.120277360001,loss,-15.896426295741549,-1.01662784034425,0,NONE,NONE,NONE,,,,,False,False,,NONE,NONE,NONE,,,,,False,False,,sub3
T02377,SHORT,96191,96191,96192,96215,2026-08-24T06:25:03+00:00,4644.840420780751,4660.21340108,4629.467440481501,4629.467440481501,win,15.112980299249102,0.9830872091852668,0,NONE,NONE,NONE,,,,,False,False,,NONE,NONE,NONE,,,,,False,False,,sub3
T02378,LONG,96251,96251,96252,96252,2026-08-24T11:25:03+00:00,4644.072806883812,4640.33037936,4647.815234407623,4647.815234407623,win,3.482427523811566,0.9305263767044446,0,NONE,NONE,NONE,,,,,False,False,,NONE,NONE,NONE,,,,,False,False,,sub3
T02379,SHORT,96255,96255,96256,96270,2026-08-24T11:45:03+00:00,4649.314919841248,4670.51881328,4628.1110264024965,4670.51881328,loss,-21.463893438752166,-1.0122618990116714,0,NONE,NONE,NONE,,,,,False,False,,NONE,NONE,NONE,,,,,False,False,,sub3
T02380,SHORT,96277,96277,96278,96279,2026-08-24T13:35:03+00:00,4669.092428923988,4681.08423588,4657.100621967977,4657.100621967977,win,11.731806956011496,0.9783185302303523,0,BEARISH,NONE,ALIGNED,96272.0,96277.0,96253.0,0.0,False,True,bearish|96272|96253|96277,BEARISH,NONE,ALIGNED,96272.0,96277.0,96253.0,0.0,False,True,bearish|96272|96253|96277,sub3
T02381,SHORT,96280,96280,96281,96285,2026-08-24T13:50:03+00:00,4668.200131496508,4681.08423588,4655.316027113016,4655.316027113016,win,12.624104383491613,0.9798200951916105,0,BEARISH,NONE,ALIGNED,96272.0,96277.0,96253.0,3.0,False,True,bearish|96272|96253|96277,BEARISH,NONE,ALIGNED,96272.0,96277.0,96253.0,3.0,False,True,bearish|96272|96253|96277,sub3
T02382,LONG,96312,96312,96313,96322,2026-08-24T16:30:03+00:00,4659.31122043597,4639.539411,4679.083029871941,4639.539411,loss,-20.0318094359709,-1.013150035703217,0,NONE,NONE,NONE,,,,,False,False,,NONE,NONE,NONE,,,,,False,False,,sub3
T02383,LONG,96335,96335,96336,96350,2026-08-24T18:25:03+00:00,4637.245063157826,4624.58600916,4649.904117155652,4649.904117155652,win,12.399053997825831,0.9794613404726081,0,NONE,NONE,NONE,,,,,False,False,,NONE,NONE,NONE,,,,,False,False,,sub3
T02384,SHORT,96401,96401,96402,96402,2026-08-25T00:55:03+00:00,4685.908835776324,4697.294884280001,4674.522787272647,4674.522787272647,win,11.12604850367643,0.9771650366748164,0,BEARISH,NONE,ALIGNED,96392.0,96397.0,96381.0,4.0,False,True,bearish|96392|96381|96397,BEARISH,NONE,ALIGNED,96392.0,96397.0,96381.0,4.0,False,True,bearish|96392|96381|96397,sub3
T02385,LONG,96431,96431,96432,96550,2026-08-25T03:25:03+00:00,4637.291606200009,4617.5452908,4657.037921600017,4617.5452908,loss,-20.006315400009044,-1.0131670134267228,0,BULLISH,NONE,ALIGNED,96424.0,96429.0,96416.0,2.0,True,False,bullish|96424|96416|96429,BULLISH,NONE,ALIGNED,96424.0,96429.0,96416.0,2.0,True,False,bullish|96424|96416|96429,sub3
T02386,LONG,96558,96558,96559,96564,2026-08-25T14:00:03+00:00,4618.247263279549,4605.0207918,4631.473734759098,4631.473734759098,win,12.966471479549,0.9803424518472497,0,NONE,NONE,NONE,,,,,False,False,,NONE,NONE,NONE,,,,,False,False,,sub3
T02387,SHORT,96583,96583,96584,96619,2026-08-25T16:05:03+00:00,4646.0410615373285,4659.85238664,4632.229736434657,4659.85238664,loss,-14.071325102671835,-1.0188251306856808,0,NONE,NONE,NONE,,,,,False,False,,NONE,NONE,NONE,,,,,False,False,,sub3
T02388,SHORT,96635,96635,96636,96641,2026-08-25T20:25:03+00:00,4663.82058881125,4669.261763,4658.379414622499,4658.379414622499,win,5.181174188750447,0.9522161961773336,0,BEARISH,NONE,ALIGNED,96629.0,96634.0,96621.0,1.0,False,True,bearish|96629|96621|96634,NONE,NONE,NONE,,,,,False,False,,sub3
T02389,SHORT,96655,96655,96656,96658,2026-08-25T23:05:03+00:00,4669.063609393291,4673.81094496,4664.316273826582,4664.316273826582,win,4.48733556670868,0.945232436943474,0,NONE,NONE,NONE,,,,,False,False,,NONE,NONE,NONE,,,,,False,False,,sub3
T02390,LONG,96678,96678,96679,96689,2026-08-26T01:00:03+00:00,4643.948116578193,4629.08782908,4658.808404076385,4658.808404076385,win,14.600287498192301,0.9825037032404762,0,NONE,NONE,NONE,,,,,False,False,,NONE,NONE,NONE,,,,,False,False,,sub3
T02391,LONG,96747,96747,96748,96765,2026-08-26T06:45:03+00:00,4634.250604114358,4624.385017199999,4644.1161910287165,4624.385017199999,loss,-10.125586914358792,-1.0263542354101416,0,BULLISH,NONE,ALIGNED,96735.0,96740.0,96721.0,7.0,True,False,bullish|96735|96721|96740,BULLISH,NONE,ALIGNED,96735.0,96740.0,96721.0,7.0,True,False,bullish|96735|96721|96740,sub3
T02392,LONG,96767,96767,96768,96777,2026-08-26T08:25:03+00:00,4628.866173265879,4621.81412004,4635.918226491759,4621.81412004,loss,-7.312053225879936,-1.036868695069695,0,NONE,NONE,NONE,,,,,False,False,,NONE,NONE,NONE,,,,,False,False,,sub3
T02393,LONG,96783,96783,96784,96790,2026-08-26T09:45:03+00:00,4623.026557402247,4616.04235092,4630.010763884494,4616.04235092,loss,-7.244206482247137,-1.0372268489857952,0,NONE,NONE,NONE,,,,,False,False,,NONE,NONE,NONE,,,,,False,False,,sub3
T02394,LONG,96793,96793,96797,96810,2026-08-26T10:35:03+00:00,4620.676516827672,4612.87847748,4628.474556175343,4628.474556175343,win,7.538039347671656,0.9666582857038492,0,NONE,NONE,NONE,,,,,False,False,,NONE,NONE,NONE,,,,,False,False,,sub3
T02395,SHORT,96816,96816,96817,96818,2026-08-26T12:30:03+00:00,4624.845511499273,4633.619337360001,4616.071685638545,4616.071685638545,win,8.513825860727593,0.970366405245858,0,NONE,NONE,NONE,,,,,False,False,,NONE,NONE,NONE,,,,,False,False,,sub3
T02396,LONG,96828,96828,96829,96833,2026-08-26T13:30:03+00:00,4614.740115423939,4597.81508004,4631.665150807878,4631.665150807878,win,16.66503538393863,0.9846381414217339,0,NONE,NONE,NONE,,,,,False,False,,NONE,NONE,NONE,,,,,False,False,,sub3
T02397,SHORT,96836,96836,96837,96844,2026-08-26T14:10:03+00:00,4620.914889102785,4633.75134264,4608.0784355655705,4608.0784355655705,win,12.576453537214547,0.9797451843496773,0,NONE,NONE,NONE,,,,,False,False,,NONE,NONE,NONE,,,,,False,False,,sub3
T02398,LONG,96853,96853,96854,96933,2026-08-26T15:35:03+00:00,4600.952071569146,4582.73268336,4619.171459778292,4619.171459778292,win,17.9593882091458,0.985729487894127,0,NONE,NONE,NONE,,,,,False,False,,NONE,NONE,NONE,,,,,False,False,,sub3
T02399,SHORT,96943,96943,96946,96949,2026-08-27T00:05:03+00:00,4619.888158889519,4627.361087040001,4612.415230739038,4612.415230739038,win,7.212928150481275,0.9652077479182687,0,NONE,NONE,NONE,,,,,False,False,,NONE,NONE,NONE,,,,,False,False,,sub3
T02400,SHORT,96971,96971,96972,96974,2026-08-27T02:25:03+00:00,4633.454692657712,4643.1957204,4623.7136649154245,4623.7136649154245,win,9.481027742287552,0.9733087712222084,0,NONE,NONE,NONE,,,,,False,False,,BEARISH,NONE,ALIGNED,96956.0,96961.0,96937.0,10.0,False,True,bearish|96956|96937|96961,sub3
T02401,LONG,97037,97037,97038,97038,2026-08-27T07:55:03+00:00,4599.646197204326,4593.32425968,4605.968134728652,4605.968134728652,win,6.061937524325913,0.9588733676978353,0,BULLISH,NONE,ALIGNED,97030.0,97035.0,97010.0,2.0,True,False,bullish|97030|97010|97035,BULLISH,NONE,ALIGNED,97030.0,97035.0,97010.0,2.0,True,False,bullish|97030|97010|97035,sub3
T02402,LONG,97055,97055,97056,97056,2026-08-27T09:25:03+00:00,4597.6276974378225,4593.2862612,4601.969133675645,4593.2862612,loss,-4.6014362378227815,-1.0598880153381272,0,BULLISH,NONE,ALIGNED,97046.0,97051.0,97030.0,4.0,True,False,bullish|97046|97030|97051,BULLISH,NONE,ALIGNED,97046.0,97051.0,97030.0,4.0,True,False,bullish|97046|97030|97051,sub3
T02403,SHORT,97087,97087,97088,97093,2026-08-27T12:05:03+00:00,4595.303097723453,4601.45705092,4589.149144526906,4589.149144526906,win,5.893953196547045,0.9577507349022262,0,NONE,NONE,NONE,,,,,False,False,,NONE,NONE,NONE,,,,,False,False,,sub3
T02404,LONG,97103,97103,97104,97104,2026-08-27T13:25:03+00:00,4588.441029971871,4579.3518186,4597.530241343742,4579.3518186,loss,-9.349211371871206,-1.0286053420217356,0,NONE,NONE,NONE,,,,,False,False,,NONE,NONE,NONE,,,,,False,False,,sub3
T02405,LONG,97113,97113,97114,97118,2026-08-27T14:15:03+00:00,4578.022661157708,4564.6124082,4591.432914115417,4591.432914115417,win,13.15025295770829,0.9806118496929049,0,NONE,NONE,NONE,,,,,False,False,,NONE,NONE,NONE,,,,,False,False,,sub3
T02406,SHORT,97147,97147,97148,97158,2026-08-27T17:05:03+00:00,4610.2348815364885,4616.99167228,4603.478090792977,4603.478090792977,win,6.496790743511156,0.9615201935549211,0,NONE,NONE,NONE,,,,,False,False,,NONE,NONE,NONE,,,,,False,False,,sub3
T02407,SHORT,97174,97174,97178,97192,2026-08-27T19:20:03+00:00,4609.813598946528,4618.26672328,4601.360474613056,4601.360474613056,win,8.193124333472042,0.9692421417521705,0,NONE,NONE,NONE,,,,,False,False,,NONE,NONE,NONE,,,,,False,False,,sub3
T02408,LONG,97195,97195,97196,97198,2026-08-27T22:05:03+00:00,4603.814978277373,4601.04395088,4606.586005674745,4606.586005674745,win,2.511027397372345,0.9061719850742922,0,NONE,NONE,NONE,,,,,False,False,,NONE,NONE,NONE,,,,,False,False,,sub3
T02409,LONG,97219,97219,97220,97222,2026-08-28T00:05:03+00:00,4599.530085850074,4592.88827712,4606.171894580149,4592.88827712,loss,-6.901808730074663,-1.0391459631806206,0,NONE,NONE,NONE,,,,,False,False,,NONE,NONE,NONE,,,,,False,False,,sub3
T02410,LONG,97230,97230,97231,97231,2026-08-28T01:00:03+00:00,4592.341384059084,4585.37457768,4599.308190438168,4599.308190438168,win,6.7068063790839005,0.9626801742645246,0,BULLISH,NONE,ALIGNED,97225.0,97230.0,97217.0,0.0,True,False,bullish|97225|97217|97230,BULLISH,NONE,ALIGNED,97225.0,97230.0,97217.0,0.0,True,False,bullish|97225|97217|97230,sub3
T02411,LONG,97246,97246,97247,97285,2026-08-28T02:20:03+00:00,4582.789920720316,4574.742003,4590.837838440632,4574.742003,loss,-8.307917720316254,-1.0323064933111676,0,BULLISH,NONE,ALIGNED,97241.0,97246.0,97225.0,0.0,True,False,bullish|97241|97225|97246,BULLISH,NONE,ALIGNED,97241.0,97246.0,97225.0,0.0,True,False,bullish|97241|97225|97246,sub3
T02412,SHORT,97319,97319,97320,97322,2026-08-28T08:25:03+00:00,4609.2798897347775,4614.86758732,4603.692192149555,4603.692192149555,win,5.327697585222268,0.9534692069435132,0,BEARISH,NONE,ALIGNED,97314.0,97319.0,97308.0,0.0,False,True,bearish|97314|97308|97319,BEARISH,NONE,ALIGNED,97314.0,97319.0,97308.0,0.0,False,True,bearish|97314|97308|97319,sub3
T02413,LONG,97396,97396,97400,97409,2026-08-28T14:50:03+00:00,4568.5720123331275,4529.49181308,4607.652211586255,4529.49181308,loss,-39.34019925312805,-1.0066529855264084,0,NONE,NONE,NONE,,,,,False,False,,NONE,NONE,NONE,,,,,False,False,,sub3
T02414,LONG,97446,97446,97447,97470,2026-08-28T19:00:03+00:00,4458.17548334611,4445.110188479999,4471.240778212221,4445.110188479999,loss,-14.423894866111107,-1.1039854066764456,2,BULLISH,NONE,ALIGNED,97438.0,97443.0,97414.0,3.0,True,False,bullish|97438|97414|97443,BULLISH,NONE,ALIGNED,97438.0,97443.0,97414.0,3.0,True,False,bullish|97438|97414|97443,sub3
T02415,LONG,97471,97471,97472,97491,2026-08-30T22:05:03+00:00,4455.547238696234,4438.797441000001,4472.297036392467,4438.797441000001,loss,-17.009797696233363,-1.015522575538849,0,NONE,NONE,NONE,,,,,False,False,,NONE,NONE,NONE,,,,,False,False,,sub3
T02416,LONG,97493,97493,97494,97502,2026-08-30T23:55:03+00:00,4453.617009721768,4435.4425752,4471.791444243537,4471.791444243537,win,17.91443452176827,0.9856941903920695,0,NONE,NONE,NONE,,,,,False,False,,NONE,NONE,NONE,,,,,False,False,,sub3
T02417,SHORT,97505,97505,97506,97506,2026-08-31T00:55:03+00:00,4461.164796237992,4472.60189692,4449.727695555984,4449.727695555984,win,11.177100682008131,0.9772669658833009,0,NONE,NONE,NONE,,,,,False,False,,NONE,NONE,NONE,,,,,False,False,,sub3
T02418,LONG,97529,97529,97537,97565,2026-08-31T02:55:03+00:00,4419.7204670534975,4396.17214608,4443.268788026995,4443.268788026995,win,23.28832097349732,0.9889588731063741,0,NONE,NONE,NONE,,,,,False,False,,NONE,NONE,NONE,,,,,False,False,,sub3
T02419,SHORT,97634,97634,97635,97644,2026-08-31T11:40:03+00:00,4455.388935090081,4464.24056248,4446.537307700161,4446.537307700161,win,8.591627389919267,0.9706268702299518,0,NONE,NONE,NONE,,,,,False,False,,NONE,NONE,NONE,,,,,False,False,,sub3
T02420,LONG,97651,97651,97652,97658,2026-08-31T13:05:03+00:00,4443.716443948493,4433.49965292,4453.933234976987,4433.49965292,loss,-10.476791028493608,-1.0254483036087465,0,NONE,NONE,NONE,,,,,False,False,,NONE,NONE,NONE,,,,,False,False,,sub3
T02421,LONG,97669,97669,97672,97692,2026-08-31T14:35:03+00:00,4427.669531004487,4415.2983810000005,4440.0406810089735,4440.0406810089735,win,12.111150004486262,0.9789833604874302,0,NONE,NONE,NONE,,,,,False,False,,NONE,NONE,NONE,,,,,False,False,,sub3
T02422,SHORT,97750,97750,97751,97761,2026-08-31T22:20:03+00:00,4449.793451719893,4456.0812361200005,4443.505667319785,4443.505667319785,win,6.027784400107521,0.9586499817017003,0,NONE,NONE,NONE,,,,,False,False,,NONE,NONE,NONE,,,,,False,False,,sub3
T02423,LONG,97764,97764,97765,97768,2026-08-31T23:30:03+00:00,4445.6261043534205,4441.42633584,4449.825872866841,4449.825872866841,win,3.939768513419949,0.9380918259734078,0,NONE,NONE,NONE,,,,,False,False,,NONE,NONE,NONE,,,,,False,False,,sub3
T02424,SHORT,97778,97778,97779,97783,2026-09-01T00:40:03+00:00,4454.2097538110365,4461.524453839999,4446.895053782074,4446.895053782074,win,7.054700028962543,0.9644551384238942,0,NONE,NONE,NONE,,,,,False,False,,NONE,NONE,NONE,,,,,False,False,,sub3
T02425,LONG,97794,97794,97795,97800,2026-09-01T02:00:03+00:00,4445.097201932747,4436.000552879999,4454.193850985495,4436.000552879999,loss,-9.356649052748253,-1.028581953474579,0,NONE,NONE,NONE,,,,,False,False,,NONE,NONE,NONE,,,,,False,False,,sub3
T02426,LONG,97805,97805,97806,97826,2026-09-01T02:55:03+00:00,4439.965229953379,4427.49189324,4452.438566666759,4427.49189324,loss,-12.733336713379686,-1.020844462550372,0,NONE,NONE,NONE,,,,,False,False,,NONE,NONE,NONE,,,,,False,False,,sub3
T02427,LONG,97830,97830,97831,97836,2026-09-01T05:00:03+00:00,4430.4177605681,4425.151986839999,4435.6835342962,4425.151986839999,loss,-5.52577372810083,-1.0493754599846814,0,NONE,NONE,NONE,,,,,False,False,,NONE,NONE,NONE,,,,,False,False,,sub3
T02428,LONG,97850,97850,97851,97860,2026-09-01T06:40:03+00:00,4433.7686079357545,4423.63104768,4443.906168191509,4423.63104768,loss,-10.397560255754797,-1.0256471965089065,0,NONE,NONE,NONE,,,,,False,False,,NONE,NONE,NONE,,,,,False,False,,sub3
T02429,LONG,97907,97907,97908,97908,2026-09-01T11:25:03+00:00,4378.817066145391,4375.43697552,4382.197156770783,4382.197156770783,win,3.12009062539164,0.9230789855020304,0,NONE,NONE,NONE,,,,,False,False,,NONE,NONE,NONE,,,,,False,False,,sub3
T02430,LONG,97932,97932,97933,97938,2026-09-01T13:30:03+00:00,4347.823439916916,4325.84595924,4369.8009205938315,4369.8009205938315,win,21.71748067691533,0.9881697086293738,0,NONE,NONE,NONE,,,,,False,False,,NONE,NONE,NONE,,,,,False,False,,sub3
T02431,LONG,98019,98019,98020,98022,2026-09-01T20:45:03+00:00,4327.847344322203,4322.499093119999,4333.195595524407,4333.195595524407,win,5.088251202203537,0.9513859783001433,0,BULLISH,NONE,ALIGNED,98005.0,98010.0,97994.0,9.0,True,False,bullish|98005|97994|98010,BULLISH,NONE,ALIGNED,98005.0,98010.0,97994.0,9.0,True,False,bullish|98005|97994|98010,sub3
T02432,SHORT,98025,98025,98029,98041,2026-09-01T22:15:03+00:00,4328.688400261288,4334.77038388,4322.606416642576,4334.77038388,loss,-6.331983618712002,-1.0411050104164772,0,NONE,NONE,NONE,,,,,False,False,,NONE,NONE,NONE,,,,,False,False,,sub3
T02433,LONG,98050,98050,98051,98056,2026-09-02T00:20:03+00:00,4328.734701792532,4315.39637724,4342.073026345064,4315.39637724,loss,-13.598324552532176,-1.0194927030734804,0,NONE,NONE,NONE,,,,,False,False,,NONE,NONE,NONE,,,,,False,False,,sub3
T02434,LONG,98061,98061,98062,98067,2026-09-02T01:15:03+00:00,4319.6949233003415,4304.17182624,4335.218020360683,4304.17182624,loss,-15.783097060341788,-1.0167492349619114,0,NONE,NONE,NONE,,,,,False,False,,NONE,NONE,NONE,,,,,False,False,,sub3
T02435,LONG,98074,98074,98075,98088,2026-09-02T02:20:03+00:00,4302.700745231711,4286.97051432,4318.430976143422,4286.97051432,loss,-15.98023091171126,-1.0158929644073993,0,NONE,NONE,NONE,,,,,False,False,,NONE,NONE,NONE,,,,,False,False,,sub3
T02436,SHORT,98196,98196,98197,98206,2026-09-02T12:30:03+00:00,4330.846440374006,4344.80978544,4316.883095308012,4344.80978544,loss,-14.223345065994181,-1.0186201801052255,0,NONE,NONE,NONE,,,,,False,False,,NONE,NONE,NONE,,,,,False,False,,sub3
T02437,SHORT,98223,98223,98224,98235,2026-09-02T14:45:03+00:00,4381.2884687192745,4397.88690844,4364.690028998549,4364.690028998549,win,16.338439720725546,0.9843358770839425,0,NONE,NONE,NONE,,,,,False,False,,NONE,NONE,NONE,,,,,False,False,,sub3
T02438,LONG,98311,98311,98312,98313,2026-09-02T23:05:03+00:00,4386.609098070676,4383.31566036,4389.902535781352,4383.31566036,loss,-3.5534377106760076,-1.0789448663800196,0,BEARISH,NONE,OPPOSED,98298.0,98303.0,98285.0,8.0,False,True,bearish|98298|98285|98303,BEARISH,NONE,OPPOSED,98298.0,98303.0,98285.0,8.0,False,True,bearish|98298|98285|98303,sub3
T02439,SHORT,98425,98425,98426,98444,2026-09-03T08:35:03+00:00,4434.046469609829,4443.90874924,4424.184189979657,4424.184189979657,win,9.602279630171324,0.9736369267806194,0,NONE,NONE,NONE,,,,,False,False,,NONE,NONE,NONE,,,,,False,False,,sub3
T02440,LONG,98493,98493,98495,98748,2026-09-03T14:15:03+00:00,4470.700290847654,4426.061950439999,4515.338631255309,4426.061950439999,loss,-45.44764040765527,-1.0181301543159842,1,NONE,NONE,NONE,,,,,False,False,,NONE,NONE,NONE,,,,,False,False,,sub3
T02441,LONG,98759,98759,98761,99261,2026-09-04T13:25:03+00:00,4408.027135168624,4365.24338328,4450.810887057249,4402.858,timeout,-7.626335168624271,-0.1782530711303044,4,NONE,NONE,NONE,,,,,False,False,,NONE,NONE,NONE,,,,,False,False,,sub3
T02442,LONG,99266,99266,99268,99273,2026-09-08T12:25:03+00:00,4398.958944130037,4384.97659392,4412.941294340074,4412.941294340074,win,13.722350210036893,0.9814051288878761,0,BEARISH,NONE,OPPOSED,99256.0,99261.0,99235.0,5.0,False,True,bearish|99256|99235|99261,BEARISH,MOST_RECENT,OPPOSED,99256.0,99261.0,99235.0,5.0,True,True,bearish|99256|99235|99261,sub3
T02443,SHORT,99277,99277,99278,99281,2026-09-08T13:20:03+00:00,4404.281074447685,4413.2215218,4395.340627095369,4395.340627095369,win,8.680447352315241,0.9709186811627629,0,BEARISH,NONE,ALIGNED,99272.0,99277.0,99256.0,0.0,False,True,bearish|99272|99256|99277,BEARISH,NONE,ALIGNED,99272.0,99277.0,99256.0,0.0,False,True,bearish|99272|99256|99277,sub3
T02444,LONG,99314,99314,99315,99342,2026-09-08T16:25:03+00:00,4392.93593695587,4380.197785079999,4405.67408883174,4380.197785079999,loss,-12.998151875870462,-1.0204111241986944,0,NONE,NONE,NONE,,,,,False,False,,NONE,NONE,NONE,,,,,False,False,,sub3
T02445,LONG,99369,99369,99370,99376,2026-09-08T22:00:03+00:00,4357.430833489335,4352.37789792,4362.48376905867,4352.37789792,loss,-5.312935569335423,-1.05145523754114,0,BULLISH,NONE,ALIGNED,99357.0,99362.0,99342.0,7.0,True,False,bullish|99357|99342|99362,BULLISH,NONE,ALIGNED,99357.0,99362.0,99342.0,7.0,True,False,bullish|99357|99342|99362,sub3
T02446,LONG,99385,99385,99386,99386,2026-09-08T23:20:03+00:00,4353.747942076942,4350.24698316,4357.2489009938845,4357.2489009938845,win,3.2609589169424,0.9314473532270401,0,NONE,NONE,NONE,,,,,False,False,,NONE,NONE,NONE,,,,,False,False,,sub3
T02447,LONG,99400,99400,99401,99403,2026-09-09T00:35:03+00:00,4349.261536543589,4340.74236336,4357.780709727177,4357.780709727177,win,8.259173183588246,0.9694806063455679,0,NONE,NONE,NONE,,,,,False,False,,NONE,NONE,NONE,,,,,False,False,,sub3
T02448,SHORT,99421,99421,99422,99426,2026-09-09T02:20:03+00:00,4372.029952403561,4378.342126680001,4365.717778127121,4378.342126680001,loss,-6.57217427643991,-1.0411902442191232,0,NONE,NONE,NONE,,,,,False,False,,NONE,NONE,NONE,,,,,False,False,,sub3
T02449,SHORT,99435,99435,99436,99454,2026-09-09T03:30:03+00:00,4376.999581723629,4384.50637324,4369.492790207257,4384.50637324,loss,-7.766791516371995,-1.03463530316956,0,BEARISH,NONE,ALIGNED,99428.0,99433.0,99411.0,2.0,False,True,bearish|99428|99411|99433,BEARISH,NONE,ALIGNED,99428.0,99433.0,99411.0,2.0,False,True,bearish|99428|99411|99433,sub3
T02450,SHORT,99490,99490,99491,99493,2026-09-09T08:05:03+00:00,4407.385190783897,4412.94751084,4401.822870727794,4401.822870727794,win,5.302320056102872,0.953256914852474,0,NONE,NONE,NONE,,,,,False,False,,NONE,NONE,NONE,,,,,False,False,,sub3
T02451,SHORT,99537,99537,99538,99541,2026-09-09T12:00:03+00:00,4405.449334850147,4415.59361668,4395.3050530202945,4395.3050530202945,win,9.884281829852625,0.9743697972551311,0,NONE,NONE,NONE,,,,,False,False,,NONE,NONE,NONE,,,,,False,False,,sub3
T02452,SHORT,99559,99559,99560,99573,2026-09-09T13:50:03+00:00,4416.752125846635,4434.39036852,4399.11388317327,4399.11388317327,win,17.378242673365094,0.9852593024818265,0,NONE,NONE,NONE,,,,,False,False,,NONE,NONE,NONE,,,,,False,False,,sub3
T02453,LONG,99579,99579,99580,99735,2026-09-09T15:30:03+00:00,4400.687052246478,4374.880997759999,4426.493106732956,4426.493106732956,win,24.99675448647817,0.9686391423987628,1,NONE,NONE,NONE,,,,,False,False,,NONE,NONE,NONE,,,,,False,False,,sub3
T02454,SHORT,99742,99742,99743,99745,2026-09-10T06:05:03+00:00,4423.16911712892,4435.352407,4410.98582725784,4410.98582725784,win,11.92328987107976,0.9786592945951822,0,NONE,NONE,NONE,,,,,False,False,,NONE,NONE,NONE,,,,,False,False,,sub3
T02455,LONG,99786,99786,99787,99795,2026-09-10T09:45:03+00:00,4394.7507826669935,4388.1034688400005,4401.3980964939865,4388.1034688400005,loss,-6.9073138269932315,-1.0391135437211383,0,NONE,NONE,NONE,,,,,False,False,,NONE,NONE,NONE,,,,,False,False,,sub3
T02456,LONG,99806,99806,99807,99808,2026-09-10T11:25:03+00:00,4384.559864547259,4379.66080656,4389.458922534518,4389.458922534518,win,4.639057987258639,0.9469285726610281,0,NONE,NONE,NONE,,,,,False,False,,NONE,NONE,NONE,,,,,False,False,,sub3
T02457,SHORT,99809,99809,99810,99811,2026-09-10T11:40:03+00:00,4385.382448662904,4390.83162624,4379.933271085807,4379.933271085807,win,5.189177577096416,0.952286377839287,0,NONE,NONE,NONE,,,,,False,False,,NONE,NONE,NONE,,,,,False,False,,sub3
T02458,LONG,99830,99830,99884,99897,2026-09-10T13:25:03+00:00,4351.608313234435,4323.82803996,4379.38858650887,4323.82803996,loss,-28.040273274435094,-1.0093591591929907,0,NONE,NONE,NONE,,,,,False,False,,NONE,NONE,NONE,,,,,False,False,,sub3
T02459,SHORT,99924,99924,99925,99929,2026-09-10T22:15:03+00:00,4320.09307695077,4325.05499528,4315.131158621541,4315.131158621541,win,4.721918329229993,0.9516316101806866,0,NONE,NONE,NONE,,,,,False,False,,NONE,NONE,NONE,,,,,False,False,,sub3
T02460,LONG,99933,99933,99934,99943,2026-09-10T23:00:03+00:00,4318.577637192976,4313.392457399999,4323.762816985953,4313.392457399999,loss,-5.425179792976451,-1.0462857624194366,0,BULLISH,NONE,ALIGNED,99928.0,99933.0,99913.0,0.0,True,False,bullish|99928|99913|99933,BULLISH,NONE,ALIGNED,99928.0,99933.0,99913.0,0.0,True,False,bullish|99928|99913|99933,sub3
T02461,SHORT,99961,99961,99962,99975,2026-09-11T01:20:03+00:00,4329.036229698176,4340.755623280001,4317.316836116351,4317.316836116351,win,11.45939358182477,0.9778145517355574,0,NONE,NONE,NONE,,,,,False,False,,NONE,NONE,NONE,,,,,False,False,,sub3
T02462,SHORT,100023,100023,100024,100076,2026-09-11T06:30:03+00:00,4348.948603059083,4361.3044452,4336.592760918166,4336.592760918166,win,12.09584214091683,0.9789573226142786,0,NONE,NONE,NONE,,,,,False,False,,NONE,NONE,NONE,,,,,False,False,,sub3
T02463,LONG,100094,100094,100095,100095,2026-09-11T12:25:03+00:00,4333.441428360342,4324.3870176,4342.495839120684,4324.3870176,loss,-9.31441076034207,-1.0287152866025266,0,NONE,NONE,NONE,,,,,False,False,,NONE,NONE,NONE,,,,,False,False,,sub3
T02464,SHORT,100095,100095,100096,100097,2026-09-11T12:30:03+00:00,4332.879362458751,4352.35108708,4313.407637837501,4352.35108708,loss,-19.73172462124967,-1.013352695000446,0,BULLISH,NONE,OPPOSED,100090.0,100095.0,100083.0,0.0,True,False,bullish|100090|100083|100095,BULLISH,NONE,OPPOSED,100090.0,100095.0,100083.0,0.0,True,False,bullish|100090|100083|100095,sub3
T02465,SHORT,100114,100114,100115,100119,2026-09-11T14:05:03+00:00,4387.673577843952,4402.7211018,4372.626053887905,4372.626053887905,win,14.787523956047153,0.9827214097974086,0,NONE,NONE,NONE,,,,,False,False,,NONE,NONE,NONE,,,,,False,False,,sub3
T02466,LONG,100206,100206,100207,100235,2026-09-13T22:50:03+00:00,4338.2288939141545,4328.1668664,4348.290921428309,4328.1668664,loss,-10.86132751415458,-1.0794372703588417,1,NONE,NONE,NONE,,,,,False,False,,NONE,NONE,NONE,,,,,False,False,,sub3
T02467,LONG,100236,100236,100237,100239,2026-09-14T01:20:03+00:00,4335.09016114291,4326.003952919999,4344.17636936582,4344.17636936582,win,8.826208222910282,0.9713852034180067,0,NONE,NONE,NONE,,,,,False,False,,NONE,NONE,NONE,,,,,False,False,,sub3
T02468,LONG,100279,100279,100280,100286,2026-09-14T04:55:03+00:00,4328.634346476931,4321.72412412,4335.544568833861,4335.544568833861,win,6.650222356930499,0.962374582673241,0,BULLISH,NONE,ALIGNED,100264.0,100269.0,100255.0,10.0,True,False,bullish|100264|100255|100269,BULLISH,NONE,ALIGNED,100264.0,100269.0,100255.0,10.0,True,False,bullish|100264|100255|100269,sub3
T02469,LONG,100343,100343,100344,100371,2026-09-14T10:15:03+00:00,4288.966877753826,4277.72788404,4300.205871467652,4277.72788404,loss,-11.47899371382573,-1.021354224952056,0,NONE,NONE,NONE,,,,,False,False,,NONE,NONE,NONE,,,,,False,False,,sub3
T02470,LONG,100380,100380,100381,100407,2026-09-14T13:20:03+00:00,4274.7291683678395,4253.233863840001,4296.224472895678,4296.224472895678,win,21.255304527839144,0.9888347708826849,0,NONE,NONE,NONE,,,,,False,False,,NONE,NONE,NONE,,,,,False,False,,sub3
T02471,SHORT,100430,100430,100431,100452,2026-09-14T17:30:03+00:00,4309.030700284815,4318.06371564,4299.99768492963,4299.99768492963,win,8.793015355185162,0.9734307990673323,0,NONE,NONE,NONE,,,,,False,False,,NONE,NONE,NONE,,,,,False,False,,sub3
T02472,SHORT,100475,100475,100476,100486,2026-09-14T22:15:03+00:00,4296.600861628161,4301.00303324,4292.198690016321,4292.198690016321,win,4.162171611839767,0.9454814529823629,0,NONE,NONE,NONE,,,,,False,False,,NONE,NONE,NONE,,,,,False,False,,sub3
T02473,LONG,100501,100501,100502,100502,2026-09-15T00:25:03+00:00,4288.175494355122,4283.33665968,4293.014329030245,4283.33665968,loss,-5.07883467512238,-1.0495987187232638,0,NONE,NONE,NONE,,,,,False,False,,NONE,NONE,NONE,,,,,False,False,,sub3
